{
    "run_id": 1,
    "case": "unimodal",
    "dim": 30,
    "low": [
        -29.91737762392861,
        -29.98432175610662,
        -30.28240484657797,
        -30.048931500196424,
        -30.19994254863646,
        -30.01534944685146,
        -30.21136796421885,
        -30.00300906531877,
        -30.165823597239054,
        -30.127201913592366,
        -30.124678814868844,
        -30.020415360735033,
        -30.25564809795819,
        -30.2453349771234,
        -30.22311260050323,
        -30.25285038787018,
        -30.144745847859788,
        -30.091686621578035,
        -30.316024299917203,
        -29.972864460860883,
        -30.32348495336994,
        -29.934163734101425,
        -30.002903191781883,
        -30.20745598223754,
        -30.012539568001607,
        -29.930948003224934,
        -29.87683554187133,
        -30.189835479796827,
        -30.200567651961663,
        -30.032688782444303
    ],
    "high": [
        30.08262237607139,
        30.01567824389338,
        29.71759515342203,
        29.951068499803576,
        29.80005745136354,
        29.98465055314854,
        29.78863203578115,
        29.99699093468123,
        29.834176402760946,
        29.872798086407634,
        29.875321185131156,
        29.979584639264967,
        29.74435190204181,
        29.7546650228766,
        29.77688739949677,
        29.74714961212982,
        29.855254152140212,
        29.908313378421965,
        29.683975700082797,
        30.027135539139117,
        29.67651504663006,
        30.065836265898575,
        29.997096808218117,
        29.79254401776246,
        29.987460431998393,
        30.069051996775066,
        30.12316445812867,
        29.810164520203173,
        29.799432348038337,
        29.967311217555697
    ],
    "means_array": [
        [
            0.0,
            0.0,
            0.0,
            0.0,
            0.0,
            0.0,
            0.0,
            0.0,
            0.0,
            0.0,
            0.0,
            0.0,
            0.0,
            0.0,
            0.0,
            0.0,
            0.0,
            0.0,
            0.0,
            0.0,
            0.0,
            0.0,
            0.0,
            0.0,
            0.0,
            0.0,
            0.0,
            0.0,
            0.0,
            0.0
        ]
    ],
    "samples": [
        {
            "posterior": [
                21.712438282212027,
                28.516303010396033,
                -1.788989368925339,
                -26.836202561223995,
                -27.126840153652473,
                4.684284745790961,
                -9.621120014950563,
                -22.147341245052942,
                28.069581472486092,
                -0.9244997065070848,
                -17.192364971151267,
                11.297531294711863,
                -26.286060315383523,
                26.396543903867304,
                -5.444829306530497,
                -12.487647024555361,
                28.606050447785485,
                15.339971762900547,
                13.045275925484944,
                21.546485343590476,
                0.8446808934364043,
                5.296509296514117,
                1.1298651263128576,
                18.321479151052856,
                1.1455724670249872,
                -9.328925259964482,
                -0.7315147023674129,
                -4.943244746260355,
                24.300472541818984,
                17.434781982031957
            ]
        }
    ]
}