{
    "run_id": 1,
    "case": "unimodal",
    "dim": 2,
    "low": [
        -29.564567842679327,
        -28.291978762905206
    ],
    "high": [
        30.435432157320673,
        31.708021237094794
    ],
    "means_array": [
        [
            0.0,
            0.0
        ]
    ],
    "samples": [
        {
            "posterior": [
                21.13521802968388,
                23.346652450555293
            ]
        }
    ]
}