std_of_modes,sampler,wasserstein_distance,r_hat,ess,runtime
"(1, 1)",Metro,0.6833895077334537,1.2387240276306328,14.806613719856104,1.6788995265960693
"(1, 4)",Metro,0.8815697206330384,1.2387240276306328,14.806613719856104,1.4567968845367432
"(2, 1)",Metro,1.5221388426376106,1.2387240276306328,14.806613719856104,1.5413203239440918
