{
    "sampler": "DEMetro_Z",
    "value": 0.3,
    "means_array": [
        [
            0.0,
            0.0,
            0.0,
            0.0,
            0.0,
            0.0,
            0.0,
            0.0,
            0.0,
            0.0,
            0.0,
            0.0,
            0.0,
            0.0,
            0.0,
            0.0,
            0.0,
            0.0,
            0.0,
            0.0,
            0.0,
            0.0,
            0.0,
            0.0,
            0.0,
            0.0,
            0.0,
            0.0,
            0.0,
            0.0
        ]
    ],
    "case": "Posterior Samples",
    "dim": 30,
    "samples": [
        [
            -21.5593506102776,
            12.275599544169818,
            -7.576299523850387,
            2.479326336572803,
            -9.180817562352146,
            -1.8336011738699087,
            -5.999879561049984,
            -4.010987140620885,
            4.466705138165495,
            0.35261031169687196,
            11.470370053515046,
            1.8072963572328793,
            -2.932939336738296,
            -12.549701225226928,
            -14.010758206842057,
            12.696736685760428,
            -19.90524674957173,
            0.7655802830349487,
            -13.048283108554065,
            2.4317799541442655,
            -34.120320549980065,
            -3.5372056851793503,
            8.844478329579433,
            9.432694300283117,
            -13.252881394825005,
            -10.025051222108477,
            2.8095472900638083,
            -11.402028915088511,
            3.4719914398852842,
            17.393640250572247
        ],
        [
            -26.84416578384769,
            15.036459673935493,
            -11.532963258932018,
            5.83238578538188,
            -1.6982256957501864,
            3.7587219683044357,
            -17.02100172557426,
            -22.210013242403466,
            -8.703892929732381,
            5.627461266607086,
            16.152097554184397,
            -13.7350855678277,
            7.451442667862182,
            -18.537335245301666,
            6.459833820572097,
            14.352278903077528,
            -2.8956153413870025,
            -18.7447040237966,
            -8.797468094714334,
            -12.122482788905023,
            4.403869576762512,
            -2.9228475004987824,
            -18.300616841291642,
            6.551186428474617,
            -16.2137994528149,
            14.491296546910506,
            -11.74633259205387,
            9.167438885622463,
            24.657925068697647,
            -4.510221010638645
        ],
        [
            -1.4476637372660235,
            20.688782700365756,
            -13.926604327095218,
            6.350134297195118,
            9.356493284400253,
            -14.54232958017677,
            8.289862810207751,
            30.23922269370635,
            -17.682953691645984,
            0.9312458518268073,
            -3.7691652730834315,
            -6.815699082229139,
            -27.81956054986821,
            -28.657825532090595,
            -6.893196505006223,
            -1.9343471728845296,
            13.689868017014827,
            20.608389983860675,
            -5.5637243991881995,
            19.51169430322529,
            8.075722293166649,
            -0.7400744269677119,
            24.81585726183078,
            29.309009334280418,
            -23.070185377756385,
            -16.51181115800294,
            -13.39440792224338,
            12.55826786276651,
            20.481261911026646,
            -8.7336850787536
        ],
        [
            -6.975296866901722,
            7.484497498395045,
            -13.370941243885468,
            -8.963890966744021,
            23.001163758636558,
            -27.642732611510823,
            20.15637302593314,
            9.814493925545138,
            6.163771256927399,
            -10.201111256288895,
            4.938293626188671,
            32.62983821760428,
            22.72209692139236,
            16.42726859900865,
            -14.412411014698478,
            -12.612121749943261,
            23.50862786393387,
            10.239239162530327,
            -12.482862183835715,
            6.626235341175277,
            30.20739600798713,
            2.712938989423129,
            22.35566370946936,
            -13.267226589245524,
            4.576742896802362,
            -12.559197128177116,
            18.674381973980257,
            -14.08275212325144,
            11.211684727150931,
            -19.3755403245829
        ]
    ]
}