run_id,mu,sampler,wasserstein_distance,mmd_rff,r_hat,ess,runtime
14,"(5.0, 0.0)",Metro,0.1439482735938443,0.03674593230027712,1.0101242851655292,194.74003369477094,2.4266366958618164
14,"(5.0, 10.0)",Metro,2.866114109561322,0.29906159120964376,1.5083295472467282,7.414817096896519,2.4195556640625
14,"(5.0, 20.0)",Metro,1.2666521688045842,0.09730468153919646,1.7015811615788465,7.421543014044387,2.1184589862823486
14,"(5.0, 40.0)",Metro,4.811243079151272,0.19379940661263143,1.7392607047092248,6.194279074951896,2.4286510944366455
14,"(5.0, 5.0)",Metro,0.890708664811043,0.14924203819780466,1.5647200958951402,6.9828003958726015,2.1784489154815674
