mu,sampler,wasserstein_distance,r_hat,ess,runtime
15,HMC,1.5754118027820145,1.6436491184939108,32.29040879352364,9.877284526824951
