{
    "sampler": "HMC",
    "value": 0.0,
    "means_array": [
        [
            0.0,
            0.0
        ],
        [
            13,
            0
        ]
    ],
    "case": "Warmup Samples",
    "dim": 2,
    "samples": [
        [
            20.525496879025777,
            6.760864453860347
        ],
        [
            0.9527542965799496,
            0.7040564443958012
        ],
        [
            -7.095998376944251,
            -5.510420308003927
        ],
        [
            22.720237996784768,
            0.925600615166729
        ]
    ]
}