dimension,ws_t_stat,ws_p_value,ws_paired_cohens_d
2,-2.7162902713476433,0.02006404969836146,-0.7841254596798618
5,-7.571449903845887,1.0982187958232372e-05,-2.185689320070595
8,-6.997164765587918,2.2780110505012258e-05,-2.019907480488175
12,-10.845390800666861,3.2669194163645814e-07,-3.1307946491158516
15,-6.074525584333015,8.02319650219751e-05,-1.7535644906569676
30,-10.767516802348002,3.514198493467452e-07,-3.1083143621697187
