dimension,ws_t_stat,ws_p_value,ws_paired_cohens_d
2,-4.494866332708175,0.000908859598413222,-1.2975561435802254
5,-6.715646608304147,3.305983383825855e-05,-1.9386401885433984
8,-16.082071566104407,5.462959698848358e-09,-4.642494173908603
12,-19.812770203179614,5.91159919104667e-10,-5.719454105098974
15,-25.085585537752788,4.6469498629575155e-11,-7.241584781500478
30,-44.48052997056885,9.05632984567648e-14,-12.840422976102573
