dimension,mmd_rff_t_stat,mmd_rff_p_value,mmd_rff_paired_cohens_d
2,2.5380435135376724,0.027575837325905187,0.7326700528779794
5,4.677683958053796,0.0006740846979979638,1.3503310461831768
8,6.734108609310207,3.2252223023055605e-05,1.9439697091687123
12,7.855027909912147,7.76945928992016e-06,2.267551239139901
15,8.812886312353163,2.5733087887059703e-06,2.5440611423873336
30,13.150496375630066,4.5151537235270344e-08,3.7962213112236087
