dimension,ws_t_stat,ws_p_value,ws_paired_cohens_d
2,3.205471698884529,0.008372735987592425,0.925339974115355
5,5.820669510651591,0.00011573800842769593,1.6802825544192717
8,7.819070940850927,8.113917887169399e-06,2.257171356256532
12,7.715000879792659,9.2068781740456e-06,2.227128917373246
15,6.93690693707472,2.46497406694144e-05,2.002512543731736
30,16.79930390574446,3.439683400089132e-09,4.849541316089947
