dimension,ws_t_stat,ws_p_value,ws_paired_cohens_d
2,8.37715815160365,4.204181097697714e-06,2.418277256936218
5,6.734569017869048,3.223235483890394e-05,1.9441026176714045
8,16.077598902999544,5.479068468211181e-09,4.641203027284809
12,19.840278882051127,5.824294291186917e-10,5.727395176674733
15,25.14905771478538,4.5215440536507876e-11,7.259907620748387
30,44.55560363526996,8.890723727331821e-14,12.86209487636469
