{
    "run_id": 1,
    "case": "unimodal",
    "dim": 18,
    "low": [
        -100.0,
        -100.0,
        -100.0,
        -100.0,
        -100.0,
        -100.0,
        -100.0,
        -100.0,
        -100.0,
        -100.0,
        -100.0,
        -100.0,
        -100.0,
        -100.0,
        -100.0,
        -100.0,
        -100.0,
        -100.0
    ],
    "high": [
        100.0,
        100.0,
        100.0,
        100.0,
        100.0,
        100.0,
        100.0,
        100.0,
        100.0,
        100.0,
        100.0,
        100.0,
        100.0,
        100.0,
        100.0,
        100.0,
        100.0,
        100.0
    ],
    "means_array": [
        [
            0.0,
            0.0,
            0.0,
            0.0,
            0.0,
            0.0,
            0.0,
            0.0,
            0.0,
            0.0,
            0.0,
            0.0,
            0.0,
            0.0,
            0.0,
            0.0,
            0.0,
            0.0
        ]
    ],
    "samples": [
        {
            "posterior": [
                71.3932582478127,
                -50.16946166312337,
                37.42109630981909,
                39.291823381802175,
                -41.37158746334808,
                17.181243692263976,
                18.309306392556095,
                84.73843627306599,
                91.05849447518318,
                -45.02778404487704,
                13.21351875583585,
                -1.562644890799291,
                -39.61941350616882,
                -16.666193347343736,
                24.047823599763632,
                -86.7106554531072,
                1.7861709273371247,
                89.93888658850403
            ]
        },
        {
            "posterior": [
                -23.14898257733489,
                -57.90069162373956,
                -39.09651566623722,
                -31.311333608309795,
                9.775901641285259,
                22.99026519469396,
                -13.961807531713589,
                98.5961253899689,
                -43.51698534660282,
                76.89662177823166,
                -75.49408237927119,
                -57.03073861249466,
                -36.146628469834006,
                -95.40344780801225,
                2.7990053075223784,
                11.373703485105409,
                -79.50676446856957,
                35.462966585850864
            ]
        },
        {
            "posterior": [
                -25.447948655854873,
                24.521358704890744,
                -63.53815647052634,
                70.18415222826647,
                -29.364071273016037,
                -27.54393303500187,
                78.75679225350137,
                -73.02890369619199,
                -81.46434134786047,
                29.244612286113068,
                15.392665672681957,
                -96.69399365060853,
                9.484668794409188,
                -19.76041820340808,
                -21.41338183347787,
                56.84810285501197,
                97.40421437202508,
                -11.048588592589482
            ]
        },
        {
            "posterior": [
                22.640871307174464,
                58.61877439685236,
                70.24858818907782,
                54.63291624308701,
                -86.82746935326679,
                -86.90884511404636,
                -20.001112865508162,
                63.008185459766764,
                45.91822889080041,
                86.08679283662735,
                28.746925804520487,
                -87.91917917360104,
                77.65264077176082,
                -76.39224488657399,
                38.872286317486925,
                -79.37043710079132,
                -49.96881289580193,
                -82.47843150510516
            ]
        }
    ]
}