{
    "sampler": "HMC",
    "value": 0,
    "means_array": [
        0
    ],
    "case": "Warmup Samples",
    "dim": 1,
    "samples": [
        72.34997967833395,
        8.7125365602386,
        -94.26564727132923,
        -48.931400716808874
    ]
}