run_id,mu,sampler,wasserstein_distance,mmd_rff,r_hat,ess,runtime
20,"(0, 0, 0, 0, 0)",SMC,0.01983416643977842,0.018418405779065932,1.0011725561157478,3983.215927581398,1.883500099182129
