run_id,mu,sampler,wasserstein_distance,mmd_rff,r_hat,ess,runtime
56,"(0, 0, 0, 0, 0)",SMC,0.03044749102414879,0.022903300009141068,1.000850631657637,3633.477731014095,1.9342396259307861
