{
    "sampler": "Metro",
    "value": 0.0,
    "means_array": [
        [
            0.0,
            0.0
        ],
        [
            10,
            0
        ]
    ],
    "case": "Warmup Samples",
    "dim": 2,
    "samples": [
        [
            19.202945061722037,
            7.547832098273631
        ],
        [
            14.822894044658288,
            -3.86095523787328
        ],
        [
            6.858489889127991,
            -4.42085716712832
        ],
        [
            8.505975679104688,
            -5.477618724987772
        ]
    ]
}