{
    "sampler": "Metro",
    "value": 0.9,
    "means_array": [
        [
            0.0,
            0.0,
            0.0,
            0.0,
            0.0,
            0.0,
            0.0,
            0.0,
            0.0,
            0.0,
            0.0,
            0.0,
            0.0,
            0.0,
            0.0,
            0.0,
            0.0,
            0.0,
            0.0,
            0.0,
            0.0,
            0.0,
            0.0,
            0.0,
            0.0,
            0.0,
            0.0,
            0.0,
            0.0,
            0.0
        ]
    ],
    "case": "Posterior Samples",
    "dim": 30,
    "samples": [
        [
            15.561278962779486,
            35.946394697991366,
            14.274741747990737,
            15.397553156991627,
            15.852176842104457,
            16.175623141804557,
            17.066397838166367,
            17.0174516386692,
            21.577504965939546,
            30.596475535086768,
            21.855229561376852,
            24.58391755790741,
            27.845389554266653,
            32.17591408732906,
            29.410350182575463,
            31.569813415648696,
            19.86737142901523,
            8.88929413198418,
            21.593280808975198,
            26.504145196451628,
            25.562047523921734,
            20.967670822186616,
            23.695304447966503,
            37.60399474429639,
            28.724026631501086,
            22.281842044089927,
            20.126810928297022,
            30.726878841402623,
            19.912700489765157,
            26.145753547466832
        ],
        [
            0.8281947357445083,
            1.3047116787742823,
            0.8715697694050295,
            0.9622803697534914,
            1.2774849781925681,
            1.252579862684993,
            0.6206702745444398,
            0.6205098151794,
            1.1790397869970488,
            0.6977754226412747,
            0.614708153186279,
            0.9616646066530724,
            1.0598513852186746,
            1.051314177615281,
            1.193869615065735,
            0.5060415632409672,
            0.9565750057669888,
            0.8661599148553839,
            0.6311867307687534,
            0.950059411526226,
            1.1284136324947038,
            0.8887845958911832,
            0.7737706196470953,
            0.51842327161039,
            1.2628595776446219,
            1.2508126665533958,
            0.6087340755755402,
            0.8152423788481992,
            1.143208050710081,
            0.6121514271379345
        ],
        [
            10.151561707635876,
            2.040808611477635,
            1.2139642513865425,
            3.899034041565378,
            11.239886148017089,
            4.875053748233765,
            6.961309271993071,
            4.652506869727156,
            6.371058636857552,
            5.752920383764421,
            5.561413059072187,
            7.01425840039065,
            6.176501972524449,
            5.611055521014743,
            10.470475632882554,
            5.983826108155746,
            6.749093022156321,
            6.701692779205696,
            13.265867415862768,
            7.47658910955686,
            6.182836067232669,
            9.32991824229812,
            12.244180806107615,
            8.076482892084911,
            8.481777931930935,
            2.0866757799426754,
            10.272031470392465,
            11.772379372721407,
            7.900359258392973,
            6.536167010231306
        ],
        [
            10.53387748002856,
            15.041496387571783,
            13.045285760939654,
            11.131075591649196,
            15.598101949193806,
            17.573090913032658,
            12.754006255105715,
            12.22928520604584,
            10.168655304544668,
            14.353329187196792,
            11.539576049719091,
            15.106293903669442,
            13.81101216851264,
            17.81595888406208,
            11.369635596064185,
            15.4670184420472,
            17.914462563398153,
            19.586264949561304,
            12.87228992121104,
            16.664970168037478,
            17.500948257249153,
            10.031256739896136,
            13.380626042151219,
            9.779928311164365,
            15.583244966685491,
            15.061323689359421,
            18.895931384574595,
            12.553876673297967,
            12.96217941961314,
            15.35329402992533
        ]
    ]
}