run_id,nu,sampler,wasserstein_distance,mmd_rff,r_hat,ess,runtime
29,0.5,Metro,623.7401710870753,0.038650893740793606,1.033001018502108,230.74179688047647,1.0220227241516113
29,1.0,Metro,2.774030527135798,0.023878063191722344,1.008398683788809,910.7071711896515,1.0093662738800049
29,2.0,Metro,0.16283649796753832,0.017396257498211803,1.0086349914081985,962.5673455080616,0.9754481315612793
29,5.0,Metro,0.05998247335374994,0.023903896455457842,1.0015848225426447,1417.886051206191,1.0193347930908203
29,10.0,Metro,0.03983416276864539,0.019052304203431316,1.0028346348966577,1562.3655604980643,1.029728651046753
29,30.0,Metro,0.022001022312588426,0.012224534652480232,1.002857377250399,1816.7282035957546,0.9934675693511963
29,100.0,Metro,0.03334649110432058,0.017713630595309303,1.0023454180528377,1965.202425575799,0.9914560317993164
29,500.0,Metro,0.03660070983064101,0.017969565659353003,1.0028982032234748,1915.736111376774,1.3357574939727783
