{
    "sampler": "HMC",
    "value": 120,
    "means_array": [
        [
            0.0,
            0.0,
            0.0,
            0.0,
            0.0,
            0.0,
            0.0,
            0.0,
            0.0,
            0.0,
            0.0,
            0.0,
            0.0,
            0.0,
            0.0,
            0.0,
            0.0,
            0.0,
            0.0,
            0.0,
            0.0,
            0.0,
            0.0,
            0.0,
            0.0,
            0.0,
            0.0,
            0.0,
            0.0,
            0.0
        ]
    ],
    "case": "Warmup Samples",
    "dim": 30,
    "samples": [
        [
            73.38731465182191,
            -43.45558455270866,
            -70.08306301749941,
            -27.54424487726612,
            -30.885571504650077,
            65.48405088438795,
            13.72652500164145,
            -52.177404220554095,
            -41.32256093823604,
            72.32696507894347,
            -9.155764821065867,
            -18.33404160800032,
            12.102958812585365,
            -30.43592615692333,
            23.526405501436923,
            -33.930366784761176,
            74.98771068639849,
            -49.891945134057245,
            -1.5838887665017352,
            29.63313967508434,
            89.02133684195088,
            -7.584814731531909,
            20.850521330792525,
            7.404497329529307,
            44.85205530818511,
            -8.400654189149993,
            48.74097949028751,
            38.79847663649471,
            -11.306077697751737,
            2.296378185168678
        ],
        [
            -22.883894456206622,
            46.264389752044345,
            74.50948440609143,
            -8.23032408238237,
            -7.133670876183313,
            -59.8738160601957,
            19.733221277298956,
            23.600019734683976,
            77.48375629670686,
            -26.571692921650683,
            72.74162311998282,
            -76.91940041873549,
            21.571869788569003,
            -29.872586302943084,
            -94.84125903761647,
            80.25421098815872,
            7.560689256966743,
            87.80687067691595,
            -96.86478902379432,
            -15.718878194079558,
            -15.743718984248744,
            -23.24193881351335,
            4.511012777714955,
            96.50526530931056,
            -86.85348485296294,
            95.8106267412647,
            -54.374938299225214,
            3.115511778385241,
            32.2052033240066,
            -2.3656761105871604
        ],
        [
            -73.86070633187421,
            77.3211913317563,
            -9.301373262387022,
            51.21448588643092,
            -0.42179822828676355,
            -95.89483570790135,
            39.95759689676117,
            70.42777890871595,
            90.09185494692275,
            90.66195924571494,
            9.549060445742134,
            -46.7544271396206,
            -19.987560175999217,
            48.51749655469663,
            38.4072211854575,
            45.72687859369933,
            89.95860125140305,
            -51.931432226654834,
            87.64750163783958,
            -58.58635870178283,
            -103.94538064423519,
            -9.492665223950535,
            71.15876937442293,
            71.89465215912847,
            -41.23269261626406,
            34.933885373508964,
            -42.649872450098,
            47.47156182184872,
            6.1868854969088085,
            77.0178522460271
        ],
        [
            17.884360073822467,
            2.370327093818954,
            -7.588875908025514,
            62.638439581851635,
            2.4787461149327203,
            20.29511230244943,
            37.39556518678237,
            -32.89369298492728,
            -89.75217867834215,
            -61.03902917880606,
            53.61436672889213,
            22.98369520966023,
            -18.240149934420963,
            -34.26468242235681,
            34.12496356230658,
            7.247012582106415,
            13.389670990640388,
            82.74669077401344,
            55.828460575103705,
            70.68778175748055,
            -78.21305368414349,
            20.217633864381142,
            -1.9023024373342365,
            1.109857092100911,
            -61.36296866480178,
            40.25881117506566,
            36.48825824287863,
            43.16508899533558,
            -38.767643325886354,
            28.142689539037182
        ]
    ]
}