run_id,mu,sampler,wasserstein_distance,mmd_rff,r_hat,ess,runtime
32,"(10, 10)",Metro,4.303406905947222,0.2710632110977617,1.1606370879892183,17.229825008308865,2.7604928016662598
32,"(2, 2)",Metro,0.39232112812607167,0.050460196617727486,1.1279606778963394,21.777581313677796,2.7742395401000977
32,"(20, 20)",Metro,2.995031481263604,0.17521652738325552,1.7698985474752598,5.969704666679439,2.8274011611938477
32,"(40, 40)",Metro,5.987220631730773,0.15297777504686935,1.779241882675445,5.9452961460506675,2.4995975494384766
32,"(5, 5)",Metro,0.43510306690592115,0.05974848290545826,1.5958525602804783,6.921785252819404,2.474006175994873
