run_id,mu,sampler,wasserstein_distance,mmd_rff,r_hat,ess,runtime
58,"(0, 0, 0, 0, 0)",SMC,0.05644567067660967,0.029586363541892143,1.000448709571581,3965.294556591704,2.187129259109497
