{
    "sampler": "HMC",
    "value": 3.5,
    "means_array": [
        0
    ],
    "case": "Posterior Samples",
    "dim": 1,
    "samples": [
        -0.6816623650471944,
        0.34603183127642484,
        0.9692781721865702,
        -1.1267269434351281
    ]
}