{
    "sampler": "DEMetro_Z",
    "value": [
        -8,
        0
    ],
    "means_array": [
        [
            -8,
            0
        ],
        [
            0,
            0
        ],
        [
            8,
            0
        ]
    ],
    "case": "Posterior Samples",
    "dim": 2,
    "samples": [
        [
            1.3479023277423408,
            -0.04459455746866322
        ],
        [
            -7.033955295846104,
            0.33131495420027907
        ],
        [
            0.6486779775113662,
            -0.2576261047157064
        ],
        [
            -8.193530642779999,
            0.059934093557295905
        ]
    ]
}