run_id,alpha,sampler,wasserstein_distance,mmd_rff,r_hat,ess,runtime
19,0,SMC,0.12219750901671995,0.07746858520445009,1.0813327997247817,165.4339453055543,0.7314434051513672
19,2,SMC,0.09490188018067251,0.06443243154061995,1.1047886882369369,139.32373449868777,0.7565193176269531
19,4,SMC,0.10184158953172615,0.0688129002659453,1.1062041381772658,55.94091248795082,1.18548583984375
19,6,SMC,0.09329076371590844,0.05763585700921259,1.089407615823506,47.76364921690301,0.7689363956451416
19,8,SMC,0.05730762057378612,0.029429360058084764,1.0864293029961385,39.38677324520829,1.5050396919250488
19,10,SMC,0.05809731339404232,0.029327444131061472,1.1062466960443664,25.14349652160454,0.8192858695983887
19,80,SMC,0.051376654804947915,0.019517853850169863,1.081971096959168,34.74357941695331,1.5390701293945312
19,100,SMC,0.07952500979787328,0.04998294751064468,1.100893523112952,28.186860960385467,0.7586350440979004
