run_id,mu,sampler,wasserstein_distance,mmd_rff,r_hat,ess,runtime
34,"(0, 0, 0, 0, 0)",Metro,0.07050826494642905,0.04827161208721258,1.1416953781262014,24.224073910747865,1.3154516220092773
