{
    "run_id": 1,
    "case": "unimodal",
    "dim": 30,
    "low": [
        -30.190412101425256,
        -29.729801167008755,
        -29.705028190137618,
        -29.898209283314568,
        -29.998732646927145,
        -29.953971966333405,
        -29.971561837593633,
        -29.924784766130657,
        -30.173198217188283,
        -30.005902796414844,
        -30.222861189027817,
        -29.977892492964397,
        -30.0402342762875,
        -30.265805440796157,
        -29.900167402244186,
        -29.998564790740566,
        -30.08745223579735,
        -29.967451450644667,
        -30.00277496925574,
        -29.91147219602213,
        -29.960935672339843,
        -29.622297899199594,
        -29.452152023420755,
        -29.92638208909569,
        -29.81145660358802,
        -29.89904879544406,
        -29.664535543024186,
        -29.83871274857045,
        -29.966208268426957,
        -30.189850013571338
    ],
    "high": [
        29.809587898574744,
        30.270198832991245,
        30.294971809862382,
        30.101790716685432,
        30.001267353072855,
        30.046028033666595,
        30.028438162406367,
        30.075215233869343,
        29.826801782811717,
        29.994097203585156,
        29.777138810972183,
        30.022107507035603,
        29.9597657237125,
        29.734194559203843,
        30.099832597755814,
        30.001435209259434,
        29.91254776420265,
        30.032548549355333,
        29.99722503074426,
        30.08852780397787,
        30.039064327660157,
        30.377702100800406,
        30.547847976579245,
        30.07361791090431,
        30.18854339641198,
        30.10095120455594,
        30.335464456975814,
        30.16128725142955,
        30.033791731573043,
        29.810149986428662
    ],
    "means_array": [
        [
            0.0,
            0.0,
            0.0,
            0.0,
            0.0,
            0.0,
            0.0,
            0.0,
            0.0,
            0.0,
            0.0,
            0.0,
            0.0,
            0.0,
            0.0,
            0.0,
            0.0,
            0.0,
            0.0,
            0.0,
            0.0,
            0.0,
            0.0,
            0.0,
            0.0,
            0.0,
            0.0,
            0.0,
            0.0,
            0.0
        ]
    ],
    "samples": [
        {
            "posterior": [
                29.761668476963383,
                -24.9803611858079,
                3.5441008568550387,
                17.53092144855491,
                -6.661985599867677,
                22.20407908291098,
                -7.6653387132842425,
                22.25960047597738,
                -25.606246803411878,
                2.919553215999386,
                1.1213231296276867,
                -2.9542108979053374,
                20.839607009705276,
                -20.362135274232088,
                2.842456943786935,
                -11.598904902899971,
                4.553245131362971,
                -6.576041087029775,
                11.287791602592485,
                -1.1410613603885693,
                4.637747577494245,
                -2.1964019874009963,
                -9.887005087547795,
                6.409380421734866,
                11.849207555965457,
                12.116190753792324,
                -16.398267284356514,
                0.864541762617776,
                15.456448445568984,
                -2.693216040920298
            ]
        },
        {
            "posterior": [
                13.94863604667199,
                20.06289658415226,
                21.26824244221617,
                26.9537707264389,
                -18.42518557515146,
                18.40530180483217,
                -4.331087470085713,
                -18.162060282162237,
                29.432085748704385,
                29.02134977206147,
                11.14123668056748,
                -14.625401044098254,
                29.022762621140615,
                -1.0078105433476026,
                22.02590439021887,
                -19.484422251042858,
                -12.14890241502291,
                -26.63856386450173,
                19.313577304240063,
                -24.902422945586075,
                -4.426490561322652,
                16.933341898527665,
                -25.88788579842698,
                -21.98266039106215,
                -15.657790228371141,
                -7.545677892999585,
                -27.31644913139913,
                18.99729858929001,
                4.764355600193941,
                -11.098276683432331
            ]
        },
        {
            "posterior": [
                17.205283296819747,
                -13.118341821723224,
                29.297572647562333,
                -28.922096493277586,
                9.676076912075061,
                23.073033786448377,
                27.70474004531185,
                6.693978741522862,
                28.455461083379586,
                -3.0840382037969647,
                -24.96100456720792,
                -21.68102288476075,
                6.712702531106267,
                8.602542558112987,
                17.416710734427262,
                27.611121413500285,
                6.6096602671195015,
                4.869108688041976,
                -23.106133106823393,
                19.61283698802417,
                1.829451001528085,
                -2.4844211136684606,
                -11.545338766436899,
                -1.593213752734922,
                10.486084818578867,
                -22.954283718386577,
                23.57374701238085,
                24.944339806504352,
                20.69725984283941,
                19.02631718480953
            ]
        },
        {
            "posterior": [
                -26.374026318006358,
                24.99748721526309,
                4.030715388931291,
                16.25525861444314,
                -1.6709675793039267,
                8.91562540425899,
                6.033374137494633,
                -9.15155811793808,
                0.936160981703658,
                14.012357310104825,
                -20.006659152900347,
                -26.880191138783207,
                6.796288729668127,
                -22.66399882144014,
                12.370165904168111,
                28.328705545598126,
                -13.604243648918946,
                9.566323151288408,
                -18.65027017157167,
                17.294358156694273,
                -16.464535753043947,
                23.926415804632214,
                12.824474727820462,
                -23.147295293845982,
                -19.817844641779722,
                -19.727782175870743,
                5.830801761107544,
                29.125424558676272,
                11.41770004679167,
                -3.6889894113182784
            ]
        }
    ]
}