{
    "sampler": "HMC",
    "value": 3,
    "means_array": [
        [
            0.0,
            0.0,
            0.0
        ]
    ],
    "case": "Warmup Samples",
    "dim": 3,
    "samples": [
        [
            27.06803969191375,
            2.0512094098921896,
            13.68627500551152
        ],
        [
            -21.847148163235943,
            11.393187905693651,
            6.994571847590257
        ],
        [
            -24.73237029744178,
            -1.7942296015146149,
            -24.99438229677626
        ],
        [
            -18.899516962211834,
            9.091477929023513,
            18.902048742967764
        ]
    ]
}