{
    "run_id": 1,
    "case": "unimodal",
    "dim": 2,
    "low": [
        -100.0,
        -100.0
    ],
    "high": [
        100.0,
        100.0
    ],
    "means_array": [
        [
            0.0,
            0.0
        ]
    ],
    "samples": [
        {
            "posterior": [
                -94.014837301899,
                -23.655405975031556
            ]
        },
        {
            "posterior": [
                90.61219561509083,
                -55.811316933577814
            ]
        },
        {
            "posterior": [
                -64.38281800037953,
                -29.5407976312557
            ]
        },
        {
            "posterior": [
                45.683299307717505,
                18.078327538820133
            ]
        }
    ]
}