run_id,mu,sampler,wasserstein_distance,mmd_rff,r_hat,ess,runtime
2,"(10, 10)",HMC,4.306034311683912,0.25374037263182686,1.1890499660208749,14.638891147531986,3.4604153633117676
2,"(2, 2)",HMC,0.7785887622678018,0.10451355200600743,1.6070726552247767,6.684556499087945,3.5874431133270264
2,"(20, 20)",HMC,8.198210086230162,0.29356203877265213,1.5325460896270269,7.141638172898994,3.376575469970703
2,"(40, 40)",HMC,12.322366013811232,0.27255803302747117,1.3942557368618518,8.506223792930557,3.4820830821990967
2,"(5, 5)",HMC,0.9230107945169387,0.1729577016910025,1.6485295506692113,6.458446936698549,3.2318718433380127
