run_id,mu,sampler,wasserstein_distance,mmd_rff,swd_zscore,r_hat,ess,runtime
14,"(10, 10)",Metro,3.435570007892327,0.24275826476013054,81.94355581506099,1.6244702362349015,10.020290744080953,3.286909818649292
14,"(20, 20)",Metro,7.018904260006068,0.22717345567274164,84.04661621262882,1.61839942161909,10.007279329134391,2.986646890640259
14,"(5, 5)",Metro,0.13873479511872908,0.03560015392497282,5.306707317250909,1.0606824237367867,82.51913744588464,3.4257495403289795
14,"(50, 10)",Metro,11.997383739907221,0.24854742823100637,95.39754480984195,1.6241415019869299,9.951239937995446,3.1640095710754395
