run_id,mu,sampler,wasserstein_distance,mmd_rff,r_hat,ess,runtime
38,"(10.0, 0.0)",HMC,2.1900091738367573,0.2793703096308044,2.106581897691542,5.3470739557555165,7.987230062484741
