run_id,mu,sampler,wasserstein_distance,mmd_rff,r_hat,ess,runtime
33,"(0, 0, 0, 0, 0)",SMC,0.018312964066910905,0.015555184643567095,1.00073947733386,3480.6043085023316,2.164212465286255
