{
    "sampler": "HMC",
    "value": 2,
    "means_array": [
        [
            0.0,
            0.0
        ]
    ],
    "case": "Posterior Samples",
    "dim": 2,
    "samples": [
        [
            0.11014895247998341,
            0.17402501037548165
        ],
        [
            -1.33714904657288,
            0.17489099814936498
        ],
        [
            -0.558639464759597,
            -1.5818273657455426
        ],
        [
            -1.593910869641678,
            0.08868371782661605
        ]
    ]
}