run_id,mu,sampler,wasserstein_distance,swd_zscore,r_hat,ess,runtime
3,"(10, -10)",Metro,6.618367006966996,84.513806851812,1.0053969906972067,840.3587580347009,4.353280782699585
3,"(20, 20)",Metro,9.777051493857867,214.21345598329506,1.0111367955197987,595.3542870424589,4.553791284561157
3,"(5, 5)",Metro,2.187818710773787,75.47669857968262,1.0559814275363295,57.010604773533515,4.57837700843811
3,"(50, -50)",Metro,19.23966623922577,79.99639605214567,1.536010680673124,7.248339379045486,4.45917820930481
