run_id,mu,sampler,wasserstein_distance,mmd_rff,r_hat,ess,runtime
25,"(0, 0, 0, 0, 0)",Metro,0.034059730345479655,0.026223956781025532,1.0097121467763173,655.0756563100566,1.2894997596740723
