alpha,sampler,wasserstein_distance,swd_zscore,r_hat,ess,runtime
2,Metro,8.504307158668365,-0.2687843445435996,1.0320616159698843,330.06235693603605,4.0701563358306885
