nu,mmd_rff_t_stat,mmd_rff_p_value,mmd_rff_paired_cohens_d
2.1,-3.4445937391447417,0.005480069038521416,-0.9943685612720581
2.5,-3.260109089825658,0.007597510688099888,-0.9411124302991948
3.0,-4.555613579097116,0.0008225326620225035,-1.3150923631078173
4.0,-4.244141723893464,0.001379242488814682,-1.225178183384407
10.0,-5.020508685357787,0.00038973114810998027,-1.4492960204800862
50.0,-2.8587517225307684,0.015551332310470274,-0.8252505382747227
