run_id,dimension_corr,sampler,wasserstein_distance,mmd_rff,r_hat,ess,runtime
33,2,HMC,0.02554877923304131,0.01722884218217351,1.0035338843935897,1058.276128714481,2.315150260925293
33,5,HMC,0.09084915335041144,0.0547487839303857,1.0097980740296564,567.901663763305,2.2162303924560547
33,10,HMC,0.06444632814377382,0.032550944632803315,1.010770758879492,489.6795607610435,2.257791042327881
33,15,HMC,0.02761235146357675,0.02547709622816723,1.0111115728563127,264.7396036795616,2.5238118171691895
33,20,HMC,0.07874621909331661,0.02786106517088007,1.0106623400696497,201.37009955714345,2.8012232780456543
