{
    "sampler": "DEMetro_Z",
    "value": [
        0.0,
        0.0,
        0.0,
        -5.059644
    ],
    "means_array": [
        [
            0.0,
            0.0,
            0.0,
            -5.059644
        ],
        [
            -3.810317,
            2.528724,
            1.756997,
            1.264911
        ],
        [
            -0.181444,
            -4.600403,
            1.674328,
            1.264911
        ],
        [
            -0.181444,
            -0.035591,
            -4.895489,
            1.264911
        ],
        [
            4.173205,
            2.10727,
            1.464164,
            1.264911
        ]
    ],
    "case": "Posterior Samples",
    "dim": 4,
    "samples": [
        [
            4.251943973932716,
            -5.062240546843649,
            1.8405967340721952,
            -1.8266800203915827
        ],
        [
            1.6756049323503603,
            -0.6060592517313877,
            -4.7750809449044445,
            0.10411602927575606
        ],
        [
            -2.2532802873243782,
            -1.5981617877413745,
            1.5765735070357,
            -5.645920209414399
        ],
        [
            -0.176979444526464,
            -4.387441684250593,
            0.008175375039302001,
            -0.0965227398713506
        ]
    ]
}