run_id,mu,sampler,wasserstein_distance,mmd_rff,r_hat,ess,runtime
1,"(0, 0, 0, 0, 0)",Metro,0.03961248193710085,0.028810764702650468,1.0096441562712126,813.4202011260078,1.3462953567504883
