run_id,nu,sampler,wasserstein_distance,mmd_rff,r_hat,ess,runtime
9,0.5,SMC,903.6868399718027,0.06305807943961822,1.0274373488652428,792.3040677932839,0.721625566482544
9,1.0,SMC,2.0345620170196295,0.08243963217080998,1.0443753759292338,435.6262213305387,1.0166783332824707
9,2.0,SMC,0.34861669920089305,0.0801026476597336,1.0615532718513327,238.04286726848673,0.7418117523193359
9,5.0,SMC,0.14759521687146943,0.08711071561560799,1.0869324795982687,173.33589306464566,0.7632761001586914
9,10.0,SMC,0.13782777409826608,0.08435493777149262,1.0913975244796605,147.02781878917685,0.7687778472900391
9,30.0,SMC,0.15222623824163165,0.09607018560743429,1.1227147189494577,134.03444832554828,0.7417676448822021
9,100.0,SMC,0.1346098195976522,0.08076308523957623,1.1184865872584822,128.48147456621967,0.741051197052002
9,500.0,SMC,0.12958345930023824,0.07312562815937347,1.1419800095826473,118.26196800581386,0.7482197284698486
