mu,sampler,wasserstein_distance,r_hat,ess,runtime
0,HMC,0.01536192687446361,1.0007039575803216,16759.088137036902,5.558342933654785
2,HMC,0.00810386224789016,1.0007039575803216,16759.088137036902,5.585849761962891
5,HMC,0.007436534658436472,1.0007039575803216,16759.088137036902,5.608197212219238
10,HMC,0.012005109392781804,1.0007039575803216,16759.088137036902,5.545791387557983
