run_id,mu,sampler,wasserstein_distance,mmd_rff,r_hat,ess,runtime
22,"(5.0, 0.0)",Metro,0.1056938207705735,0.029633519569025758,1.0212298136972646,162.11421931605474,2.4493753910064697
22,"(5.0, 10.0)",Metro,0.9387731931659624,0.10854423218888598,1.9214372508716475,6.356071668893182,2.461670160293579
22,"(5.0, 20.0)",Metro,5.117418098150512,0.3145046704215296,1.5360831228903984,7.274961396898447,2.4455416202545166
22,"(5.0, 40.0)",Metro,3.7609689322479465,0.1277869035979232,2.417160168534816,4.932420410455466,2.1006340980529785
22,"(5.0, 5.0)",Metro,0.7823668361109586,0.14020614398207187,1.5363461843424393,7.420810749132612,2.167776107788086
