alpha,sampler,wasserstein_distance,swd_zscore,r_hat,ess,runtime
2,HMC,30.195214566145104,2.0900517705250263,1.014362297447216,1579.6162241722038,8.993472337722778
