{
    "sampler": "DEMetro_Z",
    "value": 10,
    "means_array": [
        [
            0.0,
            0.0,
            0.0,
            0.0,
            0.0,
            0.0,
            0.0,
            0.0,
            0.0,
            0.0
        ],
        [
            0.2718240998216898,
            2.6325122412127158,
            -2.5729447711414966,
            4.036845763984289,
            -2.3667849154981346,
            7.995721877938209,
            4.811296877835691,
            -12.769414154141954,
            -11.109569253282574,
            -3.6629958743296394
        ]
    ],
    "case": "Posterior Samples",
    "dim": 10,
    "samples": [
        [
            -4.612892465870155,
            3.168716571746304,
            0.8301088699799978,
            -5.577527674465312,
            6.622606034825746,
            -13.598655385264589,
            15.302292489072382,
            13.635323568057947,
            -1.6062260113537281,
            -6.385640629150677
        ],
        [
            0.13411323084779697,
            4.813539893184054,
            2.7828571933599577,
            6.704432517658606,
            13.352073938791234,
            -1.0533478358178372,
            13.93108279134745,
            2.791178032255114,
            -1.0318976785678597,
            -8.484516706645634
        ],
        [
            -7.127858321041241,
            16.29380692072012,
            7.702589439066476,
            -23.26272493303644,
            10.145082854180243,
            1.9966528284301535,
            27.030306430612608,
            -23.414276186952485,
            -6.957927688565662,
            -8.754732565121099
        ],
        [
            -0.25688626555076116,
            22.408809673549765,
            -10.544052032505283,
            4.68678774718743,
            26.62102467351571,
            -8.469506398200602,
            0.6264312493701636,
            -26.46592525679647,
            -23.675225453329308,
            -4.857689292571574
        ]
    ]
}