run_id,nu,sampler,wasserstein_distance,mmd_rff,r_hat,ess,runtime
1,0.5,SMC,1258.432882292132,0.035324857430968,1.0100345537870437,1010.3097635912337,0.7478423118591309
1,1.0,SMC,11.774984606869868,0.05251810338519267,1.0161008511908545,455.524503354678,0.7281661033630371
1,2.0,SMC,0.1920501179450359,0.04939625911221082,1.0201593083417422,252.90772904765316,1.4681246280670166
1,5.0,SMC,0.09689957069239287,0.041992135476920066,1.0418657236098106,113.30544644315717,0.744398832321167
1,10.0,SMC,0.08779771282399115,0.04211968859747367,1.0479191678505284,84.84307888932287,0.736748456954956
1,30.0,SMC,0.0923766034105214,0.04778121658347412,1.0533094660203115,64.72364035389748,0.7385718822479248
1,100.0,SMC,0.08918196931145211,0.047541488625400724,1.0497431073352022,69.17314877957816,0.7490038871765137
1,500.0,SMC,0.08108044204469314,0.04506432186953098,1.0553159050032428,69.09986393589189,0.7579677104949951
