{
    "sampler": "HMC",
    "value": 3,
    "means_array": [
        [
            0.0,
            0.0
        ]
    ],
    "case": "Warmup Samples",
    "dim": 2,
    "samples": [
        [
            -5.063221329434893,
            -54.11842021306947
        ],
        [
            23.53298342089633,
            -12.886288170165955
        ],
        [
            -5.722919382620435,
            -9.032772197045622
        ],
        [
            11.780520626289087,
            -40.9075374222092
        ]
    ]
}