{
    "sampler": "Metro",
    "value": 0.0,
    "means_array": [
        [
            0.0,
            0.0
        ]
    ],
    "case": "Warmup Samples",
    "dim": 2,
    "samples": [
        [
            3.5077066178692458,
            3.8499661707340103
        ],
        [
            -1.504846943810933,
            -4.475676351376331
        ],
        [
            2.004625632693598,
            -3.1968740184002664
        ],
        [
            -2.3203328203081295,
            -4.403250882562222
        ]
    ]
}