run_id,mu,sampler,wasserstein_distance,mmd_rff,r_hat,ess,runtime
27,"(10.0, 0.0)",SMC,0.14890118405484826,0.021205520513287102,1.001517339965708,3682.773055915417,6.132195949554443
