{
    "sampler": "Metro",
    "value": 5,
    "means_array": [
        [
            0.0,
            0.0
        ],
        [
            5.0,
            0.0
        ]
    ],
    "case": "Warmup Samples",
    "dim": 2,
    "samples": [
        [
            -5.448714227153055,
            -26.024659284460025
        ],
        [
            -18.218797317040007,
            -19.625398734786756
        ],
        [
            0.7499681882394489,
            -0.4062703157835301
        ],
        [
            -7.761957484097817,
            -9.465628880899786
        ]
    ]
}