b,global_avg_wasserstein_distance,global_avg_r_hat,global_avg_ess,global_avg_runtime,global_avg_wasserstein_distance_std,global_avg_r_hat_std,global_avg_ess_std,global_avg_runtime_std
0.5,0.02038033562224543,1.0061559069880726,1672.9582579759506,2.0427803993225098,0.0035145808152341543,0.0012420920246538102,172.50786788451077,0.05870009737859987
1.0,0.048949163489905266,1.007119728488874,1832.207093769376,2.035196328163147,0.011429642953318143,0.0024354407004174125,137.5617437199865,0.1387935978507227
2.0,0.09659364945825027,1.007785950084945,1761.8731825723225,2.093583011627197,0.02198493984544211,0.0022742260251497463,172.38649014205146,0.12179759097516948
5.0,0.2476598135903587,1.0082152502245312,1743.0590131264757,2.0859483003616335,0.08539224654736122,0.003413416181871897,209.31743759934028,0.10774867526635283
