{
    "sampler": "HMC",
    "value": 4,
    "means_array": [
        [
            0.0,
            0.0,
            0.0,
            0.0
        ],
        [
            8.0,
            0.0,
            0.0,
            0.0
        ]
    ],
    "case": "Posterior Samples",
    "dim": 4,
    "samples": [
        [
            -0.30789627352435023,
            -0.3037672667346269,
            1.4027621633073768,
            -1.0346523849932838
        ],
        [
            8.957137542612982,
            0.6562317415101337,
            -2.3657948676527094,
            -2.6443223694228424
        ],
        [
            -0.26780136079592054,
            -0.6984393489383433,
            1.1000568166258904,
            0.37397001633795285
        ],
        [
            -1.1083083070996604,
            -1.213844417066583,
            1.302067121506641,
            1.3523527923896794
        ]
    ]
}