{
    "sampler": "HMC",
    "value": 5,
    "means_array": [
        [
            0.0,
            0.0,
            0.0,
            0.0,
            0.0,
            0.0,
            0.0,
            0.0,
            0.0,
            0.0,
            0.0,
            0.0,
            0.0,
            0.0,
            0.0,
            0.0,
            0.0,
            0.0,
            0.0,
            0.0,
            0.0,
            0.0,
            0.0,
            0.0,
            0.0,
            0.0,
            0.0,
            0.0,
            0.0,
            0.0
        ],
        [
            5.0,
            0.0,
            0.0,
            0.0,
            0.0,
            0.0,
            0.0,
            0.0,
            0.0,
            0.0,
            0.0,
            0.0,
            0.0,
            0.0,
            0.0,
            0.0,
            0.0,
            0.0,
            0.0,
            0.0,
            0.0,
            0.0,
            0.0,
            0.0,
            0.0,
            0.0,
            0.0,
            0.0,
            0.0,
            0.0
        ]
    ],
    "case": "Posterior Samples",
    "dim": 30,
    "samples": [
        [
            4.50815984662533,
            -0.38332367709353504,
            -0.17664525277853035,
            0.2103417198260751,
            -0.3615848059737821,
            -0.04284440902505631,
            0.23390542496001593,
            -0.28493216535032057,
            0.14146547882317959,
            -0.47477909696869286,
            0.2761521815490055,
            -0.16951908043241024,
            -0.6407724102113272,
            -0.023642107998366014,
            0.18848809815541054,
            -0.3403577727890204,
            0.21381252635289144,
            -0.08786234517950565,
            0.43859654773441403,
            -0.08941239585814884,
            0.24259303375807093,
            -0.38643344658311796,
            -0.4936361408048846,
            -0.6431929091720545,
            -0.5776269561946727,
            -0.10259275990272837,
            -0.7489583465966932,
            0.0328153867184157,
            -0.289361644993601,
            -0.15403948324976424
        ],
        [
            4.6042359827057044,
            -0.4971730426879536,
            -0.8585563053825392,
            -0.9564058406676584,
            -0.7833617228333406,
            -0.42089149007993715,
            -0.17861872105676554,
            -0.132718476725568,
            -0.7514156906204913,
            -0.8790740537636165,
            -0.5334513464317888,
            -0.6556154211961,
            -0.2709843863875488,
            -0.6821883626308579,
            -0.16091862897484874,
            -0.08559289512219552,
            -0.7479354266041502,
            -0.5971434343365774,
            -0.8298069984908957,
            -0.5215354890914068,
            -0.5419642856133391,
            -0.3245097311519751,
            -1.1546264572174068,
            -1.3866664532481676,
            -0.19265266632575925,
            -0.6406470762669706,
            -0.3318711411942214,
            -0.03568657835951338,
            -0.678356917899862,
            -0.8549623427263019
        ],
        [
            0.8981353489057424,
            0.7467593664854723,
            0.9504548297694622,
            0.705624682832105,
            1.3131055285542677,
            1.1237587338013546,
            1.176185047283479,
            0.803341471241282,
            0.5833053165488332,
            0.9354692494385879,
            1.611182732102304,
            1.6545402945119085,
            0.7219289361900424,
            1.3784554636796573,
            1.21945314625196,
            0.969244058424981,
            0.9963868147765745,
            0.8950784632542557,
            0.9622513641879084,
            1.2852782638357212,
            1.2906450922906263,
            0.6829611827571886,
            0.6179375328742662,
            0.7774296343985354,
            0.9094722691506415,
            1.323560720267124,
            0.4076193404224977,
            1.072767161654692,
            0.568548162404379,
            0.8562501900094706
        ],
        [
            5.584901438351784,
            0.15307662366513103,
            -0.06401091603678398,
            0.08356832430603404,
            -0.08308979223246762,
            0.07993124834742399,
            0.34363119276525894,
            -0.05728980181448936,
            0.45785592880900566,
            0.6825837966007764,
            0.6172264300415575,
            1.0001940785544694,
            0.30062726023712977,
            -0.16579751905245627,
            -0.05690700611064548,
            0.5848304461367927,
            -0.10394245960127034,
            0.020329832408752267,
            0.39367893322217085,
            0.0740199059534931,
            0.6348466514682438,
            -0.13681739579274307,
            0.35620484557744125,
            0.714579978405692,
            -0.0838138279652455,
            0.43381554687413165,
            0.4209705381517888,
            0.47122612367248,
            0.2869414268017559,
            0.6940522407155261
        ]
    ]
}