{
    "run_id": 1,
    "case": "multimodal",
    "dim": 2,
    "means_array": [
        [
            0,
            0
        ],
        [
            -5,
            -5
        ],
        [
            5,
            5
        ]
    ],
    "min_mode": [
        -5,
        -5
    ],
    "max_mode": [
        5,
        5
    ],
    "border": [
        10.0,
        10.0
    ],
    "low": [
        -15.0,
        -15.0
    ],
    "high": [
        15.0,
        15.0
    ],
    "samples": [
        {
            "posterior": [
                4.516597563512253,
                -12.09267058964488
            ]
        },
        {
            "posterior": [
                -14.389031145216194,
                -5.84553713798833
            ]
        },
        {
            "posterior": [
                7.817914409529902,
                14.160064151747122
            ]
        },
        {
            "posterior": [
                -5.6727719704069965,
                -14.786186416516706
            ]
        }
    ]
}