run_id,mu,sampler,wasserstein_distance,mmd_rff,r_hat,ess,runtime
70,"(10.0, 0.0)",Metro,3.414166482026392,0.22239975029196143,2.121369906329382,5.267742614461179,5.273874044418335
