run_id,mu,sampler,wasserstein_distance,mmd_rff,r_hat,ess,runtime
70,"(10.0, 0.0)",SMC,0.10073561810264463,0.017142114454233,1.0011853165760223,3422.425165636755,6.034420013427734
