{
    "sampler": "HMC",
    "value": 0.9,
    "means_array": [
        [
            0.0,
            0.0
        ],
        [
            10,
            0
        ]
    ],
    "case": "Posterior Samples",
    "dim": 2,
    "samples": [
        [
            0.7337946131217081,
            1.0557446994066786
        ],
        [
            -0.9435677819369966,
            -0.30251194177041474
        ],
        [
            11.555914527948326,
            1.1853208092637857
        ],
        [
            -0.10453364448977137,
            -0.721989054766546
        ]
    ]
}