{
    "run_id": 1,
    "case": "unimodal",
    "dim": 10,
    "low": [
        -100.0,
        -100.0,
        -100.0,
        -100.0,
        -100.0,
        -100.0,
        -100.0,
        -100.0,
        -100.0,
        -100.0
    ],
    "high": [
        100.0,
        100.0,
        100.0,
        100.0,
        100.0,
        100.0,
        100.0,
        100.0,
        100.0,
        100.0
    ],
    "means_array": [
        [
            0.0,
            0.0,
            0.0,
            0.0,
            0.0,
            0.0,
            0.0,
            0.0,
            0.0,
            0.0
        ]
    ],
    "samples": [
        {
            "posterior": [
                51.57098043792851,
                92.29037131286267,
                80.61232971119333,
                53.017252768647495,
                -43.188618822756155,
                -91.92487201720454,
                98.19110612576617,
                60.31948991901572,
                23.99837827722915,
                53.85576445772199
            ]
        }
    ]
}