{
    "sampler": "DEMetro_Z",
    "value": 18,
    "means_array": [
        [
            -9.0,
            0.0,
            0.0,
            0.0,
            0.0,
            0.0,
            0.0,
            0.0,
            0.0,
            0.0,
            0.0,
            0.0,
            0.0,
            0.0,
            0.0,
            0.0,
            0.0,
            0.0,
            0.0,
            0.0,
            0.0,
            0.0,
            0.0,
            0.0,
            0.0,
            0.0,
            0.0,
            0.0,
            0.0,
            0.0
        ],
        [
            9.0,
            0.0,
            0.0,
            0.0,
            0.0,
            0.0,
            0.0,
            0.0,
            0.0,
            0.0,
            0.0,
            0.0,
            0.0,
            0.0,
            0.0,
            0.0,
            0.0,
            0.0,
            0.0,
            0.0,
            0.0,
            0.0,
            0.0,
            0.0,
            0.0,
            0.0,
            0.0,
            0.0,
            0.0,
            0.0
        ]
    ],
    "case": "Warmup Samples",
    "dim": 30,
    "samples": [
        [
            18.66863112323569,
            -21.384622068682358,
            -25.81113591146007,
            -20.844319610952443,
            13.55532196584173,
            29.7126632846467,
            15.154429933518783,
            -6.296576873509711,
            4.121407806383433,
            18.732933008020755,
            -6.25986631734798,
            -26.01070497125614,
            10.18526065046334,
            9.61824735902944,
            -23.307427455226886,
            -3.8260926243739135,
            -26.656780029609923,
            -6.87322513733666,
            -19.696465302978833,
            -19.138762407150267,
            1.8237163076977463,
            18.07449296403722,
            1.4255056632391996,
            9.68442100472238,
            7.976662610936135,
            10.112591741394553,
            -17.466301549469623,
            -16.64684281657596,
            12.960643815023248,
            -26.658304702807204
        ],
        [
            30.149732450742693,
            10.332434172652329,
            22.501055068702158,
            20.909510763194433,
            22.812746656306572,
            -25.431326104753598,
            -26.45263999506854,
            -4.507621932334524,
            -4.78850701479131,
            -28.5091029815181,
            -24.114212557405597,
            24.11691019971653,
            -5.834863377292157,
            -16.970226406377265,
            6.095459422007356,
            -1.29877106788218,
            11.911004212222378,
            -27.617548079613503,
            9.616485520485494,
            6.972263782335803,
            -4.347057664826984,
            -24.92358954970403,
            18.528608238398252,
            -8.639438475021912,
            -3.654673700968958,
            -0.717597051597106,
            -16.40332434532859,
            -8.88914559325955,
            -4.567420653186663,
            -4.9383276363911195
        ],
        [
            -25.119949025439162,
            9.644181293070483,
            -0.4035913737393275,
            -17.448308801830812,
            -24.46712152733911,
            -24.554700097123824,
            8.81963835021671,
            -28.234807440163923,
            -18.06829693540509,
            21.37213589393002,
            -21.746135439002995,
            0.18795852809470928,
            26.05927481192128,
            -1.3237183333659426,
            -3.751485396929075,
            15.362557248530111,
            0.9756699732958909,
            24.281567655111363,
            -2.774815868747187,
            12.925971566628759,
            -22.429749736261588,
            15.809447222719527,
            -8.461798502613613,
            11.901450844754358,
            16.804825853812783,
            -2.1019959540015494,
            -0.13376768558880334,
            21.16947230824086,
            10.798182427112081,
            10.365127569037547
        ],
        [
            14.129981410030126,
            -16.46178899902878,
            27.53633182617513,
            -20.0326982066505,
            30.002619254123708,
            2.6759989749909963,
            -1.053715475231659,
            4.854115647598072,
            19.002624186540714,
            -6.099979963809628,
            -17.4961835307708,
            12.019054841429334,
            -29.871786711760763,
            -25.488093591951053,
            -21.112661056959023,
            30.07357829719923,
            3.9725831705939925,
            -20.209980961811794,
            18.734821614250258,
            1.4973833454974803,
            15.473183716499348,
            15.612668911865157,
            8.580862782430163,
            -13.40825969887114,
            -18.25818062825608,
            10.858947932817205,
            -22.850624364259527,
            11.968364413846226,
            3.545896508094876,
            19.33919200400022
        ]
    ]
}