{
    "sampler": "Metro",
    "value": 10,
    "means_array": [
        [
            -5.0,
            0.0
        ],
        [
            5.0,
            0.0
        ]
    ],
    "case": "Posterior Samples",
    "dim": 2,
    "samples": [
        [
            4.2878668903625705,
            0.9592652668979573
        ],
        [
            -3.8019556762770184,
            -0.19466077913933716
        ],
        [
            5.347158072643088,
            -0.373160951014047
        ],
        [
            -5.173392314920415,
            -0.16244268315636912
        ]
    ]
}