{
    "sampler": "HMC",
    "value": 0.9,
    "means_array": [
        [
            0.0,
            0.0,
            0.0,
            0.0,
            0.0,
            0.0,
            0.0,
            0.0,
            0.0,
            0.0,
            0.0,
            0.0,
            0.0,
            0.0,
            0.0,
            0.0,
            0.0,
            0.0,
            0.0,
            0.0,
            0.0,
            0.0,
            0.0,
            0.0,
            0.0,
            0.0,
            0.0,
            0.0,
            0.0,
            0.0
        ]
    ],
    "case": "Posterior Samples",
    "dim": 30,
    "samples": [
        [
            -1.5835593338202116,
            -1.9828672145330397,
            -1.037794688939453,
            -1.512078333354184,
            -1.4070458809166522,
            -2.1342135826774724,
            -1.3001985719901445,
            -1.7390825926173954,
            -1.2445148594749509,
            -1.5767810023416398,
            -1.2103293969701239,
            -1.6963800983239086,
            -1.3200080673898131,
            -1.0955954723758614,
            -2.1109887611361065,
            -1.9983204720994057,
            -1.7471231348329743,
            -1.7138365833883475,
            -1.9907358648757945,
            -0.6191763231024016,
            -1.616356271335919,
            -2.1127270721622344,
            -1.7673909041585971,
            -1.7606223895001802,
            -1.4706930005255041,
            -1.7909796729585816,
            -1.2845670143251637,
            -1.3819071664872713,
            -1.4084439092419871,
            -1.4778853786788797
        ],
        [
            -0.613569135470815,
            0.10366412062735669,
            0.09370782134539428,
            0.04396345686892316,
            -0.5320336850288807,
            -0.2676663909529423,
            -0.6864459602593018,
            -0.17673839110517306,
            -0.513319449780306,
            -0.38703879054510165,
            -0.31581290339017,
            -0.36358892455620323,
            -0.19804925827634723,
            -0.00864230082714046,
            -0.3962042167024103,
            -0.5290441063110732,
            -0.07407114463139988,
            -0.2691423485224843,
            -0.1821412401327431,
            -0.4761595292704341,
            0.015376703950870879,
            -0.40878290404086864,
            0.3226254474081814,
            -0.7266513518897082,
            -0.1330935159237692,
            -0.292993551913456,
            -0.715801147731298,
            -0.715156182236434,
            -1.1494636735122539,
            -0.09174172286366962
        ],
        [
            0.31763893610361343,
            0.2370558507363493,
            -0.42297320576757963,
            0.45942065231869283,
            0.10228467599037748,
            0.44974294201735165,
            -0.2702787331900688,
            -0.11703240002033069,
            -0.1674675763803727,
            0.12731878639591493,
            0.08315757837850643,
            -0.07801323032289832,
            -0.012520671868399204,
            0.1347749953953762,
            -0.1110232931357642,
            0.07541842703914638,
            0.23233290638088122,
            0.16823452527860913,
            -0.26778972431832015,
            -0.19172679907381923,
            0.2144438050154588,
            -0.38278338930083033,
            -0.45333283139231795,
            -0.1641063771638375,
            -0.08656225970946489,
            -0.28412836598279523,
            -0.05904896880656352,
            0.16581627629720044,
            0.4036676863668665,
            0.021036401023655834
        ],
        [
            0.7669613747214927,
            0.772693043112037,
            0.5665307633026949,
            1.1295624703138405,
            0.3472499705371735,
            0.6658304673129276,
            0.8852539633896229,
            1.208626151587856,
            1.103505990730745,
            1.3403615504420836,
            0.8026852394537525,
            1.1216077962240867,
            0.9973605144759673,
            0.5924083566315346,
            1.0724792956514986,
            1.3258555134591852,
            1.032743000493043,
            0.701540596808161,
            0.6580252859359362,
            1.1241398507168596,
            1.1020942164622969,
            1.0553550025401208,
            0.5171533845308129,
            0.5609737788428278,
            0.5329043384207426,
            0.10257456055535231,
            1.11503422788115,
            0.8721165393738255,
            0.5578276117482003,
            0.8106175744816467
        ]
    ]
}