nu,global_avg_wasserstein_distance,global_avg_r_hat,global_avg_ess,global_avg_runtime,global_avg_wasserstein_distance_std,global_avg_r_hat_std,global_avg_ess_std,global_avg_runtime_std
1,1.6313404617552922,1.1332338425489668,26.21605999863366,1.9649400711059573,0.5382724794982396,0.05918660614757818,13.940220506657463,0.1210450745737118
2,1.681976616407766,1.2237146614990535,18.500285687117596,2.0818458795547485,1.0242023111609029,0.13750922830851,11.655286834405723,0.017299932614569653
5,1.8819099850703633,1.1103142493848537,28.19734513258911,2.3339418172836304,0.929782622774532,0.0013192114413994025,3.792475044890792,0.45828443163278243
