{
    "run_id": 1,
    "case": "multimodal",
    "dim": 2,
    "means_array": [
        [
            0.0,
            0.0
        ],
        [
            16.0,
            0.0
        ]
    ],
    "min_mode": [
        0.0,
        0.0
    ],
    "max_mode": [
        16.0,
        0.0
    ],
    "border": [
        31.101634410835555,
        26.145150547751086
    ],
    "low": [
        -38.99281837962134,
        -40.590498198875636
    ],
    "high": [
        54.31208485288532,
        37.84495344437762
    ],
    "samples": [
        {
            "posterior": [
                -26.130055061189672,
                22.819049948842533
            ]
        },
        {
            "posterior": [
                -1.5069436657521038,
                27.980473293380214
            ]
        },
        {
            "posterior": [
                9.296963159960583,
                4.492914043398024
            ]
        },
        {
            "posterior": [
                22.967012297534097,
                -16.162895328766133
            ]
        }
    ]
}