mode_means,sampler,wasserstein_distance,r_hat,ess,chain_seeds,mode_distance
"(0, 8)",DEMetro,0.9481597608596497,1.028383812293071,110.85129599952059,"[773627, 125920, 538746, 818661]",8
"(0, 10)",DEMetro,1.1361102110728876,1.0491504166225019,67.36384486578135,"[773627, 125920, 538746, 818661]",10
"(0, 15)",DEMetro,1.5157845502152445,1.0349826919403162,149.84205735781433,"[773627, 125920, 538746, 818661]",15
"(0, 20)",DEMetro,3.6052133780160034,5.0276613594860455,4.405702575797905,"[773627, 125920, 538746, 818661]",20
