mode_means,sampler,wasserstein_distance,r_hat,ess,chain_seeds,mode_distance
"(0, 8)",HMC,3.000120922083624,1.738296362209547,6.220574301867672,"[773627, 125920, 538746, 818661]",8
"(0, 10)",HMC,3.832739785005325,1.7349627051364402,6.2500285800691335,"[773627, 125920, 538746, 818661]",10
"(0, 15)",HMC,6.086616290247157,1.7421662648784635,6.221955521137044,"[773627, 125920, 538746, 818661]",15
"(0, 20)",HMC,7.8235151678913635,1.7337065566416727,6.2905800740862,"[773627, 125920, 538746, 818661]",20
