dimension,mean_rmse_t_stat,mean_rmse_p_value,mean_rmse_paired_cohens_d
2,2.7136705891068447,0.11319886925309268,1.5667384451128072
3,9.056351814542841,0.01197396907021415,5.228687158002265
10,73.46826167940668,0.0001852165544251572,42.41692065749932
30,130.32458227403538,5.887202357828337e-05,75.24293265793986
50,92.93342856252798,0.00011576590219906569,53.65513999729039
