{
    "sampler": "Metro",
    "value": 0,
    "means_array": [
        0
    ],
    "case": "Posterior Samples",
    "dim": 1,
    "samples": [
        -0.6653231609927484,
        0.17477729520808113,
        -1.269426175803134,
        -0.9468381974054408
    ]
}