run_id,mu,sampler,wasserstein_distance,mmd_rff,r_hat,ess,runtime
42,"(5.0, 0.0)",SMC,0.04958662196449753,0.0156785019355849,1.0005086534321899,3796.8710785455787,1.6461601257324219
42,"(5.0, 10.0)",SMC,0.10868176033840042,0.02675878403390283,1.0002327138753606,3782.2759000910546,2.649843692779541
42,"(5.0, 20.0)",SMC,0.0593819058452512,0.021115962492505663,1.0003541655775974,3135.3816893085123,2.9017014503479004
42,"(5.0, 40.0)",SMC,0.18239815579856025,0.019864774565682166,0.9999564134130863,2986.9616343488724,3.714118719100952
42,"(5.0, 5.0)",SMC,0.07305578079849667,0.024712072037880305,1.000528511177324,3996.221861089385,3.1456451416015625
