{
    "sampler": "Metro",
    "value": 0.0,
    "means_array": [
        [
            0.0,
            0.0,
            0.0,
            0.0,
            0.0,
            0.0,
            0.0,
            0.0,
            0.0,
            0.0,
            0.0,
            0.0,
            0.0,
            0.0,
            0.0,
            0.0,
            0.0,
            0.0,
            0.0,
            0.0,
            0.0,
            0.0,
            0.0,
            0.0,
            0.0,
            0.0,
            0.0,
            0.0,
            0.0,
            0.0
        ]
    ],
    "case": "Posterior Samples",
    "dim": 30,
    "samples": [
        [
            0.6960920163696525,
            0.23115155297483875,
            -0.4973577154832387,
            1.2571107926364,
            0.5977937835789391,
            -1.228889659449203,
            -0.7893404831999302,
            0.9484889585547366,
            0.48870882326209886,
            -0.638620731136083,
            -1.2707681825796915,
            -1.772034892974959,
            -0.9714368251185761,
            -0.18239962993657866,
            -0.801283519854231,
            -1.092177342916881,
            0.9027552566756195,
            -1.6538730196716624,
            -0.20100481360728656,
            -0.9547004625583593,
            2.725310835145506,
            1.6583645155297755,
            -1.5338574572672905,
            0.289856405316709,
            -0.8347665951924591,
            -1.4538837725212286,
            0.7683830668979978,
            -0.3835800993156599,
            -0.7319122551548811,
            -0.22709779737183444
        ],
        [
            0.3690443424972074,
            -0.8596686606320302,
            1.8862368440376134,
            0.3160535054154992,
            1.1671610892506186,
            0.04237734349109612,
            -0.7738530556720129,
            0.6623772391685192,
            0.6676839108882489,
            -0.4092173255402221,
            -0.16730029372660793,
            0.8600546602757277,
            0.6107973259710309,
            -0.24361210813013692,
            0.703011271153193,
            0.3163199558444254,
            -0.948725958259477,
            0.05260542807287116,
            -2.23971014118723,
            0.20288085882372325,
            -0.5660995250240144,
            0.48011880667697393,
            -0.787920060607274,
            1.0208276433087304,
            -1.106245743714761,
            -0.3224080523719508,
            1.0884891519227609,
            -0.10821362199947378,
            -1.182441374350925,
            0.020541367903153307
        ],
        [
            -0.2570265780896448,
            2.074213779328982,
            -0.9625446804768633,
            -0.8747556961002543,
            -0.3716404333641519,
            -0.5645587523343467,
            -1.0557096225298113,
            -1.1899190063394192,
            -1.6556141465645502,
            -0.42318731999928894,
            -0.9424852853414323,
            1.192490001324082,
            0.4961865987553983,
            0.02065745954641629,
            -0.7161057628224295,
            -2.351068388992946,
            0.2731706601453754,
            -0.8853651814429919,
            -1.3018007944803442,
            1.0423664404979247,
            1.4234264783641364,
            -0.9979450551987903,
            -1.074246540952204,
            0.8292831940708922,
            -0.5599822782569344,
            1.305531005893806,
            0.9666266968184041,
            0.12000891142287418,
            1.334883104322434,
            -1.2363757483446864
        ],
        [
            -0.6713602426487681,
            -0.5452616964861452,
            1.6369474046700474,
            -0.40206887464622565,
            1.1069309593742833,
            0.015916948095052147,
            -0.49297558284775067,
            -0.6593160928992052,
            0.6119100087883392,
            -0.43460515378521136,
            0.8491914566832852,
            1.3109229788998091,
            1.0733609627679126,
            0.6601519548180621,
            0.850538202890228,
            1.2368782778003564,
            -1.6724360045268445,
            -1.4062438127148065,
            -0.05405865871542587,
            0.2325954573911585,
            -0.564862029548717,
            1.4786512453763367,
            0.3127719936621285,
            0.8194728772258426,
            -2.1237915305855672,
            0.06918723901750323,
            0.3337920745125152,
            -0.14241484966144335,
            -0.05236918837779225,
            -0.7092242536221192
        ]
    ]
}