{
    "sampler": "Metro",
    "value": 0.0,
    "means_array": [
        [
            0.0,
            0.0,
            0.0,
            0.0,
            0.0,
            0.0,
            0.0,
            0.0,
            0.0,
            0.0,
            0.0,
            0.0,
            0.0,
            0.0,
            0.0,
            0.0,
            0.0,
            0.0,
            0.0,
            0.0,
            0.0,
            0.0,
            0.0,
            0.0,
            0.0,
            0.0,
            0.0,
            0.0,
            0.0,
            0.0
        ]
    ],
    "case": "Warmup Samples",
    "dim": 30,
    "samples": [
        [
            -2.0386008772277977,
            -55.41562924171792,
            -68.38833643718651,
            95.09268075109918,
            -57.63072321144256,
            75.32713177495394,
            -0.949530174350276,
            -92.92432341963509,
            28.70918586356243,
            -93.84020920664733,
            -20.07509650009674,
            -30.193351439996363,
            15.498496165011204,
            -44.28910140256106,
            -58.83196656454554,
            76.02656736658534,
            67.82458634897398,
            92.02697698430356,
            74.36668272437974,
            -13.687516521860672,
            -69.37261071674628,
            -76.08432140022693,
            80.35144904020781,
            -50.438821610394754,
            -44.105652214123,
            97.4844566522082,
            -15.434542805523106,
            -49.047977465985426,
            37.93164937447123,
            -60.06101599709177
        ],
        [
            -7.380841584530422,
            -13.182829477651964,
            99.17363758561024,
            83.82987145034087,
            50.618915847991815,
            4.102470540683778,
            -91.81989518087349,
            37.41943678863868,
            -54.42075937594743,
            -93.60598832096433,
            29.70798444103494,
            -27.41863550288582,
            13.832925830798219,
            -44.10680659732975,
            24.400556226828527,
            -33.352703340067045,
            40.67130608103517,
            -88.6217700391253,
            -89.19347211300337,
            36.048085370249,
            13.893839759243622,
            -14.64818710734039,
            90.68507089004183,
            -11.61167164854974,
            57.94078554412252,
            51.866045961649235,
            -54.81231901011725,
            70.54981764698158,
            -98.84464020198862,
            -20.828098591511818
        ],
        [
            -45.01964780229849,
            -72.92717890724785,
            30.073528126593924,
            2.675637202768911,
            -71.3596239254125,
            67.95339917804039,
            87.87946820210414,
            -28.813961366680374,
            91.66360541705572,
            -13.466285042056702,
            -16.107181436306266,
            71.03270768442812,
            -90.75363931363978,
            -21.959317718781676,
            57.59358059908607,
            55.02668557238531,
            -4.786392640962718,
            53.71672085005329,
            31.807096485581518,
            54.33070996525109,
            -35.14729219922458,
            17.41664623551746,
            -60.820551163682744,
            53.98458628777459,
            53.30286216242545,
            4.875816224952631,
            68.12311761522588,
            47.53448816766196,
            -39.321232080843764,
            -82.08652747431812
        ],
        [
            90.96330500470995,
            39.528429731063376,
            21.333113703562884,
            80.77979829011056,
            12.751534934788438,
            -0.6387719272150764,
            -42.94753812187586,
            89.81158531830712,
            94.42075863491128,
            62.95782451405731,
            2.0294962911769994,
            63.703607134020274,
            -95.62468607972205,
            -81.99919535197822,
            28.435365196664407,
            31.6258443028604,
            37.48320685627843,
            -71.72870228532709,
            24.05448918540193,
            72.84554475892429,
            -34.5866136791161,
            99.10336356367736,
            50.00401016628996,
            1.8353002306929969,
            30.339633646483584,
            2.4855787854200377,
            -81.29348272873263,
            -46.54292125835996,
            -65.3094105707894,
            -27.297156584238763
        ]
    ]
}