{
    "sampler": "HMC",
    "value": 3,
    "means_array": [
        [
            0.0,
            0.0
        ]
    ],
    "case": "Warmup Samples",
    "dim": 2,
    "samples": [
        [
            93.34771073528157,
            36.62071026334481
        ],
        [
            -94.88473441045116,
            -14.305699958649791
        ],
        [
            73.70159813299544,
            -91.91283800458814
        ],
        [
            25.409299844292242,
            -31.009318314589102
        ]
    ]
}