{
    "sampler": "HMC",
    "value": 0.99,
    "means_array": [
        [
            0.0,
            0.0
        ]
    ],
    "case": "Warmup Samples",
    "dim": 2,
    "samples": [
        [
            19.1464999167696,
            94.18703480102593
        ],
        [
            -51.277772547252205,
            3.827495762710085
        ],
        [
            -134.68667193525076,
            -132.8930154294841
        ],
        [
            61.858722759328195,
            -179.78139183856436
        ]
    ]
}