{
    "run_id": 1,
    "case": "multimodal",
    "dim": 30,
    "means_array": [
        [
            -1.3645352904839143,
            0.0,
            0.0,
            0.0,
            0.0,
            0.0,
            0.0,
            0.0,
            0.0,
            0.0,
            0.0,
            0.0,
            0.0,
            0.0,
            0.0,
            0.0,
            0.0,
            0.0,
            0.0,
            0.0,
            0.0,
            0.0,
            0.0,
            0.0,
            0.0,
            0.0,
            0.0,
            0.0,
            0.0,
            0.0
        ],
        [
            1.3645352904839143,
            0.0,
            0.0,
            0.0,
            0.0,
            0.0,
            0.0,
            0.0,
            0.0,
            0.0,
            0.0,
            0.0,
            0.0,
            0.0,
            0.0,
            0.0,
            0.0,
            0.0,
            0.0,
            0.0,
            0.0,
            0.0,
            0.0,
            0.0,
            0.0,
            0.0,
            0.0,
            0.0,
            0.0,
            0.0
        ]
    ],
    "min_mode": [
        -1.3645352904839143,
        0.0,
        0.0,
        0.0,
        0.0,
        0.0,
        0.0,
        0.0,
        0.0,
        0.0,
        0.0,
        0.0,
        0.0,
        0.0,
        0.0,
        0.0,
        0.0,
        0.0,
        0.0,
        0.0,
        0.0,
        0.0,
        0.0,
        0.0,
        0.0,
        0.0,
        0.0,
        0.0,
        0.0,
        0.0
    ],
    "max_mode": [
        1.3645352904839143,
        0.0,
        0.0,
        0.0,
        0.0,
        0.0,
        0.0,
        0.0,
        0.0,
        0.0,
        0.0,
        0.0,
        0.0,
        0.0,
        0.0,
        0.0,
        0.0,
        0.0,
        0.0,
        0.0,
        0.0,
        0.0,
        0.0,
        0.0,
        0.0,
        0.0,
        0.0,
        0.0,
        0.0,
        0.0
    ],
    "border": [
        69.56668350776378,
        77.89262405767542,
        71.33015345757025,
        71.64682940550307,
        73.2145587057242,
        63.79957585043365,
        82.18248227010629,
        78.44607744646171,
        70.35103351415945,
        83.38305624190167,
        71.52720052742848,
        73.39908161666446,
        80.48223990979224,
        82.84519548480264,
        82.43802061763424,
        85.92514941745958,
        83.18584204615613,
        75.05016728463991,
        75.01160914643293,
        70.89274520910863,
        71.67900591051144,
        70.34212220422499,
        65.40634351328085,
        71.90473843726049,
        66.45534701619212,
        68.79893303448131,
        77.19067771073351,
        80.77192912908528,
        66.41906108556155,
        76.17074292416498
    ],
    "low": [
        -92.52055728117868,
        -104.42367036701623,
        -99.0495812965477,
        -94.69777747089172,
        -98.65111047582481,
        -86.18472921417231,
        -110.16732370525332,
        -103.07658265687806,
        -92.34691639187508,
        -111.5840814768661,
        -93.54541584727582,
        -99.8259217291251,
        -110.11782066729324,
        -109.37332160703514,
        -106.57026930629493,
        -113.74571178273393,
        -114.33604672160698,
        -98.82408161928106,
        -100.20101408962881,
        -93.76079393158541,
        -96.7019204697077,
        -95.62370466644468,
        -86.86842169846092,
        -97.43440625952647,
        -90.47360891361136,
        -92.68443638135184,
        -100.5589321230836,
        -110.4436597883608,
        -87.03204176831085,
        -101.94259172463104
    ],
    "high": [
        116.17949324211267,
        129.25420180601003,
        114.94087907616304,
        120.24271074561749,
        120.9925656413478,
        105.21399833712864,
        136.38012310506554,
        132.26164968250708,
        118.70618415060328,
        138.5650872488389,
        121.03618573500961,
        120.37132312086828,
        131.3288990620835,
        139.1622648473728,
        140.74379254660778,
        144.0297364696448,
        135.2214794168614,
        126.32642023463868,
        124.83381334966998,
        118.91744169574048,
        118.3350972618266,
        115.4026619462303,
        109.35060884138161,
        118.27980905225499,
        108.892432134965,
        113.71236272209207,
        131.01310100911695,
        131.87212759889502,
        112.22514148837382,
        126.5696370478639
    ],
    "samples": [
        {
            "posterior": [
                37.7296917997064,
                78.7520420724035,
                110.64845763602406,
                5.070347657074009,
                -46.67845703245557,
                -71.28016618632124,
                -6.884130878575888,
                111.03022645085801,
                28.284166952427086,
                65.83399780230594,
                -13.425803096178242,
                6.586241557324698,
                -95.87480476994338,
                125.2673024440829,
                -24.448756459826555,
                -8.415047861110295,
                134.85787601696092,
                79.18395181543056,
                -25.055100571805326,
                99.813243640388,
                92.84112396528381,
                111.23262062658135,
                54.32803075889352,
                -58.237286019084145,
                -17.0921636980367,
                14.064129442709756,
                -90.86134775242758,
                8.917111461169512,
                91.68984949274133,
                -41.05202674648791
            ]
        }
    ]
}