mu,global_median_wasserstein_distance,global_median_runtime,global_median_ess,global_median_ess_per_sec,global_median_r_hat,global_median_mmd_rff,global_q25_wasserstein_distance,global_q25_runtime,global_q25_ess,global_q25_ess_per_sec,global_q25_r_hat,global_q25_mmd_rff,global_q75_wasserstein_distance,global_q75_runtime,global_q75_ess,global_q75_ess_per_sec,global_q75_r_hat,global_q75_mmd_rff,ws_mcmc_mean,ws_iid_mean,ws_iid_std,mmd_rff_mcmc_mean,mmd_rff_iid_mean,mmd_rff_iid_std,ws_glass_delta,ws_t_stat,ws_p_value,mmd_rff_glass_delta,mmd_rff_t_stat,mmd_rff_p_value
"(0.0, 0.0, -5.163978, 0.0, 0.0)",0.0891711360154584,13.929781913757324,,,,0.018131657885029802,0.07836311949165567,13.028772294521332,,,,0.015487198919296324,0.10851501601587259,14.183186173439026,,,,0.02144305646304365,0.09345440176600661,0.06287632344501771,0.01259036823415343,0.01927205969645939,0.011985162668150258,0.0036128041075853177,2.4286881648179968,6.638618564112086,3.080418727230263e-08,2.016964333330395,5.8480201463628765,4.1105674207237475e-07
