mu,ws_t_stat,ws_p_value,ws_paired_cohens_d
"(0.0, 0.0, -5.163978, 0.0, 0.0)",-9.114584870103347,5.177322903429032e-10,-1.6640879118836325
