mu,mmd_rff_t_stat,mmd_rff_p_value,mmd_rff_paired_cohens_d
"(0.0, 0.0, -5.163978, 0.0, 0.0)",17.010702123240005,1.255214308379559e-16,3.1057150906331916
