mu,ws_t_stat,ws_p_value,ws_paired_cohens_d
"(0.0, 0.0, -5.163978, 0.0, 0.0)",-1.6137962512577215,0.1174018430202643,-0.29463753667704295
