mu,ws_t_stat,ws_p_value,ws_paired_cohens_d
"(0.0, 0.0, -5.163978, 0.0, 0.0)",7.41758521580533,3.5726881384252504e-08,1.3542595816378016
