run_id,mu,sampler,wasserstein_distance,mmd_rff,r_hat,ess,runtime
70,"(0, 0, 0, 0, 0)",HMC,0.03160797637683732,0.02202286155327546,1.0010135936763964,6022.805928185597,1.67958664894104
