dimension,mmd_rff_t_stat,mmd_rff_p_value,mmd_rff_paired_cohens_d
2,2.1003367557105084,0.17050837511826325,1.2126299912983274
3,-1.4379004942026141,0.28704525326444286,-0.8301722373957753
10,-4.279630110250039,0.050499230228725975,-2.4708455961848883
30,-4.06270457378722,0.055582495730156674,-2.345603579313975
50,-8.805925207706789,0.012651640072120392,-5.084103289133226
