dimension,ws_t_stat,ws_p_value,ws_paired_cohens_d
2,0.9325883764695827,0.4494837355777922,0.5384301501978297
3,-1.2540481063108093,0.3365323194557577,-0.7240250117552862
10,-6.86285460614339,0.0205788521837549,-3.96227095426615
30,-78.32643644701383,0.00016295852888988766,-45.22178916734755
50,-14.902892100846175,0.0044723704748772155,-8.604188766127487
