{
    "run_id": 1,
    "case": "unimodal",
    "dim": 5,
    "low": [
        -29.855708572743104,
        -29.900199942023896,
        -29.940238532521104,
        -29.964298538972045,
        -29.827963750131133
    ],
    "high": [
        30.144291427256896,
        30.099800057976104,
        30.059761467478896,
        30.035701461027955,
        30.172036249868867
    ],
    "means_array": [
        [
            0.0,
            0.0,
            0.0,
            0.0,
            0.0
        ]
    ],
    "samples": [
        {
            "posterior": [
                -1.3855867557074042,
                0.4930478030469203,
                -14.32164377523533,
                22.49067073893699,
                10.807670562166372
            ]
        },
        {
            "posterior": [
                -7.473641406231877,
                -14.63282930969158,
                20.469338929929375,
                -10.487430179771945,
                -27.10141122853887
            ]
        },
        {
            "posterior": [
                12.581705186678526,
                6.048363964983437,
                10.671742088644837,
                -13.708195839944267,
                28.660518386393505
            ]
        },
        {
            "posterior": [
                28.56200469620454,
                8.907950705856337,
                8.104004944480199,
                -13.389701340980121,
                -5.438619568339789
            ]
        }
    ]
}