dimension,ws_t_stat,ws_p_value,ws_paired_cohens_d
2,-0.40266349644319516,0.7261576794316568,-0.23247787806431466
3,-1.5452718249226147,0.2623025931215644,-0.8921631040902159
5,-2.311712058188085,0.14696464666921594,-1.3346675790837947
8,-2.322946718008321,0.14584162075329962,-1.341153912955262
15,-5.5158185018968355,0.03133195647475469,-3.1845592968712566
30,0.7868370165549092,0.5138081134820405,0.45428056331633887
