dimension,var_rmse_t_stat,var_rmse_p_value,var_rmse_paired_cohens_d
2,-0.6065718838446844,0.605816994680401,-0.35020444042058696
3,-5.216983316662131,0.034833432541094354,-3.012026722232668
5,-10.13831514268769,0.009589288375727345,-5.853358976759997
8,-35.591599554975225,0.0007884807617887753,-20.548819583954312
15,-31.295741548393487,0.0010194478183795166,-18.068604807453937
30,-423.1009466054505,5.586095639872252e-06,-244.27744541704232
