run_id,mu,sampler,wasserstein_distance,mmd_rff,r_hat,ess,runtime
22,"(10.0, 0.0)",HMC,2.459140900919616,0.27629780332648624,2.722401467767452,4.65834233211302,8.04504108428955
