run_id,mu,sampler,wasserstein_distance,mmd_rff,r_hat,ess,runtime
9,"(0, 0, 0, 0, 0)",HMC,0.040991859949675434,0.021340953286142255,1.0009666142640024,1467.7787497603883,1.8283343315124512
