num_samples,sampler,wasserstein_distance,r_hat,ess,runtime
1000,HMC,0.04862198929417172,1.0107622947564319,1211.4192204010217,2.7220072746276855
