{
    "sampler": "DEMetro",
    "value": 0,
    "means_array": [
        0,
        3
    ],
    "case": "Warmup Samples",
    "dim": 1,
    "samples": [
        0.37536824844960326,
        2.95666526014873,
        1.131077398170903,
        1.5380520647733538
    ]
}