run_id,mu,sampler,wasserstein_distance,mmd_rff,swd_zscore,r_hat,ess,runtime
19,"(10, 10, 10, 20, 20, 30, 30, 30, 40, 40)",HMC,0.027399360680874518,0.01870115323762881,1.6001963998524444,1.002180487630309,7421.353280717151,3.237003803253174
