{
    "sampler": "DEMetro_Z",
    "value": 0.9,
    "means_array": [
        [
            0.0,
            0.0
        ]
    ],
    "case": "Warmup Samples",
    "dim": 2,
    "samples": [
        [
            -22.244843063055388,
            15.48450499759357
        ],
        [
            -8.482064389393141,
            27.486252108129786
        ],
        [
            6.953190210540979,
            0.8578067153718875
        ],
        [
            0.8787429534367202,
            18.728403193427173
        ]
    ]
}