run_id,dimension_corr,sampler,wasserstein_distance,mmd_rff,r_hat,ess,runtime
23,2,Metro,0.05081009031318485,0.03413801084578811,1.0037471337014054,1611.2890970306948,1.321640968322754
23,5,Metro,0.03389555290387602,0.020506149360891797,1.0042276641387449,1642.5537176248458,1.5538461208343506
23,10,Metro,0.03017567862922873,0.018105609339456114,1.0056573855653455,1391.6363269776703,2.308384656906128
23,15,Metro,0.02693320464294462,0.016574009683574222,1.0030787264190326,1509.3948472225381,2.431581497192383
23,20,Metro,0.02212109754645827,0.01618776547812494,1.0041111556770015,1460.729761885005,3.2282307147979736
