run_id,mu,sampler,wasserstein_distance,mmd_rff,r_hat,ess,runtime
36,"(10, 10)",HMC,1.0178846363630958,0.0719174245983479,1.6398609217353257,6.5154392394568985,3.908052682876587
36,"(2, 2)",HMC,0.19876046403891143,0.031606010179949545,1.1723073241954036,16.172936152844297,4.2603724002838135
36,"(20, 20)",HMC,2.081143085189263,0.10878301016683696,1.6718566642893877,6.321640333920536,3.9561731815338135
36,"(40, 40)",HMC,16.00149703160757,0.29819148648956967,1.5287378357245738,7.089254114548794,3.576481342315674
36,"(5, 5)",HMC,0.7210636086878801,0.12451706868551377,1.353062206748551,9.064804143363851,4.290743589401245
