{
    "run_id": 1,
    "case": "multimodal",
    "dim": 30,
    "means_array": [
        [
            0.0,
            0.0,
            0.0,
            0.0,
            0.0,
            0.0,
            0.0,
            0.0,
            0.0,
            0.0,
            0.0,
            0.0,
            0.0,
            0.0,
            0.0,
            0.0,
            0.0,
            0.0,
            0.0,
            0.0,
            0.0,
            0.0,
            0.0,
            0.0,
            0.0,
            0.0,
            0.0,
            0.0,
            0.0,
            0.0
        ],
        [
            -4.1917689611261935,
            21.56708167408371,
            3.065290601625385,
            -3.366796180866289,
            1.241954026252283,
            0.13085428787654507,
            10.393038967303164,
            20.22116916062828,
            -7.67393486352882,
            3.4464972926469013,
            3.068179393424437,
            21.576031095945563,
            13.643847091608581,
            11.131458231484203,
            9.667205935090607,
            -11.58441880582534,
            -18.46175027040547,
            0.23461680195189014,
            -0.4517535810054602,
            -5.037793999787051,
            -14.129773554084451,
            5.855307553382983,
            -0.2090113331443651,
            5.730880719854134,
            15.472989891140974,
            -4.60864396166162,
            -1.3475596428922083,
            19.576735744873453,
            18.732886386963653,
            24.18117314127321
        ]
    ],
    "min_mode": [
        -4.1917689611261935,
        0.0,
        0.0,
        -3.366796180866289,
        0.0,
        0.0,
        0.0,
        0.0,
        -7.67393486352882,
        0.0,
        0.0,
        0.0,
        0.0,
        0.0,
        0.0,
        -11.58441880582534,
        -18.46175027040547,
        0.0,
        -0.4517535810054602,
        -5.037793999787051,
        -14.129773554084451,
        0.0,
        -0.2090113331443651,
        0.0,
        0.0,
        -4.60864396166162,
        -1.3475596428922083,
        0.0,
        0.0,
        0.0
    ],
    "max_mode": [
        0.0,
        21.56708167408371,
        3.065290601625385,
        0.0,
        1.241954026252283,
        0.13085428787654507,
        10.393038967303164,
        20.22116916062828,
        0.0,
        3.4464972926469013,
        3.068179393424437,
        21.576031095945563,
        13.643847091608581,
        11.131458231484203,
        9.667205935090607,
        0.0,
        0.0,
        0.23461680195189014,
        0.0,
        0.0,
        0.0,
        5.855307553382983,
        0.0,
        5.730880719854134,
        15.472989891140974,
        0.0,
        0.0,
        19.576735744873453,
        18.732886386963653,
        24.18117314127321
    ],
    "border": [
        20.0,
        27.720288286044116,
        20.0,
        20.0,
        20.0,
        20.0,
        20.0,
        26.621556149983597,
        20.0,
        20.0,
        20.0,
        28.530318454812466,
        20.760604860761195,
        20.0,
        20.0,
        20.0,
        26.066975708876917,
        20.0,
        20.0,
        20.0,
        21.043590416437294,
        20.0,
        20.0,
        20.0,
        22.392641485063788,
        20.0,
        20.0,
        26.15161745759346,
        25.915459535150948,
        30.34798425106754
    ],
    "low": [
        -32.065591901326506,
        -30.85976786792338,
        -28.468428345040547,
        -31.622028606308497,
        -29.522176385314438,
        -29.787759027942926,
        -24.79540321719642,
        -29.86456185116487,
        -33.81992130533455,
        -28.33950026469054,
        -28.530897706528393,
        -31.93241178283737,
        -24.081128879852894,
        -24.48996345099966,
        -25.004151594624318,
        -35.999039383507444,
        -48.62270297820457,
        -29.459447689170123,
        -30.30878820529201,
        -32.909142916963404,
        -38.78314416151156,
        -27.101991168332574,
        -30.033875323629776,
        -27.000664785826004,
        -25.684086379770854,
        -32.31111722758317,
        -30.356108679534117,
        -29.541975511224017,
        -29.622801074647654,
        -33.47219169077868
    ],
    "high": [
        27.934408098673494,
        52.30109699020897,
        31.531571654959453,
        28.377971393691503,
        30.477823614685562,
        30.212240972057074,
        35.20459678280358,
        50.00010659878592,
        26.180078694665447,
        31.66049973530946,
        31.469102293471607,
        53.65854358160003,
        38.20068570243069,
        35.51003654900034,
        34.99584840537568,
        24.000960616492556,
        29.578224148426177,
        30.540552310829877,
        29.69121179470799,
        27.0908570830366,
        24.34762708780032,
        32.898008831667426,
        29.966124676370224,
        32.999335214173996,
        41.49383807542051,
        27.688882772416836,
        29.643891320465883,
        48.912876861556356,
        48.12357753080519,
        57.571761062423946
    ],
    "samples": [
        {
            "posterior": [
                10.841340621006758,
                -15.494026339956918,
                4.90202142106553,
                -28.318265552298385,
                3.2040265286079403,
                23.317787060364417,
                2.9731438378073705,
                -3.486731651569631,
                -20.324754698241765,
                27.89104849298715,
                5.900603166791122,
                0.4000309089956957,
                17.856439623254662,
                32.35258175727807,
                31.442173394340166,
                23.959525322109265,
                -36.65356396753474,
                -0.9748821082657706,
                17.219812770733526,
                -11.720450089276277,
                6.43957777339088,
                -2.7553958810876935,
                -18.582771342435922,
                -21.17240222034233,
                2.983611108625336,
                5.950767913819519,
                7.023361732868935,
                27.848267551273175,
                25.974884278593777,
                13.059907615225285
            ]
        }
    ]
}