run_id,mu,sampler,wasserstein_distance,mmd_rff,r_hat,ess,runtime
7,"(0, 0, 0, 0, 0)",Metro,0.0518977676686657,0.026050300130773415,1.0072026997683192,743.0849606598957,1.3194003105163574
