run_id,mu,sampler,wasserstein_distance,mmd_rff,r_hat,ess,runtime
7,"(0, 0, 0, 0, 0)",SMC,0.02823318707248866,0.023591699431278652,1.0005641378561954,3864.889266195481,1.8343029022216797
