mu,ws_t_stat,ws_p_value,ws_paired_cohens_d
"(-8, 0)",3.603127730988185,0.0011611858296192226,0.6578381119448783
