mode_means,sampler,wasserstein_distance,r_hat,ess,chain_seeds,mode_distance
"(0, 8)",DEMetro,2.7906751099754543,1.0241639198396817,139.98054578165312,"[749631, 709015, 606351, 310190]",8
"(0, 10)",DEMetro,4.989193617071758,1.0156658510110093,323.24767874840427,"[749631, 709015, 606351, 310190]",10
"(0, 15)",DEMetro,7.254443163839233,1.0232620593713229,354.43063299389763,"[749631, 709015, 606351, 310190]",15
"(0, 20)",DEMetro,9.95249333619826,1.0382677219990233,242.0114778082113,"[749631, 709015, 606351, 310190]",20
