mode_means,sampler,wasserstein_distance,r_hat,ess,chain_seeds,mode_distance
"(0, 8)",HMC,1.487535604919518,1.4600408396011555,7.818874323598252,"[749631, 709015, 606351, 310190]",8
"(0, 10)",HMC,2.5745482418925905,1.5286728431573053,7.194393987486596,"[749631, 709015, 606351, 310190]",10
"(0, 15)",HMC,3.9417057104610222,1.5301769468393764,7.19598482039752,"[749631, 709015, 606351, 310190]",15
"(0, 20)",HMC,5.041661302756559,1.5296707575600357,7.191727985759508,"[749631, 709015, 606351, 310190]",20
