mode_means,sampler,wasserstein_distance,r_hat,ess,chain_seeds,mode_distance
"(0, 8)",Metro,0.654488871564961,1.1419761728533853,20.517974123727548,"[749631, 709015, 606351, 310190]",8
"(0, 10)",Metro,1.306711939215706,1.3586224972788163,9.373819969767707,"[749631, 709015, 606351, 310190]",10
"(0, 15)",Metro,0.1917488358649515,1.7374476615442922,6.132227387273482,"[749631, 709015, 606351, 310190]",15
"(0, 20)",Metro,4.949172691751837,1.5339325091214786,7.3365806536893965,"[749631, 709015, 606351, 310190]",20
