run_id,mu,sampler,wasserstein_distance,mmd_rff,r_hat,ess,runtime
7,"(10.0, 0.0)",HMC,3.4200933966488027,0.28707260361606396,2.127490761970092,5.201277023375063,6.688419818878174
