run_id,mu,sampler,wasserstein_distance,mmd_rff,r_hat,ess,runtime
7,"(10.0, 0.0)",SMC,0.15959479281289465,0.017860826538242815,1.000299848684834,3747.647637991895,5.994991064071655
