{
    "sampler": "HMC",
    "value": 4,
    "means_array": [
        0
    ],
    "case": "Warmup Samples",
    "dim": 1,
    "samples": [
        -2.587837209442286,
        95.5063330208543,
        -16.306849257747455,
        50.07478743408824
    ]
}