run_id,mu,sampler,wasserstein_distance,mmd_rff,swd_zscore,r_hat,ess,runtime
9,"(10, -10)",Metro,0.45185416180612953,0.0507279962150973,8.991477165174633,1.615868943923821,10.067966041930902,3.1223578453063965
9,"(20, 20)",Metro,7.536723483517843,0.37276339229119626,90.8782263918562,1.3800314597494163,13.319354457353965,2.938021183013916
9,"(5, 5)",Metro,0.4823326080459521,0.096106412318066,26.193401306249132,1.0521674937787109,127.79253345734047,2.940204381942749
9,"(50, 10)",Metro,10.475073851536457,0.2509343589758846,81.80268906499124,1.6240523551417985,10.063858216234,3.166928768157959
9,"(80, 0)",Metro,18.15503289286144,0.2673750057406491,74.55710192865382,1.6157846545656673,10.081479446055244,2.9099788665771484
