{
    "sampler": "DEMetro_Z",
    "value": 12,
    "means_array": [
        [
            -6.000000003,
            0.0,
            0.0,
            0.0,
            0.0,
            0.0,
            0.0,
            0.0,
            0.0,
            0.0,
            0.0,
            0.0,
            0.0,
            0.0,
            0.0,
            0.0,
            0.0,
            0.0,
            0.0,
            0.0,
            0.0,
            0.0,
            0.0,
            0.0,
            0.0,
            0.0,
            0.0,
            0.0,
            0.0,
            0.0
        ],
        [
            6.000000003,
            0.0,
            0.0,
            0.0,
            0.0,
            0.0,
            0.0,
            0.0,
            0.0,
            0.0,
            0.0,
            0.0,
            0.0,
            0.0,
            0.0,
            0.0,
            0.0,
            0.0,
            0.0,
            0.0,
            0.0,
            0.0,
            0.0,
            0.0,
            0.0,
            0.0,
            0.0,
            0.0,
            0.0,
            0.0
        ]
    ],
    "case": "Posterior Samples",
    "dim": 30,
    "samples": [
        [
            -18.567876276245705,
            -7.06742584047993,
            -16.70714106307754,
            17.65551218969532,
            -12.479435196283129,
            -14.047811987300737,
            -17.80366697534165,
            24.987238695743425,
            -18.81606164983318,
            22.410810615199072,
            6.813457107944492,
            1.2688228455909358,
            21.949773200981497,
            -19.447870144220175,
            19.506889161338766,
            -20.866456205068566,
            2.7633097674237326,
            5.49499626064823,
            2.459230917002589,
            4.441552041957663,
            -16.02359277485568,
            26.341184315856292,
            -28.091119498841334,
            12.552986385242605,
            9.458602893093106,
            -5.101463857582877,
            27.213103874455847,
            27.23082610556673,
            22.48555118118876,
            31.32695331971228
        ],
        [
            10.713732981407677,
            -0.9020927278633006,
            6.868977416940491,
            0.518806296520032,
            4.488574591140533,
            20.15757861307959,
            -2.246682428249476,
            -25.701153802755062,
            22.971953503513216,
            -7.700877726485564,
            -23.550493285426313,
            15.76557685537677,
            10.088814154722359,
            -16.826707125539713,
            -3.6881028355264434,
            9.39417016273731,
            -3.2549162668503917,
            2.548240770860191,
            -20.511378764521222,
            -2.930863118451469,
            -3.065361108185645,
            -10.605493650359936,
            20.055988941253517,
            10.396562336613178,
            -31.08259940894718,
            -29.494568948571978,
            9.734642558529107,
            -5.098878819443848,
            3.523139927008722,
            30.180150713855323
        ],
        [
            4.718449143992378,
            -10.49074808832296,
            -11.141376392611267,
            -13.87672072029734,
            35.76922351289502,
            -5.226995575669722,
            14.233344056373314,
            -17.502460733960383,
            -10.228014694655352,
            19.603679499876044,
            -3.6183863049814398,
            -13.866319619588614,
            -16.68075964367325,
            -28.294056968959346,
            -7.926895240660605,
            -12.250569342785484,
            -13.763004218903072,
            -19.695996790032346,
            -3.5531952537486315,
            -11.559535042918283,
            21.926867072903374,
            11.387469714468356,
            5.341240840802366,
            -5.8452485784101995,
            -18.971207719475846,
            -1.8087297179387543,
            1.7019631754728568,
            -8.19978674514924,
            20.507845251675686,
            -7.559678121980093
        ],
        [
            -2.678785631814179,
            24.817999276105557,
            1.2139664367983318,
            -0.1157016307808201,
            10.741393463819566,
            -5.666684071706608,
            -11.367449905878926,
            -23.595930540596047,
            -6.674393606436791,
            -15.435101204725743,
            -15.267429755434515,
            -7.9515932012280475,
            17.823701442497814,
            14.342477812238625,
            22.67259054427852,
            -17.713942391611837,
            -21.9148272033389,
            13.489636610891006,
            25.588702963478745,
            -14.949324722477158,
            -2.257404769787559,
            -1.969142280442413,
            9.905783037249025,
            -14.634822682167504,
            -15.415053869065689,
            12.842308680505715,
            -23.94511245215351,
            -14.53985132661538,
            -12.960566082929232,
            -29.189337960630283
        ]
    ]
}