{
    "sampler": "HMC",
    "value": 2.1,
    "means_array": [
        [
            0.0,
            0.0
        ]
    ],
    "case": "Warmup Samples",
    "dim": 2,
    "samples": [
        [
            -74.36958323024149,
            82.65855723252206
        ],
        [
            38.68011889250619,
            69.01580265105409
        ],
        [
            -33.322488729034355,
            -47.74147513909989
        ],
        [
            19.153072104126693,
            41.56765244977629
        ]
    ]
}