mu,mmd_rff_t_stat,mmd_rff_p_value,mmd_rff_paired_cohens_d
"(-8, 0)",13.387067708631415,6.077381007056473e-14,2.4441329876221407
