run_id,mu,sampler,wasserstein_distance,mmd_rff,swd_zscore,r_hat,ess,runtime
12,"(10, 10, 10, 20, 20, 30, 30, 30, 40, 40)",Metro,0.0753769916256888,0.02711887691749009,21.445430400502534,1.033633404466048,113.9570721364392,3.0019688606262207
