{
    "sampler": "Metro",
    "value": 10,
    "means_array": [
        [
            0.0,
            0.0
        ],
        [
            16,
            0
        ]
    ],
    "case": "Posterior Samples",
    "dim": 2,
    "samples": [
        [
            13.99202483849402,
            -0.7298332165717322
        ],
        [
            0.4948091563050785,
            -0.634577118561455
        ],
        [
            -0.20485794916333389,
            -1.5183930248559452
        ],
        [
            -2.8191514604394516,
            -0.9168917562333523
        ]
    ]
}