{
    "run_id": 1,
    "case": "unimodal",
    "dim": 1,
    "low": [
        -100
    ],
    "high": [
        100
    ],
    "means_array": [
        [
            0
        ]
    ],
    "samples": [
        {
            "posterior": -10.618623182346496
        },
        {
            "posterior": 71.6818629088369
        },
        {
            "posterior": 53.03425411736765
        },
        {
            "posterior": 60.79445724368492
        }
    ]
}