{
    "sampler": "Metro",
    "value": 30,
    "means_array": [
        [
            0.0,
            0.0,
            0.0,
            0.0,
            0.0,
            0.0,
            0.0,
            0.0,
            0.0,
            0.0,
            0.0,
            0.0,
            0.0,
            0.0,
            0.0,
            0.0,
            0.0,
            0.0,
            0.0,
            0.0,
            0.0,
            0.0,
            0.0,
            0.0,
            0.0,
            0.0,
            0.0,
            0.0,
            0.0,
            0.0
        ]
    ],
    "case": "Posterior Samples",
    "dim": 30,
    "samples": [
        [
            2.288013430104347,
            0.04965208909276986,
            -0.6010689126294417,
            1.912111585248925,
            -1.506494755889301,
            -0.14166515208545247,
            0.23219544853736207,
            0.6234082426990728,
            2.434583472165625,
            0.27949651994564695,
            -1.7908562948019693,
            0.1033823530262803,
            -0.13842864754332412,
            2.476186789385966,
            1.541033033146384,
            -1.2926740464752793,
            -1.7246892550939676,
            -0.20449101032904382,
            -0.2396949860106491,
            -0.4302251528572577,
            0.1793376260813213,
            1.428335755839666,
            0.15361338340744127,
            -1.8776447452952627,
            -0.5541641574279069,
            1.0091843276015493,
            -0.7284337482877556,
            0.2435160817484494,
            -0.36323825820010613,
            1.2354793071194576
        ],
        [
            -0.18012719716057424,
            0.229088860328662,
            -0.1448559586105418,
            0.35860761391225304,
            3.4905398485563333,
            -0.2358152922830996,
            1.2605795965640214,
            -1.0313223597324037,
            0.11317241330525926,
            0.0009593946696921374,
            -0.8946081758686504,
            0.5401235080790152,
            -0.7262414377314635,
            -0.17048180696012372,
            -1.84528697207248,
            -1.6256285375721002,
            0.9848701545913947,
            0.6856469587409653,
            -0.40046105461745746,
            -0.010675346239885003,
            0.5261393538802032,
            0.25231169375655815,
            0.33711350433471265,
            1.6984405005019492,
            -2.0683733688722605,
            -0.3725516967912923,
            -1.8807596360197454,
            -0.31225994441936766,
            0.383888876446097,
            0.0882153954831324
        ],
        [
            -0.0834793508086448,
            0.18893315087030849,
            -0.05723816694205963,
            -0.45669973699155164,
            0.8103839921740952,
            -1.2791812344127613,
            0.0703183003679122,
            0.24854259969389503,
            0.22625869718459157,
            -0.08307333658258875,
            0.3603167892890464,
            0.9120438190121967,
            -0.35228685509029845,
            0.2108278700713252,
            1.89103304425412,
            0.015955118654880085,
            -0.3709177733244312,
            -1.078287218907667,
            -0.5780628275942135,
            0.20361642740948016,
            -0.08394562768690783,
            1.2046607324806105,
            0.0788467215244124,
            0.6945417826391194,
            0.24196736662074303,
            -0.9266690507930948,
            1.851370151287492,
            0.40765106587769817,
            -0.07457099599602235,
            2.5879371709555996
        ],
        [
            -0.048663350631967806,
            0.5540712110970729,
            -0.005071252594212539,
            0.3324952395904267,
            -0.9704751714577686,
            0.14570013140247956,
            0.5041737347480488,
            0.08430939090755962,
            -0.8924931030461674,
            0.9945605203951415,
            -0.4674738826350957,
            -0.17688759280706562,
            0.0548373673060234,
            -0.21734124121734721,
            1.9148806956337225,
            -0.3387960298591095,
            -0.16078121938071854,
            -1.175567209184208,
            -0.2593439138414913,
            -1.096687232227069,
            -1.4025566940081333,
            -0.8320076965078687,
            -1.9377275328904089,
            0.9525625020693098,
            -1.2239281790637575,
            -0.06935478649678162,
            -1.444140417152863,
            1.0567179028829141,
            -0.9823644459406251,
            -1.7714846229401555
        ]
    ]
}