{
    "sampler": "Metro",
    "value": 7,
    "means_array": [
        0,
        7
    ],
    "case": "Warmup Samples",
    "dim": 1,
    "samples": [
        -2.859088564801353,
        9.443748400866372,
        6.8780042670708585,
        9.010792354613853
    ]
}