{
    "sampler": "Metro",
    "value": 7,
    "means_array": [
        0,
        7
    ],
    "case": "Posterior Samples",
    "dim": 1,
    "samples": [
        0.966306660338101,
        8.116034795316626,
        7.594904749033146,
        5.864523295301336
    ]
}