run_id,alpha,sampler,wasserstein_distance,mmd_rff,r_hat,ess,runtime
7,0,SMC,0.07934360221301817,0.04177793428092979,1.0113423823640673,312.79600377732277,0.7431423664093018
7,2,SMC,0.07616552483390442,0.03202085043597266,1.0368277446571799,186.17253287987702,1.5056285858154297
7,4,SMC,0.08006112364165265,0.04553860283283819,1.0393967658415832,140.91370745206095,0.8048808574676514
7,6,SMC,0.09244578320336619,0.06673857219839889,1.0306123955912823,88.5661258893292,0.7921566963195801
7,8,SMC,0.09011847323233953,0.06336791334182498,1.0280426506291904,71.19909553675909,0.8085157871246338
7,10,SMC,0.10086960330097898,0.07325048898784134,1.0290179103724566,65.33830374620302,0.7962987422943115
7,80,SMC,0.08341337933697822,0.0524208028763975,1.034239453009345,65.11154758356666,0.811199426651001
7,100,SMC,0.07771650045481593,0.04108487481793096,1.036198038907988,59.08673680036166,0.8186624050140381
