dimension,mmd_rff_t_stat,mmd_rff_p_value,mmd_rff_paired_cohens_d
2,-1.6862146879329127,0.10248565428658687,-0.30785927379246353
10,0.20754972819088918,0.8370311804942403,0.037893222644738635
15,-0.6774104220692972,0.5035143903877575,-0.12367765628548316
20,1.704457476812511,0.0989887266856663,0.31118993611951695
25,2.9968848699146124,0.005542095550908669,0.5471538151660562
30,2.3060790139501277,0.028450124048113923,0.42103049844325185
40,5.887396658285366,2.170268286636624e-06,1.0748866515744764
60,21.32990104667902,2.847737270721029e-19,3.8942893175397173
100,111.16404062458022,1.0580804393132184e-39,20.295684211167753
