{
    "sampler": "Metro",
    "value": 12,
    "means_array": [
        0,
        12
    ],
    "case": "Warmup Samples",
    "dim": 1,
    "samples": [
        17.47052638993703,
        -2.3107286392583575,
        0.636586840834253,
        4.484826897463346
    ]
}