run_id,mu,sampler,wasserstein_distance,mmd_rff,r_hat,ess,runtime
12,"(5.0, 0.0)",HMC,0.24644259673810368,0.05874983379277382,1.061848248290225,119.78655157315461,3.900167465209961
12,"(5.0, 10.0)",HMC,1.0693495374701087,0.1268726762508876,2.1020767608059834,5.261671353549901,3.1431384086608887
12,"(5.0, 20.0)",HMC,2.070565979111903,0.10514123980035611,2.40698537959284,4.902497954273754,3.240556001663208
12,"(5.0, 40.0)",HMC,4.145693421763997,0.331010769912254,1.5277233926561784,7.173537834749456,2.9414448738098145
12,"(5.0, 5.0)",HMC,1.2422098717104815,0.17191608271545872,1.2591188762050871,11.74472985889533,3.293895959854126
