run_id,mu,sampler,wasserstein_distance,mmd_rff,r_hat,ess,runtime
12,"(5.0, 0.0)",Metro,0.28420804136500555,0.04000651565203686,1.030122825784348,172.53721722363358,2.0677521228790283
12,"(5.0, 10.0)",Metro,1.1109528775701638,0.10935331618340698,2.4096609370664943,4.922988887581573,2.4216103553771973
12,"(5.0, 20.0)",Metro,2.391151183972552,0.11950932269559834,1.81969518913893,6.210492555020996,2.1103737354278564
12,"(5.0, 40.0)",Metro,2.5147411611886654,0.08635103638301427,1.7770955716262653,6.29909383627068,2.4575648307800293
12,"(5.0, 5.0)",Metro,0.2282225602545145,0.047204531724072185,1.482059019906043,7.6610587370997285,2.15134859085083
