run_id,mu,sampler,wasserstein_distance,mmd_rff,r_hat,ess,runtime
12,"(5.0, 0.0)",SMC,0.04928090302868881,0.018549923292190934,1.000234742944297,3899.26861624901,1.562962293624878
12,"(5.0, 10.0)",SMC,0.08320743048066317,0.017429648845015848,1.0000180298855317,3945.1834820193917,3.4738245010375977
12,"(5.0, 20.0)",SMC,0.2767893922913523,0.023493187584578572,1.0002375997645245,3501.0494784433226,2.8647406101226807
12,"(5.0, 40.0)",SMC,0.20265049687464565,0.016840445347007377,1.0014984151181683,2640.670589459411,2.976755380630493
12,"(5.0, 5.0)",SMC,0.07879001249913428,0.02185570123815477,0.9999705898214744,3539.5362641195557,2.323392152786255
