weights,sampler,wasserstein_distance,r_hat,ess,chain_seeds
"(1, 1)",DEMetro,5.562829004042899,1.2010163045611955,17.264315798440666,"[507116, 732413, 809219, 440088]"
"(1, 2)",DEMetro,4.52980592190919,1.6193934913053354,9.155530194083468,"[507116, 732413, 809219, 440088]"
"(5, 1)",DEMetro,2.0405171788762577,1.3621239734489576,12.810860479857347,"[507116, 732413, 809219, 440088]"
