{
    "sampler": "Metro",
    "value": 30,
    "means_array": [
        [
            0.0,
            0.0,
            0.0,
            0.0,
            0.0,
            0.0,
            0.0,
            0.0,
            0.0,
            0.0,
            0.0,
            0.0,
            0.0,
            0.0,
            0.0,
            0.0,
            0.0,
            0.0,
            0.0,
            0.0,
            0.0,
            0.0,
            0.0,
            0.0,
            0.0,
            0.0,
            0.0,
            0.0,
            0.0,
            0.0
        ],
        [
            10.0,
            0.0,
            0.0,
            0.0,
            0.0,
            0.0,
            0.0,
            0.0,
            0.0,
            0.0,
            0.0,
            0.0,
            0.0,
            0.0,
            0.0,
            0.0,
            0.0,
            0.0,
            0.0,
            0.0,
            0.0,
            0.0,
            0.0,
            0.0,
            0.0,
            0.0,
            0.0,
            0.0,
            0.0,
            0.0
        ]
    ],
    "case": "Posterior Samples",
    "dim": 30,
    "samples": [
        [
            10.851518946312588,
            0.3302947060896655,
            -1.1279199848136612,
            -0.8467454746317997,
            -0.7229828810065986,
            -0.9290827788660821,
            -1.064019732062094,
            -0.020946070204710177,
            -0.04391592628486396,
            0.7324019813134099,
            0.48172088274992,
            -0.7491505039425962,
            1.4309777688124259,
            0.4752244458382474,
            -1.6505579211042298,
            0.09541736751017516,
            -0.38876431792084154,
            -0.09044228499485163,
            0.6635259752505084,
            0.08920885233666323,
            -0.21283489202077654,
            0.9008747011367926,
            0.26227975638740175,
            -0.09714454147401397,
            -0.7142837600131866,
            0.02468037197964379,
            0.9822349813188924,
            0.030487966420414736,
            0.5900912678963244,
            -2.2290684670112677
        ],
        [
            -0.4764953255307308,
            1.299238462320064,
            -0.4347841189108876,
            -0.29713147631011744,
            0.7059186755172788,
            -1.0349468330277989,
            1.5289451108058536,
            0.15698130437972968,
            1.121183075640751,
            0.05793774024373699,
            -0.3005420622483215,
            1.475640068590038,
            0.39915069269237735,
            -0.9474125135562445,
            0.6290303090725069,
            1.9368825556345517,
            -0.7840058578353105,
            0.3534494933065439,
            0.198405731063713,
            2.553032092146947,
            1.0818700163629194,
            0.3676291381648056,
            0.0805951033503669,
            -0.03423332579868088,
            0.6926828958295856,
            0.05344561208003096,
            -1.315285745112822,
            -1.9368415303447684,
            -2.0514244935371693,
            -1.8223925665199137
        ],
        [
            11.83513613593539,
            -0.1299474613981566,
            0.4256401193042934,
            -1.0183493278817817,
            -1.8884163625989598,
            -1.3771125706175051,
            0.4496620760778888,
            0.24628972083590084,
            -1.4224094772679206,
            0.788687424233683,
            -0.7394789004901849,
            -0.26846900727382217,
            -0.5452668157651958,
            -0.09353691514101947,
            -0.9325857916468433,
            0.6329598327076351,
            1.100726996835621,
            -1.43922355192076,
            -1.4527780649941822,
            0.03399108384458205,
            0.7335986900826614,
            -0.6018877607082611,
            -1.0254104274968503,
            -1.6158717370444529,
            0.953494541007295,
            -1.2465021026439096,
            -0.025749220529127648,
            0.2510842982783136,
            -0.08888652429292587,
            0.6400667321412905
        ],
        [
            9.175080742507099,
            0.9386615408024123,
            -0.09852848375078904,
            -2.3544863685956914,
            -1.2354835438772305,
            -1.1263908442990633,
            -0.16364069894650884,
            -0.7321513094163565,
            -0.5339208776883781,
            -1.087832748177414,
            1.0589570268617357,
            -1.4299243392765844,
            -0.2766231998574853,
            -0.07558213352919885,
            0.7001772032890773,
            0.3728111487546543,
            -1.0836827632868027,
            -0.9552223678372291,
            -2.535904414686261,
            0.9596993412482229,
            -0.044193576878206686,
            0.783720716083185,
            0.42950497357160045,
            0.6350439952114197,
            0.36929552413648936,
            -1.0937146860846165,
            0.06972289895851724,
            0.2803037210142014,
            0.9148002663951236,
            0.47405033879685177
        ]
    ]
}