{
    "sampler": "DEMetro_Z",
    "value": 2,
    "means_array": [
        [
            0.0,
            0.0
        ]
    ],
    "case": "Warmup Samples",
    "dim": 2,
    "samples": [
        [
            18.62642738502647,
            -10.735015528538574
        ],
        [
            -126.01471422633887,
            -96.10170414185932
        ],
        [
            -155.65797092060387,
            17.6828178758701
        ],
        [
            -72.45944997821807,
            -167.7565493698579
        ]
    ]
}