{
    "sampler": "DEMetro_Z",
    "value": 5,
    "means_array": [
        [
            -2.5,
            0.0,
            0.0,
            0.0,
            0.0,
            0.0,
            0.0,
            0.0,
            0.0,
            0.0,
            0.0,
            0.0,
            0.0,
            0.0,
            0.0,
            0.0,
            0.0,
            0.0,
            0.0,
            0.0,
            0.0,
            0.0,
            0.0,
            0.0,
            0.0,
            0.0,
            0.0,
            0.0,
            0.0,
            0.0
        ],
        [
            2.5,
            0.0,
            0.0,
            0.0,
            0.0,
            0.0,
            0.0,
            0.0,
            0.0,
            0.0,
            0.0,
            0.0,
            0.0,
            0.0,
            0.0,
            0.0,
            0.0,
            0.0,
            0.0,
            0.0,
            0.0,
            0.0,
            0.0,
            0.0,
            0.0,
            0.0,
            0.0,
            0.0,
            0.0,
            0.0
        ]
    ],
    "case": "Warmup Samples",
    "dim": 30,
    "samples": [
        [
            -22.274896457563596,
            -0.8773880729332906,
            23.987387490902623,
            5.75988887045794,
            4.551148102337249,
            28.300469058503076,
            -4.137197280053053,
            16.59862056796313,
            -5.110034109450145,
            24.177571873384924,
            6.8250752135632,
            -23.04588210701095,
            26.98164938305327,
            14.32274726066395,
            -2.1757336824055917,
            29.882859702812603,
            -14.475726416654247,
            -26.679571933184448,
            -27.534228629616752,
            -5.975554596190604,
            12.532964910727978,
            26.648745541985587,
            -1.451232871997107,
            -2.5748084654295185,
            24.53642738991382,
            0.9612343258923757,
            25.492916903664774,
            17.43712684713575,
            8.7806004784855,
            -4.318591176813972
        ],
        [
            16.49012214459623,
            21.81493466639556,
            21.97936781299219,
            -15.183866800180079,
            22.898625506333996,
            -23.403806828021594,
            -7.340966932223897,
            -1.2896439196233647,
            21.040280555414828,
            -25.62427042224851,
            16.200454358685118,
            -2.182556245284731,
            -7.237942394312719,
            27.858768422594135,
            22.869163064366614,
            -25.385007078900596,
            24.788705604405163,
            -12.252846287271275,
            -20.565698172382067,
            -27.7938213891819,
            -3.3144307705330536,
            -10.99132411361579,
            22.752043971456036,
            -8.343697975217042,
            -7.300889827434236,
            -9.49820324313642,
            -27.83999140031705,
            5.0622306631519915,
            -21.838369869788878,
            8.839124418557724
        ],
        [
            5.506616980458014,
            -23.91853846060897,
            -15.311512933600115,
            29.54850458396907,
            2.043754186189861,
            18.225572633474908,
            29.731592713195084,
            -2.243731722276994,
            5.740821552304255,
            26.424940782275897,
            12.79646356957052,
            13.40871122067543,
            4.590233367653275,
            -0.5887337825182868,
            -23.813215816810466,
            -20.29114352360602,
            24.984124535497337,
            16.660969680099445,
            -17.454156789149646,
            5.282567084986312,
            28.070524165305553,
            23.73778910311769,
            12.6868177312023,
            -25.85020325135645,
            22.14684926008904,
            -15.94865708893516,
            -6.496037624727544,
            -22.169944260096894,
            24.35786948926156,
            26.799689885057074
        ],
        [
            29.42157280858546,
            24.7809330811802,
            -27.111258444375217,
            29.0791053609222,
            -10.998921658871476,
            -3.5810666719069797,
            -24.037407760149108,
            20.518938574605915,
            -26.95090888994027,
            -12.179015457484002,
            -10.44328714587267,
            -20.897250633095446,
            -12.697481322019117,
            6.97961128880141,
            -1.1733592650438343,
            -7.254789223828148,
            -25.064234812521104,
            4.359423875766583,
            24.320899187605804,
            -29.043802695690218,
            -15.15330232198994,
            8.29875224666489,
            -2.1888793869862004,
            3.931366878144002,
            -13.618492637470105,
            -24.735741296185164,
            4.827893692690147,
            1.8412157860264706,
            -27.718023736175084,
            2.3899796791833645
        ]
    ]
}