mm,mean_rmse_t_stat,mean_rmse_p_value,mean_rmse_paired_cohens_d
5,0.5556129843985942,0.589596899180077,0.16039165305388986
8,-0.4768922624938642,0.642772265499383,-0.13766693806264108
10,-0.5730953936100769,0.5781073024621621,-0.16543838988605622
12,2.2087536401972776,0.049325905292516244,0.6376122543707321
15,1.4444580539619294,0.17648504250394464,0.41697912314402147
18,0.07972703800743551,0.9378863248212634,0.02301521342764221
