mm,mean_rmse_t_stat,mean_rmse_p_value,mean_rmse_paired_cohens_d
5,4.320274795351742,0.0012141133894970671,1.2471559080347419
8,3.3395290703317673,0.006598868761076819,0.9640390038613134
10,4.58338302926179,0.0007859804306372216,1.3231087128717285
12,25.792988855157738,3.4384829219011885e-11,7.445794529365169
15,175.89041667730345,2.515352446135498e-20,50.775189708258296
18,118.41695236689995,1.9487898099262454e-18,34.18402966282239
