mm,mmd_rff_t_stat,mmd_rff_p_value,mmd_rff_paired_cohens_d
5,0.3443319746645434,0.7370893587211618,0.09940007913158477
8,-0.5893135426495609,0.5675569924397945,-0.17012016624290802
10,-0.562464266875266,0.5850798636747305,-0.16236944794499017
12,2.2594334687823956,0.045136910110946955,0.652242260708783
15,1.789847547049729,0.10101138309755656,0.5166844815487762
18,0.724493456454942,0.48388822679357035,0.2091432460551916
