mm,var_rmse_t_stat,var_rmse_p_value,var_rmse_paired_cohens_d
5,-1.8732508735361073,0.0878312423550707,-0.5407609480478867
8,2.4206715858552155,0.03396645542446222,0.6987876958565935
10,3.7182416770280224,0.0033921417573573765,1.0733639165721072
12,1.3418207069627688,0.20669601308783145,0.38735027318458426
15,-0.611822016104663,0.5530908203685809,-0.1766178028470834
18,0.6838487557118488,0.5082205048466006,0.19741013159761328
