mm,ws_t_stat,ws_p_value,ws_paired_cohens_d
5,1.9547527345281932,0.0764956603463836,0.5642885087395048
8,2.4407994697243334,0.03277622511547127,0.7045981154416199
10,3.0000979060950237,0.012077725833013765,0.8660536668395973
12,1.1576032784230859,0.2715439114414991,0.334171282206181
15,0.10108048105873274,0.921305471458563,0.02917942147453811
18,0.03210775196411783,0.9749613043770307,0.009268709619778583
