{
    "sampler": "DEMetro",
    "value": [
        -10,
        10
    ],
    "means_array": [
        [
            -10,
            10
        ]
    ],
    "case": "Warmup Samples",
    "dim": 2,
    "samples": [
        [
            -9.927518797546341,
            10.343335132406443
        ],
        [
            -9.25668050533174,
            8.687300613257001
        ],
        [
            -9.248514932365659,
            8.80604596662831
        ],
        [
            -10.42293966155486,
            9.737059846161188
        ]
    ]
}