mu,global_avg_wasserstein_distance,global_avg_mmd_rff,global_avg_swd_zscore,global_avg_r_hat,global_avg_ess,global_avg_runtime,global_avg_wasserstein_distance_std,global_avg_mmd_rff_std,global_avg_swd_zscore_std,global_avg_r_hat_std,global_avg_ess_std,global_avg_runtime_std,ws_dist_cohens_d,ws_dist_glass_delta,mmd_rff_cohens_d,mmd_rff_glass_delta
"(-10, 10)",0.029513712405865155,0.01872880233943338,0.3845755211491986,1.0015695004127712,3872.280349924834,1.3971099972724914,0.007821670004038002,0.005685767037662291,1.304249420672745,0.0010361283221608827,211.4945363188482,0.10558281148762655,0.33092455432413337,0.3845755211491985,0.5461222301027565,0.792818660029748
"(0, 0)",0.031685370961897795,0.018625953956919954,0.12791923870918673,1.0017826724873669,3758.3201859993364,1.3583970189094543,0.012492327764966622,0.006177123406195298,2.2870734298584843,0.0011293042975524992,151.13442393578703,0.10453700576699249,0.07247400699526166,0.12791923870918673,0.04469770770915662,0.0568249206765157
"(20, -20)",0.027274437908949446,0.017716247256547187,-0.42243227829424257,1.0016452084008054,3803.403194602334,1.397538697719574,0.0044324351327261514,0.0030483772625014114,0.7468901304725307,0.0011759664958487183,175.12730502024303,0.1325906650842913,-0.4786411017280602,-0.42243227829424346,-0.25625775073707097,-0.23258220220670692
"(50, -50)",0.03333409786367623,0.020380586457999502,0.5640616015084662,1.001354664935482,3848.073122816212,1.4008273363113404,0.005073306519440579,0.0037346342849526835,0.6892764779355884,0.0008347991611489489,209.52129636256248,0.13500289904931936,0.6567959993581164,0.5640616015084663,0.8089593158569549,0.7441998749950929
