{
    "run_id": 1,
    "case": "unimodal",
    "dim": 30,
    "low": [
        -10.0,
        -10.0,
        -10.0,
        -10.0,
        -10.0,
        -10.0,
        -10.0,
        -10.0,
        -10.0,
        -10.0,
        -10.0,
        -10.0,
        -10.0,
        -10.0,
        -10.0,
        -10.0,
        -10.0,
        -10.0,
        -10.0,
        -10.0,
        -10.0,
        -10.0,
        -10.0,
        -10.0,
        -10.0,
        -10.0,
        -10.0,
        -10.0,
        -10.0,
        -10.0
    ],
    "high": [
        10.0,
        10.0,
        10.0,
        10.0,
        10.0,
        10.0,
        10.0,
        10.0,
        10.0,
        10.0,
        10.0,
        10.0,
        10.0,
        10.0,
        10.0,
        10.0,
        10.0,
        10.0,
        10.0,
        10.0,
        10.0,
        10.0,
        10.0,
        10.0,
        10.0,
        10.0,
        10.0,
        10.0,
        10.0,
        10.0
    ],
    "means_array": [
        [
            0.0,
            0.0,
            0.0,
            0.0,
            0.0,
            0.0,
            0.0,
            0.0,
            0.0,
            0.0,
            0.0,
            0.0,
            0.0,
            0.0,
            0.0,
            0.0,
            0.0,
            0.0,
            0.0,
            0.0,
            0.0,
            0.0,
            0.0,
            0.0,
            0.0,
            0.0,
            0.0,
            0.0,
            0.0,
            0.0
        ]
    ],
    "samples": [
        {
            "posterior": [
                -7.702549338082248,
                -3.5931772625957965,
                8.852891339339301,
                6.780671107068645,
                6.094265834895928,
                8.635484881428926,
                -9.004383833741725,
                -1.5805943161940448,
                -4.823368971437105,
                -1.5873998762830954,
                0.33087117871361826,
                1.830887650441607,
                5.124000199391217,
                -6.2857974045808485,
                0.03218784156337584,
                -9.248749352091068,
                1.3071750458034046,
                -4.310041887022658,
                -9.094689999715754,
                9.998172787308327,
                3.094916849344095,
                -1.1108064173357377,
                4.400769133662985,
                9.571471405271229,
                6.708989022337406,
                -9.29511906033916,
                -7.248409909337717,
                -4.378848490228453,
                -0.5884307828442008,
                3.379506258974276
            ]
        }
    ]
}