{
    "sampler": "DEMetro_Z",
    "value": 4,
    "means_array": [
        [
            0.0,
            0.0
        ],
        [
            16,
            0
        ]
    ],
    "case": "Warmup Samples",
    "dim": 2,
    "samples": [
        [
            -35.500561694628274,
            -33.23684911917026
        ],
        [
            29.204037672926226,
            -14.379916609751156
        ],
        [
            14.323146756066121,
            7.1684740796045565
        ],
        [
            1.713485492568359,
            13.179153673068951
        ]
    ]
}