{
    "sampler": "DEMetro_Z",
    "value": 4,
    "means_array": [
        [
            0.0,
            0.0
        ],
        [
            16,
            0
        ]
    ],
    "case": "Posterior Samples",
    "dim": 2,
    "samples": [
        [
            16.499637322478502,
            -1.14556360671741
        ],
        [
            17.203796964430083,
            1.83008455052995
        ],
        [
            2.8955344954200783,
            0.225222148835019
        ],
        [
            -0.761502922393512,
            -1.3888584968941327
        ]
    ]
}