{
    "sampler": "Metro",
    "value": 5,
    "means_array": [
        [
            0.0,
            0.0,
            0.0,
            0.0,
            0.0
        ]
    ],
    "case": "Posterior Samples",
    "dim": 5,
    "samples": [
        [
            0.19373422445562383,
            -0.2524743277502588,
            0.3868490374211041,
            0.47334760850709484,
            0.9300326330186116
        ],
        [
            0.5968722671614761,
            0.6724764006991354,
            0.4402769813126385,
            1.6143673776604954,
            -0.18398636413321295
        ],
        [
            1.6269381995999972,
            -0.05130429445663143,
            -0.6353907013672025,
            1.6817141737242745,
            1.1477530884761142
        ],
        [
            0.9001096104748876,
            -0.5721096365712517,
            0.8517667557817943,
            0.587685019995982,
            0.5735680193722319
        ]
    ]
}