{
    "sampler": "HMC",
    "value": 0.9,
    "means_array": [
        [
            0.0,
            0.0
        ]
    ],
    "case": "Warmup Samples",
    "dim": 2,
    "samples": [
        [
            53.748264016305335,
            -41.83201118158095
        ],
        [
            -76.56433122806823,
            21.14011192501415
        ],
        [
            -22.81869746280669,
            62.826543807280615
        ],
        [
            -16.328074552663793,
            -69.18284093395913
        ]
    ]
}