correlation,mean_rmse_t_stat,mean_rmse_p_value,mean_rmse_paired_cohens_d
0.0,0.9396547368495695,0.3675707053532429,0.27125495763270296
0.3,0.9540511557016991,0.3605533728634266,0.2754108457825248
0.5,0.04104760909556488,0.967993510730502,0.011849424080457457
0.9,-0.08263087983622751,0.9356295129442297,-0.023853480358410787
0.99,-0.3349995027204668,0.7439267485853436,-0.09670602653702615
