correlation,var_rmse_t_stat,var_rmse_p_value,var_rmse_paired_cohens_d
0.0,2.916939735689026,0.014013984107586386,0.8420479708049875
0.3,2.4276699853954864,0.03354792202391348,0.7008079597858295
0.5,2.817245917937594,0.016749990259541464,0.8132688445473222
0.9,2.9295213456518328,0.013702142845230058,0.8456799687544202
0.99,3.0303819610409435,0.011441502263049342,0.8747959204771875
