correlation,mmd_rff_t_stat,mmd_rff_p_value,mmd_rff_paired_cohens_d
0.0,-0.8786672278423541,0.3983688866027292,-0.2536493802614427
0.3,0.1041899407042829,0.9188940464912556,0.030077045156234442
0.5,-1.2799197951429213,0.22690775349069936,-0.36948101913344816
0.9,0.09903773244247063,0.9228900998706704,0.028589730742795277
0.99,-0.35314644152443525,0.7306532112749424,-0.10194459653874557
