correlation,var_rmse_t_stat,var_rmse_p_value,var_rmse_paired_cohens_d
0.0,2.5429576186638654,0.027335681123448776,0.7340886328366962
0.3,2.7785432395694594,0.017950619286488254,0.8020963436602211
0.5,2.878463402136414,0.01501249590920355,0.8309408100379724
0.9,3.00544881904203,0.011962772717495102,0.8675983423547795
0.99,3.0944315475541435,0.010205038666658567,0.8932854434846276
