correlation,ws_t_stat,ws_p_value,ws_paired_cohens_d
0.0,3.5478695704206,0.004569125024688364,1.0241817257660077
0.3,3.8775799682128116,0.0025740770429076056,1.1193609192259837
0.5,2.8879334445653937,0.014760310259937572,0.8336745758107766
0.9,4.426399453090624,0.0010176687163722857,1.277791457891342
0.99,3.9252821831952764,0.002371215230664216,1.1331313625565174
