dimension,global_median_wasserstein_distance,global_median_r_hat,global_median_ess,global_median_runtime,global_median_mmd_rff,global_q25_wasserstein_distance,global_q25_r_hat,global_q25_ess,global_q25_runtime,global_q25_mmd_rff,global_q75_wasserstein_distance,global_q75_r_hat,global_q75_ess,global_q75_runtime,global_q75_mmd_rff,ws_mcmc_mean,ws_iid_mean,ws_iid_std,mmd_rff_mcmc_mean,mmd_rff_iid_mean,mmd_rff_iid_std,ws_dist_glass_delta,mmd_rff_glass_delta
2,0.05280360477267412,,,0.587810754776001,0.028634347764728108,0.042637833350159894,,,0.5863547325134277,0.01930310042246642,0.06967201120558482,,,0.5898525714874268,0.03943654686671596,0.0583633012130408,0.0298851315326759,0.005235010653245876,0.029797862669079054,0.014413474671194838,0.003762390851128233,5.43994493358051,4.088992506791494
5,7.706719420800406,,,0.5872371196746826,0.6251748953126913,4.5767145783084855,,,0.5852148532867432,0.5106520935822868,10.998340440197833,,,0.5876467227935791,0.6614960921733558,7.950012984559425,0.028841139031706445,0.0040324855780635984,0.5711622667375991,0.014094150021190435,0.0026625596197262275,1964.3397830405806,209.22277668046664
10,28.16278307191501,,,0.5872728824615479,0.9229141778599506,22.924072354412328,,,0.5859520435333252,0.8945581939532645,32.20777290242143,,,0.590538501739502,0.9519743540275265,27.431679167813737,0.028317712428905004,0.0026546965186698343,0.9251117811682721,0.013820642761301984,0.0020696118882027174,10322.596674483755,440.3198220891305
15,28.60751873289487,,,0.5825138092041016,0.9145422801019665,27.293766566253645,,,0.581244707107544,0.8902873618602845,31.651999862838462,,,0.5902631282806396,0.9681222504480672,29.534462264107916,0.029022490857606976,0.0022563583054819925,0.9361142951476954,0.014369302662536993,0.0021757210991165538,13076.575516204417,423.65034418217977
18,30.500268215804898,,,0.5840749740600586,0.9171370747857753,28.779988820230646,,,0.5817582607269287,0.8842523589407119,32.63499037706253,,,0.5867204666137695,0.9651290795344963,30.62947189933383,0.02762687385182313,0.00204572756030757,0.9314636717061962,0.013232712089628913,0.0017115369603729104,14958.9053885949,536.4949638110664
30,34.40795420088436,,,0.5887119770050049,0.9583327942471617,31.518029110874984,,,0.5871257781982422,0.9224768216303325,36.72306145725484,,,0.5905935764312744,1.0395117734229118,34.2915678864073,0.028669102733423647,0.001936805594936031,0.9998160557870693,0.014163912077772584,0.0016620162104833802,17690.417083293025,593.046047019379
