run_id,mu,sampler,wasserstein_distance,mmd_rff,r_hat,ess,runtime
2,"(5.0, 0.0)",HMC,0.3726735452202054,0.04885466245114948,1.0333086467296895,132.3502126888437,3.80487060546875
2,"(5.0, 10.0)",HMC,1.9812410229950237,0.23270815608410073,1.7336461949817181,6.108929535138974,3.2732350826263428
2,"(5.0, 20.0)",HMC,5.315969093098444,0.3235810176692842,1.5304660796166898,7.163806056751678,2.9734432697296143
2,"(5.0, 40.0)",HMC,3.059913644477854,0.13351868152213922,2.098494700108137,5.249890821248937,3.262730598449707
2,"(5.0, 5.0)",HMC,0.14366178777522698,0.024082646012653048,1.3739919663497053,8.883767550465462,2.952991247177124
