run_id,mu,sampler,wasserstein_distance,mmd_rff,r_hat,ess,runtime
2,"(5.0, 0.0)",Metro,0.1227566490966932,0.035277089008467405,1.015828718946566,240.7175584857226,2.114774227142334
2,"(5.0, 10.0)",Metro,2.0913228004437125,0.23173335315388638,1.531670802559034,7.20735963650475,2.1422922611236572
2,"(5.0, 20.0)",Metro,4.870715574350709,0.32059931558130617,1.5362715027874347,7.222561387847111,2.4331445693969727
2,"(5.0, 40.0)",Metro,4.097971656873005,0.26796588886023803,1.5289519675617596,7.378411916219205,2.457444906234741
2,"(5.0, 5.0)",Metro,0.756810820516455,0.12473076907623615,1.5250200393437479,7.381074001631791,2.4872937202453613
