{
    "sampler": "DEMetro_Z",
    "value": 30,
    "means_array": [
        [
            0.0,
            0.0,
            0.0,
            0.0,
            0.0,
            0.0,
            0.0,
            0.0,
            0.0,
            0.0,
            0.0,
            0.0,
            0.0,
            0.0,
            0.0,
            0.0,
            0.0,
            0.0,
            0.0,
            0.0,
            0.0,
            0.0,
            0.0,
            0.0,
            0.0,
            0.0,
            0.0,
            0.0,
            0.0,
            0.0
        ]
    ],
    "case": "Warmup Samples",
    "dim": 30,
    "samples": [
        [
            10.932352660860758,
            15.17275594914452,
            29.010058997107134,
            26.191387393182772,
            -6.830548581748078,
            -7.164144186922454,
            -1.2893282861713533,
            -19.891396185462007,
            23.887697385112023,
            -6.818497572962868,
            28.634982046378976,
            -4.970635709406081,
            -11.17720882129143,
            -16.694724401850916,
            -15.778014076850381,
            19.163072167374196,
            5.286391455433667,
            1.1128330588556723,
            3.7842441285062094,
            -15.773427452104501,
            -2.375374851145009,
            16.709072788763578,
            3.2634645878404864,
            27.799459064207642,
            25.953468721191452,
            1.6030112357025699,
            26.881914850643458,
            28.612727566191417,
            -16.32536155859105,
            -15.793633907049305
        ],
        [
            16.72721069258826,
            14.187981859262115,
            -0.8965106014717797,
            27.83666460941958,
            -3.2513341454086846,
            13.620122402404053,
            9.253777362702797,
            -24.950936654271537,
            -23.710934217928095,
            20.09722285609817,
            3.408355548426086,
            -26.983266148098554,
            8.672632320359472,
            3.8509221847804374,
            17.110453075121807,
            5.676641109945035,
            6.646892133424191,
            -25.685953170676477,
            -29.823918272386404,
            24.588371286880555,
            6.37009610874407,
            -25.14155042651013,
            0.7667467908438524,
            -16.940015742058932,
            -0.9855007985553533,
            6.772623937815106,
            -28.80039247089331,
            -1.1149634093920007,
            19.02902749549229,
            1.9396070732891917
        ],
        [
            -21.815115529802792,
            -29.42031781728977,
            23.730664132104838,
            -28.35256438723955,
            16.923111064861963,
            28.321479577853495,
            -5.036372074961998,
            -15.105504003553955,
            -16.36829815890159,
            27.749200638593866,
            -21.920848170278543,
            -21.114385148690737,
            19.508344969239854,
            -10.479852543333545,
            -1.9163608657846856,
            4.240641730599303,
            -27.30566509380284,
            -11.080846839725192,
            -27.98311009948022,
            23.63640207771635,
            4.000609286369521,
            -12.964654368246402,
            13.160454424720152,
            -24.284501478160887,
            -12.314410967299747,
            17.952792824422623,
            15.533039751852327,
            -26.770035950998984,
            -9.051241806979133,
            -11.766342498423061
        ],
        [
            28.865097076899016,
            22.750567985655632,
            25.01009247369108,
            22.238602458561097,
            -15.61903894979319,
            -27.34664902321684,
            28.781910067530852,
            15.909524229121546,
            13.53169868931852,
            -23.4339734518745,
            16.685424774514928,
            29.100776416527243,
            -22.27493360744229,
            0.3629503918356088,
            -22.66245723859005,
            -0.2775905680102661,
            8.353404930851422,
            6.945072871907405,
            28.39838855215464,
            24.50119968996529,
            26.486663265640143,
            -24.283198482729105,
            -15.225807141765612,
            -4.793529148944964,
            20.93385324695827,
            8.618477080655639,
            12.695110404932377,
            26.86971643967265,
            0.5844120113335811,
            8.048366558469036
        ]
    ]
}