run_id,mu,sampler,wasserstein_distance,mmd_rff,r_hat,ess,runtime
3,"(0, 0, 0, 0, 0)",HMC,0.02787552621802812,0.022885585294721,1.0015171935777396,5597.405398336077,1.6826152801513672
