{
    "sampler": "DEMetro_Z",
    "value": 0.99,
    "means_array": [
        [
            0.0,
            0.0
        ]
    ],
    "case": "Posterior Samples",
    "dim": 2,
    "samples": [
        [
            -0.19689222383835395,
            -0.21555465254572076
        ],
        [
            -1.223810715442761,
            -1.0773062034814038
        ],
        [
            -0.8084045971134387,
            -0.9156814498401359
        ],
        [
            2.5315646375033887,
            2.52998018694769
        ]
    ]
}