{
    "sampler": "HMC",
    "value": 2,
    "means_array": [
        [
            0.0,
            0.0
        ]
    ],
    "case": "Posterior Samples",
    "dim": 2,
    "samples": [
        [
            1.0414381258640393,
            0.14184794112127272
        ],
        [
            -0.34842432387533373,
            0.4833667508456541
        ],
        [
            0.15408156806888854,
            -0.5939868783944298
        ],
        [
            -0.9364946440568968,
            -0.2928772718936914
        ]
    ]
}