{
    "sampler": "DEMetro_Z",
    "value": 50,
    "means_array": [
        [
            -4.000000002,
            0.0,
            0.0,
            0.0,
            0.0,
            0.0,
            0.0,
            0.0,
            0.0,
            0.0,
            0.0,
            0.0,
            0.0,
            0.0,
            0.0,
            0.0,
            0.0,
            0.0,
            0.0,
            0.0,
            0.0,
            0.0,
            0.0,
            0.0,
            0.0,
            0.0,
            0.0,
            0.0,
            0.0,
            0.0
        ],
        [
            4.000000002,
            0.0,
            0.0,
            0.0,
            0.0,
            0.0,
            0.0,
            0.0,
            0.0,
            0.0,
            0.0,
            0.0,
            0.0,
            0.0,
            0.0,
            0.0,
            0.0,
            0.0,
            0.0,
            0.0,
            0.0,
            0.0,
            0.0,
            0.0,
            0.0,
            0.0,
            0.0,
            0.0,
            0.0,
            0.0
        ]
    ],
    "case": "Warmup Samples",
    "dim": 30,
    "samples": [
        [
            -10.968612550529382,
            -29.00393996149112,
            28.556114901726406,
            4.39710243908323,
            13.419219077817505,
            0.9635144014246704,
            -4.417724060539388,
            -27.436715867668553,
            24.117322013532064,
            -15.404889495824051,
            22.42758964725191,
            0.14480991223476103,
            22.64407397134875,
            -10.257057223199324,
            6.699236631120611,
            15.790434639115697,
            23.62412007501376,
            26.75861210087831,
            -15.791543671368146,
            -13.152189872812238,
            25.096231920185723,
            21.386178805412392,
            -10.19398457386535,
            -15.451438935616242,
            -1.6798913654795806,
            0.10895883219899682,
            24.753476398911,
            -19.56252456044778,
            3.169308381561757,
            4.6703282901659255
        ],
        [
            -21.778615543018592,
            -4.057711889017987,
            -21.009288053260114,
            7.920654137174886,
            11.448445234152825,
            20.0474278586545,
            -5.445544645525477,
            -3.5425771233310788,
            -26.085094829257567,
            -1.0560066089291487,
            14.427305208214587,
            7.045214947193788,
            -9.743616297628893,
            28.168549591584107,
            7.144219977159197,
            -20.418955363884724,
            26.015797065735452,
            -16.640801956420745,
            0.11918063282017287,
            -20.06857588060675,
            16.00651045730364,
            -11.985217941487644,
            23.14540812194988,
            17.63751183515892,
            -9.509610236623795,
            -23.019911324365413,
            5.341161816823968,
            27.2888122678926,
            29.478586605929088,
            15.079828397829935
        ],
        [
            15.774773253427243,
            -0.8482164225210512,
            12.818707742205614,
            5.2663963037458315,
            10.193610126875514,
            8.685505029754744,
            -21.93502650232764,
            26.265346500246427,
            2.6895588791257556,
            -6.579924766963575,
            26.748302838881585,
            6.460619118083036,
            -8.940491197487978,
            28.465022644498596,
            -15.76249532771915,
            18.903645297000633,
            18.671228269848566,
            5.847018822266774,
            -9.346141547838188,
            8.693155521056932,
            -15.499743137866156,
            -4.995599149533551,
            -5.989078462241757,
            -25.717913454640048,
            -0.15656830874936783,
            -25.40722139017336,
            24.225404262451377,
            7.88570729258678,
            28.143336629969102,
            -12.79717850360365
        ],
        [
            11.896896865809909,
            -29.449100385147222,
            7.731211077515751,
            -14.478492022330615,
            17.02703382004764,
            -19.14330235609745,
            -2.6094515537249277,
            -24.783802170967533,
            3.713728719420327,
            13.889910301192264,
            -8.809463527913097,
            29.168311022801007,
            -7.496402687934778,
            -20.13124372976566,
            -1.35808687096267,
            30.054086259842517,
            8.377040964454395,
            -25.5554719570221,
            6.7768339135123465,
            -18.397902798309087,
            5.474727366307752,
            -14.066538047193818,
            -4.0216211194864515,
            -4.22557204005487,
            -11.17222826049694,
            -4.358170542707557,
            -21.12526315650903,
            -24.049493161667826,
            0.5381092640546665,
            -19.881838453933092
        ]
    ]
}