{
    "run_id": 1,
    "case": "unimodal",
    "dim": 2,
    "low": [
        -100.0,
        -100.0
    ],
    "high": [
        100.0,
        100.0
    ],
    "means_array": [
        [
            0.0,
            0.0
        ]
    ],
    "samples": [
        {
            "posterior": [
                -28.820017875208023,
                -17.898337849045816
            ]
        },
        {
            "posterior": [
                -7.177707960638216,
                40.582333585790394
            ]
        },
        {
            "posterior": [
                79.2782269143874,
                31.29305957573797
            ]
        },
        {
            "posterior": [
                92.53016090768267,
                -51.75314493815668
            ]
        }
    ]
}