run_id,alpha,sampler,wasserstein_distance,mmd_rff,r_hat,ess,runtime
29,0,Metro,0.033802043783509025,0.01545330354958744,1.0024546389293842,959.0501719435454,0.9752349853515625
29,2,Metro,0.024008183990877563,0.015269484549565554,1.0024463900128615,868.8761445965587,1.181835651397705
29,4,Metro,0.029375991125909842,0.021022517352769502,1.0026272563155887,942.9494695613088,1.1739439964294434
29,6,Metro,0.026712941119188822,0.015504073151095565,1.0060930044887346,860.1124791523098,1.1613490581512451
29,8,Metro,0.021205861703517015,0.008279599995776469,1.0064074544829764,898.0694431004206,1.1230285167694092
29,10,Metro,0.02281046757764244,0.014231151574956954,1.0061603110157704,856.540558434908,1.132544755935669
29,80,Metro,0.03789100510168521,0.029774564517815492,1.0075494491168129,679.1694003587631,1.1638884544372559
29,100,Metro,0.03232102754931954,0.021980628335396504,1.0064738122692913,730.3999332930273,1.1785469055175781
