{
    "sampler": "Metro",
    "value": 12,
    "means_array": [
        [
            -6.0,
            0.0
        ],
        [
            6.0,
            0.0
        ]
    ],
    "case": "Warmup Samples",
    "dim": 2,
    "samples": [
        [
            20.318598194043187,
            -29.067448253474673
        ],
        [
            -13.724610811348064,
            -0.36090365491237186
        ],
        [
            28.737005016405416,
            4.921398182053544
        ],
        [
            -25.8938875227458,
            17.84468566574968
        ]
    ]
}