{
    "run_id": 1,
    "case": "multimodal",
    "dim": 30,
    "means_array": [
        [
            -0.9096901936559428,
            0.0,
            0.0,
            0.0,
            0.0,
            0.0,
            0.0,
            0.0,
            0.0,
            0.0,
            0.0,
            0.0,
            0.0,
            0.0,
            0.0,
            0.0,
            0.0,
            0.0,
            0.0,
            0.0,
            0.0,
            0.0,
            0.0,
            0.0,
            0.0,
            0.0,
            0.0,
            0.0,
            0.0,
            0.0
        ],
        [
            0.9096901936559428,
            0.0,
            0.0,
            0.0,
            0.0,
            0.0,
            0.0,
            0.0,
            0.0,
            0.0,
            0.0,
            0.0,
            0.0,
            0.0,
            0.0,
            0.0,
            0.0,
            0.0,
            0.0,
            0.0,
            0.0,
            0.0,
            0.0,
            0.0,
            0.0,
            0.0,
            0.0,
            0.0,
            0.0,
            0.0
        ]
    ],
    "min_mode": [
        -0.9096901936559428,
        0.0,
        0.0,
        0.0,
        0.0,
        0.0,
        0.0,
        0.0,
        0.0,
        0.0,
        0.0,
        0.0,
        0.0,
        0.0,
        0.0,
        0.0,
        0.0,
        0.0,
        0.0,
        0.0,
        0.0,
        0.0,
        0.0,
        0.0,
        0.0,
        0.0,
        0.0,
        0.0,
        0.0,
        0.0
    ],
    "max_mode": [
        0.9096901936559428,
        0.0,
        0.0,
        0.0,
        0.0,
        0.0,
        0.0,
        0.0,
        0.0,
        0.0,
        0.0,
        0.0,
        0.0,
        0.0,
        0.0,
        0.0,
        0.0,
        0.0,
        0.0,
        0.0,
        0.0,
        0.0,
        0.0,
        0.0,
        0.0,
        0.0,
        0.0,
        0.0,
        0.0,
        0.0
    ],
    "border": [
        20.0,
        20.0,
        20.0,
        20.0,
        20.0,
        20.0,
        20.0,
        20.0,
        20.0,
        20.0,
        20.0,
        20.0,
        20.0,
        20.0,
        20.0,
        20.0,
        20.0,
        20.0,
        20.0,
        20.0,
        20.0,
        20.0,
        20.0,
        20.0,
        20.0,
        20.0,
        20.0,
        20.0,
        20.0,
        20.0
    ],
    "low": [
        -30.494964439213994,
        -29.908005154989116,
        -30.11498730439398,
        -30.052215322726322,
        -29.6554361179811,
        -29.83105795735071,
        -29.800396430077868,
        -29.935346484836455,
        -29.766332813671937,
        -29.47334630840042,
        -29.610627117819256,
        -29.87589241106653,
        -29.902740401344815,
        -29.86824340546793,
        -29.820763226696616,
        -29.635983105074832,
        -29.774096852886096,
        -30.148086532247113,
        -29.60093578688408,
        -29.627047067916813,
        -29.912769836783877,
        -29.79446838835262,
        -29.723464863584155,
        -29.762166203612047,
        -29.689641870922955,
        -29.931055934609958,
        -29.538888838163267,
        -29.964342266503326,
        -29.78643503458666,
        -29.469246701106684
    ],
    "high": [
        29.505035560786006,
        30.091994845010884,
        29.88501269560602,
        29.947784677273678,
        30.3445638820189,
        30.16894204264929,
        30.199603569922132,
        30.064653515163545,
        30.233667186328063,
        30.52665369159958,
        30.389372882180744,
        30.12410758893347,
        30.097259598655185,
        30.13175659453207,
        30.179236773303384,
        30.364016894925168,
        30.225903147113904,
        29.851913467752887,
        30.39906421311592,
        30.372952932083187,
        30.087230163216123,
        30.20553161164738,
        30.276535136415845,
        30.237833796387953,
        30.310358129077045,
        30.068944065390042,
        30.461111161836733,
        30.035657733496674,
        30.21356496541334,
        30.530753298893316
    ],