run_id,mu,sampler,wasserstein_distance,mmd_rff,r_hat,ess,runtime
63,"(10.0, 0.0)",Metro,2.844056432506535,0.25591052101055844,1.619771785371924,6.729010899937848,5.2626752853393555
