{
    "sampler": "DEMetro_Z",
    "value": 0.3,
    "means_array": [
        [
            0.0,
            0.0
        ]
    ],
    "case": "Warmup Samples",
    "dim": 2,
    "samples": [
        [
            4.39981994081883,
            12.861698528964993
        ],
        [
            -14.466028720757333,
            -13.156107199850172
        ],
        [
            -19.718225459913103,
            16.748529365040483
        ],
        [
            -9.303656494545539,
            12.263002888903673
        ]
    ]
}