{
    "run_id": 1,
    "case": "unimodal",
    "dim": 2,
    "low": [
        -100,
        -100
    ],
    "high": [
        100,
        100
    ],
    "means_array": [
        [
            0,
            0
        ]
    ],
    "samples": [
        {
            "posterior": [
                -46.48044140450671,
                54.31574426040444
            ]
        }
    ]
}