mu,global_avg_wasserstein_distance,global_avg_reference_swd,global_avg_relative_swd,global_avg_swd_zscore,global_avg_r_hat,global_avg_ess,global_avg_runtime,global_avg_wasserstein_distance_std,global_avg_reference_swd_std,global_avg_relative_swd_std,global_avg_swd_zscore_std,global_avg_r_hat_std,global_avg_ess_std,global_avg_runtime_std
0,0.4821157896909408,0.1906091374496208,0.2915066522413199,5.939243475610693,1.0067716606455335,440.3118208840118,5.108126282691956,0.11629814442732062,0.0,0.11629814442732062,2.369493080877578,0.0037263326752993873,37.203464135859605,0.6823323578696612
3,0.2735794498360107,0.2507989052184693,0.0227805446175414,0.23566803236624698,1.013074965423212,590.0814094829594,3.768294095993042,0.07426031786503871,0.0,0.07426031786503857,0.7682337401481543,0.005344089815818851,13.590141532066214,0.1314725420700954
6,0.3798604759770544,0.2017625900057331,0.17809788597132123,3.4440143592328107,1.0052760948233725,732.2982879757233,5.386191248893738,0.11032450249062387,0.0,0.11032450249062394,2.1334288651472755,0.001957106760421335,188.57737380272562,0.08853451291895423
10,0.3204515794516691,0.2382961159132283,0.08215546353844069,1.110365449606759,1.0094793891691665,796.5620681404017,3.694665551185608,0.0997336718766906,0.0,0.0997336718766906,1.3479422870333955,0.004569248578538713,196.72854977266988,0.045165405801244264
