{
    "sampler": "HMC",
    "value": 10,
    "means_array": [
        [
            0.0,
            0.0,
            0.0,
            0.0,
            0.0,
            0.0,
            0.0,
            0.0,
            0.0,
            0.0,
            0.0,
            0.0,
            0.0,
            0.0,
            0.0,
            0.0,
            0.0,
            0.0,
            0.0,
            0.0,
            0.0,
            0.0,
            0.0,
            0.0,
            0.0,
            0.0,
            0.0,
            0.0,
            0.0,
            0.0
        ],
        [
            10.0,
            0.0,
            0.0,
            0.0,
            0.0,
            0.0,
            0.0,
            0.0,
            0.0,
            0.0,
            0.0,
            0.0,
            0.0,
            0.0,
            0.0,
            0.0,
            0.0,
            0.0,
            0.0,
            0.0,
            0.0,
            0.0,
            0.0,
            0.0,
            0.0,
            0.0,
            0.0,
            0.0,
            0.0,
            0.0
        ]
    ],
    "case": "Warmup Samples",
    "dim": 30,
    "samples": [
        [
            14.369819489261964,
            12.831883087010421,
            7.380509275290827,
            -5.806907339868836,
            -11.935953346616794,
            -14.86799294035031,
            8.182340431785335,
            -4.329336979120082,
            8.713834234418412,
            -23.235303840800267,
            -13.06182813088161,
            -23.661582003742037,
            9.776696043227355,
            18.001335026678916,
            -13.938409024800958,
            17.23707732043055,
            19.3360966220305,
            -15.347322088734193,
            23.26601426470841,
            11.998219524810532,
            -15.781820607939173,
            -12.830423808933366,
            -3.2466961950897923,
            11.512088079725887,
            10.122568496134766,
            7.109317739633232,
            -11.015784752113987,
            -21.972978362819546,
            -9.414656389988501,
            8.11997423704128
        ],
        [
            21.010804402946345,
            -24.906181915549688,
            -4.694420141098255,
            -13.494359941682747,
            19.601038058930456,
            4.7325458314396185,
            14.365483467612096,
            5.396841539448189,
            -15.803164248060366,
            7.35344201066102,
            -10.461579102261128,
            -17.998986724597994,
            18.656006501871072,
            -17.418560342523726,
            18.71811216110019,
            -23.753044216086817,
            -17.443465020373786,
            22.022584906418402,
            -13.670236262705924,
            -17.14251383789742,
            -18.639370671677618,
            24.58519156914149,
            13.980873184171422,
            2.1860400224700327,
            -6.8638173710466654,
            14.45613925841943,
            -14.348291126941925,
            14.652627820096372,
            6.647076235021418,
            -27.45369781829387
        ],
        [
            9.061721101247475,
            -7.7075757574542445,
            -18.10079639205244,
            17.682182224449342,
            -11.784248937468096,
            6.905962946375167,
            -9.011690797065361,
            -3.6857948356066754,
            -0.5318574547081122,
            -6.820466961111128,
            -9.12313221444661,
            14.187848128360079,
            8.645351943792756,
            4.374226192772836,
            19.226983092448016,
            11.686776560404546,
            9.476129764699985,
            -11.108076111792935,
            -23.04691406183639,
            -1.6020837531061431,
            -2.952548222320215,
            -9.732735051631128,
            3.65431908133288,
            20.286790476661523,
            -22.415017329232416,
            22.22411290305934,
            -15.485101800883234,
            19.81253562078681,
            -18.151904702714468,
            14.043787100337967
        ],
        [
            1.6118427415300205,
            -0.8413725699456476,
            4.560153854092547,
            -4.445251931812422,
            7.922488071608433,
            5.698924566395348,
            2.9379992267698634,
            5.394166865616607,
            5.849195581034911,
            -2.646662037043823,
            3.3754159576195466,
            -3.3092586019648587,
            5.132057619254571,
            7.885775815420065,
            5.0124916643152035,
            1.6273705195301227,
            4.512717748108775,
            0.4429180368892852,
            4.350075263194287,
            -3.8541289365465543,
            4.1081794730984065,
            0.5029907243544592,
            3.7785261730038044,
            4.417296631018327,
            7.017577550096891,
            3.266934105400153,
            6.296809176772583,
            -2.691825893172842,
            -1.0295508808129483,
            1.688406592230998
        ]
    ]
}