{
    "run_id": 1,
    "case": "multimodal",
    "dim": 2,
    "means_array": [
        [
            0.0,
            0.0
        ],
        [
            5.0,
            0.0
        ]
    ],
    "min_mode": [
        0.0,
        0.0
    ],
    "max_mode": [
        5.0,
        0.0
    ],
    "border": [
        20.0,
        20.0
    ],
    "low": [
        -27.568182075465597,
        -30.076642013777658
    ],
    "high": [
        32.4318179245344,
        29.923357986222342
    ],
    "samples": [
        {
            "posterior": [
                -27.252274879529057,
                14.478024215952253
            ]
        }
    ]
}