correlation,ws_t_stat,ws_p_value,ws_paired_cohens_d
0.0,9.613840773038364,1.6003492576371873e-10,1.7552391518853385
0.8,7.646618689157534,1.9747435578753368e-08,1.396075181564055
0.9,6.477571377276916,4.335437052023667e-07,1.182637320394791
0.95,6.626571444843869,2.9007290125845367e-07,1.209840886420196
0.98,6.081826054063332,1.2728234957360542e-06,1.1103844402110403
0.99,5.676876144953253,3.878073060657155e-06,1.0364510402512879
0.995,5.997262555084767,1.604798521602585e-06,1.0949453282336652
0.999,6.446564051994489,4.714839790012003e-07,1.1769761832264294
