correlation,mmd_rff_t_stat,mmd_rff_p_value,mmd_rff_paired_cohens_d
0.0,4.058348326487516,0.000341367280100669,0.7409496415435176
0.8,6.770536973559938,1.9714345964891893e-07,1.2361252756138454
0.9,7.391609303737188,3.822713153732884e-08,1.3495170506406375
0.95,9.97616795006073,6.966788630732756e-11,1.8213907412361112
0.98,11.150672113768913,5.274468021849783e-12,2.035824882685015
0.99,11.404348913907818,3.0888939355746483e-12,2.082139717935618
0.995,17.980611727110563,2.8767206054578225e-17,3.28279554689346
0.999,22.92394230358731,3.94466119665032e-20,4.185320102207237
