{
    "sampler": "HMC",
    "value": 2,
    "means_array": [
        [
            0.0,
            0.0
        ]
    ],
    "case": "Posterior Samples",
    "dim": 2,
    "samples": [
        [
            1.164637100552159,
            0.141963717432921
        ],
        [
            0.9556089218133358,
            1.185150880977317
        ],
        [
            -2.1861979310123005,
            -2.7887567471478705
        ],
        [
            -0.3659084071752706,
            -0.13598783718889595
        ]
    ]
}