{
    "sampler": "HMC",
    "value": 0.99,
    "means_array": [
        [
            0.0,
            0.0
        ]
    ],
    "case": "Warmup Samples",
    "dim": 2,
    "samples": [
        [
            -28.58264112772572,
            -32.41408022998102
        ],
        [
            -20.96510614699428,
            -22.87136234364094
        ],
        [
            48.42144854332847,
            -2.3173403839780597
        ],
        [
            -15.583988895402793,
            71.57998545250261
        ]
    ]
}