run_id,alpha,sampler,wasserstein_distance,mmd_rff,r_hat,ess,runtime
25,0,SMC,0.10790546053640862,0.07390728851596234,1.0239784117935022,284.2604407690476,0.7495036125183105
25,2,SMC,0.10105451343452064,0.075339966583207,1.0403294235974339,203.61303893567703,0.7633271217346191
25,4,SMC,0.0752716736527878,0.05477341023541106,1.0359829985104632,173.83911143459764,0.7792694568634033
25,6,SMC,0.07660699000066507,0.056232167900244594,1.043341988602201,154.9064809676463,0.8359146118164062
25,8,SMC,0.0824396225272504,0.059449908326451875,1.0530191500633939,134.10120094240028,0.7840368747711182
25,10,SMC,0.07876883310628188,0.060525764437775416,1.04082859561953,113.93015841185725,1.5151782035827637
25,80,SMC,0.0940712311019032,0.07488494017341087,1.0491707565346315,93.97093581427042,0.817594051361084
25,100,SMC,0.11440758321942834,0.09254255097307931,1.060087787112261,96.11586637713711,0.7974777221679688
