{
    "sampler": "Metro",
    "value": 10,
    "means_array": [
        [
            0.0,
            0.0,
            0.0,
            0.0,
            0.0,
            0.0,
            0.0,
            0.0,
            0.0,
            0.0
        ],
        [
            10.0,
            0.0,
            0.0,
            0.0,
            0.0,
            0.0,
            0.0,
            0.0,
            0.0,
            0.0
        ]
    ],
    "case": "Posterior Samples",
    "dim": 10,
    "samples": [
        [
            10.700137082465284,
            1.7601140685321643,
            -0.5032563200136184,
            0.8452808662483728,
            0.13370136815157732,
            1.787640774699646,
            0.6904800576354037,
            0.6309797206580483,
            -0.5455247721780809,
            0.8335343680704248
        ],
        [
            -0.20155259268511294,
            0.4812298143580126,
            -0.02399958414469683,
            -1.1514143817866411,
            -1.6723799952607283,
            -0.41091186770151167,
            1.1648479705596757,
            1.0521069698031567,
            -0.053486287585045034,
            0.193475192205256
        ],
        [
            -1.3954311782439124,
            0.3947786473114945,
            0.5197626152483785,
            -1.1902952082763618,
            -0.7348658406567412,
            1.3410251559696063,
            -0.20296572076034924,
            0.21978152037246718,
            -1.659719003829791,
            -0.4033908529721791
        ],
        [
            10.28615920674528,
            -0.22233064911565445,
            -0.3827278697646239,
            -1.1529754249552828,
            1.018482310504473,
            -1.1335053786673779,
            0.4464266102745151,
            2.65871317587594,
            -0.9101464763894089,
            -1.6933918662650413
        ]
    ]
}