run_id,nu,sampler,wasserstein_distance,mmd_rff,r_hat,ess,runtime
25,0.5,HMC,92056.74064906748,0.02804250173600945,1.0261407291225044,1020.2613313990344,3.4936556816101074
25,1.0,HMC,24.417642614623695,0.10128312127812358,1.036238219408179,127.44562596789523,1.7138681411743164
25,2.0,HMC,0.2056735722570523,0.014077960637343744,1.0016590062469792,1240.5161487425698,1.1226568222045898
25,5.0,HMC,0.07654680321508198,0.024891555644115295,1.002021651676782,1473.116400616391,1.1077754497528076
25,10.0,HMC,0.0357963240394726,0.020418478515904455,1.001456237876021,1889.8497184143491,1.1146752834320068
25,30.0,HMC,0.10594252942295748,0.04717452330196258,1.0005730842915508,1491.6871993393231,1.114152193069458
25,100.0,HMC,0.0696478899479222,0.045758581901659844,1.0015567904893596,1869.0141334104694,1.106379747390747
25,500.0,HMC,0.10502251070385271,0.05449424493680838,1.003053857535878,1633.6664608688752,1.090273141860962
