{
    "sampler": "DEMetro_Z",
    "value": 6,
    "means_array": [
        [
            -3.0000000015,
            0.0
        ],
        [
            3.0000000015,
            0.0
        ]
    ],
    "case": "Posterior Samples",
    "dim": 2,
    "samples": [
        [
            -2.7545992576957286,
            0.853713434265893
        ],
        [
            4.741440490076818,
            0.7038768960964897
        ],
        [
            2.919721571971038,
            0.6749524097709485
        ],
        [
            3.536859664663601,
            -0.7413149032801618
        ]
    ]
}