mu,global_median_wasserstein_distance,global_median_r_hat,global_median_ess,global_median_runtime,global_median_mmd_rff,global_q25_wasserstein_distance,global_q25_r_hat,global_q25_ess,global_q25_runtime,global_q25_mmd_rff,global_q75_wasserstein_distance,global_q75_r_hat,global_q75_ess,global_q75_runtime,global_q75_mmd_rff,ws_mcmc_mean,ws_iid_mean,ws_iid_std,mmd_rff_mcmc_mean,mmd_rff_iid_mean,mmd_rff_iid_std,ws_dist_glass_delta,mmd_rff_glass_delta
"(-16, 0, 0, 0)",2.330494901086095,,,1.7064557075500488,0.32072552634527757,1.4746658978562246,,,1.7042231559753418,0.17633409474836984,4.050202455822495,,,2.0883102416992188,0.6280829292092717,2.9258060644585293,0.11602951987706528,0.041848433013373904,0.3915237847738613,0.013958685039540765,0.006905308719104994,67.14173846565573,54.67751191046781
