run_id,dimension_corr,sampler,wasserstein_distance,mmd_rff,r_hat,ess,runtime
8,2,Metro,0.021993974062132965,0.017421077298831834,1.001768564804695,1824.9798510950027,1.3465526103973389
8,5,Metro,0.03067924911661342,0.020383350541884945,1.0037731958009926,1577.2668894334329,1.8982176780700684
8,10,Metro,0.028547461758478398,0.01826324811504361,1.0043879322364149,1697.61198974938,2.025104284286499
8,15,Metro,0.02819272782483892,0.01655574490549562,1.0060598374512852,1559.764441705872,2.880821943283081
8,20,Metro,0.029205614767855402,0.015489802161450805,1.0050798632328337,1495.0533207694345,2.9449777603149414
