run_id,dimension_corr,sampler,wasserstein_distance,mmd_rff,r_hat,ess,runtime
8,2,SMC,0.022226795535530596,0.014538045095884461,1.000081140077076,7672.223858599972,2.014389991760254
8,5,SMC,0.023623473127757526,0.01688006475489337,1.0003465462663395,7558.205512370559,2.7418904304504395
8,10,SMC,0.017890246587913897,0.014992067908026993,1.0004909005666767,7229.053653638713,3.6570005416870117
8,15,SMC,0.020939973671384674,0.015599821873864463,1.0006291234289735,7254.25890361367,4.446175813674927
8,20,SMC,0.019488169843191558,0.015222684735943898,1.0007006236449645,7569.752089656909,6.953135967254639
