correlation,var_rmse_t_stat,var_rmse_p_value,var_rmse_paired_cohens_d
0.0,-1.5382585031390457,0.2638343296206056,-0.8881139608705588
0.3,-0.059581869775925195,0.9579065971694638,-0.03439960855395164
0.5,-1.022511608911732,0.4140820445727852,-0.590347352654706
0.9,-1.3724700840478636,0.30356354583943423,-0.7923959724797424
0.95,-1.730377817791075,0.22570286459737313,-0.9990340989014344
0.99,-1.122282435278374,0.37837927853435116,-0.647950066114758
