correlation,mmd_rff_t_stat,mmd_rff_p_value,mmd_rff_paired_cohens_d
0.0,-16.1064122432494,0.003832657653071738,-9.299041444319126
0.3,-7.87449586855905,0.015747109691480903,-4.546342309445164
0.5,-121.43254398580635,6.780873427044502e-05,-70.10911195858637
0.9,-5.316437751873406,0.0336067069750796,-3.069446767174
0.95,-29.53579754149545,0.0011443440706345813,-17.05250066131269
0.99,-9.37754619256829,0.011181234650383832,-5.414128818617453
