run_id,dimension_corr,sampler,wasserstein_distance,mmd_rff,r_hat,ess,runtime
39,2,SMC,0.018818039386299227,0.014899383622036999,1.00032648495579,7688.792615605111,2.1734204292297363
39,5,SMC,0.015401557568747852,0.012612679889357579,1.0000595373773298,8096.1441120976315,3.412407636642456
39,10,SMC,0.01380249169548786,0.017260973535398714,1.0001316642331322,7791.495218970142,4.581644058227539
39,15,SMC,0.019518585536272823,0.016173553257665375,1.000738190554652,7640.865009286926,6.015900135040283
39,20,SMC,0.016047239033958917,0.016725106822602868,1.000114585123026,7583.763931269686,9.048246145248413
