{
    "sampler": "DEMetro",
    "value": 1,
    "means_array": [
        0
    ],
    "case": "Warmup Samples",
    "dim": 1,
    "samples": [
        -3.8542676066757013,
        -7.093548048355575,
        2.4844969529392147,
        -0.46059030109555193,
        -5.541733858751542,
        -1.9498904957619723
    ]
}