run_id,nu,sampler,wasserstein_distance,mmd_rff,r_hat,ess,runtime
36,0.5,HMC,7158.289954053945,0.07574811050032401,1.0053910059271982,821.08472521753,2.2554640769958496
36,1.0,HMC,14.433949218753982,0.03428098929037248,1.0057610926586467,1128.3527914595993,1.3150458335876465
36,2.0,HMC,0.24194302287116487,0.024132579432355743,1.0012718094865445,1454.4537949123746,1.1037073135375977
36,5.0,HMC,0.057905833878244564,0.018624084421216585,1.001097687327299,1719.7199980502767,1.100301742553711
36,10.0,HMC,0.03065204875876952,0.009242684215248218,1.000753747979467,1550.1084432645239,1.0974595546722412
36,30.0,HMC,0.03161985479181098,0.011271836751494532,1.0013249202814336,1843.2038199476513,1.1304240226745605
36,100.0,HMC,0.02392205507283622,0.010857309249862392,1.0004342426252348,1663.6018931255514,1.102269172668457
36,500.0,HMC,0.05178582437027701,0.02190250845985131,1.0019481480217811,1585.0058499639956,1.0732204914093018
