{
    "sampler": "Metro",
    "value": 0.5,
    "means_array": [
        [
            0.0,
            0.0
        ]
    ],
    "case": "Posterior Samples",
    "dim": 2,
    "samples": [
        [
            0.903962161038115,
            2.8004559663409525
        ],
        [
            -1.740990156586031,
            -2.610340754462209
        ],
        [
            0.519433552313628,
            -0.004746795915428148
        ],
        [
            -2.3561855502048616,
            1.7000112258068976
        ]
    ]
}