{
    "run_id": 1,
    "case": "multimodal",
    "dim": 2,
    "means_array": [
        [
            0.0,
            0.0
        ],
        [
            16.0,
            0.0
        ]
    ],
    "min_mode": [
        0.0,
        0.0
    ],
    "max_mode": [
        16.0,
        0.0
    ],
    "border": [
        30.246985741513768,
        20.0
    ],
    "low": [
        -37.0277931990991,
        -27.62323189337561
    ],
    "high": [
        53.713164025442204,
        32.37676810662439
    ],
    "samples": [
        {
            "posterior": [
                -7.536728581784711,
                16.187987549589693
            ]
        }
    ]
}