{
    "sampler": "HMC",
    "value": 0.0,
    "means_array": [
        [
            0.0,
            0.0
        ],
        [
            13,
            0
        ]
    ],
    "case": "Posterior Samples",
    "dim": 2,
    "samples": [
        [
            -1.1150721810789421,
            0.36556004216220556
        ],
        [
            0.44585930413919944,
            -3.307015850124673
        ],
        [
            12.584010334640347,
            -1.3769924922923964
        ],
        [
            -1.0229243501953456,
            -0.6616765530069532
        ]
    ]
}