{
    "sampler": "Metro",
    "value": 120,
    "means_array": [
        0
    ],
    "case": "Posterior Samples",
    "dim": 1,
    "samples": [
        0.2243096905455234,
        -0.11981793293868837,
        -1.2731967041489627,
        1.1622287910211018
    ]
}