{
    "run_id": 1,
    "case": "unimodal",
    "dim": 1,
    "low": [
        -100
    ],
    "high": [
        100
    ],
    "means_array": [
        [
            0
        ]
    ],
    "samples": [
        {
            "posterior": -18.174267097000808
        },
        {
            "posterior": -20.843873742033608
        },
        {
            "posterior": -33.09308662415917
        },
        {
            "posterior": -51.357988194969664
        }
    ]
}