{
    "sampler": "HMC",
    "value": 5,
    "means_array": [
        [
            -2.5,
            0.0
        ],
        [
            2.5,
            0.0
        ]
    ],
    "case": "Warmup Samples",
    "dim": 2,
    "samples": [
        [
            -8.33914749529651,
            8.26070326368503
        ],
        [
            19.9239270893473,
            -20.597535497808842
        ],
        [
            6.6161054665542265,
            17.354332633265876
        ],
        [
            2.8038413957434734,
            -1.5590937811688386
        ]
    ]
}