{
    "sampler": "HMC",
    "value": 10,
    "means_array": [
        [
            -4.000000002,
            0.0,
            0.0,
            0.0,
            0.0,
            0.0,
            0.0,
            0.0,
            0.0,
            0.0,
            0.0,
            0.0,
            0.0,
            0.0,
            0.0,
            0.0,
            0.0,
            0.0,
            0.0,
            0.0,
            0.0,
            0.0,
            0.0,
            0.0,
            0.0,
            0.0,
            0.0,
            0.0,
            0.0,
            0.0
        ],
        [
            4.000000002,
            0.0,
            0.0,
            0.0,
            0.0,
            0.0,
            0.0,
            0.0,
            0.0,
            0.0,
            0.0,
            0.0,
            0.0,
            0.0,
            0.0,
            0.0,
            0.0,
            0.0,
            0.0,
            0.0,
            0.0,
            0.0,
            0.0,
            0.0,
            0.0,
            0.0,
            0.0,
            0.0,
            0.0,
            0.0
        ]
    ],
    "case": "Posterior Samples",
    "dim": 30,
    "samples": [
        [
            -5.31176092769043,
            2.533840189820762,
            -0.7296268894744194,
            -1.3600414271510397,
            0.03935191716950627,
            0.28088753234447605,
            -0.4644657089791081,
            0.5126092551533102,
            1.5016289727313337,
            0.45441149429943173,
            1.8071179557439787,
            -1.5325492928612794,
            -0.9054998453988888,
            -1.0193937790459189,
            -1.643846605368696,
            -2.453628017313985,
            1.3055674800590602,
            2.6919369725371878,
            0.8600571115117951,
            -1.5984662439958315,
            -0.9712035334852865,
            -0.20232639283437306,
            -0.321748592417064,
            -0.8077345555033638,
            0.10040030989132302,
            0.6885091770095503,
            2.8252027972204865,
            0.8185320652191646,
            0.4332309186726845,
            -2.0440205741247106
        ],
        [
            -3.7186743846598396,
            0.4952323913556988,
            0.27997640714455396,
            0.7354954226082671,
            1.0360024109610855,
            1.2166041636502094,
            0.018526697855015265,
            -0.22768587525770903,
            -0.662697064898332,
            -1.1489226423426975,
            0.2799616877819994,
            -0.5760978159956786,
            -0.1827952028848282,
            -0.08440847409838566,
            0.2545941896973773,
            0.16211307233681638,
            1.2306218690276813,
            -0.17414992344659055,
            0.39729801394224246,
            -0.31321051972525743,
            -0.352991728772534,
            0.2951081556913977,
            0.45859659569382905,
            -0.25313839532501803,
            1.2147451772994353,
            0.647257894602939,
            0.2642317943074548,
            -0.4436188040241287,
            0.3301225102148053,
            -0.4330741171437588
        ],
        [
            -4.6255765424235085,
            0.683075781271686,
            1.5647508806552095,
            -0.18776075764597527,
            0.5296580454617975,
            1.6641405431586984,
            -1.3024164417958477,
            -0.17161041927417267,
            -0.39044812523585903,
            -0.08617585240814209,
            -1.2210032062237863,
            -1.0595684206439624,
            0.42850921287134447,
            -0.23404085924348283,
            -0.4344101194747484,
            -0.06408198890653183,
            -0.3571809186518865,
            2.430775498198389,
            0.8305835855029121,
            1.176119572267822,
            -0.7396437891772117,
            -0.8927783811760684,
            -1.45078168407896,
            -0.846730974319663,
            -0.054946247206115836,
            -0.37560288211537735,
            -0.9323156029132792,
            0.9590381714015431,
            -0.0018375283594850164,
            1.1283967890077329
        ],
        [
            4.575100895234916,
            1.026757784118496,
            -6.2031910621335875,
            -0.6866173718750093,
            1.3543625447738497,
            -1.4847413204984448,
            0.9594635904109076,
            0.9797536363989887,
            -0.49593278850519734,
            0.9155091838601058,
            -1.4281436476305562,
            3.4821049804780273,
            -0.02843333442863683,
            2.7806873685825133,
            2.009970944245234,
            -1.8441721437289162,
            -0.2663325736755449,
            1.198075013770918,
            -2.997642995339984,
            2.064237524892938,
            -2.9776169485907102,
            2.1489973426026205,
            1.3497714307982733,
            -0.8644364421561166,
            0.06457595865922355,
            0.1377273108941337,
            2.0019228677664045,
            3.111110021301893,
            -0.8448325658821101,
            1.1963701377426361
        ]
    ]
}