{
    "sampler": "HMC",
    "value": 10,
    "means_array": [
        [
            -4.000000002,
            0.0,
            0.0,
            0.0,
            0.0,
            0.0,
            0.0,
            0.0,
            0.0,
            0.0,
            0.0,
            0.0,
            0.0,
            0.0,
            0.0,
            0.0,
            0.0,
            0.0,
            0.0,
            0.0,
            0.0,
            0.0,
            0.0,
            0.0,
            0.0,
            0.0,
            0.0,
            0.0,
            0.0,
            0.0
        ],
        [
            4.000000002,
            0.0,
            0.0,
            0.0,
            0.0,
            0.0,
            0.0,
            0.0,
            0.0,
            0.0,
            0.0,
            0.0,
            0.0,
            0.0,
            0.0,
            0.0,
            0.0,
            0.0,
            0.0,
            0.0,
            0.0,
            0.0,
            0.0,
            0.0,
            0.0,
            0.0,
            0.0,
            0.0,
            0.0,
            0.0
        ]
    ],
    "case": "Warmup Samples",
    "dim": 30,
    "samples": [
        [
            -31.67579114411001,
            21.724959267271533,
            -41.190677029146016,
            18.305348287937814,
            -7.7574519909696935,
            20.327550878533742,
            3.8030300015708893,
            -21.971372363305548,
            -2.3208942039427356,
            -16.04295426150545,
            21.134432907897423,
            -13.846435814082373,
            -13.492758288698525,
            -0.2936135011771138,
            -37.16323081513859,
            4.6106223160088,
            -4.666735787211448,
            -2.072480056859154,
            -20.25024890697434,
            8.478897496423254,
            2.602408272765257,
            7.164992489009264,
            -19.836748459582022,
            8.496129101416416,
            -31.86913120500533,
            -26.44814645833327,
            -24.855740707288895,
            -25.904569956737202,
            -12.605602375615765,
            -13.902634879653888
        ],
        [
            -0.8369241879000603,
            -13.734205597034547,
            4.343449598333334,
            8.482432224153396,
            12.180418487640923,
            -25.020957579029393,
            13.996282546267558,
            4.837093434999546,
            -14.859996587559838,
            3.343964388702402,
            10.540602694578542,
            -11.894474663923702,
            -25.88576370027853,
            9.994155995519598,
            -10.359543894578161,
            23.658137515372314,
            24.46588304785777,
            19.947392323101052,
            -7.8710141423964854,
            30.016902942251185,
            -6.985930137251425,
            -6.924948317598659,
            -15.434787136533673,
            3.129921189599885,
            11.666481586864696,
            7.716987007064858,
            14.5875045272734,
            -3.4580070797340494,
            -5.361283329420692,
            10.81504067182366
        ],
        [
            13.2431112147825,
            4.6761215322560465,
            -18.236451522023497,
            10.776957270536485,
            0.723605752020405,
            -11.305754592089505,
            10.823385142464593,
            -18.10632843370408,
            -4.444029495959729,
            -10.618515634535875,
            13.509455364715267,
            -12.17582714697319,
            3.2164738291194257,
            -1.5984619064783778,
            -10.169139680729113,
            -3.955188583281142,
            6.404843460213314,
            13.399894333812831,
            -1.5631029826201486,
            0.566749800868396,
            -8.743531087743197,
            15.316784237887934,
            -3.746843648303779,
            -21.256052601083304,
            18.33446177271957,
            8.159574286081456,
            13.796560676689898,
            -6.897349915306268,
            -15.47096757387152,
            -17.867778041453995
        ],
        [
            -11.864431938956407,
            8.916406620313573,
            -8.24353953495073,
            -6.99555088798045,
            -2.6523592117072554,
            6.082589704612847,
            -16.249205649908138,
            -8.43095270494528,
            -12.01159820025374,
            13.786107658123282,
            -0.6037837975815242,
            -17.331154600405647,
            -27.49106702661074,
            -5.245764422089103,
            10.98815480678926,
            26.87878375129802,
            9.965640902955242,
            7.174491378260091,
            -6.612278260648532,
            -10.560411226649945,
            14.175814136777731,
            13.711251694866418,
            19.853329398214658,
            20.52084163649304,
            -9.72280218543883,
            -10.937440692690219,
            -5.984301943342268,
            5.138668243547435,
            11.707077500354384,
            -2.2850707233401546
        ]
    ]
}