{
    "sampler": "DEMetro_Z",
    "value": 30,
    "means_array": [
        [
            0.0,
            0.0,
            0.0,
            0.0,
            0.0,
            0.0,
            0.0,
            0.0,
            0.0,
            0.0,
            0.0,
            0.0,
            0.0,
            0.0,
            0.0,
            0.0,
            0.0,
            0.0,
            0.0,
            0.0,
            0.0,
            0.0,
            0.0,
            0.0,
            0.0,
            0.0,
            0.0,
            0.0,
            0.0,
            0.0
        ]
    ],
    "case": "Posterior Samples",
    "dim": 30,
    "samples": [
        [
            9.737288920291764,
            3.211109302547885,
            -3.8080104574616582,
            -1.7506895214524008,
            -4.512585201852719,
            -0.7807027833469014,
            -9.136314862358942,
            -2.614116156520093,
            1.4568486247230352,
            -6.715454278710852,
            9.10904783740317,
            7.19899208892103,
            5.200929812086463,
            1.6051036121897042,
            -9.281280185872566,
            1.4812047258586416,
            -5.831323923336513,
            1.459312386849899,
            -0.6913249627788814,
            -3.2964378761828286,
            2.7406980763632562,
            -4.578452971677493,
            0.03855527848486173,
            -5.932684491100074,
            -9.519747675828802,
            2.146192733432658,
            -1.1049471020386443,
            -4.9658968799642755,
            -3.023715644040389,
            -1.60767004726689
        ],
        [
            -2.553249464976602,
            -1.758058976381491,
            -7.295109378025753,
            5.719446327053976,
            -0.8859371188789095,
            -3.3309161932301423,
            -1.4160047680633765,
            -0.8843599806214586,
            -1.7342117146475011,
            -6.589457386402847,
            -3.5238662972506,
            -6.750968891050373,
            8.715468336767836,
            -3.5057690324666586,
            -4.758433157002644,
            0.5427903124461025,
            7.343888195717249,
            -1.443214261120291,
            2.6047004117703683,
            0.8784499179689756,
            3.2431214669718043,
            1.8909986688235847,
            -6.616264101951323,
            -4.982726304618637,
            4.744453544269183,
            -4.717491630648606,
            -7.805990326008809,
            -1.3376807106656403,
            6.565313405315735,
            -6.755440811995475
        ],
        [
            -15.530879200971652,
            13.93439823517462,
            2.0884219458926325,
            21.33307578820198,
            11.993070279946336,
            -18.711511133977925,
            4.591868147427155,
            -13.52259523502101,
            -14.841399168415984,
            3.1466665147949007,
            -9.734798291611158,
            -19.807054913243213,
            -4.550328222883049,
            -10.747628020243038,
            -0.04219543486130961,
            2.8309918318792646,
            4.5592855933516425,
            26.466842709388388,
            20.209470973118528,
            -11.713378277583,
            -24.7063926387251,
            4.228679722314103,
            8.715006563303263,
            15.878469230192653,
            -2.8286749980537453,
            9.428363606306549,
            -2.5466213214924585,
            -15.715928813631132,
            9.269585457433612,
            14.815469949974817
        ],
        [
            3.113704837436913,
            20.12824947580561,
            12.189077455207228,
            13.419212129534813,
            -17.53706845271558,
            -16.44626399711919,
            -4.06312977953783,
            -1.1738602567202616,
            13.262857755932176,
            -12.910647731951665,
            -10.05221423994694,
            2.6876300781709044,
            -7.601600104105762,
            -20.364660529834566,
            8.785313508114855,
            -4.555994528991363,
            -15.906658397078107,
            5.341475741666002,
            0.1609045759322596,
            25.690778328602857,
            9.565476118784426,
            -3.0862473855028467,
            -0.663143010211094,
            -7.766873406259922,
            -4.469129233467018,
            -16.418922930357194,
            6.1745386545344525,
            -2.0097948168993334,
            -14.43011804090505,
            -21.892964961604903
        ]
    ]
}