dimension,mmd_rff_t_stat,mmd_rff_p_value,mmd_rff_paired_cohens_d
2,180.08114527011358,3.083496248980869e-05,103.96989769767619
3,67.98132084755487,0.00021631163045351582,39.249033891202124
10,107.82939313036701,8.599429788001062e-05,62.25532915037138
30,51.72823742062184,0.0003735091680482129,29.865311799500894
50,45.59725548178846,0.0004806283726225927,26.32558772671871
