dimension,mean_rmse_t_stat,mean_rmse_p_value,mean_rmse_paired_cohens_d
2,1.9739393353762538,0.1870965091805541,1.139654406643471
3,64.1621755657647,0.00024281954011962225,37.04404933468628
10,3.383045224894388,0.07737019292723439,1.953202071273453
30,5.479519848099324,0.03172882999627821,3.163602259330042
50,58.50974889950912,0.0002919801255443627,33.780619277349004
