dimension,var_rmse_t_stat,var_rmse_p_value,var_rmse_paired_cohens_d
2,268.7186039555524,1.384826958530881e-05,155.1447583299986
3,245.56283932118106,1.658303068996154e-05,141.7757713850527
10,157.55504130943118,4.0281826105417325e-05,90.9644455121827
30,252.3825376994868,1.569897027772851e-05,145.71312607955957
50,325.38529902957765,9.444913657378607e-06,187.86128998507354
