dimension,var_rmse_t_stat,var_rmse_p_value,var_rmse_paired_cohens_d
2,1.0056484542371067,0.4204817721625643,0.5806114057639247
3,0.08305668818549797,0.9413710771599494,0.047952801281896065
10,-1.091096264223712,0.38915038718093964,-0.6299447218613552
30,-2.83416961755011,0.10521050491754048,-1.6363085916216147
50,-2.450576144540196,0.1338786188528445,-1.4148407967199577
