{
    "sampler": "Metro",
    "value": 8,
    "means_array": [
        0,
        8
    ],
    "case": "Posterior Samples",
    "dim": 1,
    "samples": [
        8.463572414921867,
        -0.19627554138259395,
        -0.4899191396745357,
        -0.04372197464795802
    ]
}