{
    "sampler": "Metro",
    "value": 8,
    "means_array": [
        0,
        8
    ],
    "case": "Warmup Samples",
    "dim": 1,
    "samples": [
        6.397333590477718,
        8.294169876608532,
        7.599025520828784,
        2.2737077226836138
    ]
}