{
    "run_id": 1,
    "case": "unimodal",
    "dim": 2,
    "low": [
        -100.0,
        -100.0
    ],
    "high": [
        100.0,
        100.0
    ],
    "means_array": [
        [
            0.0,
            0.0
        ]
    ],
    "samples": [
        {
            "posterior": [
                -93.17566642186867,
                87.54839724683475
            ]
        },
        {
            "posterior": [
                58.51914433245196,
                85.24329898092586
            ]
        },
        {
            "posterior": [
                -25.662066788756377,
                65.84600240699109
            ]
        },
        {
            "posterior": [
                23.42107630446222,
                3.2885591285704834
            ]
        }
    ]
}