{
    "sampler": "HMC",
    "value": 0.99,
    "means_array": [
        [
            0.0,
            0.0,
            0.0,
            0.0,
            0.0,
            0.0,
            0.0,
            0.0,
            0.0,
            0.0,
            0.0,
            0.0,
            0.0,
            0.0,
            0.0,
            0.0,
            0.0,
            0.0,
            0.0,
            0.0,
            0.0,
            0.0,
            0.0,
            0.0,
            0.0,
            0.0,
            0.0,
            0.0,
            0.0,
            0.0
        ],
        [
            13.0,
            0.0,
            0.0,
            0.0,
            0.0,
            0.0,
            0.0,
            0.0,
            0.0,
            0.0,
            0.0,
            0.0,
            0.0,
            0.0,
            0.0,
            0.0,
            0.0,
            0.0,
            0.0,
            0.0,
            0.0,
            0.0,
            0.0,
            0.0,
            0.0,
            0.0,
            0.0,
            0.0,
            0.0,
            0.0
        ]
    ],
    "case": "Warmup Samples",
    "dim": 30,
    "samples": [
        [
            16.473909163024835,
            2.989330863223957,
            12.625492980161154,
            10.716346319141651,
            -11.105310653556423,
            -4.592030767588447,
            14.096308550216758,
            10.065287550299184,
            -0.13121690108110176,
            -2.9103148881575347,
            6.12641695808382,
            -7.747848057657607,
            -2.4446685065701836,
            -7.610959007864563,
            8.180788568346879,
            8.89746134186921,
            10.200266822254939,
            -2.8092945108435416,
            13.73853345437198,
            4.549825103363575,
            -10.24871678161605,
            5.364053572965425,
            6.9360117811048845,
            -7.001438984574468,
            4.315416136257098,
            -0.0551361970655752,
            7.2507047520937356,
            -0.4606384477640148,
            -6.614778695469636,
            10.971999810329029
        ],
        [
            -0.1414691347182137,
            -0.1471843181675347,
            7.278731212034198,
            3.5845216687876964,
            9.918701836946603,
            10.194989547131234,
            9.433334299651468,
            3.063443611884211,
            6.946538332183601,
            3.838207420693833,
            4.480898621948049,
            6.900575312387922,
            7.891619180418076,
            -2.9231672298241684,
            8.054569655807654,
            6.8424325405373105,
            3.9643509780278623,
            3.793003156679645,
            3.464054207287977,
            3.5123166743683853,
            -10.484063013628148,
            13.789302764033307,
            -9.342937267943958,
            -10.489681071816607,
            10.084740400726432,
            11.924426290887993,
            -6.430015015200498,
            5.8125261500841745,
            -3.1158755106034226,
            -8.222854047741263
        ],
        [
            12.890710844079829,
            6.086519733482024,
            -0.7462133453268668,
            2.3632041894893905,
            -9.33280881312079,
            11.274395905476474,
            -4.298037592268614,
            -4.0630391845930625,
            12.378386336198783,
            10.615696189708487,
            4.88247131492746,
            -2.75652267073662,
            10.115333233786696,
            11.047669075445084,
            -7.027375110174371,
            -11.869025301671426,
            11.050905430448987,
            3.983393209613982,
            12.846512646998805,
            9.683448834521226,
            1.008991077388904,
            -7.967127210708971,
            -1.772031011300408,
            -8.33602700545718,
            -12.209324776464564,
            -10.280435438925123,
            12.245686704429648,
            -11.850285526932549,
            9.010494362810613,
            -5.876286720990164
        ],
        [
            13.797525501801967,
            -1.135126264110061,
            -11.450183234316903,
            -8.737538275634762,
            10.555157945930185,
            -11.049799746014974,
            2.4219443596513046,
            9.099143876649224,
            4.071601349923297,
            -9.465320807282657,
            -12.006065971009923,
            1.8941275064481287,
            -10.601285492095931,
            7.608584075173145,
            2.4091560834109784,
            -8.828369002448419,
            2.4454938427914787,
            0.7272361987166159,
            4.977734102156486,
            -3.0810598221229957,
            9.119315272021783,
            -3.377470008816469,
            10.806470848951367,
            6.323483027316051,
            -12.012330865873167,
            -11.37873418934696,
            -6.060903539472142,
            6.521900752416663,
            -10.464399150506953,
            11.578722930536987
        ]
    ]
}