{
    "sampler": "DEMetro_Z",
    "value": 0.99,
    "means_array": [
        [
            0.0,
            0.0
        ]
    ],
    "case": "Posterior Samples",
    "dim": 2,
    "samples": [
        [
            12.517246610861811,
            12.040422182965651
        ],
        [
            -1.1381397452061344,
            -1.1498887943328653
        ],
        [
            -2.1534847140763262,
            -1.9368055198433451
        ],
        [
            -0.6684179201216927,
            -0.8779713899912353
        ]
    ]
}