run_id,nu,sampler,wasserstein_distance,mmd_rff,r_hat,ess,runtime
22,0.5,HMC,846.2004531254357,0.1834490148561883,1.141489922535446,30.018933466700858,3.91209077835083
22,1.0,HMC,2.636089652892501,0.06020567883667905,1.0100074548152436,680.4909280436491,1.4806180000305176
22,2.0,HMC,0.9107208833653456,0.03279649775118483,1.008360818140688,1148.7193117938773,1.180060863494873
22,5.0,HMC,0.056288725486997655,0.012977286719338668,1.0024899801164755,1472.0029273029538,1.0815556049346924
22,10.0,HMC,0.044877054190585915,0.017485105307513252,1.0032564433939777,1568.828075795779,1.0879628658294678
22,30.0,HMC,0.03641615462275263,0.020320330855989333,1.0019370904244869,1824.1850113967055,1.0851879119873047
22,100.0,HMC,0.06560456948880361,0.03597377047835516,1.0033843033760634,1964.9844770653476,1.4114491939544678
22,500.0,HMC,0.026520802063422312,0.011615929715092232,1.002412934450591,1759.115885506328,1.1327462196350098
