{
    "sampler": "Metro",
    "value": 10,
    "means_array": [
        [
            -5.0000000025,
            0.0
        ],
        [
            5.0000000025,
            0.0
        ]
    ],
    "case": "Warmup Samples",
    "dim": 2,
    "samples": [
        [
            -28.41842104712032,
            19.34820513891301
        ],
        [
            -5.0790404900907475,
            -17.935849886715403
        ],
        [
            21.291131034311483,
            1.599375207499525
        ],
        [
            4.38612707338266,
            -7.184288180774718
        ]
    ]
}