{
    "sampler": "Metro",
    "value": 5,
    "means_array": [
        [
            0.0,
            0.0,
            0.0,
            0.0,
            0.0
        ]
    ],
    "case": "Posterior Samples",
    "dim": 5,
    "samples": [
        [
            0.9432956172270506,
            0.958539922036713,
            1.0706592612572314,
            0.9756990864229603,
            0.9740894404624925
        ],
        [
            4.310018676267652,
            4.25023287719541,
            4.742576788082753,
            4.895802478185197,
            4.039226098396998
        ],
        [
            -1.6595568836252599,
            -1.6911916703971472,
            -1.4380507178536321,
            -1.6486103035979682,
            -1.5112856708149163
        ],
        [
            -2.8899884232453354,
            -3.1330184024438026,
            -2.948565167184376,
            -3.238969974574514,
            -3.721805447182329
        ]
    ]
}