run_id,mu,sampler,wasserstein_distance,mmd_rff,r_hat,ess,runtime
3,"(10, 10)",Metro,1.6646284954675699,0.12807986777094496,1.946402866412826,5.573602413345732,2.5871529579162598
3,"(2, 2)",Metro,0.14593522743457454,0.037954831590135685,1.3650130090502612,8.983592151592445,2.5540523529052734
3,"(20, 20)",Metro,7.726804421494509,0.28362608068698053,1.30421825583169,10.316291051294803,2.2487881183624268
3,"(40, 40)",Metro,3.2537160762986788,0.10733937222588595,1.8876125749459929,5.707462559907519,2.6120264530181885
3,"(5, 5)",Metro,0.5846602920041879,0.06737015596503848,1.6579489930019857,6.475692538088313,2.2744781970977783
