{
    "sampler": "DEMetro_Z",
    "value": 10,
    "means_array": [
        [
            -5.0,
            0.0
        ],
        [
            5.0,
            0.0
        ]
    ],
    "case": "Warmup Samples",
    "dim": 2,
    "samples": [
        [
            107.7094478569086,
            50.29224722948937
        ],
        [
            -104.15883719348001,
            10.51572658209346
        ],
        [
            -117.56914640624,
            -82.14973156895888
        ],
        [
            124.11188990311513,
            -55.655031967676194
        ]
    ]
}