run_id,mu,sampler,wasserstein_distance,mmd_rff,r_hat,ess,runtime
48,"(0, 0, 0, 0, 0)",Metro,0.03949446873308626,0.03385251271633739,1.0155616990007654,233.45843868221237,1.3273468017578125
