run_id,mu,sampler,wasserstein_distance,mmd_rff,r_hat,ess,runtime
8,"(0, 0, 0, 0, 0)",HMC,0.03411859979109428,0.02182620804150431,1.0027118878601384,1695.9537087534156,1.807804822921753
