{
    "sampler": "DEMetro_Z",
    "value": 4,
    "means_array": [
        [
            0.0,
            0.0,
            0.0,
            0.0,
            0.0,
            0.0,
            0.0,
            0.0,
            0.0,
            0.0,
            0.0,
            0.0,
            0.0,
            0.0,
            0.0,
            0.0,
            0.0,
            0.0,
            0.0,
            0.0,
            0.0,
            0.0,
            0.0,
            0.0,
            0.0,
            0.0,
            0.0,
            0.0,
            0.0,
            0.0
        ]
    ],
    "case": "Warmup Samples",
    "dim": 30,
    "samples": [
        [
            -9.314290884504352,
            3.94070290372418,
            -94.74802416421531,
            -99.06541904002026,
            34.690325411474376,
            -11.345747215013649,
            39.418766916533926,
            17.96117253854757,
            -2.5209278138346636,
            -79.45487359472764,
            69.22901197902185,
            -97.8362409526042,
            -23.33495564869553,
            45.77193836272183,
            -74.00434314257865,
            -20.40236412529903,
            -74.05888053808398,
            48.859755216612406,
            32.23226326067538,
            4.187210317587556,
            -44.32743198322803,
            54.31384291080502,
            -17.849785468617483,
            75.44831451405533,
            90.96953859342011,
            63.28287879572026,
            -71.03676757776574,
            -50.6592956977034,
            -33.33048640510367,
            75.01387674646644
        ],
        [
            70.33161104979028,
            20.681939971625788,
            -47.997763949691084,
            -56.31344699355293,
            40.81066808490968,
            -56.71058730716944,
            -13.30662358578021,
            7.247874394879612,
            2.259110743154295,
            -50.39303417930513,
            -82.01139500652334,
            -15.047487588721644,
            -88.08862292812925,
            48.71074222780641,
            71.16056602133916,
            94.0916730030553,
            9.548455979846283,
            33.25511519960154,
            83.72515313354457,
            -9.849291008414156,
            -65.26903858056299,
            16.322259551706527,
            63.55111029068297,
            92.6152386382408,
            -51.6408398426097,
            66.87455974169832,
            79.78901354333672,
            74.12970989477209,
            23.766844117187468,
            74.80363617012887
        ],
        [
            26.272620038196933,
            27.90042390292651,
            93.35631341471175,
            59.12916689755777,
            60.29588389992852,
            -79.59695424661463,
            -27.88109237454774,
            81.78381505764888,
            -32.42147874365941,
            -28.96604295494501,
            -65.32244682424101,
            -57.25777706480077,
            -55.76837762282977,
            66.79355657906183,
            82.32728662010511,
            48.16436556635596,
            -60.92482824988584,
            30.46146913764068,
            -39.90498217407666,
            -6.748582468715292,
            -13.838266647515933,
            37.31994896055882,
            31.336960297804822,
            -89.39447510664405,
            10.547000422527875,
            93.1182166038355,
            35.49276545860314,
            -90.52893093781188,
            -67.43656675787675,
            -28.593070006451807
        ],
        [
            -15.244352966773429,
            62.94275111093709,
            74.91913892689979,
            33.77233711836145,
            -73.59001619378418,
            -59.00263780569326,
            -24.87674462780452,
            88.35215134431746,
            -13.858594574251374,
            -52.62085633739145,
            9.118529407855252,
            60.654067895642356,
            61.19807882622293,
            78.30445597393584,
            75.50680873596733,
            52.33743532313914,
            -68.51987292382637,
            -60.13637293604803,
            -5.6286904388853225,
            -36.18105155797079,
            -10.918449985708701,
            -26.573497379892657,
            -82.16105837696217,
            74.14773517246735,
            -50.47918286078811,
            -36.016154569385726,
            40.522478999748294,
            43.69627672077079,
            20.951166800377894,
            -25.370229203651448
        ]
    ]
}