run_id,mu,sampler,wasserstein_distance,mmd_rff,r_hat,ess,runtime
4,"(0, 0, 0, 0, 0)",SMC,0.019852847259470154,0.015967308067205237,1.0006849036729684,3537.1072476971585,4.404665470123291
