run_id,mu,sampler,wasserstein_distance,mmd_rff,r_hat,ess,runtime
55,"(10, 10)",Metro,4.131049536895871,0.30303270273857436,1.53656445198016,7.179313549755331,2.242988348007202
55,"(2, 2)",Metro,1.097863198942816,0.15497102361928664,1.4393584250171547,8.347155515040527,2.239298105239868
55,"(20, 20)",Metro,2.088492629234371,0.08918603742212859,2.067630701581722,5.413261665798865,2.5785889625549316
55,"(40, 40)",Metro,6.014501589018139,0.14448082460361694,1.797155846841634,5.925723113724704,2.29085111618042
55,"(5, 5)",Metro,0.7336272831631533,0.08236301038687276,1.7110285493212125,6.218562199830609,2.5669751167297363
