run_id,mu,sampler,wasserstein_distance,mmd_rff,r_hat,ess,runtime
55,"(10, 10)",SMC,0.12880700895536024,0.0221012341601417,1.0002716101885951,3862.284263245337,2.4884495735168457
55,"(2, 2)",SMC,0.060823939820651624,0.01850825033586401,1.0014713650211309,3924.1511358442913,2.3487956523895264
55,"(20, 20)",SMC,0.06388536019381902,0.019480858416970705,1.0001452864109945,3761.3427169112547,3.5132763385772705
55,"(40, 40)",SMC,0.551136963234959,0.019976326738209066,1.0002561248406387,3979.0697685902314,3.942178726196289
55,"(5, 5)",SMC,0.10488284294912012,0.0150041098132834,1.0007401494645143,3966.52586110864,4.218228816986084
