{
    "sampler": "DEMetro",
    "value": [
        6,
        6,
        6
    ],
    "means_array": [
        [
            0,
            0,
            0
        ],
        [
            6,
            6,
            6
        ]
    ],
    "case": "Warmup Samples",
    "dim": 3,
    "samples": [
        [
            4.214106744193346,
            1.4520568969228644,
            5.47097233636214
        ],
        [
            4.902353232062448,
            8.971881709047878,
            4.641648669696492
        ],
        [
            2.7044089620754574,
            1.8071396317492643,
            -0.525510373474608
        ],
        [
            5.9093967001960594,
            3.8115199833361784,
            4.895239722044641
        ],
        [
            5.040594551892611,
            2.9427665391582103,
            2.88456350057778
        ],
        [
            2.5619664277280663,
            -0.6475784613367713,
            6.261047050838052
        ]
    ]
}