{
    "sampler": "DEMetro_Z",
    "value": 15,
    "means_array": [
        [
            -7.5,
            0.0
        ],
        [
            7.5,
            0.0
        ]
    ],
    "case": "Warmup Samples",
    "dim": 2,
    "samples": [
        [
            -8.544779686312935,
            -8.619041960096803
        ],
        [
            -26.45812475661613,
            -21.674202555900216
        ],
        [
            -0.6462835597467921,
            11.831985448643312
        ],
        [
            12.95038531857724,
            -22.367373554268625
        ]
    ]
}