{
    "sampler": "HMC",
    "value": [
        4,
        0
    ],
    "means_array": [
        [
            0.0,
            0.0
        ],
        [
            4,
            0
        ]
    ],
    "case": "Posterior Samples",
    "dim": 2,
    "samples": [
        [
            0.6458997672857238,
            1.0197460684751154
        ],
        [
            1.1110421113438238,
            1.3226540382930878
        ],
        [
            3.070820071745437,
            -0.6743534170227918
        ],
        [
            1.068518473923574,
            1.1512195299646573
        ]
    ]
}