{
    "sampler": "Metro",
    "value": 2.1,
    "means_array": [
        [
            0.0,
            0.0
        ]
    ],
    "case": "Warmup Samples",
    "dim": 2,
    "samples": [
        [
            -65.76828844134255,
            62.041592963316816
        ],
        [
            45.30640058717066,
            86.06089708623422
        ],
        [
            -20.178974678343728,
            81.80685219796739
        ],
        [
            -52.863229015037085,
            -7.498794963752718
        ]
    ]
}