{
    "sampler": "DEMetro_Z",
    "value": 0.95,
    "means_array": [
        [
            0.0,
            0.0,
            0.0,
            0.0,
            0.0,
            0.0,
            0.0,
            0.0,
            0.0,
            0.0,
            0.0,
            0.0,
            0.0,
            0.0,
            0.0,
            0.0,
            0.0,
            0.0,
            0.0,
            0.0,
            0.0,
            0.0,
            0.0,
            0.0,
            0.0,
            0.0,
            0.0,
            0.0,
            0.0,
            0.0
        ]
    ],
    "case": "Posterior Samples",
    "dim": 30,
    "samples": [
        [
            25.33736489713389,
            18.90770111124741,
            0.3834578885917706,
            8.355590977749312,
            -20.60660883407514,
            17.713961801126487,
            20.922002180840064,
            8.114312169148034,
            -15.379057765970808,
            -19.0323325096243,
            -27.117796976797376,
            19.74000104878586,
            -7.710478645184451,
            14.741906687775316,
            8.273776623675687,
            -21.94603844704122,
            -5.250000323015743,
            -8.13171974165178,
            10.721276147457992,
            -7.3598930712694175,
            19.868429958656936,
            -20.43265573336611,
            10.704431332952057,
            -7.7633692997782795,
            13.743921141842325,
            -19.78425033858732,
            -14.813137684186279,
            -25.88269872496212,
            -8.636080561381618,
            -0.14953433105224898
        ],
        [
            -14.716947441733874,
            -7.1497106932318575,
            15.331869779368052,
            16.88829329318537,
            1.9842685748399196,
            -11.340255132294502,
            4.1179901350436685,
            -13.726471503627334,
            -1.663832089770122,
            -10.11239355236821,
            16.228050831497693,
            1.1581921063681806,
            18.024356775905808,
            9.824075970957225,
            -18.615027714069132,
            8.583460687389474,
            16.667686828690307,
            -24.935917055144838,
            11.567001264546718,
            18.61159227387811,
            25.342413613662707,
            -12.114276748564619,
            -22.186917342258248,
            -9.671279856182048,
            -2.2875275271326623,
            -11.457936466097518,
            7.8602030087181225,
            -27.583244452425884,
            -11.82397005552808,
            -0.3236708505298987
        ],
        [
            -13.73451278769708,
            15.318846433158768,
            9.842893304895721,
            23.00787243081902,
            -9.290249666733825,
            15.713462332293465,
            -0.8411702995978544,
            -13.87991291426139,
            -38.35528066248011,
            21.492540078006563,
            -25.161865326546422,
            -3.980785756988998,
            -28.655002615408122,
            -3.927805827266787,
            -12.205352803892012,
            7.088101015758402,
            19.434023223274608,
            -25.453916542740675,
            -7.340567830135483,
            2.6650136539212754,
            0.8770677136424431,
            4.042923659103117,
            7.180130689763666,
            -6.7407419632811925,
            -22.91578615699774,
            3.2919570235199234,
            -4.631260623562699,
            4.090075793567374,
            18.705041385561845,
            16.680994881848726
        ],
        [
            1.325853732938422,
            -3.2624947492382077,
            -20.729844818665843,
            -19.485360169899124,
            -13.625287426183352,
            -4.7753804839382905,
            -20.697208489587307,
            10.182948863269171,
            -7.132818882081464,
            11.348383526182493,
            10.73235259155257,
            -1.9656427110742585,
            -1.7189940590986459,
            14.849076179017432,
            -2.925357041598261,
            -5.38865857781581,
            3.9129077825463874,
            -7.403870880348406,
            14.377847193807707,
            6.237992783502553,
            -9.933953727803944,
            21.072348604741702,
            -13.553319547867881,
            -18.75623932203999,
            16.886733881835497,
            -13.147659364768566,
            -1.1788571105776828,
            -9.044642356928705,
            22.940366302818436,
            18.533248301233577
        ]
    ]
}