run_id,mu,sampler,wasserstein_distance,mmd_rff,swd_zscore,r_hat,ess,runtime
15,"(10, 10, 10)",Metro,4.756782915383261,0.3073695501224421,112.44005665328235,1.3844636114007303,13.394043669977895,3.1730425357818604
15,"(20, 20, 20)",Metro,6.589176176144074,0.2048967175108006,64.64771463771184,1.6200417062461219,10.014660146271654,3.420607328414917
15,"(3, 3, 3)",Metro,0.061287418269042215,0.02101793601017716,3.109689469629759,1.027895630327291,172.6700992846414,3.4655601978302
15,"(6, 6, 6)",Metro,1.8662285004386305,0.19922870283348865,60.63008808372522,1.5898482162096204,10.229648459433967,3.4725489616394043
