run_id,mu,sampler,wasserstein_distance,mmd_rff,r_hat,ess,runtime
64,"(0, 0, 0, 0, 0)",SMC,0.023261673277068802,0.019958594684050666,1.0003594213306044,3855.8688070071757,3.85233473777771
