{
    "run_id": 1,
    "case": "unimodal",
    "dim": 30,
    "low": [
        -100.0,
        -100.0,
        -100.0,
        -100.0,
        -100.0,
        -100.0,
        -100.0,
        -100.0,
        -100.0,
        -100.0,
        -100.0,
        -100.0,
        -100.0,
        -100.0,
        -100.0,
        -100.0,
        -100.0,
        -100.0,
        -100.0,
        -100.0,
        -100.0,
        -100.0,
        -100.0,
        -100.0,
        -100.0,
        -100.0,
        -100.0,
        -100.0,
        -100.0,
        -100.0
    ],
    "high": [
        100.0,
        100.0,
        100.0,
        100.0,
        100.0,
        100.0,
        100.0,
        100.0,
        100.0,
        100.0,
        100.0,
        100.0,
        100.0,
        100.0,
        100.0,
        100.0,
        100.0,
        100.0,
        100.0,
        100.0,
        100.0,
        100.0,
        100.0,
        100.0,
        100.0,
        100.0,
        100.0,
        100.0,
        100.0,
        100.0
    ],
    "means_array": [
        [
            0.0,
            0.0,
            0.0,
            0.0,
            0.0,
            0.0,
            0.0,
            0.0,
            0.0,
            0.0,
            0.0,
            0.0,
            0.0,
            0.0,
            0.0,
            0.0,
            0.0,
            0.0,
            0.0,
            0.0,
            0.0,
            0.0,
            0.0,
            0.0,
            0.0,
            0.0,
            0.0,
            0.0,
            0.0,
            0.0
        ]
    ],
    "samples": [
        {
            "posterior": [
                83.48048295968826,
                69.58479208515905,
                -66.85819661027054,
                85.69877313004275,
                -30.02577365893417,
                -3.6708065315460487,
                -19.09650574353317,
                80.76839950720205,
                -78.96831139510545,
                21.685580844995627,
                13.755300898215111,
                -19.755821074376072,
                -60.695178749630905,
                -95.4994608630554,
                0.929401304806305,
                14.062174866537617,
                16.424507980865215,
                43.588136235496904,
                -84.60772156450487,
                -86.17730651596489,
                -95.56838883337176,
                84.94048009206753,
                -68.72137554231136,
                94.46083710575073,
                -14.728665699866951,
                7.91452780270096,
                63.651348903214114,
                -47.758279675458404,
                13.827442918055425,
                -24.77400032540396
            ]
        },
        {
            "posterior": [
                -82.65046377043092,
                -94.36842809447985,
                -59.63524198118524,
                46.11742634060147,
                -20.138495842882435,
                52.73185829729948,
                17.42405300252159,
                19.425774047818578,
                -0.48980018810294723,
                -17.22083239751268,
                45.05875671593998,
                87.57117599728537,
                92.89681153490562,
                -48.71549917512758,
                -7.937137350004136,
                39.21479445386166,
                -77.35724079402151,
                -29.30475017950809,
                -74.50359545311429,
                -2.9435714381387896,
                -7.16517550529791,
                -28.59335708755664,
                -33.10036111229293,
                35.94598175558491,
                -65.52886409424676,
                45.12273985890678,
                23.876040525299146,
                -71.78934435541937,
                -68.51390025320433,
                88.8357056055147
            ]
        },
        {
            "posterior": [
                88.78474826933939,
                -66.43021700888946,
                -93.87298945193841,
                37.06069903834549,
                -95.8839802243167,
                15.407112793437875,
                16.66588095282387,
                -24.321473908328215,
                -13.580121059791566,
                -65.15879299439874,
                17.60371990627803,
                -71.08714087089993,
                10.589032407802662,
                88.67246935453034,
                35.47873286466117,
                -20.4123945936215,
                57.919939428442405,
                -82.99513792238375,
                -14.03274393301976,
                76.6413842838005,
                1.5546713729464017,
                69.7005789973228,
                66.1412059051458,
                -49.449207024171926,
                31.334671005735345,
                -43.280468923098645,
                34.374084455083846,
                11.873144766657745,
                70.35474081160316,
                7.731129918423434
            ]
        },
        {
            "posterior": [
                36.355533824460394,
                13.80763759857237,
                49.7539550585559,
                19.813435600838687,
                88.83725956147123,
                95.46101396637553,
                25.68359506582479,
                80.74795895014688,
                11.106923878474674,
                -56.78728429546478,
                -81.1273749734012,
                -7.180009908782765,
                1.9764924780994164,
                11.816495259355904,
                53.98421170275546,
                49.57026716103297,
                6.334096730033693,
                45.45632828501803,
                32.07401025688375,
                -11.480687019324563,
                -69.68492070311171,
                75.7605244642861,
                -54.042528010553646,
                22.211065675490275,
                26.51762634807288,
                -29.129996257096096,
                -21.217175287248736,
                -57.66884116190833,
                79.86494836410475,
                -15.315318983329632
            ]
        }
    ]
}