run_id,mu,sampler,wasserstein_distance,mmd_rff,r_hat,ess,runtime
2,8,SMC,0.058979764234860524,0.020687127438935464,1.000173445905533,7920.373550220062,1.386523962020874
2,10,SMC,0.05026377300224277,0.009266737760808106,1.000280675008373,8177.445778551818,2.5232856273651123
2,12,SMC,0.1489370872235976,0.015535443243054486,0.9998572478435954,8133.313615221265,0.953890323638916
2,14,SMC,0.03411455812344968,0.007335147946609268,1.0002637499844806,8211.738587101085,1.0122134685516357
2,16,SMC,0.1804096504480774,0.01633610031291425,1.0000873144683078,8072.178359262843,1.4575378894805908
2,18,SMC,0.11241362950702516,0.010640254074484873,1.0002391073337384,8227.984832834649,1.1270577907562256
2,20,SMC,0.17312544015245726,0.012296429704467364,1.0002511147083744,8164.680820688183,1.1470649242401123
2,22,SMC,0.1252356062790318,0.008001734176730895,1.000026301099972,8235.876037039872,1.1254065036773682
2,40,SMC,0.7233516048658883,0.025010921942741897,1.0000142186239132,7560.926150512761,1.4639527797698975
