{
    "sampler": "DEMetro_Z",
    "value": 0.5,
    "means_array": [
        [
            0.0,
            0.0
        ]
    ],
    "case": "Warmup Samples",
    "dim": 2,
    "samples": [
        [
            20.812093440107482,
            -2.2340853413990893
        ],
        [
            -15.734680387219013,
            -22.25936045659101
        ],
        [
            -25.354332563400728,
            17.982694948190762
        ],
        [
            -26.48161863147704,
            -13.211940869622946
        ]
    ]
}