{
    "sampler": "Metro",
    "value": 0.5,
    "means_array": [
        [
            0.0,
            0.0,
            0.0,
            0.0,
            0.0,
            0.0,
            0.0,
            0.0,
            0.0,
            0.0,
            0.0,
            0.0,
            0.0,
            0.0,
            0.0,
            0.0,
            0.0,
            0.0,
            0.0,
            0.0,
            0.0,
            0.0,
            0.0,
            0.0,
            0.0,
            0.0,
            0.0,
            0.0,
            0.0,
            0.0
        ]
    ],
    "case": "Warmup Samples",
    "dim": 30,
    "samples": [
        [
            98.45575967419587,
            37.49149944960166,
            56.817781334435466,
            89.56847338244847,
            -6.594265348441434,
            -11.609121193513996,
            -87.65598972941446,
            -84.93581794545433,
            42.23414991530154,
            63.59830742601039,
            81.98519692536621,
            -28.370794851226208,
            -21.49438519891179,
            -50.83703138705974,
            -98.4927679059186,
            5.281242634547436,
            -17.30391626300608,
            -0.4251543328006977,
            -20.554667321129727,
            -36.36794255380268,
            56.09278172831397,
            19.449357562349615,
            87.52007596083176,
            -41.507976850734444,
            -66.82648487464986,
            -99.01686861369792,
            -61.17148180254434,
            0.16026443624781594,
            27.453301652506603,
            93.57524957937243
        ],
        [
            -58.5462311138207,
            33.7828724644694,
            81.74711200421747,
            -22.726297593674463,
            1.3403806743230489,
            0.39299309795349957,
            96.3709304941647,
            57.376249945061694,
            -6.358525015727568,
            20.82378083474583,
            -50.14257399400353,
            -30.803455886321984,
            -37.59021151521333,
            71.12298445283082,
            82.62968412120851,
            -51.03927768604613,
            -50.39013432908062,
            15.252925986125927,
            36.54037356488645,
            65.0645614917312,
            -2.5588293559961643,
            0.1851962870986632,
            23.048695059016605,
            28.885676432255742,
            -68.9936101740586,
            -9.253704057479759,
            30.555208137100312,
            -62.452764586576244,
            -7.967930083762138,
            -19.216114847961848
        ],
        [
            -6.346751236061951,
            -29.73685176352138,
            92.28958874360329,
            3.4852940591715704,
            72.64646003192385,
            -22.458537497315678,
            -29.921797275409606,
            -52.77194680529288,
            74.74559228870821,
            -4.167838347963074,
            64.06301637659425,
            -92.76137606357108,
            15.636676575062108,
            32.777570027592255,
            32.8999507807321,
            -42.594699173311255,
            -47.86153989013228,
            -3.398428253781483,
            -5.268191464488833,
            91.855088214146,
            33.11215869019847,
            92.08230586085567,
            2.6258675125772157,
            34.02069827686817,
            72.93378204487131,
            -64.78514912338251,
            -16.746346994102236,
            -43.91989959924374,
            -48.82608273361723,
            -36.932586736628146
        ],
        [
            -27.796962596674685,
            1.3585314799861128,
            -86.64448225257242,
            -56.67514738964324,
            26.116159119251616,
            8.280956767063799,
            16.10579323806736,
            -52.98712676218836,
            -13.912054128052926,
            -31.227159468339714,
            87.06834180700983,
            2.764091435965205,
            -87.95189950232678,
            -5.059204359370694,
            -71.43828075741509,
            96.09880412508785,
            -60.88962110191944,
            -35.8462825320911,
            49.44801044824487,
            33.82875272753618,
            -19.508993664556055,
            50.63789787715795,
            -77.7001714208228,
            92.48265754436912,
            43.258513959043,
            -0.5601767113557568,
            66.91387772108955,
            -79.61341026233411,
            -40.50642467565346,
            85.8572610011795
        ]
    ]
}