{
    "sampler": "Metro",
    "value": 3,
    "means_array": [
        0
    ],
    "case": "Warmup Samples",
    "dim": 1,
    "samples": [
        49.71135985904433,
        -28.71765750082747,
        27.726195144663812,
        -24.376323894682663
    ]
}