{
    "sampler": "Metro",
    "value": 3,
    "means_array": [
        0
    ],
    "case": "Posterior Samples",
    "dim": 1,
    "samples": [
        -0.46156810178782326,
        -1.791654893253371,
        1.7415946925784818,
        0.31691028230979623
    ]
}