{
    "sampler": "Metro",
    "value": 16,
    "means_array": [
        0,
        16
    ],
    "case": "Warmup Samples",
    "dim": 1,
    "samples": [
        19.776311350125034,
        -2.1937869834247357,
        -2.799029341791781,
        16.935436908135465,
        9.443550337810468,
        2.565364747677095
    ]
}