{
    "run_id": 1,
    "case": "unimodal",
    "dim": 30,
    "low": [
        -100.0,
        -100.0,
        -100.0,
        -100.0,
        -100.0,
        -100.0,
        -100.0,
        -100.0,
        -100.0,
        -100.0,
        -100.0,
        -100.0,
        -100.0,
        -100.0,
        -100.0,
        -100.0,
        -100.0,
        -100.0,
        -100.0,
        -100.0,
        -100.0,
        -100.0,
        -100.0,
        -100.0,
        -100.0,
        -100.0,
        -100.0,
        -100.0,
        -100.0,
        -100.0
    ],
    "high": [
        100.0,
        100.0,
        100.0,
        100.0,
        100.0,
        100.0,
        100.0,
        100.0,
        100.0,
        100.0,
        100.0,
        100.0,
        100.0,
        100.0,
        100.0,
        100.0,
        100.0,
        100.0,
        100.0,
        100.0,
        100.0,
        100.0,
        100.0,
        100.0,
        100.0,
        100.0,
        100.0,
        100.0,
        100.0,
        100.0
    ],
    "means_array": [
        [
            0.0,
            0.0,
            0.0,
            0.0,
            0.0,
            0.0,
            0.0,
            0.0,
            0.0,
            0.0,
            0.0,
            0.0,
            0.0,
            0.0,
            0.0,
            0.0,
            0.0,
            0.0,
            0.0,
            0.0,
            0.0,
            0.0,
            0.0,
            0.0,
            0.0,
            0.0,
            0.0,
            0.0,
            0.0,
            0.0
        ]
    ],
    "samples": [
        {
            "posterior": [
                34.140446647144074,
                -62.975609257320954,
                -18.96406253229084,
                66.35733990508513,
                -68.4471953068282,
                -2.363269425086358,
                46.45597308223276,
                3.4524881935851965,
                43.59901517261099,
                -42.65238875078854,
                -55.444002968225156,
                -36.235539462459876,
                78.3493572105138,
                -33.77300007332802,
                -21.998761772146807,
                -74.3216391784317,
                88.59410503020223,
                47.045332269227686,
                -56.6125005078586,
                27.958820594388584,
                73.37784022407038,
                33.89152157615288,
                -8.610715698639467,
                2.452107209392281,
                -23.86743377398055,
                -53.07718134582715,
                12.362210667195114,
                83.53700011740199,
                -57.10014092477864,
                -28.561535992038017
            ]
        },
        {
            "posterior": [
                -23.910653033348936,
                49.14425928382323,
                88.99205505713707,
                -22.732415165164085,
                -87.76368005715656,
                29.919078005528007,
                -24.002092735364627,
                0.6855932664364275,
                -68.61334455364536,
                -36.495579456685356,
                48.29689132655574,
                72.85951005421325,
                4.005048139808935,
                -44.51142280430971,
                18.87526977935896,
                -16.5833766257594,
                34.912098804475306,
                3.9833271517302222,
                -5.61006336671241,
                92.33775616147739,
                17.630123846061167,
                -37.26300481439573,
                -87.30545439939712,
                96.62291310822843,
                74.64887284336334,
                -35.59558215570607,
                -5.8113133159504,
                -6.381908121926642,
                14.66451160737246,
                -89.73370322518967
            ]
        },
        {
            "posterior": [
                54.4959464923341,
                4.147051271757434,
                -50.02321589855179,
                20.378490820587288,
                16.546594652364803,
                -68.58523093408257,
                92.20946927757788,
                95.26956754397719,
                67.46776446065124,
                40.12862535895562,
                3.0999848816432234,
                -80.14032201812225,
                -8.621869900306095,
                11.548568450004296,
                12.088992528413002,
                63.19762467857976,
                -57.27103395682447,
                -43.817906340865555,
                -38.530021385668924,
                23.88268722283358,
                -59.21697854622392,
                -17.163247901219364,
                0.5197752666050661,
                -68.71563135190723,
                -10.196563236625764,
                25.74262971022121,
                21.602460733892485,
                -64.2488511833325,
                25.484031613550712,
                51.456787401145846
            ]
        },
        {
            "posterior": [
                -27.934448935258004,
                51.512792611364006,
                -87.57084386062233,
                -35.20553467957477,
                19.241989086723763,
                72.58883441693581,
                -84.67509338294055,
                61.387362800678915,
                -10.782508345769898,
                -92.2037003225573,
                -10.736999878721207,
                -52.99548023764788,
                28.23696293852592,
                -41.14689517206913,
                78.42025602040593,
                19.76743135238823,
                67.85135353197535,
                -49.7918048858484,
                -45.964248535907615,
                -82.24330498334061,
                -84.76158244067176,
                -79.29432173661709,
                62.04664264610949,
                -44.9210563622217,
                -0.8016111744514518,
                -96.95190483162799,
                35.82999858093302,
                40.77272133276472,
                42.31123149069407,
                92.76285835230641
            ]
        }
    ]
}