run_id,mu,sampler,wasserstein_distance,mmd_rff,r_hat,ess,runtime
20,"(10, 10)",HMC,1.9617162542487951,0.11872543735046358,1.9342447186178546,5.521734614031241,3.8588201999664307
20,"(2, 2)",HMC,0.8835245799956288,0.12243599689078681,1.1878419829060902,14.318887342533953,3.850897789001465
20,"(20, 20)",HMC,8.063872063430622,0.2778301923164024,1.530069715946512,7.11907233644353,3.632132053375244
20,"(40, 40)",HMC,3.9766280752588865,0.1869261658432513,1.6856778704933797,6.25110765838835,4.174298286437988
20,"(5, 5)",HMC,0.4758697077941818,0.07201461392072335,1.3279804023179778,9.51975012761117,3.849285125732422
