run_id,mu,sampler,wasserstein_distance,mmd_rff,r_hat,ess,runtime
20,"(10, 10)",SMC,0.08560086648002534,0.0175194592429539,1.0000440689053964,7915.80310341257,3.330885410308838
20,"(2, 2)",SMC,0.1008191759202012,0.024157601916702378,0.9998903637055448,8042.493670448047,2.9394166469573975
20,"(20, 20)",SMC,0.38036163485459157,0.01824937108552576,1.0005967498020107,7672.816754637721,5.426029205322266
20,"(40, 40)",SMC,0.3903945499763206,0.013938860403751882,1.0005409439585595,7814.307750833681,6.381384372711182
20,"(5, 5)",SMC,0.11241549584025973,0.016872821500313898,1.0008897118996531,8207.133841703519,3.1903655529022217
