run_id,mu,sampler,wasserstein_distance,mmd_rff,r_hat,ess,runtime
40,8,Metro,0.10918164067684578,0.01889397853290061,1.0225945313721259,222.09237404194423,1.2178113460540771
40,10,Metro,0.7133556057750937,0.07432039316063256,1.3501488363206469,9.512740716932582,1.5058419704437256
40,12,Metro,3.4921460449713906,0.3135593145388632,1.0061903086716437,1929.8142600079589,1.285752534866333
40,14,Metro,0.727805363323013,0.05356759882818384,1.535197730240903,7.193334779817744,1.3611841201782227
40,16,Metro,3.0737711083483132,0.20892916256836364,1.7445707506768133,6.07736521152338,1.5415921211242676
40,18,Metro,0.7341250239669739,0.046232796725075256,1.536276289782177,7.132938029244633,1.3297066688537598
40,20,Metro,0.7516367944721801,0.042093009821677324,1.535603130879636,7.187299509973911,1.2992734909057617
40,22,Metro,4.241326872582675,0.21432249295526992,1.7398016714065847,6.119255357368764,1.3162436485290527
40,40,Metro,11.879263155666692,0.316933904039032,1.0065880163318353,1872.5976388548672,1.5521430969238281
