{
    "sampler": "Metro",
    "value": 30,
    "means_array": [
        [
            0.0,
            0.0,
            0.0,
            0.0,
            0.0,
            0.0,
            0.0,
            0.0,
            0.0,
            0.0,
            0.0,
            0.0,
            0.0,
            0.0,
            0.0,
            0.0,
            0.0,
            0.0,
            0.0,
            0.0,
            0.0,
            0.0,
            0.0,
            0.0,
            0.0,
            0.0,
            0.0,
            0.0,
            0.0,
            0.0
        ]
    ],
    "case": "Posterior Samples",
    "dim": 30,
    "samples": [
        [
            4.270164281360527,
            -17.90690065368124,
            14.072322739834533,
            8.292125377291018,
            23.875754872921583,
            0.7276348252530473,
            -16.458534289433995,
            -2.41767788251628,
            -12.024147875117043,
            24.276334390820743,
            3.9670643816234725,
            -5.522826087814792,
            26.86282839785933,
            -3.2693980514199854,
            0.8126967846936353,
            -19.777560086401717,
            -5.309143628396047,
            9.61874208124422,
            -6.626829138540095,
            -7.320423305290927,
            11.772737266320242,
            16.588638751441696,
            -1.2656901007091683,
            -14.835947461609134,
            0.4330828935068354,
            -8.230892056270932,
            -18.88247507642117,
            0.7389675245606497,
            -17.459065028496774,
            -21.01895905993375
        ],
        [
            -17.806080755055106,
            -47.44617428638331,
            -33.54995540788454,
            23.034475798348314,
            -75.68276647001693,
            -60.67906061178182,
            -29.66462865988821,
            32.056586180188184,
            -11.467084513635449,
            -27.340042640667257,
            -76.19274446837333,
            -19.5773596845439,
            -78.44861410340555,
            -10.643685991718318,
            -142.71989464916487,
            39.70985356727559,
            -31.841068932377134,
            -9.27179166832432,
            -40.7294641666416,
            6.286910899195064,
            -124.53710087650384,
            47.26543862463907,
            23.04489493059803,
            -73.1634393499838,
            21.459112552923617,
            -42.357146380646405,
            -61.01170597813839,
            -38.314210433743156,
            110.32519288820342,
            -23.556747787911974
        ],
        [
            4.45796664684383,
            -2.5476449410381754,
            -0.4342409353202008,
            -9.435222232615846,
            -29.794294847655962,
            -24.578178770998278,
            -7.88762469392219,
            0.9303584630562796,
            0.18387898440534922,
            -8.938523467998646,
            10.996182238728677,
            -9.186252287228774,
            3.8140971762968725,
            10.093033677071102,
            5.176095121279365,
            7.176138776295209,
            -7.748561393145025,
            -0.43509120384431044,
            -4.987172666559185,
            18.220966152685776,
            -14.238140703095205,
            -5.436403238015337,
            -15.154654689225264,
            -29.42607874935544,
            -3.8842776259678953,
            -8.631200044802462,
            -2.7546921045843042,
            -4.463635234510583,
            0.2928615070078111,
            13.561619091230352
        ],
        [
            2.8139718444232242,
            0.7438945770837231,
            3.6954806223518566,
            2.155827858396779,
            1.3749899773902121,
            -6.610737084594513,
            0.8989799401364014,
            0.14239389255316492,
            -1.105232864920949,
            5.103447908282973,
            3.310486550637806,
            0.9542616578738039,
            0.6685742917117956,
            -5.7427869776033695,
            7.287218431122893,
            0.08227903493104582,
            -2.374300971983791,
            -2.8382213841044726,
            -4.667903143428585,
            1.093479344175103,
            -0.42756571101276286,
            -4.134178113924812,
            0.06057818345288446,
            3.3109149316278264,
            -0.48999940918764295,
            -1.5128987224483135,
            5.427819198226825,
            1.3395883704603002,
            0.7221012666489313,
            9.285256078246903
        ]
    ]
}