{
    "run_id": 1,
    "case": "unimodal",
    "dim": 5,
    "low": [
        -161.94437866462172,
        -185.4651439711994,
        -162.46535553212658,
        -169.19548171380757,
        -194.8942979745585
    ],
    "high": [
        221.74231275648734,
        243.64632213077925,
        224.62039259598743,
        217.1766149591285,
        248.6585617797587
    ],
    "means_array": [
        [
            0.0,
            0.0,
            0.0,
            0.0,
            0.0
        ]
    ],
    "samples": [
        {
            "posterior": [
                -62.01771069179944,
                228.9247420340262,
                82.87011320142952,
                117.02929136784417,
                -151.81775697758673
            ]
        },
        {
            "posterior": [
                152.14303700309037,
                -118.20199199832544,
                163.87917767492053,
                -40.23667710691038,
                217.2262133194873
            ]
        },
        {
            "posterior": [
                56.43915420131947,
                10.447043434862877,
                73.70609101849604,
                -150.00442703357265,
                65.86963431467879
            ]
        },
        {
            "posterior": [
                86.99595477205725,
                -133.3231617652629,
                76.12946739755529,
                -105.17253177668549,
                53.13945890456887
            ]
        }
    ]
}