{
    "sampler": "Metro",
    "value": 15,
    "means_array": [
        [
            0.0,
            0.0,
            0.0,
            0.0,
            0.0,
            0.0,
            0.0,
            0.0,
            0.0,
            0.0,
            0.0,
            0.0,
            0.0,
            0.0,
            0.0
        ]
    ],
    "case": "Posterior Samples",
    "dim": 15,
    "samples": [
        [
            1.155377865228027,
            -1.3379944807927746,
            -0.8642984251751183,
            -1.4951097982512709,
            -0.3294716953015009,
            0.013248064178150137,
            -0.5545190671937816,
            -0.4621051475183007,
            0.06944960469373673,
            0.10014521215907313,
            0.8496514125336372,
            0.8291703864829905,
            1.0216973255663577,
            -1.1534370590098815,
            1.3556723969641826
        ],
        [
            -1.5171324384875513,
            -0.24464715824704497,
            1.7824131906719565,
            0.5299596825566575,
            1.5169135500744826,
            0.11989938204751605,
            1.6156327522945872,
            -0.5093696932041107,
            0.3179320786949798,
            0.8837379709906459,
            0.7968763339829377,
            0.7567758385303991,
            -0.6479825786958454,
            0.27908141947693976,
            0.25482116210522854
        ],
        [
            0.7856034197025434,
            -1.177254975062969,
            -0.26991480217951175,
            1.6139673856930592,
            0.09933059210499366,
            0.4468814392169589,
            -0.39208724572380704,
            -2.3245052652228573,
            -0.044886338935979264,
            -2.241050937973629,
            -0.5792989292372573,
            -1.1618592036050568,
            -0.4782167886564054,
            -1.390584344609337,
            -0.2795394450542641
        ],
        [
            -1.340727141415248,
            1.4031043128787708,
            1.0903777375411972,
            -0.7464303040813292,
            0.9286834853199002,
            0.7042773591622675,
            0.6614183517240606,
            -3.035438472067935,
            -2.406053439497032,
            0.03142374881035914,
            1.1430548747582594,
            -0.21520609059675178,
            -1.6289889799767776,
            1.5941679347706221,
            -1.0713293504342762
        ]
    ]
}