run_id,nu,sampler,wasserstein_distance,mmd_rff,r_hat,ess,runtime
2,0.5,HMC,779.7750746694499,0.020423338583133274,1.0142346197313585,1317.673074956769,4.378877401351929
2,1.0,HMC,2.917828696322686,0.0156498288274845,1.0028637034747037,1679.104311060906,1.8094863891601562
2,2.0,HMC,0.11478881978936334,0.009865713600614038,1.003677774114794,2331.0315958668093,1.2160534858703613
2,5.0,HMC,0.06516369662806348,0.02937035534004239,1.0006754586059912,3241.1596527966517,1.3503472805023193
2,10.0,HMC,0.014588585445137792,0.0053931181535757395,1.0012203313157932,3062.0605494382758,1.1910946369171143
2,30.0,HMC,0.020597462887317015,0.008972285031073685,1.001750091045983,3670.002134495114,1.2876062393188477
2,100.0,HMC,0.011890043204814401,0.003947531091718266,1.000723328394039,3570.3290215610014,1.2115437984466553
2,500.0,HMC,0.041661936157543676,0.017738850737427887,1.00053312840563,3332.3749539125233,1.2110764980316162
