run_id,nu,sampler,wasserstein_distance,mmd_rff,r_hat,ess,runtime
2,0.5,Metro,818.3039971769192,0.04621736218232576,1.0291524909158578,205.2998475664274,1.0395543575286865
2,1.0,Metro,2.6987576546652967,0.03879743018764051,1.0057125967504137,665.34799432154,1.4295847415924072
2,2.0,Metro,0.2073628481635738,0.02760106908461959,1.0026897178945253,1099.0398763354267,1.0318653583526611
2,5.0,Metro,0.03680658856621921,0.008860243700989184,1.0013379233380946,1109.0822875114582,1.0522480010986328
2,10.0,Metro,0.04477735901308098,0.020468217492664226,1.003464904319003,1572.2261737950462,1.3256480693817139
2,30.0,Metro,0.022234499397600235,0.008492683238010574,1.003500347419869,1896.5600686158166,1.027350902557373
2,100.0,Metro,0.04677580957826545,0.012513973895191741,1.0013761290558783,1864.949273309295,1.06357741355896
2,500.0,Metro,0.038976912905736905,0.013528555379625943,1.0013965068551707,1907.524645958835,1.3517234325408936
