run_id,nu,sampler,wasserstein_distance,mmd_rff,r_hat,ess,runtime
2,0.5,SMC,821.0305129359281,0.06512058214420546,1.028364851069929,2167.5168433080958,0.6957550048828125
2,1.0,SMC,2.1348023566487058,0.06642283194561736,1.031052432196764,1118.652858746457,0.7052357196807861
2,2.0,SMC,0.21516006784138772,0.09065298325083747,1.037049624284021,667.2737803408658,0.721818208694458
2,5.0,SMC,0.14140204240383986,0.08568286288587905,1.0375954718848066,417.24164275864695,0.729611873626709
2,10.0,SMC,0.14001860665450458,0.08786062150476569,1.0429452959868075,379.6557900729192,0.740405797958374
2,30.0,SMC,0.15038880851105954,0.09796422289706215,1.040499339998955,358.45706032169255,0.7323496341705322
2,100.0,SMC,0.14433426644620884,0.09304978707589638,1.0436545699553539,344.5877666688215,0.7313487529754639
2,500.0,SMC,0.1491308015912054,0.09806559335505988,1.0445082751590895,341.2253740423049,0.7420303821563721
