run_id,mu,sampler,wasserstein_distance,mmd_rff,swd_zscore,r_hat,ess,runtime
3,"(10, 10, 10, 10, 10, 20, 20, 20, 20, 20, 30, 30, 30, 30, 30, 40, 40, 40, 40, 40)",HMC,0.021070100136755854,0.018921808994082627,-1.0197741597224776,1.0020570719988486,6116.9557146961715,9.399347305297852
