{
    "sampler": "HMC",
    "value": 4,
    "means_array": [
        [
            0.0,
            0.0,
            0.0,
            0.0,
            0.0,
            0.0,
            0.0,
            0.0,
            0.0,
            0.0,
            0.0,
            0.0,
            0.0,
            0.0,
            0.0,
            0.0,
            0.0,
            0.0,
            0.0,
            0.0,
            0.0,
            0.0,
            0.0,
            0.0,
            0.0,
            0.0,
            0.0,
            0.0,
            0.0,
            0.0
        ]
    ],
    "case": "Posterior Samples",
    "dim": 30,
    "samples": [
        [
            -0.9289219481184677,
            1.727089178682011,
            0.36595037915496054,
            0.07625949882232785,
            1.7895117935528906,
            0.4622808300280446,
            0.16824035823358,
            -3.518759175185248,
            0.5459915418883435,
            -1.3104268413330962,
            1.476280448229404,
            -0.40905284463109043,
            -1.2318729006728222,
            0.5322959283968183,
            -0.14525656010559063,
            -0.10767763894132461,
            0.14577391721164443,
            1.600478594597308,
            1.5566583539477106,
            -1.4442556935064415,
            0.492583598329426,
            -2.5520654271520193,
            -2.564699760476802,
            0.2242831889868558,
            -1.011801939968611,
            -1.71021589521863,
            1.0466470811644741,
            -0.4184870452074773,
            -0.36884493186859507,
            -0.7190945631136181
        ],
        [
            0.9606424287882587,
            -0.7883753431390624,
            0.8593610743722677,
            0.39595408024605583,
            0.7910761261665067,
            1.6042220271898193,
            0.3389805316132258,
            1.1682488053957973,
            -0.9892850478011715,
            -0.3344597816815447,
            0.9922500614137535,
            -1.648742433643782,
            -0.8806350308975063,
            -0.5239887085090539,
            1.1442793561099622,
            -0.37173859428699585,
            -0.14809796556993346,
            0.09083636959923681,
            -0.2724220239988267,
            0.5705953939473963,
            -0.5196864662087287,
            -0.13676913991031933,
            -0.5322845468040889,
            0.47524141973167844,
            -1.8812092810496104,
            -0.29381947845279616,
            -0.8256699871702062,
            -2.3588835618924895,
            0.16548292108989385,
            -0.6527726617058829
        ],
        [
            -1.125490067214945,
            -0.45058955084710767,
            -1.100932074331082,
            0.5520991595007064,
            1.3222182423043065,
            0.6302057412010423,
            -1.1304125254430104,
            -0.6302577267618967,
            -0.30201633669715267,
            -0.680723885519501,
            1.3981150316247872,
            1.7412333370991797,
            -0.2482919045355039,
            -0.6722851776653255,
            -0.4334897927380335,
            -0.9681667233773465,
            -0.1155119815011108,
            0.8681252964424337,
            -0.5264429841910162,
            -0.2550082290412704,
            0.21313512707797883,
            0.40325061518338745,
            1.11727683241539,
            -1.17756893777941,
            -0.9699898724998949,
            -1.0107766272533838,
            -1.475368834213107,
            0.9476616540375732,
            1.0761215077241635,
            -2.831374819679035
        ],
        [
            0.5417296339077469,
            0.9935491578139226,
            0.40337175997257135,
            -0.15518977350466423,
            0.9291080557221952,
            -0.8674510609137761,
            -1.2317877825179158,
            1.6601944727803828,
            0.7340365294297861,
            -0.9569156386424185,
            -0.1282935300769422,
            0.7112059719023014,
            -0.08031703354200591,
            -0.05919523963659715,
            1.286113030592985,
            0.5976748298504803,
            -0.4551978691231545,
            1.4939923727187148,
            0.07161097553327944,
            -0.5075753726444165,
            -0.5995273801142682,
            -0.41433809553868894,
            -0.35780404568526913,
            -0.9908130185569778,
            0.07487766524474314,
            1.1841171235458618,
            -1.655652366099909,
            0.28758457884727984,
            0.47939190623811273,
            -0.30782800095874224
        ]
    ]
}