{
    "sampler": "HMC",
    "value": 10,
    "means_array": [
        [
            0.0,
            0.0
        ]
    ],
    "case": "Warmup Samples",
    "dim": 2,
    "samples": [
        [
            37.600411896705104,
            -8.89257721691309
        ],
        [
            -1.5459743475362773,
            -16.32382891407599
        ],
        [
            -0.5815877690008378,
            -5.5890479512394045
        ],
        [
            4.706507723885638,
            4.395791957546208
        ]
    ]
}