{
    "run_id": 1,
    "case": "multimodal",
    "dim": 1,
    "means_array": [
        [
            0
        ],
        [
            9
        ]
    ],
    "min_mode": [
        0
    ],
    "max_mode": [
        9
    ],
    "border": [
        20.0
    ],
    "low": [
        -25.548965418445462
    ],
    "high": [
        34.45103458155454
    ],
    "samples": [
        {
            "posterior": 3.2432012866853626
        }
    ]
}