{
    "sampler": "Metro",
    "value": 4,
    "means_array": [
        0
    ],
    "case": "Warmup Samples",
    "dim": 1,
    "samples": [
        -28.57897805812854,
        -27.023861986630223,
        26.494326549837368,
        -63.100467786642945
    ]
}