{
    "sampler": "HMC",
    "value": 5,
    "means_array": [
        0
    ],
    "case": "Warmup Samples",
    "dim": 1,
    "samples": [
        82.85904950049621,
        39.750090792035394,
        -76.26104883934197,
        57.63321941728653
    ]
}