{
    "sampler": "HMC",
    "value": 5,
    "means_array": [
        0
    ],
    "case": "Posterior Samples",
    "dim": 1,
    "samples": [
        1.8183733277649496,
        0.014253184613304567,
        -0.7969514079097884,
        1.2648482074531637
    ]
}