mode_means,sampler,wasserstein_distance,r_hat,ess,chain_seeds,mode_distance
"(0, 8)",Metro,0.4151743856474578,1.0170324564742066,211.13780210107782,"[749631, 709015, 606351, 310190]",8
"(0, 10)",Metro,0.5909980749945618,1.045595922192427,93.40628603732124,"[749631, 709015, 606351, 310190]",10
"(0, 15)",Metro,5.809071862707467,1.7377226054478698,6.131185288201331,"[749631, 709015, 606351, 310190]",15
"(0, 20)",Metro,7.883497562608828,1.7377226054478698,6.131185288201331,"[749631, 709015, 606351, 310190]",20
