mu,sampler,wasserstein_distance,r_hat,ess,runtime
"(10, -30)",HMC,8.812713052198358,1.00454161976476,860.8629800409591,4.704845666885376
"(20, 1000)",HMC,181.58609772716773,1.5490922385245993,7.354908346630759,4.441033601760864
