{
    "run_id": 1,
    "case": "multimodal",
    "dim": 2,
    "means_array": [
        [
            0,
            0
        ],
        [
            -5,
            -5
        ],
        [
            10,
            10
        ]
    ],
    "min_mode": [
        -5,
        -5
    ],
    "max_mode": [
        10,
        10
    ],
    "border": [
        3.75,
        3.75
    ],
    "low": [
        -8.75,
        -8.75
    ],
    "high": [
        13.75,
        13.75
    ],
    "samples": [
        {
            "posterior": [
                -1.1779270985654984,
                -3.9263179652220765
            ]
        },
        {
            "posterior": [
                0.2585423691577642,
                6.890466014335448
            ]
        },
        {
            "posterior": [
                2.523617472764533,
                10.261859908634431
            ]
        },
        {
            "posterior": [
                4.29783242316557,
                -5.673121023293325
            ]
        }
    ]
}