{
    "sampler": "HMC",
    "value": 0.5,
    "means_array": [
        [
            0.0,
            0.0
        ],
        [
            10,
            0
        ]
    ],
    "case": "Posterior Samples",
    "dim": 2,
    "samples": [
        [
            10.142972145977167,
            -1.2730580464777106
        ],
        [
            0.483409953822825,
            1.4817842021044265
        ],
        [
            10.802536899533889,
            0.017862593012717427
        ],
        [
            10.387399612661275,
            0.3530941053737517
        ]
    ]
}