mode_means,global_avg_ws,global_avg_ws_std,global_avg_rhat,global_avg_rhat_std,global_avg_ess,global_avg_ess_std
8,0.8704943022187226,,1.007266941324545,,73.45399102562439,
10,4.735217856289358,,1.007647360429999,,403.95326009837504,
15,2.5365081050599776,,1.1301233872875698,,32.70263934533314,
20,1.9913961366854445,,1.221036167776426,,35.64297539273524,
