mode_means,global_avg_ws,global_avg_ws_std,global_avg_rhat,global_avg_rhat_std,global_avg_ess,global_avg_ess_std
8,0.5796585916372466,,1.046215219125051,,71.1651192560058,
10,0.9364459193162484,,1.369872217541358,,8.81147236061645,
15,3.687485529939565,,1.5313616168374111,,7.173838794590317,
20,4.97999668117531,,1.5307400607086936,,7.211728135528734,
