{
    "sampler": "DEMetro_Z",
    "value": 4,
    "means_array": [
        [
            0.0,
            0.0
        ]
    ],
    "case": "Warmup Samples",
    "dim": 2,
    "samples": [
        [
            -20.52897900680219,
            14.066766696185267
        ],
        [
            29.713790419416537,
            -23.338954550972307
        ],
        [
            -36.30250898698721,
            5.667727773480496
        ],
        [
            42.41881215066898,
            17.048480692478478
        ]
    ]
}