{
    "sampler": "HMC",
    "value": 0,
    "means_array": [
        [
            -0.0,
            0.0,
            0.0,
            0.0,
            0.0,
            0.0,
            0.0,
            0.0,
            0.0,
            0.0,
            0.0,
            0.0,
            0.0,
            0.0,
            0.0,
            0.0,
            0.0,
            0.0,
            0.0,
            0.0,
            0.0,
            0.0,
            0.0,
            0.0,
            0.0,
            0.0,
            0.0,
            0.0,
            0.0,
            0.0
        ],
        [
            0.0,
            0.0,
            0.0,
            0.0,
            0.0,
            0.0,
            0.0,
            0.0,
            0.0,
            0.0,
            0.0,
            0.0,
            0.0,
            0.0,
            0.0,
            0.0,
            0.0,
            0.0,
            0.0,
            0.0,
            0.0,
            0.0,
            0.0,
            0.0,
            0.0,
            0.0,
            0.0,
            0.0,
            0.0,
            0.0
        ]
    ],
    "case": "Warmup Samples",
    "dim": 30,
    "samples": [
        [
            -45.378342734651746,
            75.24566205309806,
            -88.97571689887968,
            7.39624985147629,
            51.192322676970825,
            106.15435734651588,
            -67.8903579582121,
            -100.36126041952399,
            -15.797928105557988,
            -34.504625553781096,
            57.520808466106985,
            100.85614983246835,
            -24.031792643684152,
            53.427409173755734,
            14.859632736622867,
            -67.56407783633891,
            109.59825185309356,
            -2.439141605936102,
            57.823158571247916,
            19.373309857099443,
            28.92594699516937,
            -84.78282902795006,
            7.822153882163631,
            34.47173399196069,
            79.37465890703952,
            74.80673957372875,
            29.452147627062498,
            16.364181524338377,
            54.912547472829054,
            46.752356459371086
        ],
        [
            30.29601368503805,
            -55.708621878962234,
            76.42331040693149,
            71.99831590821674,
            5.555861655587044,
            -61.160127003257884,
            -50.09819404694461,
            -74.8273874425899,
            -66.4570770645832,
            2.4735662055513634,
            -83.49271824106674,
            64.50917101978708,
            -35.38184676368318,
            36.78120531253387,
            99.5100088371025,
            -75.17155020959082,
            -47.31673026328428,
            59.03539218639237,
            -67.96166483093748,
            79.17487504592872,
            -24.4824475897904,
            41.43642154235747,
            71.68806487992238,
            -77.87242698157839,
            -2.306545016947881,
            -39.1703367763634,
            17.01731678278294,
            -17.50273144530768,
            69.41295992797446,
            16.47932945305224
        ],
        [
            -44.217997265013935,
            37.99061270617784,
            -80.54829273124966,
            -79.98759012142361,
            -0.9193306867278606,
            133.83422999263976,
            -11.439264090388042,
            -6.868918060642807,
            52.38668941490742,
            4.619286106911607,
            -129.05038350572968,
            119.73451511740646,
            -15.630757420441537,
            -23.94672968050844,
            -21.772119013516274,
            -23.95492743546851,
            62.809899163795706,
            68.15046140099238,
            53.70148902809903,
            -89.77376233013591,
            -33.968129637903445,
            -12.539959759828452,
            -56.6936227118575,
            -56.091097162022265,
            59.57567544593168,
            -58.099693179152666,
            -17.918321411126577,
            -62.713027105300895,
            64.32932713152951,
            -47.53021714502012
        ],
        [
            -12.367198577223926,
            -60.97843412456208,
            47.42431135180541,
            83.34317801294961,
            12.969848794698901,
            126.47704900310396,
            -15.984717667335449,
            17.09797254510443,
            24.935662850323897,
            -100.31306476668729,
            113.65919668731821,
            -28.800045460192536,
            -30.031420182138373,
            15.814361990750074,
            -63.96022445938871,
            -61.12514198027468,
            -48.39095686359944,
            55.78963974461627,
            43.13795115816039,
            17.317882995325988,
            55.877516411901716,
            -28.427621831445123,
            -32.39269672141,
            56.40312094819142,
            -78.32953649507603,
            48.672662615292865,
            -43.788075507271,
            43.61460944933961,
            -36.723799320841486,
            18.711727896695805
        ]
    ]
}