{
    "sampler": "Metro",
    "value": 10,
    "means_array": [
        [
            10,
            10,
            10,
            10,
            10,
            20,
            20,
            20,
            20,
            20
        ]
    ],
    "case": "Posterior Samples",
    "dim": 10,
    "samples": [
        [
            9.918839068727408,
            11.594314369635496,
            8.989996404865849,
            11.821762340678646,
            9.761450355490052,
            19.183827439629546,
            19.42685503860719,
            19.526928110564846,
            20.376635905503115,
            21.56943389628263
        ],
        [
            8.980109242393645,
            9.735315701134269,
            11.714781473640105,
            10.25084228857651,
            8.674361573791376,
            19.13633256981853,
            19.707095628857765,
            18.865933335532283,
            18.152511095050276,
            20.308262212640695
        ],
        [
            11.31194511995414,
            10.41177236488284,
            9.281057076153747,
            11.413972001035377,
            10.701451890436626,
            20.863438869138278,
            17.510781369381363,
            19.989261302971123,
            18.83315316361143,
            20.309715613449047
        ],
        [
            10.97750031122156,
            9.775857847006135,
            11.441123602154954,
            9.356332442116006,
            10.86398353873525,
            18.832224205885613,
            18.920879397966456,
            20.199117411722632,
            20.001754890046108,
            19.607061922270915
        ]
    ]
}