{
    "run_id": 1,
    "case": "unimodal",
    "dim": 1,
    "low": [
        -36.32242970899291
    ],
    "high": [
        35.59112000493654
    ],
    "means_array": [
        [
            0
        ]
    ],
    "samples": [
        {
            "posterior": -9.5355951478837
        },
        {
            "posterior": 0.9693704361880364
        },
        {
            "posterior": 10.245246572671384
        },
        {
            "posterior": 25.618889590196318
        }
    ]
}