run_id,mu,sampler,wasserstein_distance,mmd_rff,r_hat,ess,runtime
62,"(0, 0, 0, 0, 0)",HMC,0.0351461255232319,0.022210429166136247,1.002207301270945,1611.0290299586054,1.8282630443572998
