run_id,mu,sampler,wasserstein_distance,mmd_rff,r_hat,ess,runtime
62,"(0, 0, 0, 0, 0)",Metro,0.06405046434209953,0.03603974139583915,1.0182757702359393,276.22955837332347,1.2920162677764893
