mu,global_median_wasserstein_distance,global_median_r_hat,global_median_ess,global_median_runtime,global_median_mmd_rff,global_q25_wasserstein_distance,global_q25_r_hat,global_q25_ess,global_q25_runtime,global_q25_mmd_rff,global_q75_wasserstein_distance,global_q75_r_hat,global_q75_ess,global_q75_runtime,global_q75_mmd_rff,ws_mcmc_mean,ws_iid_mean,ws_iid_std,mmd_rff_mcmc_mean,mmd_rff_iid_mean,mmd_rff_iid_std,ws_dist_glass_delta,mmd_rff_glass_delta
"(-8, 0)",0.9243794359395621,,,1.623065710067749,0.13419200123047867,0.6443717368861718,,,1.6155121326446533,0.09003742366654925,1.7542788445377258,,,1.6552784442901611,0.22015697876912213,1.2494890565320502,0.09860313910586677,0.03748550577579547,0.16782545424726977,0.012069427554553704,0.005604396603001166,30.702157903637374,27.791756673556687
