mu,global_avg_wasserstein_distance,global_avg_mmd_rff,global_avg_swd_zscore,global_avg_r_hat,global_avg_ess,global_avg_runtime,global_avg_wasserstein_distance_std,global_avg_mmd_rff_std,global_avg_swd_zscore_std,global_avg_r_hat_std,global_avg_ess_std,global_avg_runtime_std,ws_dist_cohens_d,ws_dist_glass_delta,mmd_rff_cohens_d,mmd_rff_glass_delta
"(-10, 10)",0.05353052337709872,0.03755858592781678,-3.8350627778354736,1.0091503727671074,941.0356043941641,2.907597382863363,0.017634787610018215,0.01562801666717032,4.30098379759295,0.0047566625021941795,21.6978170033191,0.2706655900938968,-1.2282514945805327,-3.8350627778354753,-0.26697773067863484,-0.7412225766324761
"(0, 0)",0.051589324063322034,0.03526586241199641,-0.2225926291778945,1.008336679783783,1010.20311312858,3.09989062945048,0.007304540166879577,0.006561192101011115,0.3563643114719394,0.0039718014408584084,8.495371853603602,1.0238175606613773,-0.29652729902569624,-0.22259262917789438,0.1647769534047593,0.20883103139453332
"(20, -20)",0.06753786910253061,0.048704924303382253,2.683632092936063,1.0082886269952305,903.3422572942169,2.9288337230682373,0.03036129268833559,0.02157730883071739,6.215005417464017,0.006276406470165503,127.95364635165882,0.08648350065719569,0.6029013483046969,2.6836320929360626,1.0897539440472932,3.1122777313163996
"(50, -50)",0.06622709800614911,0.045397692168530464,3.1762220598657227,1.0117425722452198,1006.7668663039075,2.91241717338562,0.008547122581787416,0.0063897718809382215,1.7472776784875619,0.0020224097718006618,130.88263450633727,0.3438133390189512,2.231200833553682,3.1762220598657227,2.634849133736188,4.544851129705547
