mode_means,global_avg_ws,global_avg_ws_std,global_avg_rhat,global_avg_rhat_std,global_avg_ess,global_avg_ess_std
"(-3, 3)",1.0710015082475854,1.2033258147806727,1.6624662979417963,0.07829654489959378,9.425708942978044,0.5290574542433469
"(-3, 5)",2.030834276611969,0.23844804358552651,1.610037656768776,0.04007836714780964,10.0357625907353,0.6663326536932584
"(-5, 3)",1.1127080308890682,0.9518003331381462,1.6720660914892989,0.0416228944276541,9.689716703719796,0.4612352978872424
