mode_means,global_avg_ws,global_avg_ws_std,global_avg_rhat,global_avg_rhat_std,global_avg_ess,global_avg_ess_std
"(-3, 3)",2.8656282743493007,0.9449242938551996,1.6826714305849664,0.710437632457077,13.824644726729675,8.964962253433763
"(-3, 5)",3.7894402134494127,0.4894315098702318,1.686282401030149,0.5897199440525149,11.089858222133032,4.864444568793278
"(-5, 3)",2.4928152008002242,1.666725812726818,1.413675487180436,0.20272039259048033,16.4021004670193,3.5854677417036203
