mu,mean_rmse_t_stat,mean_rmse_p_value,mean_rmse_paired_cohens_d
"(0, 0)",-1.7547529418227172,0.08986325810887105,-0.32037258969495086
