mu,mmd_rff_t_stat,mmd_rff_p_value,mmd_rff_paired_cohens_d
"(0, 0)",6.8047611274025375,1.7990604812434506e-07,1.2423737226375517
