circle_radius,global_median_wasserstein_distance,global_median_mmd_rff,global_median_r_hat,global_median_ess,global_median_runtime,global_q25_wasserstein_distance,global_q25_mmd_rff,global_q25_r_hat,global_q25_ess,global_q25_runtime,global_q75_wasserstein_distance,global_q75_mmd_rff,global_q75_r_hat,global_q75_ess,global_q75_runtime,ws_dist_glass_delta,mmd_rff_glass_delta
4,0.09552056899655671,0.023916928613740285,1.00111280424513,3775.35101739271,7.374652862548828,0.0850664979532817,0.022271212792769772,1.0007052365479576,3719.621883472,7.1924803256988525,0.11018939958979566,0.02399308564065739,1.0012256719079224,3781.94197420613,9.211326241493225,2.5000597951618255,0.09908966514697838
6,0.07847093742695926,0.01998970249537545,1.0002490265160056,3934.6145605571137,7.976530313491821,0.07832481573475553,0.01976283874513067,1.000069161335417,3706.56709877075,7.946267485618591,0.10181554731719301,0.021665351555866786,1.0002599489968358,3966.3283371922453,8.969226241111755,-1.266302747194087,-0.8876888331578103
8,0.14483737276871816,0.026082521660013545,1.0003609043487263,3706.953799025165,12.311448097229004,0.1200662424396911,0.024664682961578782,1.0003023922210121,3596.0727049869956,10.989050149917603,0.2036756999890843,0.026530626621236612,1.000361394294631,3803.2687487401263,15.500008821487427,3.4292825734693477,1.535375707103558
10,0.1168186632198922,0.020182304070426725,1.000093066640087,3648.933087478816,14.870323657989502,0.1083122924733841,0.01937074524979366,1.0000286050664684,3567.108646617011,13.390498757362366,0.13071024419330887,0.020648022401955214,1.0002156220964502,3703.570217762257,15.997722506523132,-1.439956608589796,-1.0409171043913568
12,0.186973464321655,0.02214855378647057,1.0008272573180679,3522.6763698132677,12.556517124176025,0.17567030624549568,0.020802965063822065,1.0005202586784785,3458.8581653426863,11.59442150592804,0.19792101882442142,0.022563669862560407,1.0008765973331855,3549.8013284035687,13.586304306983948,0.5325223009203335,0.6035669433242201
