circle_radius,global_median_wasserstein_distance,global_median_mmd_rff,global_median_r_hat,global_median_ess,global_median_runtime,global_q25_wasserstein_distance,global_q25_mmd_rff,global_q25_r_hat,global_q25_ess,global_q25_runtime,global_q75_wasserstein_distance,global_q75_mmd_rff,global_q75_r_hat,global_q75_ess,global_q75_runtime,ws_dist_glass_delta,mmd_rff_glass_delta
4,0.08998524364708803,0.025623524162096335,1.0047304376814505,1143.2571101525596,16.16583752632141,0.0860734401379795,0.024501369332600543,1.0036406335355654,1068.4350825683307,13.997771978378296,0.12132362716150988,0.02612106375392386,1.005924006896319,1154.7882027304681,18.07315230369568,3.2652126740160297,0.4660545175783796
6,0.3505630314126853,0.03846721475882668,1.0117530912197503,261.01090138042684,14.79190731048584,0.27380655612027816,0.03509916411037374,1.011349194735967,249.16209841389076,14.528959035873413,0.4141427287115284,0.04020457298735941,1.0158733779430968,270.74856534976624,15.804966926574707,6.5744943276271535,4.86065275313221
8,0.6750554960240597,0.056961252597545656,1.0560346717832723,54.633739771898945,17.63887882232666,0.6342544052054382,0.05605505323483369,1.0554498030502986,33.91986029404083,16.75164818763733,0.8189240490565901,0.05922696550916212,1.1423290504920147,61.933942839131674,17.65592932701111,28.771342357498906,11.336168116370825
10,1.1098711356233755,0.104361338128904,1.8726942386570924,5.789160620135531,20.36526131629944,1.0041426316110202,0.09067585719793719,1.6228654800463822,5.703478159671972,20.087510347366333,2.211517076120784,0.13272521103081464,1.8918524836168826,7.420847447116648,20.91841733455658,27.719783909856346,33.53860609991109
12,3.6066985533448275,0.2155897276066684,2.118015772884746,5.236683896695269,14.727540016174316,3.5973781227905457,0.21092153169709962,1.9764266019118235,5.15471307057087,13.95668375492096,3.669890744163106,0.22083768821766941,2.1918634401867987,5.519407133491303,15.74808645248413,78.11922011956302,140.37576192195203
