{
    "sampler": "DEMetro_Z",
    "value": 8,
    "means_array": [
        [
            -1.2489996118654334,
            0.0
        ],
        [
            1.2489996118654334,
            0.0
        ]
    ],
    "case": "Warmup Samples",
    "dim": 2,
    "samples": [
        [
            -20.661459662387294,
            -8.648926028507859
        ],
        [
            29.392674866117197,
            16.412505190438953
        ],
        [
            -5.490437089425531,
            -3.3741196241133338
        ],
        [
            -0.34596516626933616,
            5.8786802212589375
        ]
    ]
}