{
    "sampler": "DEMetro_Z",
    "value": 14,
    "means_array": [
        0,
        14
    ],
    "case": "Posterior Samples",
    "dim": 1,
    "samples": [
        0.3047356470652913,
        1.8239837932550549,
        1.5308290184367803,
        14.612717899453605
    ]
}