{
    "sampler": "HMC",
    "value": 0.95,
    "means_array": [
        [
            -0.9096901936559428,
            0.0,
            0.0,
            0.0,
            0.0,
            0.0,
            0.0,
            0.0,
            0.0,
            0.0,
            0.0,
            0.0,
            0.0,
            0.0,
            0.0,
            0.0,
            0.0,
            0.0,
            0.0,
            0.0,
            0.0,
            0.0,
            0.0,
            0.0,
            0.0,
            0.0,
            0.0,
            0.0,
            0.0,
            0.0
        ],
        [
            0.9096901936559428,
            0.0,
            0.0,
            0.0,
            0.0,
            0.0,
            0.0,
            0.0,
            0.0,
            0.0,
            0.0,
            0.0,
            0.0,
            0.0,
            0.0,
            0.0,
            0.0,
            0.0,
            0.0,
            0.0,
            0.0,
            0.0,
            0.0,
            0.0,
            0.0,
            0.0,
            0.0,
            0.0,
            0.0,
            0.0
        ]
    ],
    "case": "Posterior Samples",
    "dim": 30,
    "samples": [
        [
            0.08256038342545051,
            1.261855669791459,
            1.0796627354564028,
            0.9904235971041585,
            0.9711812716063379,
            1.022087788481655,
            0.9840917553669136,
            1.213810400960706,
            0.8613079721019652,
            0.9264454788687794,
            0.7631531425451323,
            0.8131536562096108,
            0.5493395216093361,
            0.7525216233769647,
            1.0281950723804925,
            1.0380285989008886,
            1.0361166035011649,
            0.889627332341779,
            0.7576232299483834,
            0.6389642184763165,
            1.1439128913218484,
            1.046906890341061,
            0.479567512898528,
            1.114773650805877,
            0.7422756915474986,
            0.5802186149781535,
            1.2750085211087783,
            1.22785064773348,
            0.4896223568084746,
            0.9986168402186822
        ],
        [
            0.870752551657746,
            -0.20766608002576406,
            -0.4391749599835749,
            -0.5342017878879319,
            -0.44903065895770744,
            -0.4821945977364126,
            -0.5275189888427672,
            -0.36042200720702733,
            -0.5195159745506553,
            -0.3234187208492334,
            -0.01874474605550243,
            -0.5951957338221717,
            -0.16209134436550932,
            0.3372690387856005,
            -0.17282950722459778,
            -0.36346811966232884,
            -0.28502534541882024,
            -0.6864842977467471,
            -0.1764120907609962,
            -0.1278946406913262,
            -0.18739156377110422,
            -0.39242596053452544,
            -0.5146006600766381,
            -0.3428862458112351,
            -0.030025798099503943,
            -0.025763047812069114,
            -0.05614039974678068,
            -0.22795546149163903,
            -0.1567556947952929,
            -0.19562960321010125
        ],
        [
            3.068862897121514,
            2.4434045368391066,
            1.2588064771061784,
            1.834813314200286,
            1.430511129610833,
            2.1389852007512773,
            1.7195315989320754,
            2.156482730420906,
            1.9689430135874113,
            1.581813227496342,
            1.6546130146544957,
            1.6750682212816943,
            2.0217192605975005,
            1.9239237140528591,
            1.746526508159415,
            2.3541601363883866,
            1.925271656520098,
            1.8558158689872726,
            1.7737670660947549,
            1.939121307572002,
            1.9955513953562898,
            2.088665106741414,
            2.131420370651758,
            1.7973658215846275,
            2.0072527196399705,
            2.0020157780409367,
            1.7870736091076702,
            1.5818245267441506,
            1.9018641267529932,
            2.080096212608035
        ],
        [
            0.9406985929561782,
            -0.26206008027125677,
            -0.46125061773749304,
            -0.429946450492863,
            -0.22720832221132653,
            -0.4149897448395529,
            -0.7081249052711532,
            -0.2574107153659083,
            -0.2091963290667921,
            -0.39813319584600765,
            -0.25475114593856235,
            -0.5574850605779404,
            -0.2849096750232969,
            -0.13829707863865773,
            -0.44917450676154397,
            -0.14189769078526773,
            -0.3558978633266005,
            -0.16322265737756114,
            -0.22665650600206647,
            -0.6044050358971995,
            -0.5546560643208872,
            -0.07347053123815683,
            -0.28714563435460566,
            -0.2694514721089842,
            -0.2892079921509884,
            -0.04660073739516384,
            -0.5131260469572028,
            -0.18589273176946738,
            -0.4634993269376654,
            -0.01898570850707294
        ]
    ]
}