run_id,mu,sampler,wasserstein_distance,mmd_rff,swd_zscore,r_hat,ess,runtime
20,0,DEMetro,0.3494153434789634,0.03290282170202407,2.218271917048986,1.0086423755814755,657.958197636088,3.5202386379241943
20,3,DEMetro,0.24543916005289676,0.03420052326967307,1.9624254566875268,1.0108274713302623,509.52357270266594,3.512291431427002
20,6,DEMetro,0.17691021337562762,0.019072267402907878,0.12001780929407421,1.0143715399901834,688.3802225911652,3.5669407844543457
20,10,DEMetro,0.36128843125724636,0.03549301176999764,2.496667239182243,1.0193430396224221,677.8811868515021,3.8533365726470947
