run_id,mu,sampler,wasserstein_distance,mmd_rff,r_hat,ess,runtime
17,"(0, 0, 0, 0, 0)",Metro,0.039941660086601306,0.027752271083436444,1.00636115817221,764.6807048139235,1.2864139080047607
