{
    "sampler": "HMC",
    "value": 4,
    "means_array": [
        0,
        4
    ],
    "case": "Warmup Samples",
    "dim": 1,
    "samples": [
        1.6235471495912044,
        7.867008273041023,
        4.841751468953301,
        4.138192490267915
    ]
}