{
    "sampler": "Metro",
    "value": 0.0,
    "means_array": [
        [
            0.0,
            0.0
        ]
    ],
    "case": "Warmup Samples",
    "dim": 2,
    "samples": [
        [
            146.08617275059154,
            0.04892374838372082
        ],
        [
            -132.10613228442492,
            56.41430749670735
        ],
        [
            45.27046083298444,
            -118.45586588567099
        ],
        [
            -144.32176482770294,
            37.39505248295421
        ]
    ]
}