run_id,mu,sampler,wasserstein_distance,mmd_rff,r_hat,ess,runtime
61,"(10, 10)",SMC,0.10674215839148865,0.02227207763253885,1.0003776528474304,3716.786355702906,2.6801140308380127
61,"(2, 2)",SMC,0.07412020941992403,0.0216569514197772,1.00097135619739,3902.9624406285684,2.16007661819458
61,"(20, 20)",SMC,0.19860257565013942,0.025840680890955474,0.9999661101737363,3971.6967877950506,3.8366994857788086
61,"(40, 40)",SMC,0.4603559753781897,0.016156666985640073,1.0003423850434152,3197.0406968709913,3.5081424713134766
61,"(5, 5)",SMC,0.14938489534461286,0.020029240195490978,1.0000924213337252,3808.4327011964406,3.9714908599853516
