{
    "sampler": "DEMetro_Z",
    "value": 30,
    "means_array": [
        [
            0.0,
            0.0,
            0.0,
            0.0,
            0.0,
            0.0,
            0.0,
            0.0,
            0.0,
            0.0,
            0.0,
            0.0,
            0.0,
            0.0,
            0.0,
            0.0,
            0.0,
            0.0,
            0.0,
            0.0,
            0.0,
            0.0,
            0.0,
            0.0,
            0.0,
            0.0,
            0.0,
            0.0,
            0.0,
            0.0
        ]
    ],
    "case": "Warmup Samples",
    "dim": 30,
    "samples": [
        [
            29.80453239782619,
            79.69034715884713,
            65.48453728250814,
            69.63693286650056,
            93.7458792901106,
            89.29523377484445,
            18.769136827865573,
            0.9089229645745237,
            -86.73443980394472,
            -9.741007828351249,
            -9.461707609210357,
            33.817259129610086,
            34.420625204379675,
            -45.95862394054702,
            13.56490470548621,
            67.37582128483,
            66.21842873581942,
            65.1101705451631,
            -73.76037914062293,
            73.48205370776023,
            -61.08921022070602,
            -33.1661164407522,
            96.56103606767161,
            -16.44789132541643,
            -70.0007204255598,
            -97.7990877549933,
            -98.34504032225244,
            -54.599275881755844,
            1.8109333485606385,
            -24.257963132545974
        ],
        [
            5.985468102246737,
            12.262356658051747,
            80.83114072993504,
            43.22879607243453,
            -22.571596808111178,
            -31.559379897078575,
            37.71828895590363,
            72.13269342060438,
            95.53248710556117,
            72.7167255637893,
            54.822730088392326,
            -31.590537936772048,
            67.25728614029414,
            -46.750312783856074,
            -79.6950276917669,
            -53.51949953927727,
            -25.540225574929416,
            55.81317090180664,
            53.24408482516651,
            -55.61575166793552,
            -77.48622596773883,
            7.966774053455355,
            76.38005133312616,
            -19.40449467226495,
            2.117337272204246,
            70.83729360393684,
            -26.827104447742208,
            37.42902408554485,
            -68.60575178937181,
            -97.94469561408386
        ],
        [
            -48.280664042097754,
            54.205913390561236,
            -78.07575802333996,
            84.38965939448858,
            -32.92855972235393,
            -45.81611019043464,
            -83.078802229088,
            -60.89856100527576,
            50.35511164398428,
            55.05687731824579,
            -66.13418935279016,
            68.86975398710372,
            84.88730194765722,
            3.416115208458583,
            46.853753533421234,
            59.99239123357973,
            70.86761687512582,
            3.2997435686914858,
            -97.68959526450983,
            34.242949887489964,
            85.94843556912258,
            6.275571594909417,
            -74.56769808828307,
            55.07241876973707,
            -84.82336457268586,
            -30.484981639871194,
            89.00124720256247,
            -79.3345275763934,
            57.08210700146605,
            -44.27638495992873
        ],
        [
            -62.563986140236544,
            -64.26860074337648,
            90.66199214202989,
            53.75285642532891,
            11.937190248721642,
            73.47888915830846,
            -69.69325733007173,
            85.79608904027705,
            -97.86906751358129,
            -58.18419554108242,
            96.48278311306035,
            1.718478081443099,
            41.254212563675736,
            -5.163419417564985,
            40.61562977189862,
            -32.824324194300466,
            21.019163101094495,
            25.694502108595074,
            2.3398220672257897,
            -66.13834842855594,
            97.4351084545798,
            -11.631754096709928,
            31.10130002328062,
            99.02102731252553,
            61.947769258275436,
            47.31758789895793,
            -90.02582353392643,
            -41.29211021451882,
            -14.121331858607824,
            -30.143670466995243
        ]
    ]
}