{
    "sampler": "Metro",
    "value": 8,
    "means_array": [
        0,
        8
    ],
    "case": "Warmup Samples",
    "dim": 1,
    "samples": [
        -5.184870454994909,
        11.465447086560719,
        1.2629717866559207,
        16.00377307542753
    ]
}