{
    "sampler": "Metro",
    "value": 3,
    "means_array": [
        [
            0.0,
            0.0
        ],
        [
            16,
            0
        ]
    ],
    "case": "Warmup Samples",
    "dim": 2,
    "samples": [
        [
            30.832784650873517,
            -34.84730874169156
        ],
        [
            18.910250139978963,
            33.69846145838306
        ],
        [
            -18.921490839871574,
            -32.23686894032523
        ],
        [
            -33.06053541586305,
            -31.18155256945398
        ]
    ]
}