mu,global_avg_wasserstein_distance,global_avg_mmd_rff,global_avg_swd_zscore,global_avg_r_hat,global_avg_ess,global_avg_runtime,global_avg_wasserstein_distance_std,global_avg_mmd_rff_std,global_avg_swd_zscore_std,global_avg_r_hat_std,global_avg_ess_std,global_avg_runtime_std,ws_dist_cohens_d,ws_dist_glass_delta,mmd_rff_cohens_d,mmd_rff_glass_delta
"(-10, 20, -30)",0.12831278676262617,0.09814922013421908,5.682646408825533,1.1802590137776283,57.0982044169308,3.2217418352762857,0.035208461035043694,0.02026599034150061,2.9628511986032553,0.11275424603571607,64.48060610583542,1.3715068045860859,2.5699803057481843,5.68264640882553,2.947836827323558,3.7394921852649894
"(-5, 0, 5)",0.24064140275479154,0.16059857938299127,14.811564903382424,1.1907039014334488,49.393928804147585,3.8594230810801187,0.06895434784593388,0.03661478274027567,5.496345920479253,0.2130053011838167,42.0692264230229,2.8335263391444614,3.7494737929091557,14.81156490338242,4.661789353238725,26.8828177420801
"(0, 0, 0)",0.24709323952340467,0.1519197465426091,14.146676307722922,1.1164278970641617,40.97747944994947,3.8723998069763184,0.06675636694938619,0.03889207225544527,4.764092202456428,0.04636597020396107,23.510246619884242,2.9444631880634398,4.109856223028786,14.146676307722926,4.264780558856061,22.636689204381867
"(50, -50, 100)",0.17754224218748094,0.10154958935681595,61.00653464629469,1.1050606185325966,56.540653524001236,3.2688020865122476,0.06817411025378592,0.026577695975996598,32.508882137796775,0.034727949077550155,38.34920349151553,1.139268566378449,2.652674390539609,61.006534646294696,3.5122005040436615,11.119289223136276
