run_id,mu,sampler,wasserstein_distance,mmd_rff,r_hat,ess,runtime
22,8,HMC,0.6123175387837647,0.080102578551214,1.2786641167252832,10.806766155810383,1.8439841270446777
22,10,HMC,4.55337445522116,0.49190376417130477,1.5290235512033061,7.223150273430153,1.5408380031585693
22,12,HMC,2.4982379080966237,0.2176567245920054,1.7344786638003624,6.083394961734689,1.5117735862731934
22,14,HMC,9.81914995896272,0.724136627045482,1.0009042165097688,3526.731991009141,1.5372331142425537
22,16,HMC,0.909413161261508,0.06001585058760914,1.5291055979968446,7.149340518197195,1.7831077575683594
22,18,HMC,7.8877659760156416,0.45389035888243284,1.5290292245774573,7.19413853961072,1.5269536972045898
22,20,HMC,9.00649768031777,0.46421341713025543,1.5301301511987073,7.166116205415032,1.5504968166351318
22,22,HMC,1.1379345530067557,0.059810040914640906,1.5284592032734365,7.155791476814844,1.7832107543945312
22,40,HMC,7.981756461725745,0.21199023159752534,1.7334007212562215,6.098057281941613,1.7703423500061035
