mu,sampler,wasserstein_distance,r_hat,ess,runtime
"(-10, 20, -30)",HMC,0.007667659892929053,1.0022003591885713,7535.551426327784,15.906648397445679
"(-5, 0, 5)",HMC,0.008340205157176156,1.0014480456750572,8330.153659191628,15.894231796264648
"(0, 0, 0)",HMC,0.005686356343855598,1.002057897444345,8029.205000278396,14.870907545089722
"(50, -50, 100)",HMC,0.008225987024619241,1.0031801867732768,7467.553317038989,15.59769868850708
