mu,sampler,wasserstein_distance,r_hat,ess,runtime
"(-10, 20, -30)",Metro,0.03084607482121437,1.0255185036815884,629.7398642702838,7.431708097457886
"(-5, 0, 5)",Metro,0.013423246955333017,1.0255185036815884,629.7398642702838,7.3826823234558105
"(0, 0, 0)",Metro,0.02830687993912731,1.0255185036815884,629.7398642702838,6.788763046264648
"(50, -50, 100)",Metro,0.028931782177833786,1.0255185036815884,629.7398642702838,7.581786394119263
