std_of_modes,global_avg_ws,global_avg_ws_std,global_avg_rhat,global_avg_rhat_std,global_avg_ess,global_avg_ess_std
1,1.5008933425667348,1.1436223321618912,3.1512659378039904,0.5381131739636618,7.437186616021349,0.3256484197818791
2,2.2793894730167787,0.3023588746810365,2.384117673048984,0.7669311663605397,9.03337119458751,2.3059826448441805
3,1.3955324384558825,0.9547654314092534,1.594467288662968,0.44490187018742083,11.57107084651108,3.6785038223333855
