mu,ws_t_stat,ws_p_value,ws_paired_cohens_d
"(4.618802, 0.0)",5.995349728511452,1.613243240923533e-06,1.0945960954793985
