{
    "sampler": "DEMetro_Z",
    "value": 15,
    "means_array": [
        [
            0.0,
            0.0,
            0.0,
            0.0,
            0.0,
            0.0,
            0.0,
            0.0,
            0.0,
            0.0,
            0.0,
            0.0,
            0.0,
            0.0,
            0.0
        ]
    ],
    "case": "Warmup Samples",
    "dim": 15,
    "samples": [
        [
            -5.755145227828175,
            12.842207482219068,
            -11.293600385989123,
            -27.675379123058235,
            -29.793688600306364,
            -28.869622283290827,
            -27.019754079678616,
            -21.41905805683485,
            -18.638708263562375,
            -18.540884523279278,
            -1.411679222110454,
            9.068072935637637,
            -1.6929948196350795,
            18.124718202173796,
            -23.922738092361563
        ],
        [
            -15.822916574896224,
            -4.708410451518112,
            -2.2186418042441187,
            -20.040296260751287,
            -25.03431688494102,
            -5.823718006590245,
            8.750670846078297,
            23.83804409347642,
            -7.090962564507679,
            -8.46440615415478,
            -5.77936828810725,
            -2.987005777382162,
            12.628391561927003,
            6.738550210967442,
            -9.052597486885016
        ],
        [
            11.42947759802563,
            -1.4530352018770047,
            -12.92856028445309,
            -25.129124680192614,
            18.541777104208435,
            -10.222186543189114,
            2.4560688871152814,
            -1.320235174985522,
            21.74000492856801,
            -0.3164064896891437,
            -10.68476217055182,
            -24.085497352882047,
            25.84817136935308,
            12.159994894615693,
            -10.304583825651642
        ],
        [
            -27.329472759301936,
            -23.953173953211067,
            -12.558541316794832,
            -2.43628502071853,
            19.345358396912477,
            6.370038146085011,
            11.248250667380333,
            26.738854853318728,
            -9.26325654113312,
            -9.224399013126286,
            23.575845891703693,
            -5.173735153302015,
            5.007389728971187,
            -15.070590099060912,
            14.056464873710777
        ]
    ]
}