{
    "sampler": "Metro",
    "value": [
        10,
        -10
    ],
    "means_array": [
        [
            0,
            0
        ],
        [
            10,
            -10
        ]
    ],
    "case": "Posterior Samples",
    "dim": 2,
    "samples": [
        [
            -0.5549203296752845,
            -1.3989178702622842
        ],
        [
            10.32694100342849,
            -9.261759242004432
        ],
        [
            1.3059946101387805,
            -0.08951923720333266
        ],
        [
            10.56966382908025,
            -9.588600208139686
        ],
        [
            11.302964017940354,
            -10.962497742191172
        ],
        [
            9.166994377726095,
            -14.238459943562484
        ]
    ]
}