{
    "run_id": 1,
    "case": "unimodal",
    "dim": 30,
    "low": [
        -259.984459639834,
        -169.90812646556637,
        -187.1905587386036,
        -128.79468963104665,
        -135.2268864492049,
        -121.23289863797648,
        -111.76679960924129,
        -167.05357203526398,
        -242.97997487072755,
        -217.7428538902181,
        -117.27198754308009,
        -109.02325483866339,
        -121.19421780181693,
        -142.8471332978966,
        -128.44473978511468,
        -135.03565025539422,
        -108.7785114919784,
        -161.37905822688393,
        -113.20400050928347,
        -117.78353868424995,
        -170.82898235985266,
        -118.50607336418615,
        -116.01705381992923,
        -102.05387549385273,
        -229.65947754118773,
        -260.485951680816,
        -137.89710791679448,
        -270.7092180045106,
        -128.96869653432432,
        -172.21723299479365
    ],
    "high": [
        202.73257775903528,
        157.88952425963504,
        158.62931798041433,
        194.40099003939727,
        127.57331239306049,
        169.41478922535214,
        113.17113682957608,
        177.93058927763252,
        268.6010889809787,
        291.6013816564543,
        99.18365488270447,
        107.39586909498931,
        135.0079307636924,
        122.83853043985108,
        127.79897275446265,
        128.81433389746996,
        105.41837787093488,
        122.23238720632449,
        102.67068870664275,
        108.83164227022995,
        271.6430936517344,
        160.95106336269134,
        102.26711435614946,
        95.85869048800532,
        180.04000161257767,
        317.9929824150059,
        154.8661988452473,
        216.7776773828001,
        152.02460491578927,
        202.47313861373465
    ],
    "means_array": [
        [
            0.0,
            0.0,
            0.0,
            0.0,
            0.0,
            0.0,
            0.0,
            0.0,
            0.0,
            0.0,
            0.0,
            0.0,
            0.0,
            0.0,
            0.0,
            0.0,
            0.0,
            0.0,
            0.0,
            0.0,
            0.0,
            0.0,
            0.0,
            0.0,
            0.0,
            0.0,
            0.0,
            0.0,
            0.0,
            0.0
        ]
    ],
    "samples": [
        {
            "posterior": [
                195.67935662198443,
                -90.60294115675154,
                117.48344390242869,
                -69.75094241127428,
                -108.06054270946652,
                146.2784341969964,
                -5.578053199354827,
                102.63513925062193,
                -56.819351963823436,
                -40.50772243880331,
                -5.999992456829332,
                -89.8968565203302,
                -59.33027260433043,
                100.73842695995765,
                107.15327299862605,
                -105.75708181334416,
                -15.722660819897413,
                -118.39163192484548,
                -34.68830693406882,
                -69.78017138018082,
                -133.9405768677633,
                -61.28276808318953,
                40.12995714263107,
                51.67567644960596,
                170.7818522020584,
                59.272215645147526,
                36.868038770750786,
                -256.0594163357414,
                16.90112949848205,
                -151.37296105153354
            ]
        }
    ]
}