{
    "sampler": "Metro",
    "value": 0.0,
    "means_array": [
        [
            0.0,
            0.0,
            0.0,
            0.0,
            0.0,
            0.0,
            0.0,
            0.0,
            0.0,
            0.0,
            0.0,
            0.0,
            0.0,
            0.0,
            0.0,
            0.0,
            0.0,
            0.0,
            0.0,
            0.0,
            0.0,
            0.0,
            0.0,
            0.0,
            0.0,
            0.0,
            0.0,
            0.0,
            0.0,
            0.0
        ]
    ],
    "case": "Warmup Samples",
    "dim": 30,
    "samples": [
        [
            -23.7570586683621,
            22.76158359975996,
            14.896742750611418,
            -1.973278112195974,
            8.098077175293449,
            -0.4796495221475306,
            7.932639753624169,
            -0.788235636336734,
            -25.395807387741606,
            22.16996813316332,
            9.986570478887813,
            -5.072044266226936,
            24.777999812422298,
            15.979116243462801,
            23.51888608962456,
            -24.482184711259382,
            29.97359593429189,
            -23.40289139421654,
            16.470721129757763,
            15.612653886196878,
            -9.303150676796879,
            -24.014887366367073,
            -24.23736760365927,
            26.765007220462707,
            14.803319525763868,
            -8.513854658674678,
            0.4464075366733369,
            5.02417919537838,
            15.902744588342408,
            -15.068817119700263
        ],
        [
            25.97800496808746,
            -17.521037680557015,
            -11.54815288563457,
            -29.858461678408716,
            -0.48636706090158555,
            -2.268361786463229,
            -17.891421746824086,
            -19.773063444438172,
            28.448981672923615,
            22.06761069886932,
            2.5563265849846317,
            25.75402545567412,
            10.321914334169204,
            -21.876603454292894,
            -2.4027147701511566,
            -10.302279009879467,
            -22.644085673799026,
            11.114229983278204,
            -25.87722881280424,
            7.05806794638373,
            -5.330412748883897,
            -0.06192617913889287,
            4.467871301041453,
            12.842393582627984,
            27.143587047406605,
            -24.808974093772683,
            29.94348443208184,
            -24.37805976381687,
            16.442927397695016,
            -17.641654812353245
        ],
        [
            -19.096683745632234,
            -26.297485668583032,
            8.417687113387771,
            -20.5234233087019,
            14.606369805546962,
            -18.27901869169399,
            24.511766809402044,
            -2.576831145540151,
            -8.827539393546802,
            27.62263261816324,
            -28.879994984256914,
            2.1870127278859144,
            7.2292588457081255,
            19.406006324590784,
            -20.818898997261602,
            -4.5709267726346425,
            -15.303987722769342,
            4.470645513279305,
            24.71776118279189,
            -0.4608534285237873,
            7.633140921431938,
            -7.16564414073385,
            11.777743834856045,
            9.490651573577487,
            -5.113734482755897,
            -14.786308364432438,
            4.651063971280024,
            19.48076094372353,
            27.314214237076925,
            25.901767188998324
        ],
        [
            -11.590973014649702,
            -3.9157049708854212,
            -16.358180487486504,
            -5.497095444513145,
            -9.352876408714007,
            -15.083077762579116,
            22.20371021576614,
            -29.11184533026,
            29.36531850366071,
            20.94290156379582,
            -2.215720965218928,
            -1.7484224912177841,
            7.686594247109892,
            15.622326097651733,
            -13.766835098648084,
            -16.643762037651385,
            8.824557043438146,
            23.461371179662244,
            -3.9348393006676083,
            10.99439423055771,
            6.478873916072743,
            -19.526865833233366,
            -4.134794604527836,
            21.410771083949584,
            14.386272899967784,
            -5.114163721587122,
            -23.32688620605007,
            7.893544039319122,
            11.145309287347176,
            23.52136997733648
        ]
    ]
}