alpha,sampler,wasserstein_distance,reference_swd,relative_swd,swd_zscore,r_hat,ess,runtime
2,Metro,10.156569005350862,12.128449846079683,-1.9718808407288204,-0.23781826032332481,1.032666186352092,97.35895007260079,3.1933019161224365
