run_id,mu,sampler,wasserstein_distance,mmd_rff,r_hat,ess,runtime
56,"(10, 10)",Metro,1.3242344503617394,0.12751707430505965,1.9488506043595846,5.575512822585176,2.5903069972991943
56,"(2, 2)",Metro,1.0216222209326538,0.1491763097062397,1.434968149473817,8.282084831724232,2.5360348224639893
56,"(20, 20)",Metro,13.24952507740765,0.46714225438246715,1.0087939872437182,868.125825378069,2.5824341773986816
56,"(40, 40)",Metro,5.763060046849968,0.12111329770360654,1.9080545822670176,5.684969429305474,2.6193604469299316
56,"(5, 5)",Metro,1.3767804694799544,0.16389063800055004,1.7870653953200166,6.0623040786796265,2.272459030151367
