run_id,mu,sampler,wasserstein_distance,mmd_rff,r_hat,ess,runtime
64,"(10, 10)",SMC,0.058092539840888066,0.015373611127648063,1.0005543153188137,3914.490012099557,4.386427640914917
64,"(2, 2)",SMC,0.04655227239203841,0.01991613484068075,1.001319319748838,3695.038063007528,3.9987401962280273
64,"(20, 20)",SMC,0.09850375616622534,0.019818436342145945,1.0006711261059,3955.055317491911,2.7216920852661133
64,"(40, 40)",SMC,0.2513443756575815,0.02083130341046464,1.0000314779633461,3324.8015813547004,5.191889524459839
64,"(5, 5)",SMC,0.13291786246859014,0.02360954146440703,1.0002590757615033,3812.8952539547436,2.246990919113159
