mu,ws_t_stat,ws_p_value,ws_paired_cohens_d
"(0, 0)",6.15215740005027,0.025417737695531278,3.551949731015972
