mu,mean_rmse_t_stat,mean_rmse_p_value,mean_rmse_paired_cohens_d
"(0, 0)",6.950305150229476,0.020079647585042004,4.012760549435031
