mu,mmd_rff_t_stat,mmd_rff_p_value,mmd_rff_paired_cohens_d
"(0, 0)",3.404723330788608,0.07649789044266456,1.9657179315470021
