mu,mmd_rff_t_stat,mmd_rff_p_value,mmd_rff_paired_cohens_d
"(0, 0)",3.566252270012802,0.07042299665917952,2.058976708090005
