mu,var_rmse_t_stat,var_rmse_p_value,var_rmse_paired_cohens_d
"(0, 0)",-1.0749599694686012,0.3948604747785165,-0.6206284277407688
