mu,var_rmse_t_stat,var_rmse_p_value,var_rmse_paired_cohens_d
"(0, 0)",-2.058404310509654,0.17578251174200388,-1.1884202827738348
