{
    "run_id": 1,
    "case": "unimodal",
    "dim": 1,
    "low": [
        -100
    ],
    "high": [
        100
    ],
    "means_array": [
        [
            0
        ]
    ],
    "samples": [
        {
            "posterior": 63.212185827847804
        },
        {
            "posterior": 96.67540262319133
        },
        {
            "posterior": 0.44711912217800887
        },
        {
            "posterior": -89.79561442561621
        }
    ]
}