run_id,dimension_corr,sampler,wasserstein_distance,mmd_rff,r_hat,ess,runtime
21,2,HMC,0.015780667023462716,0.009444830886142237,1.0015267641347039,2150.0498530360233,2.466388702392578
21,5,HMC,0.030923003615363254,0.01979741372525499,1.0031410566079988,1366.451773519494,2.6751999855041504
21,10,HMC,0.020525922998683024,0.017789780488758053,1.0029875328041882,770.7629142643326,2.835353136062622
21,15,HMC,0.031080598267385948,0.02254791638730931,1.014016684954206,452.2005333544371,2.952479362487793
21,20,HMC,0.05955631929282573,0.026740561698409063,1.0209676975141526,185.23301465994751,3.03137469291687
