dimension,ws_t_stat,ws_p_value,ws_paired_cohens_d
2,3.0220947923951154,0.011612169225508036,0.8724036209529431
5,-2.0149352101822675,0.06901368547971161,-0.5816616929991937
10,-6.668961115873868,3.520032430082582e-05,-1.9251632477324625
15,-23.08128896622329,1.1431917692117553e-10,-6.662994198946278
30,-11.185056961633446,2.3885449483402924e-07,-3.228847823850184
