dimension,mean_rmse_t_stat,mean_rmse_p_value,mean_rmse_paired_cohens_d
2,1.2657304498041264,0.23176098486926658,0.36538490795795925
5,-2.0811582011622156,0.06157476484319843,-0.6007786238336013
10,-4.14291345245657,0.0016359526013507,-1.1959560985025615
15,-7.01215166301179,2.2339129016478383e-05,-2.0242338251191696
30,-10.65584401476511,3.904857189592781e-07,-3.07607720518365
