dimension,mmd_rff_t_stat,mmd_rff_p_value,mmd_rff_paired_cohens_d
2,1.7677590846415958,0.10479127355121588,0.5103080916901159
5,-8.234724805832345,4.956652783979298e-06,-2.3771602916748966
10,-24.044744094723402,7.349612115102751e-11,-6.941119737842111
15,-5.93648980243756,9.781263399203784e-05,-1.713716992739397
30,-4.139291266967104,0.0016460139926360803,-1.1949104636188623
