{
    "sampler": "HMC",
    "value": 6,
    "means_array": [
        0
    ],
    "case": "Posterior Samples",
    "dim": 1,
    "samples": [
        1.0160235437559,
        2.118774474637669,
        1.0499016434893491,
        2.2222150688798745
    ]
}