mu,ws_t_stat,ws_p_value,ws_paired_cohens_d
"(4.618802, 0.0)",5.507350824700717,6.1993530183270385e-06,1.0055000929277542
