{
    "sampler": "Metro",
    "value": 0.99,
    "means_array": [
        [
            0.0,
            0.0,
            0.0,
            0.0,
            0.0,
            0.0,
            0.0,
            0.0,
            0.0,
            0.0,
            0.0,
            0.0,
            0.0,
            0.0,
            0.0,
            0.0,
            0.0,
            0.0,
            0.0,
            0.0,
            0.0,
            0.0,
            0.0,
            0.0,
            0.0,
            0.0,
            0.0,
            0.0,
            0.0,
            0.0
        ]
    ],
    "case": "Warmup Samples",
    "dim": 30,
    "samples": [
        [
            1.883963312763536,
            45.276730704025184,
            -61.71621979035427,
            -68.72222886064367,
            6.602572620142014,
            64.52940649801702,
            -7.982996109740585,
            -96.72073076277034,
            -42.385294947132536,
            65.50447601687826,
            36.567149755160806,
            17.44911303385693,
            -40.18271871521865,
            37.5380118192851,
            -31.574937661400682,
            -71.4301421427808,
            3.582463186936934,
            45.66280874580746,
            73.41570567651085,
            33.66634350679355,
            6.525207547337328,
            66.18098026535921,
            79.31363434114078,
            18.287097128992908,
            94.18117612161063,
            65.32117974893023,
            6.3414110037417055,
            -84.63648239312249,
            5.143843800199952,
            20.431246288014073
        ],
        [
            -53.00529772023793,
            -48.816302180513595,
            77.06286482672063,
            0.7237758474837792,
            -41.77125369262881,
            -12.51702672489837,
            -58.46477468392144,
            -89.26794998347764,
            96.25335732136512,
            -24.44635479718216,
            87.79527526326993,
            -83.32753003413507,
            19.792355597999645,
            61.10447163743048,
            -53.503754319464065,
            98.23221320167212,
            -20.26271178786947,
            86.74270229375333,
            56.97005856591032,
            -35.44784389686643,
            17.29124471469281,
            53.57207543954925,
            10.418912365543388,
            -27.08685019093116,
            83.61450392774532,
            62.34685229052915,
            56.73137461495635,
            -36.26720081903237,
            -54.712708729775024,
            -50.917945781896044
        ],
        [
            60.48392248297569,
            71.1213183993575,
            2.1450583250786166,
            -45.36985224673869,
            60.908140946558085,
            8.954116662965673,
            -25.291276178709712,
            44.500342182387534,
            -91.45218156537426,
            7.853777925581507,
            25.153141839470134,
            97.3113818830736,
            -37.375784800955174,
            -89.07419625258271,
            35.34294649393829,
            -5.626354505986661,
            -2.7161763356412663,
            81.47167791054669,
            -11.101745644548437,
            -82.65108548877573,
            70.75338578249416,
            10.847134205957161,
            -5.629187280735412,
            81.7687792265507,
            84.04318895003216,
            -19.817554201137312,
            28.081698174784233,
            27.90567942070621,
            79.08250468575682,
            23.392618509162677
        ],
        [
            -19.33050449322995,
            71.74192101704318,
            53.72055826990055,
            40.688061138105894,
            31.506258853061304,
            -20.53903627079336,
            38.25675721900882,
            36.877996700002214,
            28.162784254977197,
            -46.92850760981952,
            41.43888453933545,
            -46.44535312394502,
            57.75453849837289,
            74.55022840389259,
            -72.64032775181789,
            78.37509210021501,
            -37.10990663991435,
            96.95741894507088,
            94.67616390493868,
            -26.421818003924283,
            -12.994180250193999,
            52.99036953111664,
            5.620430076005071,
            -12.33966598930608,
            44.77600090247055,
            64.10698730097349,
            -68.26852317534865,
            80.297533630441,
            44.727031333970345,
            -100.81531427400361
        ]
    ]
}