{
    "sampler": "HMC",
    "value": 30,
    "means_array": [
        [
            0.0,
            0.0,
            0.0,
            0.0,
            0.0,
            0.0,
            0.0,
            0.0,
            0.0,
            0.0,
            0.0,
            0.0,
            0.0,
            0.0,
            0.0,
            0.0,
            0.0,
            0.0,
            0.0,
            0.0,
            0.0,
            0.0,
            0.0,
            0.0,
            0.0,
            0.0,
            0.0,
            0.0,
            0.0,
            0.0
        ]
    ],
    "case": "Warmup Samples",
    "dim": 30,
    "samples": [
        [
            -39.50748088395767,
            -11.064891257648041,
            5.601153929929018,
            15.669623620606227,
            -6.677549593579832,
            1.6594946483821638,
            10.71383544562489,
            -22.25152767123683,
            -24.361266168726715,
            -11.473746258298062,
            6.6996389892267025,
            17.164024006650035,
            2.899990251914763,
            12.535936264460293,
            9.546976399246773,
            12.026670833532549,
            -1.8137722260832052,
            28.9150201385126,
            -9.643160886860677,
            -2.8251406174914724,
            19.04959366218072,
            1.6594423406618224,
            -17.55108081729108,
            18.67018541868697,
            11.541147796016554,
            22.864170603014188,
            11.930209158103525,
            18.74396736441964,
            7.358597770977294,
            -0.5521336453495342
        ],
        [
            1.2508371069509665,
            -7.056768171862215,
            5.464646451729745,
            -5.667188075655885,
            8.909321884784687,
            10.653758349615796,
            -4.830553356274187,
            9.199212007431692,
            1.4286285649600112,
            -1.6302783136768026,
            5.870961647371332,
            -2.1988264391170507,
            -3.552875957546507,
            6.912138432912264,
            -9.396147818677482,
            -3.691934990695935,
            0.6183679340869503,
            -11.2165381392591,
            -8.265577305271272,
            1.2468237972362335,
            3.2339066432743007,
            0.7794441607987249,
            -2.238872998968309,
            -2.6396665345370125,
            -1.6987427129725812,
            0.04235049403614098,
            -5.2275990671102015,
            3.048915898855757,
            -16.49920879669618,
            7.6584999789624275
        ],
        [
            7.884075028240052,
            -14.351091602342748,
            -11.185121614368528,
            7.135459129406398,
            13.015795077248322,
            -5.751167768001244,
            -3.315641360260799,
            -10.210976145807244,
            -15.360857854905502,
            14.768538359360477,
            7.5396276315714905,
            9.371671325661145,
            -1.202117818669553,
            0.5712061271185691,
            -0.013074884966108966,
            11.608516931703932,
            -9.282408087447559,
            8.851529853320024,
            0.03146690528922501,
            -1.8567674073739433,
            -12.412285521561714,
            6.114156021645145,
            -4.627244272882319,
            13.570056907106066,
            -3.393564717909094,
            4.37896285206506,
            0.9292692419647774,
            7.361659713536147,
            -0.6084771421739269,
            -4.873364170811427
        ],
        [
            27.130423327438663,
            -5.4196380283609695,
            -3.920723639897856,
            -10.624825186753045,
            -27.729079083123317,
            -1.9812604698995793,
            21.421806792938135,
            13.059830600325355,
            17.41116886279331,
            11.949066452246417,
            -17.682717614175758,
            4.764189651913546,
            -20.796848587857113,
            13.378346084004926,
            -0.40399156686975934,
            12.03972809895787,
            -8.844234903380944,
            -28.389736541412717,
            -20.847979165982654,
            -19.68844777707074,
            -18.659231050711462,
            3.73201052559825,
            -19.282890852247263,
            -4.099660481808153,
            5.688202990135591,
            25.833872196821826,
            2.3233652503269253,
            19.509757875637174,
            3.858867286408601,
            -4.210763523396515
        ]
    ]
}