run_id,mu,sampler,wasserstein_distance,mmd_rff,swd_zscore,r_hat,ess,runtime
3,"(10, 10, 10)",HMC,4.4624170458351315,0.3075546220163089,105.3613080133695,1.3754761292224684,13.063261440895834,4.733550071716309
3,"(20, 20, 20)",HMC,11.879178690963997,0.3710133502377925,117.73473417813186,1.0005716286211837,8594.032462115749,4.664379358291626
3,"(3, 3, 3)",HMC,0.07972866804391876,0.023394865229064865,5.2858882896882715,1.0068490934056566,761.5672094458889,5.282077312469482
3,"(6, 6, 6)",HMC,1.7479067280118616,0.19083566603514118,56.659777193181164,1.423541398899479,12.145106736456096,4.551388502120972
