nu,sampler,wasserstein_distance,r_hat,ess,runtime
1,Metro,1.8632889852395387,1.0266473991389333,192.5392515714471,1.2457804679870605
2,Metro,0.2117096276292257,1.0087967068435362,275.8268127264319,1.2745440006256104
3,Metro,0.15404483551060832,1.0078597077501499,423.1443347378479,1.2064430713653564
5,Metro,0.0556844753620447,1.0082140292934538,751.1754127958308,1.3195626735687256
30,Metro,0.03643579707578985,1.0035173542738136,908.544214820293,1.2956721782684326
