run_id,mu,sampler,wasserstein_distance,mmd_rff,r_hat,ess,runtime
5,"(0, 0, 0, 0, 0)",Metro,0.09505140278041227,0.0389577387530762,1.0175559902407152,264.59914589929906,1.6300609111785889
