run_id,mu,sampler,wasserstein_distance,mmd_rff,r_hat,ess,runtime
5,"(0, 0, 0, 0, 0)",SMC,0.02944927314708485,0.020074533250443404,1.0005953048879765,3477.7348035161767,1.9483349323272705
