mu,mmd_rff_t_stat,mmd_rff_p_value,mmd_rff_paired_cohens_d
"(4.618802, 0.0)",2.8543287327769167,0.007882320907317997,0.5211267444923509
