mu,mmd_rff_t_stat,mmd_rff_p_value,mmd_rff_paired_cohens_d
"(4.618802, 0.0)",10.442713069687095,2.4478250172917868e-11,1.9065698366072132
