{
    "run_id": 1,
    "case": "multimodal",
    "dim": 2,
    "means_array": [
        [
            -5.0,
            0.0
        ],
        [
            5.0,
            0.0
        ]
    ],
    "min_mode": [
        -5.0,
        0.0
    ],
    "max_mode": [
        5.0,
        0.0
    ],
    "border": [
        20.0,
        20.0
    ],
    "low": [
        -29.758659872155278,
        -30.096447825106196
    ],
    "high": [
        30.241340127844722,
        29.903552174893804
    ],
    "samples": [
        {
            "posterior": [
                0.73798185279432,
                22.81270932285517
            ]
        },
        {
            "posterior": [
                -8.01983254802914,
                5.135369392537214
            ]
        },
        {
            "posterior": [
                -23.617482769080222,
                8.35118597059057
            ]
        },
        {
            "posterior": [
                -6.986512286540325,
                8.795841202832534
            ]
        }
    ]
}