run_id,mu,sampler,wasserstein_distance,mmd_rff,r_hat,ess,runtime
8,"(0, 0, 0, 0, 0)",HMC,0.030918639014106058,0.022449929714354888,1.0017032903453755,6049.569430787396,1.7524213790893555
