dimension,ws_t_stat,ws_p_value,ws_paired_cohens_d
2,5.040785516168258,2.2647419102419187e-05,0.920317311583559
10,10.269861292882018,3.5947656449500614e-11,1.8750115641868836
15,10.571701891581482,1.84208291173482e-11,1.9301198657464038
20,15.099804468486099,2.8305556872375243e-15,2.7568345071023805
25,18.08619777987059,2.4603672467757418e-17,3.3020728345116592
30,18.382526486314173,1.592995949771664e-17,3.3561748068301513
40,17.39904863646971,6.902099963703577e-17,3.1766171391079876
60,20.7807628676899,5.800527728617247e-19,3.7940308615998344
100,30.365960553764978,1.5625346983767125e-23,5.544040525203048
