dimension,mmd_rff_t_stat,mmd_rff_p_value,mmd_rff_paired_cohens_d
2,-0.7208169448038393,0.47679307030454754,-0.131602566833673
10,-0.5003372735191088,0.620613540654172,-0.0913486703556827
15,1.275999057945495,0.21208141836957103,0.23296448913069637
20,2.027597829479502,0.051878535627168855,0.37018702291814554
25,2.531486771801615,0.017035897610683,0.4621841363138925
30,4.495507494951186,0.00010280323640563934,0.820763620806102
40,3.343545385207871,0.0022934837184590815,0.6104450765068836
60,2.1638571431808606,0.038851381504100155,0.39506445617961444
100,4.361646697227721,0.00014872395269169104,0.7963240946465094
