dimension,ws_t_stat,ws_p_value,ws_paired_cohens_d
2,3.4151020582319678,0.0019040328093200521,0.6235094778253234
10,15.028008839120195,3.201209142802272e-15,2.743726478524385
15,17.612061143961636,4.9951716017727224e-17,3.2155077242360095
20,16.67523592665434,2.123500681897959e-16,3.0444676229163816
25,26.28839053610086,8.873454779020146e-22,4.799581499042589
30,26.602446434310572,6.372161947341269e-22,4.8569199989649245
40,26.88954878712408,4.722681056293178e-22,4.90933747728118
60,45.22431537299037,1.906233762255982e-28,8.256792559171496
100,55.426864548739616,5.579848910897479e-31,10.119514668376029
