{
    "run_id": 1,
    "case": "unimodal",
    "dim": 30,
    "low": [
        -30.517754906055174,
        -30.02971770558771,
        -30.09251619758426,
        -29.756207769854058,
        -29.82409842516259,
        -29.894325422857776,
        -29.970998348398656,
        -29.858996354620317,
        -30.135791526687207,
        -30.02794209235094,
        -30.215452390440866,
        -30.09640417368906,
        -29.90384364895477,
        -29.97028807439746,
        -29.941033439440666,
        -30.11345282967709,
        -30.03370875839922,
        -30.05890208629349,
        -29.911520696461785,
        -30.02267694559793,
        -29.9376954219111,
        -30.1896556177892,
        -30.09234375884803,
        -29.751908180261296,
        -29.787348658601495,
        -30.11873779877407,
        -30.054092239591743,
        -29.656712761667343,
        -30.233888761468535,
        -30.022084457544388
    ],
    "high": [
        29.482245093944826,
        29.97028229441229,
        29.90748380241574,
        30.243792230145942,
        30.17590157483741,
        30.105674577142224,
        30.029001651601344,
        30.141003645379683,
        29.864208473312793,
        29.97205790764906,
        29.784547609559134,
        29.90359582631094,
        30.09615635104523,
        30.02971192560254,
        30.058966560559334,
        29.88654717032291,
        29.96629124160078,
        29.94109791370651,
        30.088479303538215,
        29.97732305440207,
        30.0623045780889,
        29.8103443822108,
        29.90765624115197,
        30.248091819738704,
        30.212651341398505,
        29.88126220122593,
        29.945907760408257,
        30.343287238332657,
        29.766111238531465,
        29.977915542455612
    ],
    "means_array": [
        [
            0.0,
            0.0,
            0.0,
            0.0,
            0.0,
            0.0,
            0.0,
            0.0,
            0.0,
            0.0,
            0.0,
            0.0,
            0.0,
            0.0,
            0.0,
            0.0,
            0.0,
            0.0,
            0.0,
            0.0,
            0.0,
            0.0,
            0.0,
            0.0,
            0.0,
            0.0,
            0.0,
            0.0,
            0.0,
            0.0
        ]
    ],
    "samples": [
        {
            "posterior": [
                -4.826488799893546,
                -24.850400624286358,
                -22.643003010392107,
                23.484573067546222,
                16.98070387089915,
                3.661166106211759,
                0.8368828907240164,
                -27.73800035962444,
                19.61789289640638,
                -10.139112791563843,
                -3.8074666296582684,
                16.10123956241477,
                -25.95468363418637,
                -15.125548153849776,
                -19.859381812168337,
                17.56522281167643,
                -9.08622828365219,
                3.3641672658213047,
                -20.073824072776894,
                8.335113576701872,
                -27.832875557230434,
                -25.170235103882955,
                -9.01740606512438,
                23.426275260344177,
                8.51052016060379,
                28.757734812963662,
                28.59729166885715,
                -19.379570152504137,
                16.449416818178804,
                -23.671080270272366
            ]
        }
    ]
}