mu,sampler,wasserstein_distance,r_hat,ess,runtime
0,HMC,0.2881397799652037,1.0106184925843078,1131.5569768689234,17.55309772491455
3,HMC,0.2624976030348015,1.0042687299999065,1486.0178833129335,17.435117721557617
6,HMC,0.1684612810753781,1.0082902513043186,1757.4764299467704,15.518848419189453
10,HMC,0.3126577293966603,1.0028940672086601,2083.4917837631438,15.028716325759888
