{
    "sampler": "HMC",
    "value": 20,
    "means_array": [
        [
            0.0,
            0.0,
            0.0,
            0.0,
            0.0,
            0.0,
            0.0,
            0.0,
            0.0,
            0.0,
            0.0,
            0.0,
            0.0,
            0.0,
            0.0,
            0.0,
            0.0,
            0.0,
            0.0,
            0.0
        ]
    ],
    "case": "Warmup Samples",
    "dim": 20,
    "samples": [
        [
            30.93563446460478,
            52.5695493067585,
            -24.452161498866854,
            46.10565385523209,
            46.50184534376218,
            -33.150488899585824,
            -34.7558165614397,
            -44.4620515990324,
            -52.72407423003295,
            37.108772874578804,
            7.950221386043207,
            58.379584926137426,
            1.1540152779544461,
            26.756971093331686,
            30.181522652255566,
            29.494044152954714,
            -0.8989619051501865,
            4.893557314423118,
            -8.801352888915064,
            -34.96692087507621
        ],
        [
            7.679371612277553,
            -84.12323817347111,
            -33.93579890058962,
            60.336642487878656,
            54.41888665464816,
            16.142848657021002,
            36.76180971467634,
            46.93003097884207,
            18.996866146705806,
            -28.45439114965705,
            -86.44761026888894,
            -49.944408988291336,
            19.530452749459027,
            24.068983090275974,
            72.81066846978273,
            28.172303260328103,
            0.5775409354516796,
            -42.51992034564534,
            -58.52675351417137,
            -11.246867035723582
        ],
        [
            51.45120001121607,
            78.14474492035106,
            -82.47526956252304,
            -35.997486857728816,
            -14.944955128256167,
            36.35111168576109,
            -22.103352142777897,
            5.1121525366365645,
            -32.14285283665819,
            -41.93520881198852,
            -48.1623412828769,
            11.209685183966291,
            -92.86596151412982,
            -46.44419928285443,
            60.147816795357436,
            -76.2644778647082,
            -20.47383308222888,
            52.016586682121314,
            26.305142300807546,
            -71.31100556707881
        ],
        [
            -40.13894586229063,
            -76.83994104420744,
            -68.61512329832185,
            45.756782428961664,
            46.82563561683986,
            20.475598814641877,
            65.3131318243548,
            65.81807134515154,
            53.526387229289675,
            -24.33250875277048,
            10.72823649666982,
            -37.34230573931395,
            -22.89659207008449,
            46.25023610471281,
            -89.7638011051245,
            -29.114784697935544,
            3.5614282637892183,
            65.93434249503208,
            -79.25273365866661,
            35.34161940082678
        ]
    ]
}