{
    "sampler": "HMC",
    "value": 50,
    "means_array": [
        [
            0.0,
            0.0,
            0.0,
            0.0,
            0.0,
            0.0,
            0.0,
            0.0,
            0.0,
            0.0,
            0.0,
            0.0,
            0.0,
            0.0,
            0.0,
            0.0,
            0.0,
            0.0,
            0.0,
            0.0,
            0.0,
            0.0,
            0.0,
            0.0,
            0.0,
            0.0,
            0.0,
            0.0,
            0.0,
            0.0
        ]
    ],
    "case": "Posterior Samples",
    "dim": 30,
    "samples": [
        [
            -0.6060023353455879,
            -1.3527815856331207,
            0.10130362056737462,
            -0.27716118398757555,
            -0.16669752461823684,
            -0.8461122605489072,
            0.6925892879072336,
            -0.4652474566317285,
            1.2564717608285982,
            -0.2826746899851523,
            -0.3322815800614966,
            0.3181867063391868,
            1.7637235645119924,
            0.570321532460987,
            -2.885319700784947,
            1.9130933554792817,
            0.6088358378892701,
            0.1614580129540983,
            -0.8960368839236974,
            0.5954228176561788,
            0.3843792331167562,
            -1.6349084302861183,
            -0.6343792759012133,
            -4.355061931215285,
            0.7834572202717321,
            -0.8675897178248309,
            1.5692842641697,
            0.14463922455521766,
            -0.1661908466293659,
            -0.31408564459509813
        ],
        [
            -1.5319300428021212,
            -1.5211633285240402,
            -0.20101591460541066,
            -0.8094665084950183,
            0.6948928952683229,
            0.6215104838600118,
            -0.953337661499087,
            0.026554457523718412,
            -0.4367838220560161,
            -0.08915191793897147,
            0.4799808597313772,
            2.3467343696631477,
            -0.40120552487122374,
            -0.13390414009465318,
            -0.3396844441734987,
            0.6829453470009264,
            0.5481808613420205,
            0.30983133340938773,
            0.7058638668637585,
            -1.0853764328171818,
            0.9071441129275767,
            -0.4990835558370188,
            -0.3326399689037629,
            -0.182778942138247,
            0.41154299844757947,
            -0.7895083649851747,
            -0.0599870202516275,
            1.579733947439102,
            0.1251551858886494,
            0.9729891652469913
        ],
        [
            0.35426459089270684,
            0.511470097940783,
            0.5004789416559391,
            -0.05232722079261659,
            1.0034418877973614,
            0.41367111766204123,
            -1.213063542847509,
            -0.8013937843354451,
            1.3102573352435765,
            0.4561903800590537,
            -0.40676494394491364,
            -1.238212772660146,
            -1.6308235190505753,
            0.24984790731758602,
            0.1590244989471532,
            2.304047534915356,
            -0.6013142893895724,
            -1.629039658659658,
            -1.212586257119438,
            0.7220740547195992,
            0.5049704996451583,
            -1.7851290575138654,
            -0.3447225140970895,
            -1.3365141067173023,
            -0.5227068179361708,
            -0.26490823302812616,
            -0.6704929048532658,
            0.12664281813322445,
            0.4175839223399698,
            -0.2930003146618399
        ],
        [
            1.836110428475225,
            1.1047618011381126,
            0.6269959910322682,
            -0.3908925475042938,
            -1.1755872578950466,
            0.3974994283007659,
            -0.6891932378088151,
            1.3537271008572167,
            -0.0991357956054894,
            -0.9104782031616008,
            1.635472085110521,
            0.44847794166904387,
            0.46586609399142026,
            -0.20470242038347386,
            1.1717284959405296,
            0.9171913534333446,
            -0.8005299303465205,
            -0.9155666676932739,
            0.35622640808502554,
            -2.1899758486703136,
            -1.0904449556733677,
            0.8740815502348143,
            1.252426214400675,
            2.048216558129685,
            0.25431271556928653,
            0.11901945141143783,
            -0.6089859058687999,
            0.5365279637839312,
            1.2376674904202003,
            0.24104063696657074
        ]
    ]
}