{
    "sampler": "HMC",
    "value": 50,
    "means_array": [
        [
            0.0,
            0.0,
            0.0,
            0.0,
            0.0,
            0.0,
            0.0,
            0.0,
            0.0,
            0.0,
            0.0,
            0.0,
            0.0,
            0.0,
            0.0,
            0.0,
            0.0,
            0.0,
            0.0,
            0.0,
            0.0,
            0.0,
            0.0,
            0.0,
            0.0,
            0.0,
            0.0,
            0.0,
            0.0,
            0.0
        ]
    ],
    "case": "Warmup Samples",
    "dim": 30,
    "samples": [
        [
            -20.162010055087638,
            -23.442440228302978,
            -4.548131851148691,
            -0.08211333931219972,
            23.918358597358978,
            -15.387946887987425,
            -24.39688730778199,
            -19.477711293620526,
            15.13386703049127,
            -15.286404488557189,
            -2.0883691765323817,
            -18.77029287049337,
            17.47039023097644,
            -3.939648362021141,
            -19.990409664109304,
            23.644017854325902,
            -3.9850540097836125,
            26.17222722772291,
            18.459368320729073,
            8.429633185513977,
            -21.797973235150856,
            3.1142288518244157,
            -7.795666421424494,
            -8.83378548448173,
            18.86225557442269,
            2.702740595046311,
            -4.3602458486446425,
            -10.308565919764945,
            -11.168296748219548,
            -15.242294331125898
        ],
        [
            1.59305774427169,
            11.117632584813341,
            0.7004184516173426,
            -8.254537920226023,
            5.42057990487331,
            6.301333626376219,
            -4.211349112778461,
            3.577946206843997,
            18.583487726111777,
            2.5363453349072294,
            -12.586490868388587,
            -1.3378302537156308,
            -13.634899490614359,
            -10.604174194025202,
            9.128307301758833,
            -1.682883124185316,
            32.44459679047155,
            -8.580707939571653,
            9.661176926326881,
            5.1559787970246,
            -9.832981113262633,
            15.486374361029165,
            11.504941488418641,
            -7.305358595239417,
            8.30386759858446,
            0.7177757528571618,
            -7.277013883904683,
            -11.534476669933191,
            15.699834821815482,
            11.366946251874706
        ],
        [
            -14.089346597165356,
            -3.3007711547570553,
            12.325077478500264,
            14.76811288938206,
            8.7172508779748,
            10.540536447806476,
            10.717208760886464,
            -7.988403943643069,
            -2.4788344881953996,
            -10.002713624055692,
            7.594199820583585,
            5.4547087139678645,
            -3.0185850479137994,
            2.359556247345553,
            8.748928190079003,
            7.776613613289976,
            -5.009574852565419,
            -1.4727793928893147,
            -13.563876266509515,
            10.338687090933993,
            8.249097238082738,
            11.484486023842233,
            6.883781782206546,
            -0.8286413292955582,
            6.219940836951647,
            1.06556962363129,
            7.532146608375664,
            -0.840619392483989,
            -10.857221804164817,
            -12.284082846228854
        ],
        [
            -10.502287840053203,
            16.52194108124011,
            1.2644398318306387,
            -10.43354859943255,
            5.841418863504072,
            -3.0173615412665167,
            8.063349280808803,
            4.775113139285264,
            2.104103737811478,
            -6.430114832411594,
            -1.3302458133573496,
            -8.470103577029342,
            7.658086318249669,
            -4.418715765066133,
            0.17631026877352482,
            4.308954473475091,
            3.137547402496628,
            -1.8418266134726493,
            10.174473899356517,
            -1.863336125307453,
            -1.4418338371592336,
            -7.7025380561323304,
            -7.383384074174658,
            6.870572707526542,
            11.667083702551292,
            8.14145169713989,
            3.998477776058929,
            -15.801254728912518,
            9.736925515962213,
            2.2572516053214025
        ]
    ]
}