run_id,mu,sampler,wasserstein_distance,mmd_rff,r_hat,ess,runtime
54,"(10.0, 0.0)",Metro,3.006735792352682,0.2043599941758801,2.4159100603615205,4.917529939447369,5.071601629257202
