{
    "run_id": 1,
    "case": "unimodal",
    "dim": 2,
    "low": [
        -122.78161049137137,
        -121.51186596999975
    ],
    "high": [
        203.70549829340763,
        201.37291960645996
    ],
    "means_array": [
        [
            0.0,
            0.0
        ]
    ],
    "samples": [
        {
            "posterior": [
                -17.377009123242885,
                25.46848706435651
            ]
        },
        {
            "posterior": [
                51.26558943378487,
                -106.13607696188231
            ]
        },
        {
            "posterior": [
                54.78340397447619,
                51.59219832687131
            ]
        },
        {
            "posterior": [
                186.79326180766444,
                161.8517181998438
            ]
        }
    ]
}