run_id,mu,sampler,wasserstein_distance,mmd_rff,r_hat,ess,runtime
31,"(10, 10)",Metro,3.975809334746835,0.25126315920999204,1.149053540327169,18.838043342937553,2.519603967666626
31,"(2, 2)",Metro,0.8816830354991548,0.12757186186385547,1.1060930560042321,28.15572520891547,2.846202850341797
31,"(20, 20)",Metro,2.524948214120742,0.16677660025837945,1.757535434733082,6.023034643618091,2.7750093936920166
31,"(40, 40)",Metro,5.925213076298605,0.11852152038450554,1.8047605796856077,5.89888449675866,2.8217718601226807
31,"(5, 5)",Metro,0.9912030192302868,0.11164830902606217,1.3676453976463456,8.967189999478316,2.819110870361328
