run_id,alpha,sampler,wasserstein_distance,mmd_rff,r_hat,ess,runtime
2,0,HMC,0.027993854551574,0.015744052251106318,1.0005842341331204,3126.32206532185,1.2256338596343994
2,2,HMC,0.022367281113854477,0.015195833405583037,1.0015666328961303,3428.273959434643,1.4298574924468994
2,4,HMC,0.01251494091035726,0.007482883884565256,1.0013423346164207,1841.8239969617994,1.8179678916931152
2,6,HMC,0.03118641324209083,0.02088297420334639,1.0011333115140013,2252.1657061151463,1.5285816192626953
2,8,HMC,0.025265522069817997,0.01615831233481835,1.003014138397773,1553.749696328297,1.5907506942749023
2,10,HMC,0.019423810218642104,0.013426987257274833,1.0006939212749464,1720.0499968352476,1.5731415748596191
2,80,HMC,0.01794015512425216,0.010836812063935757,1.0057979606599976,561.6608068500793,1.9739089012145996
2,100,HMC,0.010040537982257104,0.003922023262863586,1.002915443859882,1087.0299560969709,2.2603516578674316
