run_id,alpha,sampler,wasserstein_distance,mmd_rff,r_hat,ess,runtime
2,0,Metro,0.022996675379847897,0.00769695616421474,1.0012419316737398,1966.0566832424038,1.3802056312561035
2,2,Metro,0.01945281077100891,0.011209697076901316,1.0019391289789275,1935.1240071887803,1.171851634979248
2,4,Metro,0.01604593899479837,0.006732867940566958,1.0008700016038097,1858.111857016117,1.18507719039917
2,6,Metro,0.010997829577266497,0.004380472742444335,1.0011861860222222,1767.046309675612,1.1893930435180664
2,8,Metro,0.016275099242588957,0.006277029785229718,1.0024400238544382,1672.0456836784142,1.5837345123291016
2,10,Metro,0.024609562330573886,0.014304604964866541,1.0034175875534352,1699.0350323008006,1.2160594463348389
2,80,Metro,0.02789788280720622,0.016117437202494436,1.0027193714075382,1515.7769634692952,1.500114917755127
2,100,Metro,0.01887657138499839,0.01004412796913496,1.0020893868654488,1434.31262605035,1.2393782138824463
