{
    "sampler": "Metro",
    "value": 18,
    "means_array": [
        [
            -9.0,
            0.0,
            0.0,
            0.0,
            0.0,
            0.0,
            0.0,
            0.0,
            0.0,
            0.0,
            0.0,
            0.0,
            0.0,
            0.0,
            0.0,
            0.0,
            0.0,
            0.0,
            0.0,
            0.0,
            0.0,
            0.0,
            0.0,
            0.0,
            0.0,
            0.0,
            0.0,
            0.0,
            0.0,
            0.0
        ],
        [
            9.0,
            0.0,
            0.0,
            0.0,
            0.0,
            0.0,
            0.0,
            0.0,
            0.0,
            0.0,
            0.0,
            0.0,
            0.0,
            0.0,
            0.0,
            0.0,
            0.0,
            0.0,
            0.0,
            0.0,
            0.0,
            0.0,
            0.0,
            0.0,
            0.0,
            0.0,
            0.0,
            0.0,
            0.0,
            0.0
        ]
    ],
    "case": "Posterior Samples",
    "dim": 30,
    "samples": [
        [
            10.385115186756229,
            1.2413461857530415,
            -1.4010183402352512,
            0.3812299974311215,
            -2.115982988045698,
            -0.2713535641521804,
            1.923686353414526,
            0.08571155999683433,
            -2.6073931167795825,
            -1.467765645020787,
            -0.25488848686932164,
            -0.5218917273247785,
            -0.4873614887940927,
            0.3865506971838676,
            0.27758978697091163,
            -0.6536773768626035,
            -0.9363238914861702,
            1.946501793420735,
            0.5219429806539555,
            0.5265309639172524,
            -0.9393698725736604,
            0.058913024557718074,
            2.166434600553313,
            -0.006725405004828211,
            0.41435776331651675,
            -0.4946560302574966,
            -0.5461497889421614,
            -1.5166912553760743,
            -0.08227796985488722,
            0.9248319922857928
        ],
        [
            9.785847581689701,
            2.590873858548762,
            0.2962004301306149,
            -0.4117208754433117,
            -0.5916359400780016,
            2.5959380250169097,
            -0.8964291644829858,
            -0.1855487099129986,
            -0.27864441453649647,
            0.40848092881767395,
            -0.33610707796461337,
            -2.0008924181029792,
            0.4106214241636419,
            -1.8334037287032725,
            -0.20111962672195294,
            1.0808583798034057,
            -1.2750215441109891,
            -0.3617060159128463,
            -0.46862323330615774,
            -0.9151927578757135,
            -1.1118398661522604,
            -0.24271443735081055,
            0.9378180178215851,
            -0.799378823604495,
            -0.7554551479232164,
            0.5741546636130566,
            -1.6326128473946642,
            1.2902733796920722,
            -1.4784329115030772,
            -0.7224084191279139
        ],
        [
            -8.540657346376591,
            -1.2912118346799843,
            -0.019656826721418774,
            -1.0432205251406463,
            0.028797198645497346,
            -1.084316855430699,
            0.4663654545664173,
            -0.1129806647192606,
            -1.2344842663519695,
            1.4136476504222064,
            -0.7844943661538908,
            -0.23480957617872777,
            -0.8766734678694406,
            -1.3561425513309362,
            -0.9647637366689876,
            0.9288204362981176,
            -0.06864565562023783,
            -0.7015424924658602,
            0.8607967453040402,
            -0.19319374266598643,
            0.5579649350008915,
            0.8672689398096329,
            0.04899699307147376,
            -1.9794731374709056,
            -0.4609689497010587,
            2.122038280897415,
            -0.6262678006348388,
            0.046129510219794945,
            0.3246790833336054,
            -0.7315207443499253
        ],
        [
            8.132731325581101,
            -0.07327178028191761,
            -1.3811409413733238,
            0.10554897365321064,
            -0.08115679579405444,
            -0.18860721579881934,
            0.4942820023130403,
            -0.6146686102496934,
            1.1817984171080007,
            0.26833728341373675,
            0.3514933990887078,
            0.9209922403287315,
            0.7916406557572677,
            0.5871653639100932,
            0.7050551713773138,
            0.2545413003967972,
            -0.1007462188090823,
            1.1341926165458318,
            -0.5601533308809878,
            0.5417892801728578,
            0.43456627992504737,
            -0.31766323421861165,
            0.6409248998666951,
            1.4186292288890314,
            -0.8888521080755984,
            0.05175707527453188,
            0.03203951400704219,
            0.46253863328565203,
            -0.4569653285332242,
            0.4109624645769798
        ]
    ]
}