{
    "sampler": "HMC",
    "value": [
        4.618802,
        0.0
    ],
    "means_array": [
        [
            4.618802,
            0.0
        ],
        [
            -2.309401,
            4.0
        ],
        [
            -2.309401,
            -4.0
        ]
    ],
    "case": "Posterior Samples",
    "dim": 2,
    "samples": [
        [
            -3.6464259777079313,
            3.2439247945753618
        ],
        [
            -1.931912131923811,
            -3.542141204653064
        ],
        [
            -3.2945409165938093,
            3.084269258563519
        ],
        [
            -3.5725803296519647,
            -3.7589731202944088
        ]
    ]
}