run_id,mu,sampler,wasserstein_distance,mmd_rff,r_hat,ess,runtime
16,8,HMC,0.31154395536663876,0.04981083104068923,1.5120608882136448,7.4459870548682865,1.6440181732177734
16,10,HMC,0.5689006555454533,0.06463167348424614,1.5290847246591532,7.269420148754708,1.2956879138946533
16,12,HMC,2.6227280941233606,0.2400672257585344,1.7381907235559304,6.148963071153145,1.3602910041809082
16,14,HMC,2.714255208996409,0.21963351078071994,1.739307593008574,6.11696303181119,1.6049671173095703
16,16,HMC,4.869885307470455,0.33897812785364084,1.0007385705911311,1328.7892682772233,1.3378369808197021
16,18,HMC,3.5839947557805973,0.20841531204432387,1.7342589011360219,6.1403970298769845,1.3123037815093994
16,20,HMC,3.9709231764595483,0.21047530311018914,1.7372449799779006,6.1389410321033475,1.6091499328613281
16,22,HMC,9.79308969409884,0.47516366033195273,1.5288858580614701,7.279776512268287,1.36466383934021
16,40,HMC,11.624715829839936,0.3080732995923282,1.001330416223293,1802.1423867909332,1.3298077583312988
