{
    "sampler": "Metro",
    "value": 3,
    "means_array": [
        [
            0.0,
            0.0,
            0.0,
            0.0,
            0.0,
            0.0,
            0.0,
            0.0,
            0.0,
            0.0,
            0.0,
            0.0,
            0.0,
            0.0,
            0.0,
            0.0,
            0.0,
            0.0,
            0.0,
            0.0,
            0.0,
            0.0,
            0.0,
            0.0,
            0.0,
            0.0,
            0.0,
            0.0,
            0.0,
            0.0
        ]
    ],
    "case": "Warmup Samples",
    "dim": 30,
    "samples": [
        [
            -33.94987924606007,
            48.24129093710707,
            -19.485661156491524,
            21.395439194531914,
            -32.34056486859971,
            -24.7848075105452,
            19.08133335484503,
            6.685439121558338,
            33.25326914400246,
            -46.146738419998,
            -50.10495585006295,
            -46.97175492171227,
            2.5227491756125153,
            13.1369989448802,
            30.711276408539717,
            45.372121729873406,
            -29.27528296404081,
            -12.963537337742242,
            -0.42570624954110325,
            -3.076993790129041,
            11.467855344387806,
            35.5370105014551,
            5.576365173887363,
            -8.381863120825372,
            -18.372233811088417,
            -54.04400690421039,
            27.612335215226096,
            -10.110889550021684,
            7.219285223995561,
            20.559416474135062
        ],
        [
            -22.789997187119873,
            3.124124900524895,
            -43.21456469986511,
            -19.04658184273687,
            -28.18505641130938,
            11.366454636218048,
            -14.715832502342547,
            36.98945325820807,
            9.070577219475894,
            52.16216244624552,
            -43.22923000289347,
            -37.246494282999016,
            -17.490266184471253,
            41.87543754192725,
            15.936717291199061,
            -53.865508624086424,
            -46.90692162791625,
            28.24301347726633,
            -9.269145002839867,
            -38.956871702184706,
            21.3614506668773,
            -51.36435723717831,
            42.05087141065832,
            -35.36301630375507,
            -8.697180903030919,
            4.575907675776472,
            44.33197334515331,
            -32.275051949984004,
            53.019651243646976,
            -35.840760009790685
        ],
        [
            23.666734994285097,
            -8.78328863019179,
            -8.03026251323234,
            30.501880367814557,
            8.209142349523297,
            3.588415150773538,
            -24.458863073111058,
            -59.82799859992576,
            30.27975716100662,
            -7.6524201984413445,
            41.61641672182281,
            -17.266224411347388,
            35.08318906764157,
            15.413498939284807,
            -30.067859217872147,
            -42.28192713069829,
            -16.201128165351157,
            -26.6531931230716,
            -24.50494962879926,
            12.530124752940347,
            33.83283635938929,
            39.2063166201359,
            -0.9675528342597219,
            40.176568923185094,
            43.565646889509246,
            -28.157209263561498,
            -43.55738099776599,
            -6.494318482065895,
            -37.81967411455394,
            -12.071787728143622
        ],
        [
            41.87999699566481,
            28.648821725458397,
            50.08784227242138,
            19.79312157740079,
            -45.97193421355015,
            35.782073292145824,
            39.25157374435191,
            -8.1955237786425,
            -3.3690445443523314,
            30.597012959902784,
            45.06396027441747,
            18.89291703594103,
            -23.061191908858593,
            -11.974224900435111,
            -38.16728343769471,
            -21.253647978814843,
            -25.657347336530837,
            12.245003139323323,
            -39.94866885707186,
            34.85458512179094,
            -18.199535848304187,
            22.910974423769364,
            28.686026178706907,
            1.6275079601687883,
            -10.807301610333786,
            27.39804396874687,
            -37.594913912360596,
            17.643422963359175,
            -9.12985216128376,
            -38.02189481920465
        ]
    ]
}