run_id,mu,sampler,wasserstein_distance,mmd_rff,r_hat,ess,runtime
15,"(0, 0, 0, 0, 0)",SMC,0.027872304246245337,0.02213742979445457,1.0008106548863784,3527.325051973668,1.867659330368042
