run_id,alpha,sampler,wasserstein_distance,mmd_rff,r_hat,ess,runtime
8,0,HMC,0.01985809825470836,0.010165113219918481,1.000591642113389,3836.307800246935,1.1856236457824707
8,2,HMC,0.03326675599302835,0.021213280948081885,1.0007965164374402,3309.7332961850375,1.4459125995635986
8,4,HMC,0.017854074843109944,0.012556654986435838,1.0003904545630953,1665.7715630752266,1.5010147094726562
8,6,HMC,0.015484716238229957,0.012328934945004628,1.0018045630338634,2129.942779722627,1.482468605041504
8,8,HMC,0.02014483456530297,0.013185386498059157,1.0009722750371708,1951.5229806134867,1.8881127834320068
8,10,HMC,0.017568260866274662,0.008884193196337205,1.0035231598421264,1822.6807955370589,1.5909383296966553
8,80,HMC,0.020924662346797025,0.015156536856088386,1.004171005802761,916.0656216041715,2.16829776763916
8,100,HMC,0.015978668779340958,0.006133072198903816,1.0020689764533586,712.1081672785148,1.8088905811309814
