run_id,alpha,sampler,wasserstein_distance,mmd_rff,r_hat,ess,runtime
8,0,SMC,0.09254202115548232,0.06215161555860268,1.0652963357436744,210.58749777584433,0.7343976497650146
8,2,SMC,0.1368435387767913,0.10276241644178018,1.0519680960183264,95.9735645384866,0.8018414974212646
8,4,SMC,0.13344085500131606,0.10201025014935809,1.1065455848987689,36.778965656907,2.4577295780181885
8,6,SMC,0.12014941703033524,0.08855102158685962,1.1314365089938052,38.873572667925764,0.8100070953369141
8,8,SMC,0.1346655404681682,0.10446238972523023,1.115292424579731,36.15597828134414,0.803382158279419
8,10,SMC,0.1350219193964188,0.10340144895356641,1.1264134139356288,29.353778155731007,0.7737777233123779
8,80,SMC,0.12275792682611203,0.08883313701657346,1.148274172092164,20.52548926162589,0.800656795501709
8,100,SMC,0.11078564229402078,0.0858469429377593,1.1497336468793573,23.91523280598003,2.5617315769195557
