run_id,mu,sampler,wasserstein_distance,mmd_rff,r_hat,ess,runtime
49,"(0, 0, 0, 0, 0)",HMC,0.03443150860159288,0.024964242527498712,1.0018635819293742,5941.771672349419,1.7402675151824951
