run_id,mu,sampler,wasserstein_distance,mmd_rff,r_hat,ess,runtime
6,8,Metro,1.0399593039335633,0.13806168430501198,1.033226433353554,49.26864704777349,1.3861024379730225
6,10,Metro,2.8447768377000453,0.3083420518819698,1.5772470184231102,6.971647488884146,1.113532304763794
6,12,Metro,2.543756954739811,0.22586504565916127,1.7362412675620968,6.171787345477535,1.1129553318023682
6,14,Metro,6.442382902060486,0.4888880609300447,1.5321400745020806,7.279134436374717,1.3778021335601807
6,16,Metro,7.120952089273066,0.4712004655471755,1.540561733658548,7.246191454646362,1.1160180568695068
6,18,Metro,3.8632435850001774,0.23155566701171162,1.7387069387096623,6.168154986522943,1.1319777965545654
6,20,Metro,4.012827624271683,0.21709305334262974,1.7357337628124703,6.175788002041885,1.4163572788238525
6,22,Metro,4.4418884631276585,0.21879313876148074,1.7373581885309524,6.199611271183284,1.1365079879760742
6,40,Metro,8.341473416337074,0.2338701375116522,1.7359718039391365,6.146587781745523,1.0990512371063232
