{
    "sampler": "HMC",
    "value": 20,
    "means_array": [
        [
            10,
            10,
            10,
            10,
            10,
            20,
            20,
            20,
            20,
            20,
            30,
            30,
            30,
            30,
            30,
            40,
            40,
            40,
            40,
            40
        ]
    ],
    "case": "Warmup Samples",
    "dim": 20,
    "samples": [
        [
            -71.7977220372468,
            -62.89244147146938,
            -76.90876450900605,
            18.13377614395129,
            -24.714746894725735,
            -2.3510320341181834,
            -28.941320819406734,
            -14.307868655679407,
            -21.816529935029674,
            55.07366701092402,
            83.63879004585334,
            50.75590055972152,
            109.56002118984489,
            0.8718104533894795,
            22.689770198782167,
            -11.098249579628595,
            -1.7766656331076267,
            12.461744482557972,
            7.582128852854397,
            91.49904331953785
        ],
        [
            48.279006058211124,
            24.990746742298004,
            -42.85253928005126,
            -8.647982816191869,
            -29.98100056244014,
            62.2843021604393,
            55.63812803371531,
            77.77369425503264,
            52.53118247770507,
            70.16586618076151,
            45.95617462334734,
            77.51163836852172,
            -9.371314275026098,
            34.32739049418635,
            87.74615539983664,
            46.29287467282641,
            78.8638893025694,
            -1.3142390793604113,
            21.662990402630715,
            12.236114999852223
        ],
        [
            -23.529984820680678,
            -5.878439398846542,
            56.73643157963106,
            24.882098438765095,
            27.9969911149754,
            31.1232584294558,
            60.44814885983899,
            7.314854529577945,
            60.32269559768165,
            -22.737247944804064,
            72.46105352806894,
            34.34723832373177,
            -15.678169454078096,
            63.50431582256881,
            73.05780482103857,
            63.660814480393256,
            63.75905277405594,
            -10.60281399742564,
            44.311350167808925,
            -8.52462166146116
        ],
        [
            -43.89675770364847,
            7.306139676532813,
            -36.521886894469084,
            23.438903868318697,
            44.60542813075278,
            -21.175857195501788,
            -66.0924030926793,
            108.45792098826408,
            85.85433738732384,
            1.9664407760093632,
            109.15876236308108,
            59.007185825143516,
            49.60107627296505,
            -31.713805109857287,
            40.44227418160097,
            -55.20749915753935,
            55.48608198579155,
            -0.7576723163143259,
            124.76267092965176,
            76.58595984626452
        ]
    ]
}