run_id,mu,sampler,wasserstein_distance,mmd_rff,r_hat,ess,runtime
12,8,Metro,0.18593898495606415,0.02677154382281612,1.1748855392135624,17.423835341066333,1.050750494003296
12,10,Metro,0.9666468975417134,0.10385809748404014,1.4169277141137655,8.274438238689186,1.1063148975372314
12,12,Metro,2.448246399429164,0.21158488340556394,1.7417500116425382,6.152630585449078,1.128359079360962
12,14,Metro,2.883116217047958,0.21252142180591485,1.7454338889810694,6.150003595992089,1.1356537342071533
12,16,Metro,3.418039123361752,0.23151800405287945,1.7417919766755625,6.144276019722687,1.1671769618988037
12,18,Metro,12.836152265722767,0.7549818366574842,1.0088243128298344,876.4810602135475,1.3880414962768555
12,20,Metro,8.848036029118537,0.4680294552271919,1.543333338892523,7.2502403915077585,1.111760139465332
12,22,Metro,0.9985173616104798,0.04503468371372141,1.5376355404455138,7.2303653239631425,1.1013853549957275
12,40,Metro,18.10959157784977,0.4480897559939551,1.5394344732622698,7.215412990311455,1.394221305847168
