{
    "sampler": "Metro",
    "value": 3,
    "means_array": [
        [
            0.0,
            0.0
        ]
    ],
    "case": "Posterior Samples",
    "dim": 2,
    "samples": [
        [
            0.7376092390123177,
            0.2840099235482654
        ],
        [
            -1.8357416968247338,
            -1.5444053415635524
        ],
        [
            -0.4207112858949673,
            -0.6912822495111016
        ],
        [
            -0.301302233601928,
            0.5676191033649636
        ]
    ]
}