{
    "sampler": "DEMetro_Z",
    "value": 12,
    "means_array": [
        0,
        12
    ],
    "case": "Posterior Samples",
    "dim": 1,
    "samples": [
        11.204721978291637,
        -0.9470790231720464,
        -1.3192621799065765,
        -0.4661543296002652
    ]
}