{
    "run_id": 1,
    "case": "unimodal",
    "dim": 5,
    "low": [
        -100.0,
        -100.0,
        -100.0,
        -100.0,
        -100.0
    ],
    "high": [
        100.0,
        100.0,
        100.0,
        100.0,
        100.0
    ],
    "means_array": [
        [
            0.0,
            0.0,
            0.0,
            0.0,
            0.0
        ]
    ],
    "samples": [
        {
            "posterior": [
                74.96499500086804,
                77.0864089515868,
                -74.12233956816053,
                -14.39551317298637,
                -61.32074044830886
            ]
        }
    ]
}