{
    "sampler": "DEMetro_Z",
    "value": 2,
    "means_array": [
        [
            0.0,
            0.0
        ]
    ],
    "case": "Warmup Samples",
    "dim": 2,
    "samples": [
        [
            -24.127960508011768,
            -112.98517713494984
        ],
        [
            193.37686202495647,
            160.50185932780428
        ],
        [
            158.25467455502422,
            -123.79796683766519
        ],
        [
            -67.85981509974398,
            142.1397407498804
        ]
    ]
}