{
    "sampler": "HMC",
    "value": [
        0,
        0
    ],
    "means_array": [
        [
            0,
            0
        ]
    ],
    "case": "Posterior Samples",
    "dim": 2,
    "samples": [
        [
            0.6888285128689052,
            1.5522668858880349
        ],
        [
            0.39176978983886657,
            -0.15781529586176962
        ],
        [
            -0.35175363685688804,
            1.0512186297302608
        ],
        [
            -0.61631405556149,
            0.855225131610295
        ]
    ]
}