run_id,mu,sampler,wasserstein_distance,mmd_rff,r_hat,ess,runtime
20,"(0, 0, 0, 0, 0)",Metro,0.23079686168166472,0.12831513677600978,1.1967567720160062,15.991026523144855,1.3544116020202637
