mu,global_median_wasserstein_distance,global_median_runtime,global_median_ess,global_median_ess_per_sec,global_median_r_hat,global_median_mmd_rff,global_q25_wasserstein_distance,global_q25_runtime,global_q25_ess,global_q25_ess_per_sec,global_q25_r_hat,global_q25_mmd_rff,global_q75_wasserstein_distance,global_q75_runtime,global_q75_ess,global_q75_ess_per_sec,global_q75_r_hat,global_q75_mmd_rff,ws_mcmc_mean,ws_iid_mean,ws_iid_std,mmd_rff_mcmc_mean,mmd_rff_iid_mean,mmd_rff_iid_std,ws_glass_delta,ws_t_stat,ws_p_value,mmd_rff_glass_delta,mmd_rff_t_stat,mmd_rff_p_value
0,0.03277542180001631,0.7374814748764038,,,,0.01598028544081856,0.026083679433468437,0.7242633700370789,,,,0.01110208002679719,0.03999550896472536,0.7450060844421387,,,,0.0209766516259594,0.03642840922397856,0.026551579976458392,0.007594288828769848,0.017965989168484724,0.012535595699992205,0.004965408254890962,1.3005601275136192,3.169392115085873,0.002830929007670537,1.0936449108980202,2.7632155722208753,0.008349815034104017
