mu,mmd_rff_t_stat,mmd_rff_p_value,mmd_rff_paired_cohens_d
0,5.679740778189586,3.847497791111644e-06,1.0369740483321275
