{
    "sampler": "Metro",
    "value": 2.1,
    "means_array": [
        0
    ],
    "case": "Warmup Samples",
    "dim": 1,
    "samples": [
        61.940994679156994,
        38.139503417391204,
        -101.9854896764208,
        -90.8055187273639
    ]
}