dimension,ws_t_stat,ws_p_value,ws_paired_cohens_d
30,-13.083551782362214,0.005791129862603764,-7.553792143503233
