{
    "sampler": "HMC",
    "value": 2,
    "means_array": [
        0
    ],
    "case": "Warmup Samples",
    "dim": 1,
    "samples": [
        57.96088617492045,
        -9.568517065032033,
        -78.09050552397277,
        -23.100005471456452
    ]
}