run_id,mu,sampler,wasserstein_distance,mmd_rff,r_hat,ess,runtime
8,"(10.0, 0.0)",HMC,3.527390617276795,0.2756294066025193,2.2137691791833616,5.08671538529967,6.660067319869995
