run_id,mu,sampler,wasserstein_distance,mmd_rff,swd_zscore,r_hat,ess,runtime
15,"(10, 10, 20, 30, 30)",Metro,0.03781927087520066,0.028698080973655313,4.412703302653446,1.018268636355334,292.23201388675864,2.0713398456573486
