mu,global_median_wasserstein_distance,global_median_r_hat,global_median_ess,global_median_runtime,global_median_mmd_rff,global_q25_wasserstein_distance,global_q25_r_hat,global_q25_ess,global_q25_runtime,global_q25_mmd_rff,global_q75_wasserstein_distance,global_q75_r_hat,global_q75_ess,global_q75_runtime,global_q75_mmd_rff,ws_mcmc_mean,ws_iid_mean,ws_iid_std,mmd_rff_mcmc_mean,mmd_rff_iid_mean,mmd_rff_iid_std,ws_dist_glass_delta,mmd_rff_glass_delta
"(-8, 0)",0.6998781683323592,1.2625448982373855,11.481981415732895,2.5764970779418945,0.10634689873071725,0.4997762751047912,1.182489550101609,9.809543394894712,2.207760810852051,0.08147881570241243,1.5898152769325862,1.3493572365513444,19.068006402252138,2.5975430011749268,0.20373756133512255,1.062294124230906,0.09860313910586677,0.03748550577579547,0.14520816764332434,0.012069427554553704,0.005604396603001166,25.708362877347064,23.75612390055953
