mu,global_median_wasserstein_distance,global_median_runtime,global_median_ess,global_median_ess_per_sec,global_median_r_hat,global_median_mmd_rff,global_q25_wasserstein_distance,global_q25_runtime,global_q25_ess,global_q25_ess_per_sec,global_q25_r_hat,global_q25_mmd_rff,global_q75_wasserstein_distance,global_q75_runtime,global_q75_ess,global_q75_ess_per_sec,global_q75_r_hat,global_q75_mmd_rff,ws_mcmc_mean,ws_iid_mean,ws_iid_std,mmd_rff_mcmc_mean,mmd_rff_iid_mean,mmd_rff_iid_std,ws_glass_delta,ws_t_stat,ws_p_value,mmd_rff_glass_delta,mmd_rff_t_stat,mmd_rff_p_value
"(-20, 0, 0, 0, 0)",2.3231251852407637,3.6359132528305054,5.156656683363563,1.4176837479069881,2.2223298191164087,0.2585256249927221,1.7164004426920312,3.614523768424988,4.851658749001685,1.339258549529196,1.968648273953295,0.1922696870141768,3.111081648352541,3.65579092502594,5.668636047246564,1.5887959893770545,2.502566560984415,0.3463035319478906,2.586155853501477,0.11651942176162663,0.04107560349473009,0.2709869702502346,0.011195440176009156,0.004865372689641728,60.12416669804252,12.0488092492137,7.900478825360919e-13,53.39601848534973,11.19385027515479,4.63465911552594e-12
