{
    "run_id": 1,
    "case": "unimodal",
    "dim": 30,
    "low": [
        -90.9206609942136,
        -96.29470195682819,
        -80.32608390558923,
        -129.65394216412994,
        -101.9107681520691,
        -152.72710247223728,
        -133.38460450634636,
        -109.10888223363105,
        -80.32383392238958,
        -114.48647531870728,
        -76.03643244439213,
        -82.69417742599654,
        -91.15604105018588,
        -103.01221258647638,
        -147.0430571740294,
        -130.3510217227235,
        -76.79971629462342,
        -89.78715834716931,
        -100.63323703238636,
        -132.9224887068797,
        -137.47339355724603,
        -88.67030788762904,
        -137.5567709934444,
        -103.07406075555417,
        -133.99098752492887,
        -154.4445802039716,
        -107.75437738987063,
        -96.76176308853627,
        -103.08750298811822,
        -100.19339687031051
    ],
    "high": [
        83.65078901624386,
        72.85475056954712,
        67.24651529632904,
        103.64416970682555,
        81.02436663250944,
        107.80287690233149,
        118.99914990306627,
        82.28737136747833,
        64.0602918299869,
        89.76509347143217,
        70.12263553162659,
        64.66007831907817,
        82.62054800719937,
        76.57203954216253,
        103.58843620278603,
        98.57786775881463,
        67.41396302971718,
        76.13550348638206,
        79.79868178057288,
        91.35958403257258,
        102.69920117098164,
        77.70957037379767,
        157.67170874386665,
        85.43589383910248,
        136.61901715629972,
        111.75493876832377,
        88.23394922759475,
        83.12557753185226,
        79.66039938731987,
        89.10062607320029
    ],
    "means_array": [
        [
            0.0,
            0.0,
            0.0,
            0.0,
            0.0,
            0.0,
            0.0,
            0.0,
            0.0,
            0.0,
            0.0,
            0.0,
            0.0,
            0.0,
            0.0,
            0.0,
            0.0,
            0.0,
            0.0,
            0.0,
            0.0,
            0.0,
            0.0,
            0.0,
            0.0,
            0.0,
            0.0,
            0.0,
            0.0,
            0.0
        ]
    ],
    "samples": [
        {
            "posterior": [
                53.246680587461825,
                -94.00079559578643,
                43.1056231482729,
                -92.8416342835869,
                -3.7118262834489713,
                -35.84472059529999,
                91.09681120907112,
                76.02338106434183,
                -51.168491644881684,
                3.6375178501403127,
                17.38585473948615,
                59.773607308568614,
                20.808412902345083,
                -16.763040568204573,
                -5.365179246002782,
                93.49621665546346,
                9.790047763152543,
                -14.642118134047038,
                41.49280823656976,
                -74.42909961849622,
                77.20857102644234,
                -44.98224450065801,
                -86.30450701506847,
                68.68105729379462,
                -1.401934881551938,
                -51.66923352788055,
                -60.57174309918321,
                -14.505685297264336,
                -99.95013100387011,
                -75.36445684278162
            ]
        },
        {
            "posterior": [
                -57.966808061299076,
                -58.20314808161015,
                -22.963973263435008,
                83.7389845566068,
                20.18104433735506,
                -138.13949988584386,
                -49.6275337455406,
                9.880279825313167,
                31.77823918104302,
                8.25389226856764,
                -37.93727800419032,
                -16.577947909402695,
                31.769583765243382,
                -8.480534016696282,
                -92.68471570730011,
                91.68864789340262,
                57.082254203603654,
                -56.53512521470114,
                35.4339739085831,
                -0.31933777785181405,
                -111.66932873635328,
                13.075374898912813,
                50.892527492397164,
                -96.35768639434788,
                29.226734623704914,
                0.8712832149452936,
                -92.5395487158135,
                -11.80672829663088,
                50.111107229956474,
                -55.67617706740231
            ]
        },
        {
            "posterior": [
                -5.365722726268984,
                -83.91684743184032,
                31.891968938709567,
                78.751603456217,
                -19.305696058435558,
                7.138444141648705,
                -26.7878042233461,
                54.36024894671124,
                -14.257483786826981,
                -104.41259207789881,
                -22.19058744142579,
                25.6860243921179,
                -11.074599793325731,
                15.534549025711613,
                -101.38268443920423,
                45.465515418472194,
                46.48006024527825,
                71.06638575079057,
                72.27201074902509,
                44.42871274945696,
                25.53011914376077,
                48.135966320061584,
                -136.18767027616494,
                -67.21918565138637,
                -52.517983833872066,
                36.003035266572596,
                71.54271282776875,
                -77.94265874451946,
                -40.48040771517102,
                69.56474766788217
            ]
        },
        {
            "posterior": [
                32.96491782955718,
                -45.853628749581276,
                -30.1961277202819,
                -6.069892489900866,
                -20.710362662807924,
                65.07628237423128,
                -7.321540799726122,
                56.90137333822494,
                -51.39021170323727,
                52.61473333366794,
                45.11173217415124,
                -40.56350568407148,
                -78.33279866687336,
                -17.61833189548186,
                -63.15822164223792,
                -107.21710894961267,
                -60.95704381565224,
                -44.54586601997721,
                0.06730596755303964,
                24.808428145690215,
                70.82538735387672,
                27.548978772970244,
                -81.47359871522801,
                -85.41548206960309,
                91.98685288559102,
                -50.45678025686726,
                57.52770760436758,
                -2.1771600990109192,
                -90.3683028865641,
                -75.4208694009287
            ]
        }
    ]
}