run_id,mu,sampler,wasserstein_distance,mmd_rff,r_hat,ess,runtime
51,"(0, 0, 0, 0, 0)",Metro,0.04598604101000588,0.03172385630776711,1.0099769642461003,257.3429792486443,1.297389268875122
