{
    "sampler": "DEMetro_Z",
    "value": 2,
    "means_array": [
        [
            -1.2489996118654334,
            0.0
        ],
        [
            1.2489996118654334,
            0.0
        ]
    ],
    "case": "Warmup Samples",
    "dim": 2,
    "samples": [
        [
            2.741071704161545,
            -10.54207893555165
        ],
        [
            -103.73815769294715,
            -61.17783170178668
        ],
        [
            -133.21393664644594,
            -63.03709288456763
        ],
        [
            -2.0851873059324806,
            85.80685582630146
        ]
    ]
}