mu,sampler,wasserstein_distance,r_hat,ess,runtime
"(10, -10)",DEMetro,3.651263651348289,1.0237644726372093,428.7783344930637,6.632261753082275
"(20, 20)",DEMetro,8.09061143773928,1.011093802331061,1368.4879091028654,8.236828565597534
"(5, 5)",DEMetro,0.5455262757457152,1.0196165101960013,428.6448393958426,6.707680940628052
"(50, -50)",DEMetro,0.3866669214051769,1.6927162466178107,15.673436651321499,7.156364917755127
