{
    "sampler": "HMC",
    "value": [
        0.0,
        0.0,
        0.0,
        -5.059644
    ],
    "means_array": [
        [
            0.0,
            0.0,
            0.0,
            -5.059644
        ],
        [
            -3.810317,
            2.528724,
            1.756997,
            1.264911
        ],
        [
            -0.181444,
            -4.600403,
            1.674328,
            1.264911
        ],
        [
            -0.181444,
            -0.035591,
            -4.895489,
            1.264911
        ],
        [
            4.173205,
            2.10727,
            1.464164,
            1.264911
        ]
    ],
    "case": "Warmup Samples",
    "dim": 4,
    "samples": [
        [
            11.450341481539407,
            -3.787773294182199,
            9.516584445701513,
            -4.784646379578874
        ],
        [
            -9.877718672505512,
            5.232186138021348,
            -14.429553011967833,
            -4.386411427869959
        ],
        [
            12.056737029456547,
            -5.9162384795684595,
            -13.794969530295596,
            -2.4879131929095486
        ],
        [
            0.5898108443871697,
            -6.700583697953375,
            -5.853927769448056,
            3.607203297345662
        ]
    ]
}