{
    "run_id": 1,
    "case": "multimodal",
    "dim": 2,
    "means_array": [
        [
            0,
            0
        ],
        [
            3,
            3
        ]
    ],
    "min_mode": [
        0,
        0
    ],
    "max_mode": [
        3,
        3
    ],
    "border": [
        0.75,
        0.75
    ],
    "low": [
        -0.75,
        -0.75
    ],
    "high": [
        3.75,
        3.75
    ],
    "samples": [
        {
            "posterior": [
                1.6534815880592406,
                2.9015902985905155
            ]
        },
        {
            "posterior": [
                2.554431761295466,
                2.931319077676398
            ]
        },
        {
            "posterior": [
                2.440674516101458,
                0.47301781702506984
            ]
        },
        {
            "posterior": [
                2.9038454739156867,
                0.705937539422044
            ]
        }
    ]
}