{
    "sampler": "HMC",
    "value": 4,
    "means_array": [
        0,
        4
    ],
    "case": "Posterior Samples",
    "dim": 1,
    "samples": [
        0.9156065767247048,
        0.14689086321946793,
        -0.12252060004476395,
        -0.5628237888274417
    ]
}