mu,mmd_rff_t_stat,mmd_rff_p_value,mmd_rff_paired_cohens_d
"(4.618802, 0.0)",8.746525983967754,1.256412802137264e-09,1.5968898604080692
