mu,mmd_rff_t_stat,mmd_rff_p_value,mmd_rff_paired_cohens_d
"(4.618802, 0.0)",11.0241093571353,6.908398615046215e-12,2.0127177904355933
