mu,mmd_rff_t_stat,mmd_rff_p_value,mmd_rff_paired_cohens_d
"(4.618802, 0.0)",11.312077745836733,3.7491917691111085e-12,2.06529338454899
