{
    "sampler": "HMC",
    "value": 0.0,
    "means_array": [
        [
            0.0,
            0.0
        ]
    ],
    "case": "Warmup Samples",
    "dim": 2,
    "samples": [
        [
            87.44573906566016,
            -70.92413158308914
        ],
        [
            7.296367313819149,
            44.54520305052979
        ],
        [
            -143.14362119835093,
            -106.24597577481818
        ],
        [
            2.7153789192666027,
            21.453731535670283
        ]
    ]
}