{
    "sampler": "Metro",
    "value": [
        10,
        10
    ],
    "means_array": [
        [
            0,
            0
        ],
        [
            10,
            10
        ]
    ],
    "case": "Posterior Samples",
    "dim": 2,
    "samples": [
        [
            -1.4555778885152626,
            -0.5356089536380295
        ],
        [
            10.746312302592845,
            12.402366139197209
        ],
        [
            0.32175883609686395,
            0.5506627292038933
        ],
        [
            10.421143666599065,
            10.289894715207831
        ]
    ]
}