{
    "sampler": "DEMetro_Z",
    "value": 2.5,
    "means_array": [
        0
    ],
    "case": "Warmup Samples",
    "dim": 1,
    "samples": [
        -3.3857944845465986,
        5.754644285598983,
        31.27156167668856,
        -7.270308400453403
    ]
}