{
    "sampler": "Metro",
    "value": 0.95,
    "means_array": [
        [
            0.0,
            0.0
        ]
    ],
    "case": "Warmup Samples",
    "dim": 2,
    "samples": [
        [
            -26.435434419021476,
            -14.957940303214635
        ],
        [
            8.690524379759285,
            -5.103889975054487
        ],
        [
            28.31614242635592,
            10.374704448384483
        ],
        [
            -13.635042458062456,
            -22.539829431500635
        ]
    ]
}