{
    "sampler": "HMC",
    "value": [
        4.618802,
        0.0
    ],
    "means_array": [
        [
            4.618802,
            0.0
        ],
        [
            -2.309401,
            4.0
        ],
        [
            -2.309401,
            -4.0
        ]
    ],
    "case": "Posterior Samples",
    "dim": 2,
    "samples": [
        [
            4.5865429911846665,
            -1.2506625998246796
        ],
        [
            4.748307490780598,
            0.23714673818029147
        ],
        [
            -2.6792926085809516,
            -5.243073684239466
        ],
        [
            4.531900642596947,
            1.5313720954311145
        ]
    ]
}