run_id,mu,sampler,wasserstein_distance,mmd_rff,r_hat,ess,runtime
8,"(10, 10)",SMC,0.05462258947323153,0.011847292429476694,1.0001300732666805,7473.125368749241,3.772557258605957
8,"(2, 2)",SMC,0.11290531801374941,0.02793895977606252,1.0001788498368123,7576.244676379749,2.3860297203063965
8,"(20, 20)",SMC,0.11577928320753182,0.014844328765790008,1.0001978160801235,7687.7395140986855,4.559421062469482
8,"(40, 40)",SMC,0.4600232934696845,0.01431942553830458,1.0002687408820827,7544.294866818085,5.7805092334747314
8,"(5, 5)",SMC,0.12039467078020097,0.014322556744313689,0.9999605858645984,7394.171272958725,2.8333821296691895
