mu,sampler,wasserstein_distance,r_hat,ess,runtime
"(-10, 20, -30)",Metro,0.009994369301723498,1.0398808736928364,561.5874285463271,7.606499195098877
"(-5, 0, 5)",Metro,0.017140163528813736,1.0398808736928364,561.5874285463271,7.393016815185547
"(0, 0, 0)",Metro,0.008075252054286252,1.0398808736928364,561.5874285463271,6.661850452423096
"(50, -50, 100)",Metro,0.009527674272619868,1.0398808736928364,561.5874285463271,7.578501462936401
