{
    "sampler": "Metro",
    "value": 10,
    "means_array": [
        10,
        3
    ],
    "case": "Posterior Samples",
    "dim": 1,
    "samples": [
        13.285286245702324,
        15.954535895099212,
        28.777281352785376,
        12.060437750421158,
        11.269027876231622,
        11.68724377250316
    ]
}