run_id,mu,sampler,wasserstein_distance,mmd_rff,r_hat,ess,runtime
46,"(5.0, 0.0)",SMC,0.1248449569830856,0.03125956050551108,1.0011454488696423,3847.639612998636,1.7102327346801758
46,"(5.0, 10.0)",SMC,0.08140597137471291,0.01988164963199157,0.999603542302326,3806.2976401079236,3.3479137420654297
46,"(5.0, 20.0)",SMC,0.08667021484612515,0.0174549474159004,1.0008644495111392,3200.985880151689,3.1085848808288574
46,"(5.0, 40.0)",SMC,0.18333638828050677,0.02447439911035121,1.0036584118316296,2619.733451396747,2.9169912338256836
46,"(5.0, 5.0)",SMC,0.12727349157571408,0.020710238906386985,1.0008272335891724,3811.524778835651,2.5014047622680664
