run_id,mu,sampler,wasserstein_distance,mmd_rff,r_hat,ess,runtime
50,8,HMC,1.6413406661446532,0.23249578469365828,1.5427671583179594,7.049057465660839,1.615753412246704
50,10,HMC,2.082705621349679,0.22670995391138793,1.7338151257038077,6.181014032295349,1.3008852005004883
50,12,HMC,8.465503663649933,0.7749422086468337,1.0016599794466978,1705.5880102238282,1.3255031108856201
50,14,HMC,9.675786685588463,0.7562253138765571,1.0017151260690138,1778.2592745277282,1.5953805446624756
50,16,HMC,4.927808355868124,0.34705673868023507,1.002728065906017,1634.3758837127455,1.3314321041107178
50,18,HMC,8.110765167640187,0.49536267931585637,1.5290943241368669,7.262439025270651,1.3190505504608154
50,20,HMC,4.142966362893415,0.22329793539256118,1.732566837876207,6.148053988971997,1.3281135559082031
50,22,HMC,9.917953485331717,0.47918255844772245,1.5301044273383055,7.240772376428667,1.3212013244628906
50,40,HMC,2.195327128776052,0.05764137946190296,1.5306991712875886,7.2173492314548024,1.6192288398742676
