num_chains,sampler,wasserstein_distance,r_hat,ess,runtime
4,HMC,2.4173155886813213,1.1829161214571255,68.92419674469762,1.744579792022705
6,HMC,1.452073976526611,1.534216716361669,33.047110647469474,2.4541611671447754
8,HMC,1.0073179955247737,1.5744105934109633,42.856210386805465,3.1520371437072754
