{
    "sampler": "DEMetro_Z",
    "value": 50,
    "means_array": [
        [
            0.0,
            0.0,
            0.0,
            0.0,
            0.0,
            0.0,
            0.0,
            0.0,
            0.0,
            0.0,
            0.0,
            0.0,
            0.0,
            0.0,
            0.0,
            0.0,
            0.0,
            0.0,
            0.0,
            0.0,
            0.0,
            0.0,
            0.0,
            0.0,
            0.0,
            0.0,
            0.0,
            0.0,
            0.0,
            0.0
        ]
    ],
    "case": "Warmup Samples",
    "dim": 30,
    "samples": [
        [
            13.427958303825996,
            -21.873297492420427,
            3.7405082078405703,
            26.00026832266751,
            -23.45041490279793,
            -0.7210552319001232,
            -1.616795575975483,
            2.2798007558277162,
            -22.00282028827921,
            28.18085642073012,
            -18.504456528208483,
            29.60988209160661,
            -27.74541850868825,
            15.040601752032739,
            -26.068886235982166,
            15.90838212036061,
            -12.094771280095182,
            5.246316681596225,
            16.120041519516743,
            -5.053531536623926,
            -27.24869250375556,
            -22.049562038048062,
            -3.4450966222281716,
            13.859540093438627,
            22.1322132241051,
            17.145430620366522,
            -15.491913606237611,
            6.836266457059939,
            -8.545130695794567,
            -27.304630831389844
        ],
        [
            -1.5377027224459798,
            1.387831675159935,
            -12.433233335372865,
            -18.423608738957732,
            -11.31354599403358,
            -15.081535720523437,
            9.564235907007296,
            6.53520906137434,
            4.16215831845084,
            -25.598241540575412,
            28.18145556235238,
            13.330310267814133,
            19.64496491354213,
            -21.522046525463203,
            0.7948633782918536,
            18.68120384246522,
            0.8404715581180496,
            24.183840655499072,
            10.586607360913655,
            -4.026414637971022,
            -15.274207090347794,
            26.074691495916802,
            10.446873687681551,
            -5.949412496086778,
            16.12330111680658,
            14.721929311359848,
            -17.572170918290425,
            27.66986921412638,
            17.547692316136953,
            -10.956026240832825
        ],
        [
            -24.532684341142605,
            8.735113587036414,
            18.732461379719062,
            -24.888267801190185,
            11.431415488200935,
            -3.202716242956672,
            28.204384984063424,
            -24.66319236442707,
            4.154176042524312,
            25.05395555456008,
            -21.500062433829793,
            -15.131008845372635,
            -13.263733189808159,
            16.427190360343513,
            -24.612840799499885,
            9.501602040500863,
            -20.386670760405135,
            -19.467104670769164,
            13.392655578935862,
            13.922483224253153,
            20.94234701957464,
            4.4148670410864685,
            -7.641805328033149,
            -1.2815911898590642,
            -29.79116005126259,
            -23.18192606569965,
            28.59508730873177,
            15.29376674894473,
            -19.836621672762274,
            9.388250945743973
        ],
        [
            -25.284254951703023,
            9.81302892124992,
            -22.62357163460616,
            -20.69192206516993,
            16.615556533391544,
            -3.7269591885227302,
            -3.65873148636528,
            18.344375886484556,
            -6.630567624292515,
            17.40751992127568,
            -19.849473830493352,
            -3.751372938250552,
            -4.740865162091013,
            -13.304663670861128,
            -6.93896680545195,
            -26.907584339743586,
            5.6902848008083025,
            -22.656073705063342,
            6.3908356565724285,
            24.444128428448234,
            4.384602420765573,
            -10.446698943370363,
            21.454395904156044,
            -13.549917968390078,
            -23.73908335155866,
            27.865435459815814,
            -23.722973961778333,
            15.649030544796455,
            -2.8696547659055986,
            4.192906484575078
        ]
    ]
}