{
    "sampler": "DEMetro_Z",
    "value": 10,
    "means_array": [
        [
            0.0,
            0.0,
            0.0,
            0.0,
            0.0,
            0.0,
            0.0,
            0.0,
            0.0,
            0.0
        ]
    ],
    "case": "Posterior Samples",
    "dim": 10,
    "samples": [
        [
            -45.30932371030916,
            -5.834321993588811,
            67.02907030207199,
            53.0124561664682,
            -14.763551365144881,
            -65.24076415842525,
            4.9464336145390995,
            -5.966252492244196,
            44.648597977848205,
            -12.03216807958443
        ],
        [
            41.12848051179576,
            -51.00861335668391,
            9.843153847519497,
            72.32859072855123,
            -37.75068983481259,
            9.03292923773788,
            -22.628605015815666,
            65.00694836012784,
            15.391627111685011,
            11.50365779544613
        ],
        [
            -11.389758498761653,
            47.326336133818,
            17.642424647266985,
            42.16454304904779,
            29.77213052637418,
            84.1399512192775,
            -92.68987442415289,
            33.38174251229074,
            7.796494393415994,
            27.59731010798588
        ],
        [
            -32.34623684586128,
            82.7948630229657,
            25.0213366519084,
            -31.158245701870538,
            -23.811760787192892,
            96.80072313648252,
            -5.8267094990573955,
            8.386986910618463,
            -7.150336388903566,
            13.21097650063633
        ]
    ]
}