{
    "sampler": "HMC",
    "value": 2.1,
    "means_array": [
        [
            0.0,
            0.0
        ]
    ],
    "case": "Warmup Samples",
    "dim": 2,
    "samples": [
        [
            -61.44935941384981,
            65.59696519941
        ],
        [
            137.00738856993078,
            81.16496149001907
        ],
        [
            8.450247907315797,
            87.45358657439768
        ],
        [
            -29.632912332281652,
            -23.33517063587238
        ]
    ]
}