mu,global_avg_wasserstein_distance,global_avg_mmd_rff,global_avg_swd_zscore,global_avg_r_hat,global_avg_ess,global_avg_runtime,global_avg_wasserstein_distance_std,global_avg_mmd_rff_std,global_avg_swd_zscore_std,global_avg_r_hat_std,global_avg_ess_std,global_avg_runtime_std,ws_dist_cohens_d,ws_dist_glass_delta,mmd_rff_cohens_d,mmd_rff_glass_delta
"(-10, 10)",2.714099487290137,0.2050567692639184,37.704050646175375,1.8117430911024677,6.236056345097078,2.502085101604462,0.9617546506864856,0.08610100333249993,14.10726078394565,0.2760601210492527,0.8909146041007515,0.048273684668792845,3.770265503035012,37.704050646175375,3.033028307262687,53.93040169265839
"(10, -10)",2.6912619659864427,0.18402270594351583,53.24493915859991,1.8397937207140618,40.683189402475804,2.453768527507782,1.2490804109202902,0.075937483028876,26.07345141131997,0.3408323413446833,155.15058654952315,0.12662751053554305,2.885862451487077,53.244939158599905,3.0283349927609096,46.526688243569396
"(5, 5)",2.507308246932575,0.15291282965349193,31.56183451051869,1.5649922060639951,10.386363365782199,2.549359977245331,1.7162780883419444,0.0884537853970848,22.82816804380959,0.2372692086507928,9.445972683096745,0.10404800881185017,1.9533941621941993,31.561834510518683,2.108024827220088,31.17444580574545
