mu,global_avg_wasserstein_distance,global_avg_mmd_rff,global_avg_swd_zscore,global_avg_r_hat,global_avg_ess,global_avg_runtime,global_avg_wasserstein_distance_std,global_avg_mmd_rff_std,global_avg_swd_zscore_std,global_avg_r_hat_std,global_avg_ess_std,global_avg_runtime_std,ws_dist_cohens_d,ws_dist_glass_delta,mmd_rff_cohens_d,mmd_rff_glass_delta
"(-10, 10)",5.325772403315947,0.37233881656029444,76.01273039359901,1.5951068561550128,106.59143686908529,2.8634467720985413,1.7737331040324689,0.09456355937720558,26.017566373963202,1.2494678787868445,118.62753906947451,0.08529624778818225,4.128707403379868,76.01273039359903,5.262063547988752,102.7472382305534
"(10, -10)",5.099180703280965,0.4005261972398289,103.50811809437307,4745040.905254683,172.84732604518706,2.804098916053772,1.6110275415455537,0.0916344198134463,33.628778387324175,11588888.348670842,158.38822641656182,0.021585121704672586,4.350973021373924,103.50811809437309,5.8493273360990266,108.40827957417983
"(5, 5)",1.1112974036190975,0.1901109576806816,12.993532357965028,3163360.3843654892,28.161284660723187,2.9217302560806275,0.5187446789401252,0.11222697225029483,6.899808826504043,9736614.070160626,23.63716750732263,0.11900247158269266,2.6356710412436244,12.993532357965023,2.130613144104958,39.95952453734058
