weights,global_avg_ws,global_avg_ws_std,global_avg_rhat,global_avg_rhat_std,global_avg_ess,global_avg_ess_std,global_avg_time,global_avg_time_std
"(1, 1)",2.896146963541676,3.3895980512524058,1.5040853569949275,0.575082820732912,20.34762503338043,17.175166880746833,1.9176021814346313,0.1809001743675487
"(1, 2)",4.028739488414978,3.795063954325887,1.5040853569949275,0.575082820732912,20.34762503338043,17.175166880746833,1.5615891218185425,2.000997665969408
"(5, 1)",2.7534810257638576,1.1759587756751901,1.5040853569949275,0.575082820732912,20.34762503338043,17.175166880746833,1.906141996383667,0.10227994891750943
