weights,global_avg_ws,global_avg_ws_std,global_avg_rhat,global_avg_rhat_std,global_avg_ess,global_avg_ess_std,global_avg_time,global_avg_time_std
"(1, 1)",1.5663150783030653,1.3501846193818905,1.9501278735393182,0.1690971148560001,8.29264806457629,0.8228607535474531,1.5099513530731201,0.014624282083704055
"(1, 2)",2.4869730647086667,2.0523778383870597,1.9501278735393182,0.1690971148560001,8.29264806457629,0.8228607535474531,1.4814883470535278,0.05840625972942673
"(5, 1)",2.4427968570475134,2.1227717381706315,1.9501278735393182,0.1690971148560001,8.29264806457629,0.8228607535474531,1.507062554359436,0.08360097141966301
