weights,global_avg_ws,global_avg_ws_std,global_avg_rhat,global_avg_rhat_std,global_avg_ess,global_avg_ess_std,global_avg_time,global_avg_time_std
"(1, 1)",3.3894312395524935,3.6686009179626926,2.194379846717886,1.552016679726454,22.194251741787497,22.048862085078607,2.5121670961380005,0.6803106578402917
"(1, 2)",1.4805982794788004,0.4293807186261778,2.6582786325695364,0.23092417375400254,7.478692945609156,0.9449115658501537,1.9432671070098881,0.005079875357320879
"(5, 1)",3.6379752229981928,3.176725030292578,2.02238289205455,0.7103395400520511,12.674259483655563,0.1324001104435649,2.035971164703369,0.0952680620244487
