{
    "run_id": 1,
    "case": "multimodal",
    "dim": 30,
    "means_array": [
        [
            0.0,
            0.0,
            0.0,
            0.0,
            0.0,
            0.0,
            0.0,
            0.0,
            0.0,
            0.0,
            0.0,
            0.0,
            0.0,
            0.0,
            0.0,
            0.0,
            0.0,
            0.0,
            0.0,
            0.0,
            0.0,
            0.0,
            0.0,
            0.0,
            0.0,
            0.0,
            0.0,
            0.0,
            0.0,
            0.0
        ],
        [
            -0.6552204734365146,
            0.09130337117634173,
            -8.126656912826228,
            2.492235320490473,
            1.5069888380573826,
            -2.788284946141015,
            3.6978828137709936,
            -1.7653440110010616,
            1.891324439487304,
            6.209417565441494,
            1.0806469981877351,
            -5.842794944913929,
            -0.6037250634325022,
            2.8245603481318944,
            -3.1567116694135047,
            2.697993685407146,
            -1.4155306362446485,
            2.7857145053564714,
            -2.0586256281506583,
            1.1458612840038904,
            -2.061253622268821,
            -0.21844429925392464,
            2.9166913349748116,
            4.903575902088791,
            1.9996838065746583,
            -6.7490907830919475,
            -3.4456954546205414,
            1.5288995964802496,
            -0.745624189504093,
            -2.2286360866848263
        ]
    ],
    "min_mode": [
        -0.6552204734365146,
        0.0,
        -8.126656912826228,
        0.0,
        0.0,
        -2.788284946141015,
        0.0,
        -1.7653440110010616,
        0.0,
        0.0,
        0.0,
        -5.842794944913929,
        -0.6037250634325022,
        0.0,
        -3.1567116694135047,
        0.0,
        -1.4155306362446485,
        0.0,
        -2.0586256281506583,
        0.0,
        -2.061253622268821,
        -0.21844429925392464,
        0.0,
        0.0,
        0.0,
        -6.7490907830919475,
        -3.4456954546205414,
        0.0,
        -0.745624189504093,
        -2.2286360866848263
    ],
    "max_mode": [
        0.0,
        0.09130337117634173,
        0.0,
        2.492235320490473,
        1.5069888380573826,
        0.0,
        3.6978828137709936,
        0.0,
        1.891324439487304,
        6.209417565441494,
        1.0806469981877351,
        0.0,
        0.0,
        2.8245603481318944,
        0.0,
        2.697993685407146,
        0.0,
        2.7857145053564714,
        0.0,
        1.1458612840038904,
        0.0,
        0.0,
        2.9166913349748116,
        4.903575902088791,
        1.9996838065746583,
        0.0,
        0.0,
        1.5288995964802496,
        0.0,
        0.0
    ],
    "border": [
        20.0,
        20.0,
        20.0,
        20.0,
        20.0,
        20.0,
        20.0,
        20.0,
        20.0,
        20.0,
        20.0,
        20.0,
        20.0,
        20.0,
        20.0,
        20.0,
        20.0,
        20.0,
        20.0,
        20.0,
        20.0,
        20.0,
        20.0,
        20.0,
        20.0,
        20.0,
        20.0,
        20.0,
        20.0,
        20.0
    ],
    "low": [
        -30.845084594034386,
        -29.68361183235901,
        -34.20186438849116,
        -28.59122635496201,
        -29.1155328791805,
        -31.472794456245254,
        -28.03380821032179,
        -31.006779331676643,
        -29.35085532696319,
        -26.90121109718646,
        -29.789015771090664,
        -32.89689654617042,
        -30.73575019054646,
        -28.485672916592115,
        -31.34930435161519,
        -28.411449988551354,
        -30.6097800846009,
        -28.707279967099502,
        -31.021165950655206,
        -29.37658463772965,
        -30.614862818099834,
        -30.16751835576196,
        -28.810747000321847,
        -27.653121285745616,
        -29.01795878981322,
        -33.37535799208552,
        -31.620692320405922,
        -29.326996206825214,
        -30.406194850678443,
        -31.119180785683294
    ],
    "high": [
        29.154915405965614,
        30.31638816764099,
        25.79813561150884,
        31.40877364503799,
        30.8844671208195,
        28.527205543754746,
        31.96619178967821,
        28.993220668323357,
        30.64914467303681,
        33.09878890281354,
        30.210984228909336,
        27.103103453829583,
        29.26424980945354,
        31.514327083407885,
        28.65069564838481,
        31.588550011448646,
        29.3902199153991,
        31.292720032900498,
        28.978834049344794,
        30.62341536227035,
        29.385137181900166,
        29.83248164423804,
        31.189252999678153,
        32.34687871425439,
        30.98204121018678,
        26.62464200791448,
        28.379307679594078,
        30.673003793174786,
        29.593805149321557,
        28.880819214316706
    ],
    "samples": [
        {
            "posterior": [
                17.977197270768112,
                23.47551986126258,
                23.036565644107014,
                10.9052804192455,
                -19.39068046058046,
                20.89014308029813,
                2.776527927222805,
                -5.610855778557816,
                29.045598155636945,
                18.073521928878918,
                -25.83250845589479,
                -15.412218258872201,
                -20.677761275787347,
                -28.180745584792092,
                -20.985739980702714,
                10.62365108897184,
                -3.419203539477646,
                -16.924720278941543,
                -17.769304783341433,
                3.676743412163269,
                9.81071046837899,
                -24.238644123526203,
                -16.245605997287964,
                -9.216792239451383,
                20.57711140373985,
                -14.926708409437968,
                -0.43407797218517885,
                -10.969128214638516,
                5.3365668456639135,
                -27.691968186699455
            ]
        }
    ]
}