{
    "sampler": "DEMetro_Z",
    "value": 40,
    "means_array": [
        [
            0.0,
            0.0,
            0.0,
            0.0,
            0.0,
            0.0,
            0.0,
            0.0,
            0.0,
            0.0,
            0.0,
            0.0,
            0.0,
            0.0,
            0.0,
            0.0,
            0.0,
            0.0,
            0.0,
            0.0,
            0.0,
            0.0,
            0.0,
            0.0,
            0.0,
            0.0,
            0.0,
            0.0,
            0.0,
            0.0,
            0.0,
            0.0,
            0.0,
            0.0,
            0.0,
            0.0,
            0.0,
            0.0,
            0.0,
            0.0
        ]
    ],
    "case": "Posterior Samples",
    "dim": 40,
    "samples": [
        [
            4.755484916699291,
            2.984771199660517,
            87.91757065964448,
            -42.83642085167017,
            -49.636133257779974,
            -71.27578082206847,
            43.88062440798186,
            2.1323380388809556,
            5.0876620579724,
            65.6374323846674,
            -39.67875662795229,
            -50.52053416923126,
            -49.03601330158696,
            -52.819241210669446,
            20.13490718804593,
            12.51702698693049,
            -81.65544839060551,
            -10.972873466930679,
            66.18282501594231,
            3.9032154638778933,
            25.73582617227328,
            -87.6206784815536,
            -65.10827043879267,
            -13.661469401590798,
            -30.492960585991344,
            -32.99565879292119,
            58.610988135752606,
            70.43637085546037,
            50.37397659480426,
            17.777343043455897,
            -9.426133897111178,
            -37.846294985450804,
            -34.22743793595834,
            -77.0763722388115,
            -46.6917087822903,
            27.419136311076194,
            77.54624372734442,
            63.14407829194311,
            -18.258859462610825,
            65.74105904378688
        ],
        [
            -26.727480501494632,
            16.7616282362626,
            75.20059374327631,
            63.26611557562116,
            7.038621623918764,
            78.70181375339118,
            51.36758799952216,
            -1.595620064934788,
            37.67241692152548,
            73.26320254491462,
            -73.21313386619047,
            -37.743419008023274,
            -24.15078914225796,
            43.03155355431522,
            23.062058714015155,
            86.589978980458,
            3.889424545039455,
            -32.06007943550392,
            -27.7828756374227,
            32.6242818947022,
            -88.29501771034002,
            15.864621927949347,
            -71.09660171705143,
            114.76653701747436,
            38.4871665534656,
            -66.79892833752177,
            -59.08251624430127,
            -84.21971716080093,
            22.32603518677092,
            0.4707456333731721,
            -20.19736994984747,
            -33.710322611866964,
            38.133612731664016,
            5.9578494678352945,
            58.948596259713156,
            -75.35105339995602,
            75.56786320628376,
            84.95993744436912,
            70.0809447810748,
            82.01949396729036
        ],
        [
            43.90711993265166,
            20.304463637603835,
            53.17222395021296,
            -78.35859428281596,
            51.18546668475485,
            12.198025388221218,
            13.448870930118844,
            -48.88002116578556,
            56.12941401320183,
            28.23674205797891,
            27.880696026441615,
            -85.759874874405,
            -55.37177732488865,
            -1.4776846853619061,
            63.483698933437246,
            17.219921041106335,
            -30.332510047784414,
            -22.841473308976468,
            29.392078706058516,
            58.9349190720874,
            -49.857729364423264,
            59.990855909999745,
            53.818422243241024,
            -20.23984657606845,
            -76.42189953583062,
            -53.26487637689912,
            57.71608047255365,
            -0.2950117902349599,
            0.9086104946852869,
            52.13296066583048,
            -114.10191901318049,
            -61.35923912721625,
            19.785962445068037,
            -12.556168199594742,
            77.79103502834836,
            -42.69703190145576,
            -16.92661008974883,
            62.964260337706996,
            -80.45158937994997,
            -46.56999631532716
        ],
        [
            0.8064105968021757,
            -32.31025405075587,
            22.417466675694865,
            -15.922461513066732,
            79.31827604721933,
            91.74143774221879,
            -31.225127463019007,
            2.7928547795633603,
            -26.951460151475974,
            16.49288453422534,
            -81.97819577085065,
            -47.48856086186094,
            12.113464673328462,
            8.058210630395108,
            90.5015750649811,
            17.896693756175843,
            80.25500543515942,
            -44.724271404799474,
            -35.867186806108855,
            -56.70812992085812,
            -77.95518771906634,
            -13.293595384103291,
            28.547173943170804,
            13.771026957466237,
            -71.13695037088524,
            -65.79691218049119,
            30.234824298044675,
            86.75030917834053,
            23.937797488577104,
            46.152947514836626,
            -14.174412582639635,
            0.4756165241107805,
            -85.49774829115414,
            -28.429782635087477,
            -60.130564750720715,
            72.46433434061876,
            -77.21151463527013,
            65.65517206580267,
            42.43221794012637,
            58.53714374881897
        ]
    ]
}