mu,ws_t_stat,ws_p_value,ws_paired_cohens_d
"(0.0, 0.0, -5.163978, 0.0, 0.0)",13.505495793963894,4.8711623948411475e-14,2.4657548988817224
