run_id,mu,sampler,wasserstein_distance,mmd_rff,swd_zscore,r_hat,ess,runtime
6,"(10, 10, 10, 10, 10, 20, 20, 20, 20, 20, 30, 30, 30, 30, 30, 40, 40, 40, 40, 40)",HMC,0.023378360194102915,0.019074073719049612,-0.1362093283869556,1.0039202004627419,12118.269161530883,3.5412535667419434
