run_id,mu,sampler,wasserstein_distance,mmd_rff,swd_zscore,r_hat,ess,runtime
6,"(10, 10, 10, 10, 10, 20, 20, 20, 20, 20, 30, 30, 30, 30, 30, 40, 40, 40, 40, 40)",Metro,0.037254070689223394,0.018861807755333086,6.771298104598434,1.0071129601023254,1172.2905345455708,3.87748122215271
