{
    "sampler": "DEMetro_Z",
    "value": 50,
    "means_array": [
        [
            0.0,
            0.0,
            0.0,
            0.0,
            0.0,
            0.0,
            0.0,
            0.0,
            0.0,
            0.0,
            0.0,
            0.0,
            0.0,
            0.0,
            0.0,
            0.0,
            0.0,
            0.0,
            0.0,
            0.0,
            0.0,
            0.0,
            0.0,
            0.0,
            0.0,
            0.0,
            0.0,
            0.0,
            0.0,
            0.0
        ]
    ],
    "case": "Warmup Samples",
    "dim": 30,
    "samples": [
        [
            -16.372016719829997,
            13.34854499844055,
            -3.192608406397781,
            13.231331096139286,
            -6.501754608318017,
            -11.702462184999055,
            27.306767996691597,
            -20.401072995156873,
            -24.28673029614603,
            23.39514823227329,
            14.734494334125147,
            18.94331930424636,
            -18.284207228151104,
            6.398626513011645,
            -15.791492878614745,
            -15.895903191946571,
            4.008033144861897,
            5.448328504152609,
            -20.213453290265864,
            -25.767910183536845,
            -22.926953183646066,
            5.031238161809832,
            -26.97019010097874,
            8.4121338647984,
            -4.638177052984889,
            -22.90307440823175,
            29.388000302700597,
            -24.39066703191909,
            -19.260911254250757,
            28.225654940102665
        ],
        [
            7.353805622058924,
            -20.15085424871755,
            13.733963929411596,
            26.600632740488706,
            -27.104033670973813,
            29.729774235657434,
            -22.339197599240304,
            -6.2692304546208435,
            -21.83581602871513,
            -11.29797863676019,
            26.509925384651883,
            -21.766877641489966,
            22.915438615034642,
            10.07806448252411,
            20.09478187245632,
            14.888950811093464,
            21.6460329667824,
            9.063616515717733,
            27.82958018554289,
            26.30261835648512,
            8.309388490359815,
            -19.755356867085553,
            9.537134760256881,
            -0.131340402774907,
            -17.583218870615244,
            11.004165554764855,
            7.071364805552787,
            -21.86198291399638,
            -17.66004657230741,
            16.559694820445646
        ],
        [
            1.6480632078465973,
            11.968780868326423,
            29.919885978270262,
            20.27541036224706,
            -24.665977266243008,
            -3.0726449297155485,
            9.360945117555485,
            3.8968741870066848,
            -7.905635507307357,
            18.32194019840607,
            16.545840517338277,
            -6.320215043065309,
            -13.258405867611845,
            -2.873083824264559,
            -23.327150828209504,
            18.730777781649916,
            -26.947937587780025,
            7.626663113527454,
            -25.820899318897123,
            9.064375623578028,
            6.891627409156371,
            -11.240950452011637,
            -7.252009377257278,
            -25.395230894713848,
            -7.4595344910162815,
            7.63384287223531,
            30.297368277453902,
            -25.705506193517007,
            16.71696985118338,
            28.0085080231075
        ],
        [
            -12.866010779099312,
            11.072150368801417,
            -6.744646672542052,
            19.97762518260976,
            -16.475500290013482,
            -18.961043824572737,
            14.043008774297768,
            -0.34476344723841484,
            -10.69175777349366,
            -5.845528992911383,
            21.903064032841538,
            -12.08245995084986,
            -6.071995185173397,
            25.58230708553874,
            15.882301437927039,
            1.114003563780895,
            -25.25253836417021,
            18.174728359026844,
            18.426263374174983,
            -26.377516015954615,
            -24.705769264978354,
            15.231322811442102,
            0.028556716286140427,
            1.7106790385302617,
            -12.350262414810327,
            0.1782761553893589,
            -22.086200266268786,
            26.087503764381665,
            14.74586982596068,
            -0.8832029540016506
        ]
    ]
}