{
    "sampler": "DEMetro_Z",
    "value": 2.1,
    "means_array": [
        0
    ],
    "case": "Posterior Samples",
    "dim": 1,
    "samples": [
        0.33444777417072946,
        -0.7457918416392157,
        -8.306203256827178,
        -0.4413305110509166
    ]
}