{
    "sampler": "DEMetro_Z",
    "value": 30,
    "means_array": [
        [
            0.0,
            0.0,
            0.0,
            0.0,
            0.0,
            0.0,
            0.0,
            0.0,
            0.0,
            0.0,
            0.0,
            0.0,
            0.0,
            0.0,
            0.0,
            0.0,
            0.0,
            0.0,
            0.0,
            0.0,
            0.0,
            0.0,
            0.0,
            0.0,
            0.0,
            0.0,
            0.0,
            0.0,
            0.0,
            0.0
        ]
    ],
    "case": "Warmup Samples",
    "dim": 30,
    "samples": [
        [
            -4.404405690485289,
            -19.535321142659008,
            -5.803145030304214,
            -25.777104585700652,
            -6.451590503342935,
            -19.731328562023307,
            -24.318982195885134,
            -15.684073062019417,
            -17.851821435277433,
            5.24354199722631,
            -13.249363157280303,
            -24.55986836274774,
            20.03019775259862,
            -16.412056753902416,
            -6.995575126368389,
            -12.842760252266908,
            -17.18955276663587,
            -26.827778931147307,
            -9.988240278474404,
            -13.308590852598845,
            -3.316565059780415,
            11.91479480597878,
            26.174914496008704,
            -5.226222989532375,
            -16.385238611050557,
            30.21015051421906,
            17.42964371583286,
            -2.117643900404465,
            -1.8681514417123404,
            -11.0478579462113
        ],
        [
            -19.47840909054214,
            -20.671987147846345,
            10.791772691913657,
            -14.092150536878346,
            -28.546414795122978,
            29.109550313248278,
            23.939016238931075,
            8.602663256334814,
            -26.802076112975435,
            12.321885970667555,
            -9.534071491894597,
            24.463438814219696,
            20.072463040239548,
            -27.3055134781821,
            -27.88554527487304,
            -17.306174404317584,
            -19.440052505748568,
            -29.170932682461384,
            8.451613789944552,
            16.47620642268422,
            -4.107231280154085,
            28.148240780002702,
            -24.478767938901296,
            -25.873430666842925,
            29.898253645278444,
            -25.962307024225147,
            30.211781913556475,
            20.18816044962024,
            18.176748339120632,
            2.91136918429212
        ],
        [
            -23.94021547394293,
            -24.845955376675374,
            8.012858581113864,
            -19.31773533683476,
            -26.07251462155919,
            12.599803869519379,
            -15.67905943440089,
            29.049593914887268,
            28.827594518220497,
            -3.3072635995315784,
            -4.347160882766667,
            -14.205898484396528,
            -14.10632329848548,
            -15.534897219381469,
            -3.4724117734459403,
            21.824772569291042,
            -21.746053078861365,
            -14.263293248945429,
            -5.0999725755341405,
            9.151875338261743,
            -18.881771289462655,
            3.7920620826919254,
            -11.875284279539285,
            -1.2954775929867117,
            3.497380596965473,
            -3.2169214260709627,
            3.4384459356147365,
            -12.287281613012267,
            -27.456635109619274,
            17.249326364980966
        ],
        [
            24.77961091826103,
            24.751238437285377,
            13.463046868859253,
            3.7098483534161724,
            28.719618584857365,
            -17.673343267115904,
            -18.38439298152295,
            -9.226175437134673,
            -25.755936537837567,
            3.020394745904512,
            -18.030006055376994,
            -3.627182249770519,
            -8.15826387804572,
            -8.113844919553685,
            6.250472599403889,
            -24.89705490376328,
            -1.727270874209279,
            -17.72378591066851,
            -20.42235905922877,
            -9.69234222276078,
            27.093777230310117,
            5.530197636584203,
            -13.019003819485151,
            -17.333686284120006,
            -11.351186967752044,
            -28.995982242930424,
            -0.5890534368465754,
            7.785727443202692,
            -7.045585220519701,
            0.809505835820903
        ]
    ]
}