run_id,mu,sampler,wasserstein_distance,mmd_rff,swd_zscore,r_hat,ess,runtime
7,"(10, 10, 10, 10, 10, 20, 20, 20, 20, 20, 30, 30, 30, 30, 30, 40, 40, 40, 40, 40)",DEMetro,3.3401002413947523,0.410717434671079,1650.970669529844,,6.048387096774194,2.761061906814575
