{
    "sampler": "DEMetro_Z",
    "value": 15,
    "means_array": [
        0,
        15
    ],
    "case": "Posterior Samples",
    "dim": 1,
    "samples": [
        -0.1409473772456835,
        0.15276215974581045,
        1.6589087916078338,
        0.9560000538007253
    ]
}