{
    "run_id": 1,
    "case": "multimodal",
    "dim": 2,
    "means_array": [
        [
            -4.0,
            0.0
        ],
        [
            4.0,
            0.0
        ]
    ],
    "min_mode": [
        -4.0,
        0.0
    ],
    "max_mode": [
        4.0,
        0.0
    ],
    "border": [
        20.0,
        20.0
    ],
    "low": [
        -29.892234493574414,
        -30.048494971440256
    ],
    "high": [
        30.107765506425586,
        29.951505028559744
    ],
    "samples": [
        {
            "posterior": [
                -1.1802797488166377,
                -18.465112567641373
            ]
        },
        {
            "posterior": [
                -1.6637760598736193,
                3.8988505018490187
            ]
        },
        {
            "posterior": [
                -19.33574422120636,
                17.511427259958396
            ]
        },
        {
            "posterior": [
                6.534662311508853,
                26.37137241163289
            ]
        }
    ]
}