{
    "run_id": 1,
    "case": "unimodal",
    "dim": 10,
    "low": [
        -29.904513404422083,
        -30.01898008484082,
        -29.88849251935502,
        -30.128848915369147,
        -29.859389779081035,
        -29.948779176754215,
        -30.136849717168893,
        -30.00368059774758,
        -29.97292067817763,
        -29.923432202821477
    ],
    "high": [
        30.095486595577917,
        29.98101991515918,
        30.11150748064498,
        29.871151084630853,
        30.140610220918965,
        30.051220823245785,
        29.863150282831107,
        29.99631940225242,
        30.02707932182237,
        30.076567797178523
    ],
    "means_array": [
        [
            0.0,
            0.0,
            0.0,
            0.0,
            0.0,
            0.0,
            0.0,
            0.0,
            0.0,
            0.0
        ]
    ],
    "samples": [
        {
            "posterior": [
                22.3867123892339,
                24.844944808911364,
                -23.852883949636965,
                11.790613674309242,
                4.376021604230573,
                -16.38777342448784,
                20.637539327927293,
                22.935585652327138,
                16.24818390544376,
                25.595916860507902
            ]
        }
    ]
}