{
    "sampler": "Metro",
    "value": 30,
    "means_array": [
        [
            0.0,
            0.0,
            0.0,
            0.0,
            0.0,
            0.0,
            0.0,
            0.0,
            0.0,
            0.0,
            0.0,
            0.0,
            0.0,
            0.0,
            0.0,
            0.0,
            0.0,
            0.0,
            0.0,
            0.0,
            0.0,
            0.0,
            0.0,
            0.0,
            0.0,
            0.0,
            0.0,
            0.0,
            0.0,
            0.0
        ]
    ],
    "case": "Posterior Samples",
    "dim": 30,
    "samples": [
        [
            0.5758891377925391,
            0.4650281497948646,
            0.26634147857386603,
            -1.0767855653583016,
            -0.6991403861954568,
            0.946056002867023,
            0.7551137052494532,
            2.807510986011784,
            0.4610869803061328,
            -0.11861614083121674,
            0.1197779752232743,
            1.4685125320853467,
            0.12454637657946499,
            -0.6910357511728267,
            -1.2760706630162884,
            -0.46403098725440833,
            0.02051739812639533,
            2.6393406640735497,
            1.2034972710312064,
            2.250961319719655,
            0.278228236364086,
            0.08414099678793674,
            -0.9447797726634319,
            -0.27194403040286397,
            -1.8597495015103678,
            0.6442377357897235,
            -0.046689123905712115,
            0.20552747464933352,
            -0.3390731486303637,
            -0.6375319617088961
        ],
        [
            0.3671994819174792,
            0.282120649720749,
            0.114380819690449,
            -1.5359608048246733,
            0.17377382896187626,
            0.9919747612653167,
            -1.1881882250123466,
            -0.8590081835845778,
            -1.8361247867342827,
            0.12584845848750703,
            1.6443045087904096,
            0.5703796100122287,
            0.8575766428380157,
            -0.46803324044702455,
            -0.31689824061276706,
            -0.5598427570544648,
            -0.6378824168380723,
            0.6026658146954778,
            -0.47318107779518326,
            -0.7660109820780132,
            0.5334995984273786,
            -1.1221671900362735,
            -0.48120103861411545,
            -0.6966493220525211,
            1.202904657207911,
            0.8829700155108315,
            1.3437420193189098,
            0.3201959896655314,
            0.20907153262068018,
            -0.3885625207039839
        ],
        [
            2.119140530151222,
            0.1278284844667401,
            -0.5210337230879369,
            -0.6426648333942993,
            0.5227329930394957,
            -0.0778816094539877,
            -0.2952016287539134,
            -0.7623940965368388,
            2.138418425230167,
            -0.20749349071304513,
            -0.41109142033789414,
            0.9299289228104903,
            -0.5964890472692077,
            1.0690727442048655,
            0.9723917091265071,
            1.472124163795952,
            0.23212989199459633,
            0.0661296829380327,
            -0.4147091763820241,
            -0.12226085632021111,
            -0.3138221831401736,
            1.9751203993510165,
            -0.5705399599575358,
            -2.3057861667055124,
            -0.506804986088808,
            -0.09584511294443086,
            -1.3227579996821577,
            0.6203672705916207,
            -1.6906565755585796,
            -0.33039236760304247
        ],
        [
            0.954728243678926,
            -1.1299635751544859,
            0.2665194589494734,
            -0.049553768829566136,
            0.5946305657828117,
            -0.25465304360589935,
            0.52669453158446,
            -0.28260096202770046,
            0.2090765128597245,
            -0.5418262806612284,
            -0.6583582545163059,
            -0.35863308448771347,
            -1.5038149062269437,
            -1.1378809186604935,
            -0.7987867159801898,
            1.2286321621885932,
            2.339984804509143,
            0.21334057825645641,
            -0.9269833106010754,
            0.0988811143155175,
            -0.22854108585281044,
            -1.2172745238186158,
            -1.0961728568325926,
            0.4144275953217348,
            0.9333375172558698,
            -0.009208665895666573,
            -0.030949190114538894,
            0.12749090040439803,
            -0.25197663768310935,
            -0.0995035770229411
        ]
    ]
}