{
    "sampler": "DEMetro",
    "value": [
        -10,
        10
    ],
    "means_array": [
        [
            -10,
            10
        ]
    ],
    "case": "Posterior Samples",
    "dim": 2,
    "samples": [
        [
            -10.094579269845616,
            10.562093037804658
        ],
        [
            -9.404178242370246,
            10.381916607270087
        ],
        [
            -8.64127781471955,
            11.562437781193708
        ],
        [
            -10.445087109726277,
            9.574440828303345
        ]
    ]
}