nu,ws_t_stat,ws_p_value,ws_paired_cohens_d
2.1,9.3383039372434,3.046925462260119e-10,1.7049332384225055
3.0,6.762467919117827,2.0144607417706728e-07,1.2346520745686185
4.0,4.085613269963202,0.0003169271239584486,0.74592751640043
5.0,3.7696022954552144,0.0007450295644577807,0.6882320700146917
30.0,5.649862484964245,4.1787040728268675e-06,1.0315190432723698
