nu,mmd_rff_t_stat,mmd_rff_p_value,mmd_rff_paired_cohens_d
2.1,6.180976779498495,9.706232506979703e-07,1.1284868031823203
3.0,4.507678893396758,9.940278177510228e-05,0.8229858039677764
4.0,3.3308551649120375,0.002370130665048103,0.6081281698683043
5.0,3.4079451947319246,0.001939911053532348,0.6222028192986704
30.0,3.687994201149955,0.0009266782385004119,0.6733325386393585
