nu,ws_t_stat,ws_p_value,ws_paired_cohens_d
2.1,-0.008187062572558816,0.9935238041325628,-0.0014947462835655798
3.0,-0.7630492955546173,0.45159692295098297,-0.13931310388789678
4.0,-2.659803660593999,0.012601154952800885,-0.48561148781404934
5.0,-1.4227924608927736,0.16546514268315227,-0.259765175159753
30.0,-4.185311842522271,0.00024136161335888993,-0.7641299021143191
