{
    "sampler": "DEMetro_Z",
    "value": 10,
    "means_array": [
        [
            0.0,
            0.0,
            0.0,
            0.0,
            0.0,
            0.0,
            0.0,
            0.0,
            0.0,
            0.0
        ]
    ],
    "case": "Posterior Samples",
    "dim": 10,
    "samples": [
        [
            -30.01278546075517,
            -1.334537359359641,
            -20.634024103027283,
            -31.03885938147093,
            16.832026826041748,
            28.26154838508679,
            -10.02365401982143,
            -16.67616005727064,
            58.0056575015408,
            2.5393162665225626
        ],
        [
            -1.2117176467187254,
            -97.7819862966385,
            -7.374946896663982,
            -28.220324219942277,
            75.30874751498979,
            52.45802781258984,
            -57.288270732897686,
            -82.69746072989614,
            -92.15569806859222,
            42.37924869913174
        ],
        [
            -3.0342589715441357,
            0.6999419639541511,
            -1.4066842344483277,
            -0.5634228582465624,
            12.3944311699566,
            -3.893493739504077,
            7.69447120117267,
            -4.094916994291117,
            7.397510366857569,
            -13.346518278462838
        ],
        [
            -2.090657307191451,
            1.2193093937200294,
            15.61518901979782,
            16.836499635214725,
            6.219645583298128,
            1.2525139609640674,
            0.9273185366432488,
            4.814266346806327,
            5.432482868440168,
            -7.5667166909258
        ]
    ]
}