run_id,mu,sampler,wasserstein_distance,mmd_rff,r_hat,ess,runtime
11,"(10, 10)",HMC,1.6332669963309832,0.19387917493208298,1.7422705285702087,6.065190762955906,3.180246114730835
11,"(2, 2)",HMC,1.1473381887315544,0.16335907663444676,1.200979562867809,14.232141828565657,3.317542791366577
11,"(20, 20)",HMC,1.9665777857887454,0.12810277855407698,1.778166649160625,5.9700355372006655,3.5121099948883057
11,"(40, 40)",HMC,4.221410839452567,0.1345332593381863,1.820317320341847,5.867535839173877,3.1415038108825684
11,"(5, 5)",HMC,0.6803955274694765,0.13882727621206709,1.5208506827387656,7.4062202028156765,3.4980695247650146
