run_id,dimension_corr,sampler,wasserstein_distance,mmd_rff,r_hat,ess,runtime
70,2,Metro,0.05700416903016612,0.039797119771634144,1.00404350952516,925.7495206784754,1.1331028938293457
70,5,Metro,0.05023722729972503,0.029650686373383844,1.0101452507765143,769.0865019799886,1.6196072101593018
70,10,Metro,0.047110924902590785,0.024669335830659826,1.0058362026010854,700.8611429853589,1.6284141540527344
70,15,Metro,0.05487551673189643,0.023201341400462126,1.010750833782487,773.8423095989393,2.2032692432403564
70,20,Metro,0.04433419634429058,0.02295621003303862,1.0105385521270849,660.6995305958255,2.2157142162323
