run_id,mu,sampler,wasserstein_distance,mmd_rff,r_hat,ess,runtime
35,"(0, 0, 0, 0, 0)",SMC,0.0246091564242316,0.020083580201117154,1.0010042694455454,3254.075670315254,1.9268927574157715
