run_id,mu,sampler,wasserstein_distance,mmd_rff,r_hat,ess,runtime
3,"(10.0, 0.0)",HMC,3.0625507963747585,0.3789633777268977,1.9520235570945088,5.4691846757645,7.793410062789917
