run_id,mu,sampler,wasserstein_distance,mmd_rff,r_hat,ess,runtime
3,"(10.0, 0.0)",Metro,4.156019274734539,0.2583472423820895,1.734476847581183,6.3425040499995795,5.773906707763672
