run_id,dimension_corr,sampler,wasserstein_distance,mmd_rff,r_hat,ess,runtime
31,2,HMC,0.018602306559407637,0.010621046669955041,1.0010178506315626,8142.83953890327,1.9432127475738525
31,5,HMC,0.023574804156361474,0.016485041326562654,1.0005951653247263,11634.71132718932,2.1160778999328613
31,10,HMC,0.02265274201991111,0.016130843866562983,1.0012571312100182,9946.41575450042,2.4166419506073
31,15,HMC,0.018390917391586114,0.015825721363517488,1.002958199303111,12184.9219683195,2.551394462585449
31,20,HMC,0.020669925395594865,0.01627162459055858,1.002473435596263,14706.053728546935,2.687699556350708
