run_id,dimension_corr,sampler,wasserstein_distance,mmd_rff,r_hat,ess,runtime
31,2,Metro,0.03632363292598341,0.020625087185366306,1.0025394751662644,1861.806102981901,1.3217027187347412
31,5,Metro,0.03331289596107653,0.02148306156764611,1.0033350955262759,1759.5053011289658,1.5449211597442627
31,10,Metro,0.034081720353987925,0.017485087961175347,1.0035292397728581,1529.2225495203986,2.286496877670288
31,15,Metro,0.031543256045497785,0.01647645444071214,1.0068390742869533,1359.0911962793207,2.4197371006011963
31,20,Metro,0.026736991570801737,0.016973513752680386,1.006542481011555,1401.3657998184638,3.2173995971679688
