run_id,dimension_corr,sampler,wasserstein_distance,mmd_rff,r_hat,ess,runtime
31,2,SMC,0.03165613336747963,0.021587708268216335,0.9999744457844676,7407.1399450834215,2.2206549644470215
31,5,SMC,0.02232719198558662,0.01810549244488177,1.0002216018210126,7633.443879259913,3.432448387145996
31,10,SMC,0.018982044393037686,0.015200275292210415,1.0004075520266156,7403.595388580411,3.6280269622802734
31,15,SMC,0.017145285152244793,0.015730672056786472,1.0010138501545471,7393.670007997752,5.918232202529907
31,20,SMC,0.01944150352910039,0.016014754032972752,1.001078519893723,7026.463818700889,7.409173250198364
