{
    "sampler": "DEMetro_Z",
    "value": 10,
    "means_array": [
        [
            0.0,
            0.0,
            0.0,
            0.0,
            0.0,
            0.0,
            0.0,
            0.0,
            0.0,
            0.0
        ],
        [
            0.17191665567230185,
            1.6649469301013526,
            -1.6272731541255596,
            2.553125435398574,
            -1.4968862129406513,
            5.056938534304711,
            3.0429313266435356,
            -8.0760866226162,
            -7.026308532749797,
            -2.316682004536312
        ]
    ],
    "case": "Warmup Samples",
    "dim": 10,
    "samples": [
        [
            -15.642589301498989,
            -10.61474597431584,
            6.785110048389799,
            -11.482875973101018,
            9.35351487592822,
            -27.37594126741937,
            22.770726182895697,
            2.362551070243061,
            0.756539348421226,
            26.559741170961917
        ],
        [
            3.109150973373151,
            -16.24573688644186,
            18.068807160050994,
            20.795863226453058,
            17.96898577500325,
            -4.996502348303554,
            12.094957480938001,
            -13.146268332371069,
            14.387626409097734,
            -0.1685968101900803
        ],
        [
            -20.83922303072536,
            1.4358114037438952,
            20.470341309320094,
            -16.92178168308517,
            14.074477477971342,
            -3.6876716538799426,
            27.876365061564798,
            -27.106772098911275,
            1.6077112620441825,
            -8.287389766041162
        ],
        [
            -8.676765692150372,
            4.341884508228647,
            -30.442555473633462,
            6.706014929854801,
            29.244436669188463,
            -15.074816779822001,
            15.55912969950115,
            -29.931944210537516,
            -27.370595988532997,
            7.180363653202371
        ]
    ]
}