correlation,mmd_rff_t_stat,mmd_rff_p_value,mmd_rff_paired_cohens_d
0.99,-20.685924854237673,0.0023287934828795233,-11.943024283030491
