correlation,mmd_rff_t_stat,mmd_rff_p_value,mmd_rff_paired_cohens_d
0.99,-2.2171203022321913,0.15691061448518562,-1.2800550033195401
