{
    "sampler": "HMC",
    "value": 30,
    "means_array": [
        0
    ],
    "case": "Warmup Samples",
    "dim": 1,
    "samples": [
        16.542240476522128,
        -21.721456954633844,
        -21.89364683078036,
        0.2814629000884197
    ]
}