run_id,mu,sampler,wasserstein_distance,mmd_rff,r_hat,ess,runtime
19,"(0, 0, 0, 0, 0)",HMC,0.03288332128085609,0.024320841645576522,1.0032470729491112,5701.253038809845,1.6975011825561523
