run_id,nu,sampler,wasserstein_distance,mmd_rff,r_hat,ess,runtime
20,0.5,HMC,17896.915372101535,0.012740714497442804,1.0117506969873211,913.127163202912,4.641578674316406
20,1.0,HMC,3.757628647539404,0.03106184935532851,1.0050608914286965,1971.240229403768,1.750227689743042
20,2.0,HMC,0.4695869799080205,0.01580022092021899,1.0027464652386306,2169.9695912348784,1.3451323509216309
20,5.0,HMC,0.04372178149147882,0.010974087257275342,1.000254185867282,3133.8719939848934,1.172523021697998
20,10.0,HMC,0.03195172940981891,0.010470523847861764,1.0011237562763813,3338.46969371722,1.2207117080688477
20,30.0,HMC,0.015057162213696754,0.006115033167264177,1.0001923121997145,3457.7635759009822,1.1993591785430908
20,100.0,HMC,0.02221746493466853,0.014721600388564505,1.0003080780774467,3530.8261850280364,1.1418144702911377
20,500.0,HMC,0.012443474891163545,0.004102258654546626,1.0008476309877181,3504.532681186991,1.1814444065093994
