{
    "sampler": "Metro",
    "value": 4,
    "means_array": [
        [
            0.0,
            0.0
        ]
    ],
    "case": "Warmup Samples",
    "dim": 2,
    "samples": [
        [
            -25.140065912473773,
            -23.6187160097979
        ],
        [
            -0.8282013161338507,
            15.17772466216036
        ],
        [
            -5.937851383642867,
            8.36570689896429
        ],
        [
            20.65127468233186,
            30.13455322461007
        ]
    ]
}