{
    "sampler": "Metro",
    "value": 0.0,
    "means_array": [
        [
            0.0,
            0.0
        ]
    ],
    "case": "Posterior Samples",
    "dim": 2,
    "samples": [
        [
            0.3019948566119106,
            0.14605761082551938
        ],
        [
            0.6199765492094778,
            0.12291135947144227
        ],
        [
            -1.3648221627461894,
            -0.5534528977536334
        ],
        [
            -0.9457203817560614,
            -1.2527091619751654
        ]
    ]
}