alpha,sampler,wasserstein_distance,swd_zscore,r_hat,ess,runtime
2,DEMetro,18.54773518807818,0.8234152720892343,1.0124181175339333,725.5477003126731,7.510639667510986
