{
    "sampler": "HMC",
    "value": 1,
    "means_array": [
        0
    ],
    "case": "Posterior Samples",
    "dim": 1,
    "samples": [
        -0.9325333751899949,
        -3.742647830114213,
        -0.273273329153268,
        0.22255980380386914,
        0.39969225107264966,
        0.1396008679284716
    ]
}