run_id,mu,sampler,wasserstein_distance,mmd_rff,swd_zscore,r_hat,ess,runtime
16,"(10, 10)",Metro,3.0535608192874126,0.2841060978184425,72.60204461691303,1.6200856307512816,10.058087680135673,2.985907554626465
16,"(20, 20)",Metro,8.867340729693614,0.41811822813841537,106.70533620568935,1.3820118165176796,13.333906423849687,3.474317789077759
16,"(5, 5)",Metro,0.1364694909538927,0.036784821103463705,5.175487573262728,1.0465026548346987,88.64111606091721,3.2331202030181885
16,"(50, 10)",Metro,5.932706882458024,0.1528392783795942,46.21797463166486,1.7128857903486212,9.472374900118604,3.234278917312622
