run_id,mu,sampler,wasserstein_distance,mmd_rff,r_hat,ess,runtime
57,"(0, 0, 0, 0, 0)",Metro,0.04713107817839386,0.026229849811724458,1.01219899573474,781.8491307535132,1.2560439109802246
