{
    "sampler": "DEMetro_Z",
    "value": 3,
    "means_array": [
        [
            0.0,
            0.0
        ]
    ],
    "case": "Warmup Samples",
    "dim": 2,
    "samples": [
        [
            33.585349817664714,
            31.097100216674086
        ],
        [
            -57.092971976433546,
            -54.334719254072546
        ],
        [
            42.28692394198699,
            -71.0091790266407
        ],
        [
            21.06779794090502,
            -36.95881438069117
        ]
    ]
}