{
    "run_id": 1,
    "case": "multimodal",
    "dim": 30,
    "means_array": [
        [
            0.0,
            0.0,
            0.0,
            0.0,
            0.0,
            0.0,
            0.0,
            0.0,
            0.0,
            0.0,
            0.0,
            0.0,
            0.0,
            0.0,
            0.0,
            0.0,
            0.0,
            0.0,
            0.0,
            0.0,
            0.0,
            0.0,
            0.0,
            0.0,
            0.0,
            0.0,
            0.0,
            0.0,
            0.0,
            0.0
        ],
        [
            8.0,
            0.0,
            0.0,
            0.0,
            0.0,
            0.0,
            0.0,
            0.0,
            0.0,
            0.0,
            0.0,
            0.0,
            0.0,
            0.0,
            0.0,
            0.0,
            0.0,
            0.0,
            0.0,
            0.0,
            0.0,
            0.0,
            0.0,
            0.0,
            0.0,
            0.0,
            0.0,
            0.0,
            0.0,
            0.0
        ]
    ],
    "min_mode": [
        0.0,
        0.0,
        0.0,
        0.0,
        0.0,
        0.0,
        0.0,
        0.0,
        0.0,
        0.0,
        0.0,
        0.0,
        0.0,
        0.0,
        0.0,
        0.0,
        0.0,
        0.0,
        0.0,
        0.0,
        0.0,
        0.0,
        0.0,
        0.0,
        0.0,
        0.0,
        0.0,
        0.0,
        0.0,
        0.0
    ],
    "max_mode": [
        8.0,
        0.0,
        0.0,
        0.0,
        0.0,
        0.0,
        0.0,
        0.0,
        0.0,
        0.0,
        0.0,
        0.0,
        0.0,
        0.0,
        0.0,
        0.0,
        0.0,
        0.0,
        0.0,
        0.0,
        0.0,
        0.0,
        0.0,
        0.0,
        0.0,
        0.0,
        0.0,
        0.0,
        0.0,
        0.0
    ],
    "border": [
        20.0,
        20.0,
        20.0,
        20.0,
        20.0,
        20.0,
        20.0,
        20.0,
        20.0,
        20.0,
        20.0,
        20.0,
        20.0,
        20.0,
        20.0,
        20.0,
        20.0,
        20.0,
        20.0,
        20.0,
        20.0,
        20.0,
        20.0,
        20.0,
        20.0,
        20.0,
        20.0,
        20.0,
        20.0,
        20.0
    ],
    "low": [
        -25.887231019926876,
        -30.032929433368807,
        -30.24386798698835,
        -29.621501354141348,
        -30.10802929349157,
        -30.20297950985654,
        -30.010705193398643,
        -30.072914322892096,
        -30.169020943561762,
        -29.850401880329972,
        -30.012887934716574,
        -30.04505850524555,
        -29.985516248221387,
        -29.77422332914355,
        -30.26038471620512,
        -29.70759786434892,
        -29.842288509937895,
        -30.06291562268802,
        -29.887587149983297,
        -29.958949511539974,
        -30.013885715263868,
        -29.86424527907338,
        -30.100694323707593,
        -30.61462322626469,
        -30.365895815282986,
        -29.713139459062837,
        -29.86004103662272,
        -29.96262260014274,
        -29.82829003036161,
        -30.35656341214718
    ],
    "high": [
        34.11276898007313,
        29.967070566631193,
        29.75613201301165,
        30.378498645858652,
        29.89197070650843,
        29.79702049014346,
        29.989294806601357,
        29.927085677107904,
        29.830979056438238,
        30.149598119670028,
        29.987112065283426,
        29.95494149475445,
        30.014483751778613,
        30.22577667085645,
        29.73961528379488,
        30.29240213565108,
        30.157711490062105,
        29.93708437731198,
        30.112412850016703,
        30.041050488460026,
        29.986114284736132,
        30.13575472092662,
        29.899305676292407,
        29.38537677373531,
        29.634104184717014,
        30.286860540937163,
        30.13995896337728,
        30.03737739985726,
        30.17170996963839,
        29.64343658785282
    ],
    "samples": [
        {
            "posterior": [
                -19.10496811081127,
                -29.071054585666985,
                -4.977556685266521,
                1.617936699574443,
                -26.752181153325648,
                5.644112996116519,
                -8.42970520424683,
                -9.69736870767267,
                11.643768370657234,
                -14.229553795232158,
                -4.854039351620177,
                19.898084680350387,
                -8.08692173647065,
                1.191641621978178,
                15.091314417716507,
                29.91346948194107,
                -3.323885672572871,
                -19.158569971258302,
                28.321528193124763,
                3.9524340379723206,
                21.226290147881237,
                26.990796798219932,
                -21.487698879980357,
                11.7696809487364,
                -18.822633754378543,
                -27.965124977034932,
                24.3646528674065,
                -27.78337326618486,
                1.7385960953699033,
                28.784096907875252
            ]
        }
    ]
}