mu,var_rmse_t_stat,var_rmse_p_value,var_rmse_paired_cohens_d
"(0, 0)",3.3306793427138626,0.006703177129468479,0.9614843075500872
