mu,mean_rmse_t_stat,mean_rmse_p_value,mean_rmse_paired_cohens_d
"(0, 0)",0.1589640786375406,0.876578201324578,0.04588897679643246
