{
    "sampler": "HMC",
    "value": 2,
    "means_array": [
        [
            0.0,
            0.0
        ]
    ],
    "case": "Warmup Samples",
    "dim": 2,
    "samples": [
        [
            45.20825262508852,
            -37.14030659334408
        ],
        [
            14.31775764577755,
            -7.209206173138369
        ],
        [
            -64.32644779688468,
            -58.022594593723674
        ],
        [
            36.673585621192046,
            16.530686261678042
        ]
    ]
}