{
    "sampler": "HMC",
    "value": 8,
    "means_array": [
        [
            0.0,
            0.0
        ],
        [
            8.0,
            0.0
        ]
    ],
    "case": "Warmup Samples",
    "dim": 2,
    "samples": [
        [
            -3.9126326700431413,
            -4.520229284040659
        ],
        [
            -16.57111514706741,
            -12.286985925516424
        ],
        [
            21.920015837175086,
            8.690967506703707
        ],
        [
            -1.216598496279465,
            8.747173780179008
        ]
    ]
}