{
    "sampler": "HMC",
    "value": 10,
    "means_array": [
        [
            0.0,
            0.0,
            0.0,
            0.0,
            0.0,
            0.0,
            0.0,
            0.0,
            0.0,
            0.0
        ]
    ],
    "case": "Posterior Samples",
    "dim": 10,
    "samples": [
        [
            -1.6621705929692576,
            -1.0693576576328974,
            -0.6142820663898998,
            -1.39352449251342,
            0.750771413980973,
            0.4475803853609336,
            2.154680805365154,
            -0.5094098618359804,
            -2.10971792252696,
            -0.5158797732689439
        ],
        [
            -0.39091018203044264,
            1.136439365583407,
            0.8233581628062825,
            -0.49753433851810924,
            0.6856581114309931,
            1.394284199117384,
            -1.0372260965955753,
            0.4827478246395062,
            0.7180245345818442,
            -0.8979186598927817
        ],
        [
            -0.7572766651031717,
            -0.33557173235503107,
            0.4615578692124702,
            0.6307486854689204,
            0.36092356910809587,
            1.2521845068212887,
            0.2556167022941943,
            -1.1466647987892624,
            0.22506459848230803,
            -1.1238183795228904
        ],
        [
            -1.4116109587902574,
            -0.8252860147462397,
            1.1498221811245046,
            0.6690301497325271,
            0.1293932837203668,
            0.06345520794250062,
            1.0491681184077815,
            0.27065611477898427,
            -0.04875188155311325,
            -0.3864800098010891
        ]
    ]
}