{
    "sampler": "HMC",
    "value": 8,
    "means_array": [
        [
            -4.0,
            0.0
        ],
        [
            4.0,
            0.0
        ]
    ],
    "case": "Warmup Samples",
    "dim": 2,
    "samples": [
        [
            -77.999141618368,
            89.34978767306285
        ],
        [
            106.95781379751503,
            81.02951479827226
        ],
        [
            -117.55513702920862,
            -7.340389688031335
        ],
        [
            -184.75002666095259,
            15.70191410040174
        ]
    ]
}