run_id,mu,sampler,wasserstein_distance,mmd_rff,r_hat,ess,runtime
47,"(5.0, 0.0)",HMC,0.3631713969540245,0.05286917957642162,1.0404133332832406,125.84802727315643,3.9181504249572754
47,"(5.0, 10.0)",HMC,2.003162636094585,0.22471050831754497,1.7355046484616015,6.1094807857052755,3.010112762451172
47,"(5.0, 20.0)",HMC,1.7710703944091082,0.12492160266634013,2.1039215077273252,5.251331528967923,3.248231887817383
47,"(5.0, 40.0)",HMC,2.60580322286227,0.12483437594212535,2.098776346204134,5.268048402950618,3.201331377029419
47,"(5.0, 5.0)",HMC,1.492885146675933,0.2472944958729072,1.4100556383576779,8.39041040235894,3.332946300506592
