{
    "run_id": 1,
    "case": "multimodal",
    "dim": 30,
    "means_array": [
        [
            -4.000000002,
            0.0,
            0.0,
            0.0,
            0.0,
            0.0,
            0.0,
            0.0,
            0.0,
            0.0,
            0.0,
            0.0,
            0.0,
            0.0,
            0.0,
            0.0,
            0.0,
            0.0,
            0.0,
            0.0,
            0.0,
            0.0,
            0.0,
            0.0,
            0.0,
            0.0,
            0.0,
            0.0,
            0.0,
            0.0
        ],
        [
            4.000000002,
            0.0,
            0.0,
            0.0,
            0.0,
            0.0,
            0.0,
            0.0,
            0.0,
            0.0,
            0.0,
            0.0,
            0.0,
            0.0,
            0.0,
            0.0,
            0.0,
            0.0,
            0.0,
            0.0,
            0.0,
            0.0,
            0.0,
            0.0,
            0.0,
            0.0,
            0.0,
            0.0,
            0.0,
            0.0
        ]
    ],
    "min_mode": [
        -4.000000002,
        0.0,
        0.0,
        0.0,
        0.0,
        0.0,
        0.0,
        0.0,
        0.0,
        0.0,
        0.0,
        0.0,
        0.0,
        0.0,
        0.0,
        0.0,
        0.0,
        0.0,
        0.0,
        0.0,
        0.0,
        0.0,
        0.0,
        0.0,
        0.0,
        0.0,
        0.0,
        0.0,
        0.0,
        0.0
    ],
    "max_mode": [
        4.000000002,
        0.0,
        0.0,
        0.0,
        0.0,
        0.0,
        0.0,
        0.0,
        0.0,
        0.0,
        0.0,
        0.0,
        0.0,
        0.0,
        0.0,
        0.0,
        0.0,
        0.0,
        0.0,
        0.0,
        0.0,
        0.0,
        0.0,
        0.0,
        0.0,
        0.0,
        0.0,
        0.0,
        0.0,
        0.0
    ],
    "border": [
        84.95957219224917,
        77.7212631906109,
        119.83203587046754,
        55.24207364123103,
        86.56350156943238,
        67.69669261733432,
        167.36004541856687,
        83.92833782700758,
        62.42198540137095,
        110.53806891943873,
        74.75301136913191,
        91.48357673290596,
        90.71480268107432,
        86.81421788823151,
        72.21750171331774,
        82.51622682677078,
        137.75257699249784,
        50.52977842373702,
        58.516816944143585,
        107.36636898946864,
        79.39959327252159,
        106.48004990580156,
        62.77030285991618,
        82.3449213467126,
        90.05489952909453,
        61.299742032885874,
        63.64126558401438,
        96.05866560442477,
        110.99623976318321,
        65.85522131080097
    ],
    "low": [
        -128.1376180852235,
        -132.27775375083792,
        -181.49327891067375,
        -74.83595093565322,
        -137.3041671905302,
        -106.82600336313547,
        -261.8927627855556,
        -130.29473196908387,
        -92.87298447577216,
        -167.96306439662882,
        -122.2728980655375,
        -145.45728987576607,
        -133.44959436400876,
        -143.47937762432915,
        -109.01609176486951,
        -127.78128071512282,
        -251.54593162599582,
        -71.7839764735301,
        -91.49911134121979,
        -134.7861221550072,
        -113.20005341144704,
        -155.93148943596134,
        -88.9919927669397,
        -137.81397996164054,
        -134.57938003786643,
        -95.08223919646437,
        -87.67347464817517,
        -170.2964770288226,
        -166.312926728847,
        -94.72015354559322
    ],
    "high": [
        126.74109849152401,
        100.88603582099479,
        178.00282870072886,
        90.89026998803988,
        122.38633751776695,
        96.2640744888675,
        240.18737347014505,
        121.49028151193889,
        94.39297172834068,
        163.65114236168736,
        101.98613604185823,
        128.9934403229518,
        138.6948136792142,
        116.96327604036539,
        107.63641337508372,
        119.76739976518951,
        161.7117993514977,
        79.80535879768097,
        84.05133949121097,
        187.3129848133987,
        124.99872640611771,
        163.50866028144335,
        99.31891581280883,
        109.22078407849727,
        135.58531854941714,
        88.81698690219325,
        103.25032210386794,
        117.8795197844517,
        166.67579256070263,
        102.84551038680968
    ],
    "samples": [
        {
            "posterior": [
                1.873577484512623,
                -24.94954909166718,
                -79.52109872502808,
                -9.781095655526414,
                31.122767552461454,
                -82.04338015948849,
                -9.096426372265654,
                -16.958855042679815,
                -38.17846439836383,
                87.89809535068605,
                20.125110099094258,
                126.43563872963014,
                7.303264947699859,
                85.9781836614099,
                -20.13827392570998,
                -105.79125394664138,
                81.0778036415499,
                36.585361821629135,
                29.461639306353533,
                -70.19460625368079,
                9.279671678823021,
                0.7401460059517433,
                30.183558555277415,
                96.73720673235104,
                16.891424057765477,
                -22.41416802323282,
                62.08986161160577,
                -79.74591491190755,
                -18.111768809865282,
                96.03243558379266
            ]
        }
    ]
}