correlation,var_rmse_t_stat,var_rmse_p_value,var_rmse_paired_cohens_d
0.0,-126.51607752383171,6.246947641275785e-05,-73.0440914151998
0.3,-46.61958407188051,0.0004597943193483881,-26.915829413408602
0.5,-3.326291660019418,0.07972283209454713,-1.9204353853154184
0.9,-0.044650670498924586,0.9684429328800236,-0.025779076632051392
0.95,-0.8078991384917732,0.5039642326884741,-0.46644078508629205
0.99,-0.0227296035624555,0.9839298186573266,-0.013122942735357161
