correlation,var_rmse_t_stat,var_rmse_p_value,var_rmse_paired_cohens_d
0.0,0.7661874725999372,0.5236422856275357,0.4423585435552928
0.3,-12.93058091368954,0.005927737216696288,-7.465474371296894
0.5,-1.4130571182600782,0.29318250722517214,-0.815828907607773
0.9,-2.5447100885845924,0.1259135640266323,-1.4691890546538708
0.95,-1.361728688393509,0.3063864849977219,-0.7861944248072285
0.99,-1.595023788959514,0.2517561046951608,-0.9208874139196324
