correlation,var_rmse_t_stat,var_rmse_p_value,var_rmse_paired_cohens_d
0.0,-84.71993363844459,0.000139295804419002,-48.91307649188322
0.3,-46.32643496963432,0.00046562772010445716,-26.74657970031407
0.5,-70.4976670628843,0.00020114973119033278,-40.70184705599687
0.9,-211.0196270571531,2.2456375852431565e-05,-121.83223848574178
0.95,-89.70089799275965,0.00012425831655906493,-51.788837602670945
0.99,-167.62778043898948,3.558646324852679e-05,-96.77994416011006
