{
    "sampler": "HMC",
    "value": 10,
    "means_array": [
        [
            0.0,
            0.0
        ]
    ],
    "case": "Posterior Samples",
    "dim": 2,
    "samples": [
        [
            1.4655440587138029,
            1.826735554864763
        ],
        [
            -1.296470313274222,
            0.5774242019614815
        ],
        [
            0.8754156364123272,
            -0.4467411506670108
        ],
        [
            0.9406429614056988,
            2.4969897486342725
        ]
    ]
}