{
    "sampler": "HMC",
    "value": 15,
    "means_array": [
        [
            -7.5,
            0.0
        ],
        [
            7.5,
            0.0
        ]
    ],
    "case": "Posterior Samples",
    "dim": 2,
    "samples": [
        [
            -7.830947454166313,
            0.2809842514087058
        ],
        [
            -7.159501433837307,
            1.3304092198950768
        ],
        [
            -5.575970042165327,
            1.423141001050671
        ],
        [
            8.700623322961315,
            -0.9191388592865174
        ]
    ]
}