{
    "sampler": "HMC",
    "value": 10,
    "means_array": [
        0,
        10
    ],
    "case": "Posterior Samples",
    "dim": 1,
    "samples": [
        -0.5685437702388493,
        8.694381404789004,
        10.488673158626987,
        -0.3927344573906397
    ]
}