run_id,dimension_corr,sampler,wasserstein_distance,mmd_rff,r_hat,ess,runtime
30,2,Metro,0.037930395160599414,0.024620555977158603,1.0555825479213001,94.60081871112953,1.1828398704528809
30,5,Metro,0.1837957184035587,0.09402862081814123,1.1309193322986253,30.243806285328365,1.348938226699829
30,10,Metro,0.04534918403687192,0.03672225815490504,1.2629109740197575,13.608420105062027,1.622602939605713
30,15,Metro,0.4428122763026373,0.1085243850493128,1.4343262797665668,8.22326047375461,1.946655035018921
30,20,Metro,0.3172427097868776,0.0660787541047698,1.501352408030751,7.523033193680327,2.322582483291626
