{
    "run_id": 1,
    "case": "unimodal",
    "dim": 2,
    "low": [
        -30.042689215025312,
        -30.094262398134923
    ],
    "high": [
        29.957310784974688,
        29.905737601865077
    ],
    "means_array": [
        [
            0.0,
            0.0
        ]
    ],
    "samples": [
        {
            "posterior": [
                8.518034917922705,
                -5.212405610603241
            ]
        },
        {
            "posterior": [
                -13.512043860704157,
                26.42173949173553
            ]
        },
        {
            "posterior": [
                -15.074740857709298,
                27.871275584533038
            ]
        },
        {
            "posterior": [
                -7.3151094819690705,
                21.204267632493973
            ]
        }
    ]
}