mu,mmd_rff_t_stat,mmd_rff_p_value,mmd_rff_paired_cohens_d
"(0, 0)",-0.19989136281185932,0.8600465626368358,-0.11540733212810814
