mu,mean_rmse_t_stat,mean_rmse_p_value,mean_rmse_paired_cohens_d
"(0, 0)",-12.01826917737958,0.006852268346237236,-6.938750944753483
