mu,var_rmse_t_stat,var_rmse_p_value,var_rmse_paired_cohens_d
"(0, 0)",-0.17776040727825654,0.8752857535844392,-0.10263001899335893
