mu,var_rmse_t_stat,var_rmse_p_value,var_rmse_paired_cohens_d
"(0, 0)",-1.1186294529028347,0.37962312544967414,-0.6458410157568955
