mu,ws_t_stat,ws_p_value,ws_paired_cohens_d
"(0, 0)",1.6006312130538027,0.25060174791996587,0.9241248617299302
