mu,mmd_rff_t_stat,mmd_rff_p_value,mmd_rff_paired_cohens_d
"(0, 0)",-3.4303327810334494,0.07548553384287354,-1.9805035545396596
