mu,mmd_rff_t_stat,mmd_rff_p_value,mmd_rff_paired_cohens_d
"(0, 0)",-0.9232872083032979,0.4533276696148657,-0.5330601182532472
