mu,mmd_rff_t_stat,mmd_rff_p_value,mmd_rff_paired_cohens_d
"(0, 0)",12.857787228361309,0.005994442338121067,7.423446917477334
