b,global_avg_wasserstein_distance,global_avg_r_hat,global_avg_ess,global_avg_runtime,global_avg_wasserstein_distance_std,global_avg_r_hat_std,global_avg_ess_std,global_avg_runtime_std
0.5,0.01416476715563767,1.0032825024983019,7181.43446438221,3.573684072494507,0.0050846071184887445,0.0008689442445807368,481.8542907616938,0.16899124774676175
1.0,0.030823228869468384,1.003254004689428,6309.414230104923,3.4309346199035646,0.008834069882404195,0.0007448229920035742,308.2916308432505,0.13249193440919838
2.0,0.05223233055854226,1.0033172839471742,6043.086071477958,3.5541590213775636,0.01748375821382788,0.0008257064463799392,294.27776059824697,0.15027656237850667
5.0,0.15804831761560684,1.0033456602917146,5760.340500172413,3.538640356063843,0.0708567308791517,0.0007574531387542486,362.69928364068767,0.14311692099251785
