{
    "sampler": "HMC",
    "value": 0.3,
    "means_array": [
        [
            0.0,
            0.0
        ],
        [
            13,
            0
        ]
    ],
    "case": "Warmup Samples",
    "dim": 2,
    "samples": [
        [
            18.85236507198623,
            0.7381449175307657
        ],
        [
            9.71168059636441,
            12.496484687794414
        ],
        [
            15.25874242057466,
            10.956027022452057
        ],
        [
            19.849684454990605,
            25.22144051918783
        ]
    ]
}