{
    "sampler": "Metro",
    "value": 10,
    "means_array": [
        [
            0.0,
            0.0,
            0.0,
            0.0,
            0.0,
            0.0,
            0.0,
            0.0,
            0.0,
            0.0,
            0.0,
            0.0,
            0.0,
            0.0,
            0.0,
            0.0,
            0.0,
            0.0,
            0.0,
            0.0,
            0.0,
            0.0,
            0.0,
            0.0,
            0.0,
            0.0,
            0.0,
            0.0,
            0.0,
            0.0
        ],
        [
            13.0,
            0.0,
            0.0,
            0.0,
            0.0,
            0.0,
            0.0,
            0.0,
            0.0,
            0.0,
            0.0,
            0.0,
            0.0,
            0.0,
            0.0,
            0.0,
            0.0,
            0.0,
            0.0,
            0.0,
            0.0,
            0.0,
            0.0,
            0.0,
            0.0,
            0.0,
            0.0,
            0.0,
            0.0,
            0.0
        ]
    ],
    "case": "Posterior Samples",
    "dim": 30,
    "samples": [
        [
            13.989450150473914,
            -0.2576235867200013,
            -0.04332318248982214,
            -0.13366868625385064,
            -0.542579582281093,
            -1.1321495601049427,
            -0.44805996480254584,
            -0.37610385381870703,
            0.29865850918518344,
            -0.7709175145111982,
            0.22427961118224915,
            1.3886406418348576,
            -0.8279374960471992,
            -1.3663530939420188,
            1.76613805375183,
            -0.1350873123521854,
            -0.5147812895945307,
            -0.6789774101737165,
            -0.7826148881393411,
            1.236907833049943,
            -0.021498192029181684,
            -1.069118999517133,
            -0.9210533132073415,
            -0.18954468172602565,
            -0.4674868997047057,
            0.10126565693649403,
            -0.8343863658345587,
            -1.4349850895481286,
            -0.9092791807286468,
            -0.05989150151612044
        ],
        [
            13.496616198885873,
            0.4697950442088359,
            -2.6828018958505333,
            -1.9932872757681994,
            -3.270205466157227,
            0.21297783034101725,
            3.491237971847374,
            -1.630260867194759,
            -0.961796197027143,
            0.6418383163273249,
            -2.640788107891028,
            2.0900243788722443,
            -0.3038183574608331,
            0.8512636264720759,
            -0.2065177121886741,
            0.24462506466363543,
            0.7462682612693561,
            0.8856592799869388,
            -0.7798256618076254,
            1.8941174233481064,
            3.082225318862329,
            1.6814152127358175,
            1.5718966445892328,
            -2.4876704367277207,
            -1.3997706801533523,
            -0.1590000161132279,
            -0.24083783683945592,
            1.7818950772697597,
            0.38449216649453555,
            -2.5404582522132007
        ],
        [
            13.015318885797011,
            0.8713846646995049,
            -0.1623273122261939,
            1.3703434877828589,
            0.4123593229670749,
            1.4848785505770274,
            -1.3597523311453346,
            0.14922124316304441,
            -0.14181760018496892,
            -0.25184646018805906,
            -1.9057158086826773,
            0.32151302179924945,
            -2.0721253514240647,
            -1.3174725192613714,
            -0.4507544707680543,
            0.969041717480819,
            2.5212323939194445,
            0.24019224254969274,
            0.8140880545087747,
            0.8930404493803885,
            -2.1341904919470456,
            -2.70782938436817,
            -2.3288726182999544,
            -3.298291553064846,
            -0.7533801990041324,
            0.4894023621306982,
            -1.8654993603435095,
            0.8130171858439099,
            0.6447829325747261,
            3.104563476392979
        ],
        [
            12.827397495428068,
            -0.6102370256834919,
            -0.8102636408036712,
            -1.4835480480083776,
            -0.4504004300682778,
            0.32403766355021413,
            1.7426075565301198,
            1.658535065746864,
            -1.344871151939279,
            0.0320500485331241,
            -0.0793819016381192,
            1.1711835344937889,
            -1.6956520401107804,
            0.02629121656271627,
            -0.5331013463495935,
            -0.2660873184341622,
            -1.4994790329796173,
            -1.4885150761714727,
            0.30693573936930374,
            -0.6282887724345371,
            0.4322804774825024,
            -0.6194030717188842,
            -1.0577561089192007,
            -1.2831783691605576,
            -1.1549827732700653,
            1.5488650596214146,
            -0.68652194636745,
            -0.4050432338531864,
            -0.4003670831134096,
            -2.4589413902830897
        ]
    ]
}