{
    "sampler": "DEMetro_Z",
    "value": 0.0,
    "means_array": [
        [
            0.0,
            0.0,
            0.0,
            0.0,
            0.0,
            0.0,
            0.0,
            0.0,
            0.0,
            0.0,
            0.0,
            0.0,
            0.0,
            0.0,
            0.0,
            0.0,
            0.0,
            0.0,
            0.0,
            0.0,
            0.0,
            0.0,
            0.0,
            0.0,
            0.0,
            0.0,
            0.0,
            0.0,
            0.0,
            0.0
        ]
    ],
    "case": "Posterior Samples",
    "dim": 30,
    "samples": [
        [
            -25.95701531446208,
            -43.11460470286647,
            28.017727226016373,
            95.91886277807099,
            11.986865286992925,
            -49.771728907356874,
            18.1041728888718,
            -67.14370083963259,
            58.313576627001346,
            47.070739971981126,
            -36.53956929920688,
            20.14930866183363,
            75.11782102568195,
            -77.60148423991004,
            30.548520004229957,
            -12.841212669841905,
            -26.149594323716816,
            65.06567387737208,
            13.896616778900292,
            64.00019515568381,
            28.02260472496238,
            -10.616790218666583,
            19.75629078032784,
            -5.0715056854241105,
            33.80232804436645,
            -83.80981639831688,
            -14.074250021538907,
            81.89032963706005,
            -36.491184424544834,
            -34.954743969762475
        ],
        [
            37.18948021227498,
            -13.75353148071106,
            -10.577017460513726,
            -44.10152275998217,
            69.8881967510301,
            -28.677524112919645,
            -12.241607871528602,
            87.18109961744554,
            -96.20752224296393,
            -14.425794645651727,
            4.654757006289712,
            -11.404888950349015,
            76.64626161048933,
            -20.645329828944966,
            -10.375350295341253,
            -63.11799215845218,
            119.23909518037264,
            8.768022538600102,
            -44.368278519470245,
            -11.109867490567472,
            43.21501072960599,
            62.57136166641094,
            26.261425896277053,
            -49.765428149063304,
            64.61673599959451,
            -28.60594925197395,
            -63.997306628774325,
            -63.35878441403456,
            -72.44619631661149,
            -72.64998341322125
        ],
        [
            -103.93309027040115,
            96.85158480849654,
            13.728983816975507,
            -75.0544860126,
            -5.395879526344061,
            -40.86716627826044,
            33.22788477147152,
            54.33718685583756,
            19.32954182085856,
            -15.583656986825552,
            3.4646897601973268,
            -11.09628260384172,
            -37.071300433579715,
            -73.73066120039418,
            37.12636680817264,
            -39.217696603432614,
            -24.166008280188006,
            -18.116546861575817,
            5.018768917306568,
            7.675992570223621,
            12.718912833201744,
            -39.82510389871498,
            26.78147518581983,
            -48.336136669463535,
            -25.01947389126846,
            21.591019386653116,
            -62.36828307915111,
            -63.25246613554504,
            -43.12456597082883,
            153.56735888934838
        ],
        [
            38.28166928910419,
            51.00390650990364,
            6.615367696954945,
            52.342443691656364,
            15.26406296961677,
            33.15910296355101,
            -31.945735579149463,
            -25.891529872780623,
            -75.08552432273345,
            -57.137964897140236,
            -12.540606118311876,
            65.10626285274586,
            -4.25865576353225,
            -18.12253050724211,
            -38.967347093605724,
            -46.76349607369572,
            86.34698232869516,
            -32.78696549611414,
            116.93430200881166,
            -22.410506070463825,
            -5.062066009687447,
            44.42945238145427,
            -43.54324948901536,
            90.7743246117205,
            -104.31503742272685,
            -26.514277364706345,
            -99.58715477799916,
            -16.24734449968629,
            79.9910269256483,
            0.29739536036738046
        ]
    ]
}