{
    "sampler": "DEMetro_Z",
    "value": 4,
    "means_array": [
        0,
        4
    ],
    "case": "Posterior Samples",
    "dim": 1,
    "samples": [
        4.3124891129174125,
        4.268095672849626,
        0.8439814511681917,
        4.940708375706885
    ]
}