{
    "sampler": "HMC",
    "value": 4,
    "means_array": [
        0,
        4
    ],
    "case": "Warmup Samples",
    "dim": 1,
    "samples": [
        3.588412261357982,
        11.875687636709149,
        -4.873731825164271,
        5.3093859587528485
    ]
}