{
    "sampler": "Metro",
    "value": [
        4,
        0
    ],
    "means_array": [
        [
            0.0,
            0.0
        ],
        [
            4,
            0
        ]
    ],
    "case": "Posterior Samples",
    "dim": 2,
    "samples": [
        [
            4.868381952513049,
            0.7526052247107524
        ],
        [
            3.3764613574802658,
            -0.6502075451744831
        ],
        [
            4.948998928477517,
            1.2561356164320356
        ],
        [
            5.096663161819539,
            0.7880546829745136
        ]
    ]
}