{
    "sampler": "DEMetro_Z",
    "value": 0,
    "means_array": [
        0
    ],
    "case": "Warmup Samples",
    "dim": 1,
    "samples": [
        -0.47695005958416586,
        4.31378995393855,
        -24.045351255329834,
        -18.172519908734763
    ]
}