run_id,mu,sampler,wasserstein_distance,mmd_rff,r_hat,ess,runtime
54,"(10, 10)",HMC,3.10816606331159,0.2888305375987623,1.2905022502621701,10.494820610662625,3.0336337089538574
54,"(2, 2)",HMC,1.1036470986516398,0.16600946630284677,1.080631101435054,51.10620972340934,3.244199752807617
54,"(20, 20)",HMC,4.0473970481411605,0.1421862824915492,1.8666752670220652,5.695996081868932,3.3719558715820312
54,"(40, 40)",HMC,12.155309149478194,0.24534176407221847,1.4631331777240633,7.6957430289841,3.230729818344116
54,"(5, 5)",HMC,1.1155480545475585,0.187880510816965,1.5682008323985552,6.8973542264162875,3.3879199028015137
