{
    "run_id": 1,
    "case": "unimodal",
    "dim": 2,
    "low": [
        -29.92012648752444,
        -30.418064834584904
    ],
    "high": [
        30.07987351247556,
        29.581935165415096
    ],
    "means_array": [
        [
            0.0,
            0.0
        ]
    ],
    "samples": [
        {
            "posterior": [
                -5.07615980144945,
                -14.059170662614353
            ]
        },
        {
            "posterior": [
                -3.417027766145768,
                -25.43214180633901
            ]
        },
        {
            "posterior": [
                -17.51188552752709,
                -16.499998758546877
            ]
        },
        {
            "posterior": [
                11.264980162422884,
                19.69249535951095
            ]
        }
    ]
}