run_id,mu,sampler,wasserstein_distance,mmd_rff,r_hat,ess,runtime
8,8,HMC,1.6308382950396203,0.23529302498691002,1.716048467968866,6.152968934967417,1.5453505516052246
8,10,HMC,1.3654919370260523,0.14556298936931059,1.2726663280494852,10.796872597222455,1.5754401683807373
8,12,HMC,2.4037730779699182,0.20791112413137275,1.7365482603295606,6.094032765873279,1.838289737701416
8,14,HMC,6.209144524721221,0.4750550264479153,1.5291552543324765,7.160253415553712,1.5759544372558594
8,16,HMC,11.225798867902135,0.773226452148206,1.0007836477878673,3156.2419337028887,1.5639896392822266
8,18,HMC,3.5181236002997704,0.2217705621658862,1.7349517806024968,6.0907203993668215,1.8328185081481934
8,20,HMC,3.939939716062285,0.20222190944077886,1.7361483411527288,6.089501946623484,1.8096287250518799
8,22,HMC,4.412316620720464,0.20641423849881665,1.7357385954407591,6.087505405830717,1.5766963958740234
8,40,HMC,17.880473252134394,0.4898602568465778,1.5298997264722491,7.206337673020646,1.559504747390747
