run_id,dimension_corr,sampler,wasserstein_distance,mmd_rff,r_hat,ess,runtime
13,2,HMC,0.026315446309992482,0.02093511929405548,1.0009124183572922,3686.327576609824,1.9052741527557373
13,5,HMC,0.026996705647142894,0.022695798446480252,1.0024535315567267,5727.693991884675,1.7032403945922852
13,10,HMC,0.02875577304688983,0.022006113051106158,1.0028504046091804,4787.722117756422,2.1576805114746094
13,15,HMC,0.03011876312301607,0.024327195297048847,1.0040268556458845,5902.432643147814,2.034349203109741
13,20,HMC,0.027078002261594417,0.023514764451400993,1.0059408902383622,6499.217454274907,2.372920036315918
