{
    "sampler": "HMC",
    "value": 12,
    "means_array": [
        0,
        12
    ],
    "case": "Warmup Samples",
    "dim": 1,
    "samples": [
        1.537709180239632,
        12.427807160397403,
        2.0506112700794707,
        11.830183740027111
    ]
}