run_id,nu,sampler,wasserstein_distance,mmd_rff,r_hat,ess,runtime
26,0.5,HMC,604623.8200151941,0.040376821420583194,1.0347606169787098,419.8890608759943,4.220681190490723
26,1.0,HMC,3.346091888689896,0.022410741786535647,1.0152671963208926,1253.0329980780973,1.2630314826965332
26,2.0,HMC,0.2253432446631385,0.015932321432528214,1.0034576083746274,924.2321518309183,1.119715690612793
26,5.0,HMC,0.02822451985189283,0.010464076954470878,1.000909911401132,1826.1553490445006,1.101379156112671
26,10.0,HMC,0.04526982716583526,0.020543471979026843,1.0013476223119993,1680.861063133584,1.116638422012329
26,30.0,HMC,0.04411001674812019,0.027837429517519007,1.000374184260849,1904.5860342343806,1.1266775131225586
26,100.0,HMC,0.06675671337497836,0.03639114282634394,1.0016648677480509,1750.9349899011102,1.10386061668396
26,500.0,HMC,0.02517692044670406,0.01057956372232868,1.001433769058015,1836.6689045259327,1.1138319969177246
