run_id,mu,sampler,wasserstein_distance,mmd_rff,r_hat,ess,runtime
42,"(0, 0, 0, 0, 0)",SMC,0.029759237939358477,0.019486243047520554,1.0002548994262432,3890.0425350852515,1.8594143390655518
