correlation,ws_t_stat,ws_p_value,ws_paired_cohens_d
0.0,-13.405454945093162,3.6975643005919935e-08,-3.8698215105794684
0.3,-4.19401401597945,0.0015006516017967574,-1.2107075605553994
0.5,-3.5196364758072196,0.004801524130086952,-1.016031533378462
0.9,-4.743231420572752,0.0006062719464054364,-1.369252968748185
0.99,-6.4938948247861745,4.464873646480446e-05,-1.874625962589708
