correlation,ws_t_stat,ws_p_value,ws_paired_cohens_d
0.0,14.757958961998071,1.3523579712344315e-08,4.260255789699518
0.3,5.347799720290717,0.00023459869495950694,1.5437768040410256
0.5,4.216946487575857,0.0014437800916878073,1.2173275948800841
0.9,5.833172053005556,0.0001136444144845814,1.6838917275160799
0.99,6.732564032055985,3.2318972659014195e-05,1.9435238281219578
