correlation,var_rmse_t_stat,var_rmse_p_value,var_rmse_paired_cohens_d
0.0,9.707346339827032,9.939548576823526e-07,2.8022695112080327
0.3,11.323587566305216,2.107029362940867e-07,3.268838164799308
0.5,6.477592036513034,4.5657686491041476e-05,1.8699197529906884
0.9,8.64081668933372,3.1167221306325114e-06,2.494388920802517
0.99,8.57980630288944,3.3381463219479362e-06,2.4767767392840327
