correlation,ws_t_stat,ws_p_value,ws_paired_cohens_d
0.0,-13.047623061559953,4.898948664365816e-08,-3.766524343438204
0.3,-17.446678861861383,2.3010038350606766e-09,-5.036422368680312
0.5,-28.14851914545032,1.332397184891154e-11,-8.125777552957539
0.9,-31.58914485806907,3.8015117529197475e-12,-9.119000643638131
0.99,-20.180579646036254,4.852937827134688e-10,-5.825631545520857
