correlation,mmd_rff_t_stat,mmd_rff_p_value,mmd_rff_paired_cohens_d
0.0,55.568325227515054,7.908706716573585e-15,16.041193764261244
0.3,38.138181624242094,4.86938622059275e-13,11.009544713579507
0.5,25.92914229769882,3.247815332296589e-11,7.485098642716263
0.9,69.34651457009379,6.962061402459663e-16,20.018614427202976
0.99,56.31802102224057,6.82797025458841e-15,16.2576122987088
