correlation,var_rmse_t_stat,var_rmse_p_value,var_rmse_paired_cohens_d
0.0,6.485547934300246,4.516229624296568e-05,1.8722164228552343
0.3,2.0990716738773036,0.05969618320428933,0.6059497979806898
0.5,1.1433077646145484,0.2771832263069674,0.3300445228333994
0.9,2.569592197907617,0.026069325378495916,0.7417773735847625
0.99,2.6910016965226187,0.020991543182235502,0.7768252769385368
