{
    "run_id": 1,
    "case": "multimodal",
    "dim": 5,
    "means_array": [
        [
            -4.000000002,
            0.0,
            0.0,
            0.0,
            0.0
        ],
        [
            4.000000002,
            0.0,
            0.0,
            0.0,
            0.0
        ]
    ],
    "min_mode": [
        -4.000000002,
        0.0,
        0.0,
        0.0,
        0.0
    ],
    "max_mode": [
        4.000000002,
        0.0,
        0.0,
        0.0,
        0.0
    ],
    "border": [
        20.0,
        20.0,
        20.0,
        20.0,
        20.0
    ],
    "low": [
        -30.47442950653516,
        -30.11247654702793,
        -30.25587318193378,
        -30.055468045973388,
        -29.693874548683706
    ],
    "high": [
        29.52557049346484,
        29.88752345297207,
        29.74412681806622,
        29.944531954026612,
        30.306125451316294
    ],
    "samples": [
        {
            "posterior": [
                7.717415941019944,
                13.597693989243815,
                -11.801762048381558,
                15.639365117006559,
                -12.96872704549747
            ]
        }
    ]
}