run_id,mu,sampler,wasserstein_distance,mmd_rff,r_hat,ess,runtime
62,"(10, 10)",HMC,1.7506222106574478,0.16292081709453424,1.8619414238339842,5.708282645697713,3.0332772731781006
62,"(2, 2)",HMC,0.3973301436604866,0.054956024764547674,1.529816643719698,7.195980480269543,3.2774288654327393
62,"(20, 20)",HMC,8.456258273407048,0.2882445582835509,1.5722231086361829,6.860374957358364,3.5066237449645996
62,"(40, 40)",HMC,4.64809003239847,0.20366351098309632,2.0912452060404667,5.252648204890519,3.196584939956665
62,"(5, 5)",HMC,2.2986852261697694,0.21895620818882744,1.343945891158969,9.306882268539812,3.613511085510254
