dimension,ws_t_stat,ws_p_value,ws_paired_cohens_d
2,-6.323418970653689,6.584727030545072e-07,-1.1544930702610412
5,-5.733283328319733,3.3186430720265247e-06,-1.0467495358296717
10,-18.254570609606848,1.920502982257013e-17,-3.3328133668175006
15,-31.5242383281204,5.442261407878709e-24,-5.755512146826829
18,-26.170115906598166,1.0061476692384544e-21,-4.777987604856192
30,-55.97117860471337,4.213524415657636e-31,-10.218892363984015
