dimension,mmd_rff_t_stat,mmd_rff_p_value,mmd_rff_paired_cohens_d
2,-8.25318299396012,4.239865350269186e-09,-1.5068181656699937
5,-8.301437735590588,3.759037485029163e-09,-1.5156282358358573
10,3.793134460144802,0.000699450516021346,0.6925284358238295
15,7.036468107453106,9.715071292105188e-08,1.2846774358725837
18,9.701114770939885,1.307791996313207e-10,1.771173130996779
30,10.748684062518326,1.2513297354143389e-11,1.9624322415125186
