dimension,ws_t_stat,ws_p_value,ws_paired_cohens_d
2,-5.000267677132084,2.534744841276202e-05,-0.9129198001097337
5,-15.90962700683903,7.28658885531969e-16,-2.9046871977130446
10,-70.97828975439243,4.509713082131037e-34,-12.95880346387285
15,-93.60036166092029,1.5296129550322154e-37,-17.08900982410925
18,-133.13075237994695,5.724432674829542e-42,-24.306238725377174
30,-175.96910956487775,1.7717705611247892e-45,-32.12741691092721
