{
    "sampler": "DEMetro_Z",
    "value": 2.5,
    "means_array": [
        0
    ],
    "case": "Posterior Samples",
    "dim": 1,
    "samples": [
        0.17498230272553228,
        0.8648183142044491,
        -0.6706153390308497,
        2.4867970263264123
    ]
}