{
    "sampler": "DEMetro_Z",
    "value": 10,
    "means_array": [
        [
            0.0,
            0.0
        ],
        [
            16,
            0
        ]
    ],
    "case": "Posterior Samples",
    "dim": 2,
    "samples": [
        [
            -1.4573584222537745,
            -1.7142192961674656
        ],
        [
            16.519067214041872,
            -0.501002472058493
        ],
        [
            0.18964295301462927,
            -3.973176842039718
        ],
        [
            17.735016900997863,
            -1.3747972223983074
        ]
    ]
}