run_id,mu,sampler,wasserstein_distance,mmd_rff,r_hat,ess,runtime
42,8,Metro,0.45074330424162773,0.06187279081490035,1.154333606573589,19.23973759429055,1.4013195037841797
42,10,Metro,0.6803382886326002,0.07403034704392064,1.530672542419312,7.324334597968023,1.1080996990203857
42,12,Metro,5.388606346084921,0.5027429813781056,1.53228778123991,7.289631236501336,1.110053300857544
42,14,Metro,4.231124995267661,0.3334673112031138,1.0043668232806255,1056.8344697414575,1.3941116333007812
42,16,Metro,7.093259498019937,0.5041905858278338,1.530092227471952,7.287776952744924,1.059361457824707
42,18,Metro,0.7771703586845609,0.045669885103114,1.5347709269243852,7.279424392725287,1.2248811721801758
42,20,Metro,4.094049134793136,0.22139198079433267,1.7370242733935812,6.1804055975018315,1.4440522193908691
42,22,Metro,9.671148537466301,0.49780606565028995,1.5316984074454816,7.312255503201988,1.1271107196807861
42,40,Metro,18.134379357849483,0.4919614552830233,1.531694145868055,7.402267029451478,1.1025276184082031
