run_id,mu,sampler,wasserstein_distance,mmd_rff,r_hat,ess,runtime
42,8,SMC,0.1494885364075286,0.02516232700489799,0.9998726072272721,3903.9888199328566,0.9005367755889893
42,10,SMC,0.2050752804399809,0.02390331402836151,0.9999925362702079,4096.899574927165,0.8948709964752197
42,12,SMC,0.08210891252502783,0.017107496785060256,1.0000566549105527,3848.8470417353933,0.9732658863067627
42,14,SMC,0.09845653324223858,0.018885955009878823,1.0002332887856418,4107.671973420267,0.9066123962402344
42,16,SMC,0.12259730630701084,0.010479009820638601,1.000357633550538,3762.3517346353615,1.0283324718475342
42,18,SMC,0.07745956630794845,0.018268941429222262,1.00063073495921,3901.0145542518394,0.9556193351745605
42,20,SMC,0.1252617464162972,0.015170269885269077,1.0003793080422902,3977.3135084631167,1.1810123920440674
42,22,SMC,0.13606680338754,0.013799016574505588,0.9995485612043657,3837.7025573949095,1.0017995834350586
42,40,SMC,0.17112858010781823,0.015733643032397725,1.0002739018046047,3957.470165163331,0.9203188419342041
