run_id,nu,sampler,wasserstein_distance,mmd_rff,r_hat,ess,runtime
11,0.5,Metro,1737.3122825394507,0.03730219958674534,1.0221086480813428,279.15598643493155,0.9885389804840088
11,1.0,Metro,12.674410441517596,0.022779615864713738,1.0199484431021917,579.6715590413779,0.9747004508972168
11,2.0,Metro,0.12818126427657625,0.02706039782949997,1.0036316958558715,1268.4427325425595,1.0321686267852783
11,5.0,Metro,0.09816111885230563,0.03321889269215498,1.0056552338359777,1147.88541974995,1.0491845607757568
11,10.0,Metro,0.036848432742819404,0.011856266809146018,1.0077845095866464,1545.4137127256788,1.0419156551361084
11,30.0,Metro,0.025972766198061128,0.012799856537277643,1.0030915823037656,1723.525616840302,1.078228235244751
11,100.0,Metro,0.03900889388596904,0.015264300587851474,1.001419697166924,1668.0301739198424,0.9983375072479248
11,500.0,Metro,0.02438618510838987,0.013401076013393728,1.0026476722614515,1696.1885882582715,1.0371835231781006
