run_id,nu,sampler,wasserstein_distance,mmd_rff,r_hat,ess,runtime
11,0.5,SMC,1736.6095491217307,0.031102679623514685,1.017299372736503,1786.9946577615501,1.4967525005340576
11,1.0,SMC,12.525808472216585,0.03130215166955019,1.0210962365260434,953.9509192093235,0.7055075168609619
11,2.0,SMC,0.16171938619244397,0.02986811246536287,1.0318412383820978,478.52121914578333,0.708491325378418
11,5.0,SMC,0.10019647332565418,0.024692357793353763,1.0343918230575282,341.3831895591264,1.4602792263031006
11,10.0,SMC,0.09788023865250371,0.02667858742301614,1.0376733796736732,316.96958749693613,0.7393708229064941
11,30.0,SMC,0.08944966509594224,0.025638090376503546,1.0392979905852344,301.54616712828823,0.7307062149047852
11,100.0,SMC,0.08416811882001825,0.02215041083498426,1.0325796142854737,280.6215443235568,1.4855318069458008
11,500.0,SMC,0.0767063381409558,0.022127461689504916,1.0427128657601528,278.8029181582928,0.7725982666015625
