{
    "sampler": "HMC",
    "value": 30,
    "means_array": [
        [
            0.0,
            0.0,
            0.0,
            0.0,
            0.0,
            0.0,
            0.0,
            0.0,
            0.0,
            0.0,
            0.0,
            0.0,
            0.0,
            0.0,
            0.0,
            0.0,
            0.0,
            0.0,
            0.0,
            0.0,
            0.0,
            0.0,
            0.0,
            0.0,
            0.0,
            0.0,
            0.0,
            0.0,
            0.0,
            0.0
        ]
    ],
    "case": "Warmup Samples",
    "dim": 30,
    "samples": [
        [
            -2.983344944977984,
            -4.486280838592671,
            1.765576381466633,
            4.575211025368263,
            3.3509523525303697,
            0.06451515894120749,
            -6.966974867718014,
            -6.022587622860613,
            2.5260217845996604,
            5.965861036194407,
            6.009397018397272,
            7.119668663249884,
            -4.508169936612886,
            -1.6616376372302608,
            -4.366269648320385,
            5.156868260919299,
            -0.7250027710146684,
            4.559866773597125,
            1.9935544975969548,
            -6.895977753211959,
            -1.065309616912864,
            6.883005441430337,
            7.168163145988353,
            4.182407641025767,
            -1.7745081440782897,
            -2.2335104860221215,
            1.097701136795802,
            4.600361469030951,
            -5.507230276286731,
            4.608974346029898
        ],
        [
            1.9935658627395971,
            9.272450624039571,
            -3.5973032078679754,
            -2.0949110190484137,
            1.4052140181744837,
            7.326007632343861,
            -4.626063864621921,
            -6.139280840067627,
            1.0444695032071607,
            2.5154097385533705,
            2.272344858236713,
            1.6142994029310411,
            -3.4393167611678606,
            -0.632429229897919,
            -7.520790622491074,
            -4.246302281915611,
            -9.105658518483885,
            -3.619577754524361,
            9.02449397952984,
            -0.04574200824157768,
            -6.362615811704044,
            -6.529557593349613,
            7.258541877939089,
            0.6559206540594701,
            1.4058501287462624,
            4.241040458086273,
            -6.600537273624433,
            -6.413616582056259,
            7.788265649044188,
            5.409568574970441
        ],
        [
            -1.2012925835302648,
            0.4535895265248743,
            -0.48156067247998197,
            1.1009506689553525,
            -0.39394742352281564,
            0.7908235265355161,
            0.5670289009130987,
            -0.38000146146727626,
            -0.07791210138744527,
            0.1315604305082965,
            0.39133448583304875,
            2.692348673877572,
            -1.4087330979916741,
            0.6014846042007087,
            -2.0866221085194905,
            -2.3964513228179145,
            -0.1777899400262772,
            0.5906443395657098,
            3.370322827100573,
            1.9458362227428625,
            -0.8494221897971006,
            0.5974538515321683,
            0.4545338727689874,
            0.6803902213757327,
            2.0077224056208824,
            1.0453116273179073,
            -1.7455576393090773,
            0.6668498274484016,
            0.08510709736573328,
            1.3706808313964345
        ],
        [
            -0.5502369862978946,
            -1.113473648636,
            2.8204450476760385,
            -3.0983233036450026,
            -5.139710748386759,
            -2.7604869764358795,
            4.43655655750356,
            2.4970581099456863,
            0.9123411302691221,
            -0.004793606603724217,
            -3.316467244790772,
            -1.387431827950129,
            -4.589782795189874,
            -3.8066062168488997,
            -1.7891423460899223,
            1.7255159188421327,
            -1.625284997996738,
            -2.3295231708965476,
            -0.9107572833566813,
            -3.1746937127880552,
            -0.17553310060540728,
            3.4889697408051035,
            1.5608277280666472,
            2.0076190642170877,
            0.704897609635588,
            2.673327096676529,
            -2.355072263297383,
            -5.437887884883197,
            -2.8924844097380533,
            1.4980132594436597
        ]
    ]
}