{
    "sampler": "HMC",
    "value": 30,
    "means_array": [
        0
    ],
    "case": "Posterior Samples",
    "dim": 1,
    "samples": [
        -1.2251180387482519,
        0.1965129941151424,
        -0.02618298496316356,
        -0.043569751195812696
    ]
}