run_id,dimension_corr,sampler,wasserstein_distance,mmd_rff,r_hat,ess,runtime
30,2,Metro,0.04274024518730016,0.024263906346206704,1.010827000845244,182.20141271722653,1.3230445384979248
30,5,Metro,0.04983121433537655,0.03261686489785359,1.0970327436817031,46.29461260091286,1.5512762069702148
30,10,Metro,0.041061692261366946,0.030270247146963657,1.1246688738705797,22.305836983840997,1.987903118133545
30,15,Metro,0.29500186983851756,0.07049476176318609,1.1393708122473676,19.545901855953712,2.5531327724456787
30,20,Metro,0.19585176240688265,0.04982197630063001,1.3917591514858958,8.724738763258499,2.968987464904785
