run_id,mu,sampler,wasserstein_distance,mmd_rff,r_hat,ess,runtime
51,"(5.0, 0.0)",HMC,0.169331243623134,0.04756500464441652,1.025118252380148,122.8883134174994,3.6076595783233643
51,"(5.0, 10.0)",HMC,2.6641659918003904,0.2885599305425848,1.5284751001873007,7.194918590895934,3.285824775695801
51,"(5.0, 20.0)",HMC,5.2922913789271995,0.3051534409813603,1.5289371977490953,7.173515167236999,2.9893102645874023
51,"(5.0, 40.0)",HMC,4.336396325133588,0.308264096789956,1.5278156536656287,7.175972528704981,3.33128023147583
51,"(5.0, 5.0)",HMC,1.8759046622484914,0.2175464555764475,1.3962119056433064,8.696674856627999,3.5661394596099854
