{
    "sampler": "Metro",
    "value": [
        4.618802,
        0.0
    ],
    "means_array": [
        [
            4.618802,
            0.0
        ],
        [
            -2.309401,
            4.0
        ],
        [
            -2.309401,
            -4.0
        ]
    ],
    "case": "Posterior Samples",
    "dim": 2,
    "samples": [
        [
            -2.603643435363165,
            -4.702512664555622
        ],
        [
            -1.2930490350128576,
            -2.7254733193197582
        ],
        [
            5.15494325217296,
            -0.8309774944605541
        ],
        [
            -1.9823553001038783,
            -4.468962234478055
        ]
    ]
}