{
    "sampler": "Metro",
    "value": 30,
    "means_array": [
        [
            -0.9096901936559428,
            0.0,
            0.0,
            0.0,
            0.0,
            0.0,
            0.0,
            0.0,
            0.0,
            0.0,
            0.0,
            0.0,
            0.0,
            0.0,
            0.0,
            0.0,
            0.0,
            0.0,
            0.0,
            0.0,
            0.0,
            0.0,
            0.0,
            0.0,
            0.0,
            0.0,
            0.0,
            0.0,
            0.0,
            0.0
        ],
        [
            0.9096901936559428,
            0.0,
            0.0,
            0.0,
            0.0,
            0.0,
            0.0,
            0.0,
            0.0,
            0.0,
            0.0,
            0.0,
            0.0,
            0.0,
            0.0,
            0.0,
            0.0,
            0.0,
            0.0,
            0.0,
            0.0,
            0.0,
            0.0,
            0.0,
            0.0,
            0.0,
            0.0,
            0.0,
            0.0,
            0.0
        ]
    ],
    "case": "Warmup Samples",
    "dim": 30,
    "samples": [
        [
            -72.72730344329399,
            6.184481995565368,
            34.418255408162246,
            -59.73826432693391,
            38.862906103316256,
            -46.03469157893897,
            -79.79919015616463,
            76.54617439697805,
            -12.681476457475584,
            -29.55281814156585,
            -45.68606539471378,
            49.958931382186,
            -8.507298022940924,
            -29.041353271163473,
            30.22257562848353,
            69.05748521779157,
            45.68512392329203,
            23.764326270682727,
            39.082548806512655,
            12.493911381744905,
            -47.032640440624235,
            -65.59465584615296,
            115.18097557921388,
            -30.403035626826068,
            28.041314438178425,
            -71.8713172476709,
            -83.6758458285929,
            41.90006217960149,
            44.1839719944164,
            -48.42627233535477
        ],
        [
            -19.706967991627884,
            -4.607554458083655,
            72.61382967333945,
            5.661749046133056,
            112.56431044826694,
            -22.638031522476748,
            38.80580246732908,
            109.29191179511749,
            -14.195839307160359,
            -85.4625678951757,
            29.77763658653795,
            63.796599264888414,
            40.866573511074265,
            -58.522836625747374,
            67.43364085366996,
            84.34196981646879,
            -3.1394504742979303,
            -56.755841991446175,
            45.10900824867084,
            -23.771567602236416,
            63.110640488655136,
            -17.14950863768818,
            -62.27108406918208,
            115.44171788677797,
            33.105136812879586,
            -35.52931547434982,
            -72.73648310843444,
            -69.23947744280558,
            -39.73231177348513,
            -35.231336681911095
        ],
        [
            94.32271104121239,
            -15.561297491341481,
            51.59499955694859,
            -83.83982491481149,
            -81.62591461855008,
            9.138040255303395,
            104.70691583640816,
            92.4905481527018,
            -47.89544006945693,
            57.1574818143071,
            51.249827263010914,
            -77.76552340750676,
            -51.73192748552924,
            129.8743024996546,
            88.45913728413498,
            -29.109253932896955,
            56.816017831819,
            -72.00441190922412,
            115.15827873873113,
            -28.768325096212752,
            -27.734926574565804,
            51.447639562129524,
            -58.961078147323434,
            28.357744918045356,
            49.383675171072426,
            -52.71038821547974,
            -56.48916775176516,
            84.96157434068,
            -54.598192458022744,
            -13.575441278697545
        ],
        [
            18.578848765651614,
            71.39760183571197,
            7.8363316240856715,
            68.72682737748055,
            69.50618967601851,
            95.1770756639292,
            -63.0038877741758,
            77.80991613786188,
            -64.01773411098219,
            -83.36621337493642,
            97.10956482077405,
            71.51630630572976,
            -66.10763350362959,
            -73.53446668303127,
            -28.352432082498595,
            -37.9227116738606,
            86.79017259117958,
            -81.537241044976,
            -44.5598933176975,
            6.7344563365750485,
            -6.027262247294815,
            19.79617641686924,
            64.15290317291284,
            -6.063469091329114,
            -98.48557896138546,
            -13.064639307627319,
            50.03523706394233,
            77.42484771186379,
            76.16055287990588,
            62.69590467232522
        ]
    ]
}