mu,sampler,wasserstein_distance,r_hat,ess,runtime
0,DEMetro,0.12535423900480086,1.0242308171626224,242.42142412820542,0.6667482852935791
4,DEMetro,0.12393694201726602,1.020302804572923,206.8463068774185,0.6612591743469238
