run_id,alpha,sampler,wasserstein_distance,mmd_rff,r_hat,ess,runtime
36,0,HMC,0.01988311545561553,0.012400349400908705,1.0014321726039497,3598.1007359423047,1.1731293201446533
36,2,HMC,0.03024852107407982,0.015774681599299668,1.001079804477588,2918.8236603383602,1.4689455032348633
36,4,HMC,0.0121524195533169,0.003223260566297075,1.0008586635725656,1725.681079304631,1.4524505138397217
36,6,HMC,0.014732344077542585,0.008457334576582591,1.0022247753940412,2163.826892863573,1.577436923980713
36,8,HMC,0.019334124757298968,0.014222438875818977,1.0015008101638727,1870.6149496171267,1.9064807891845703
36,10,HMC,0.022771787382411868,0.014844636140932146,1.0011825261988294,1761.5484894599867,1.5588734149932861
36,80,HMC,0.019725843036517584,0.013535790272905157,1.0008887402026516,1070.0368253059053,2.2131998538970947
36,100,HMC,0.012988842264680136,0.005861747934617875,1.0022793107016856,1021.5856914757568,1.8725497722625732
