correlation,global_median_mean_rmse,global_median_var_rmse,global_median_wasserstein_distance,global_median_runtime,global_median_ess,global_median_ess_per_sec,global_median_r_hat,global_median_mmd_rff,global_q25_mean_rmse,global_q25_var_rmse,global_q25_wasserstein_distance,global_q25_runtime,global_q25_ess,global_q25_ess_per_sec,global_q25_r_hat,global_q25_mmd_rff,global_q75_mean_rmse,global_q75_var_rmse,global_q75_wasserstein_distance,global_q75_runtime,global_q75_ess,global_q75_ess_per_sec,global_q75_r_hat,global_q75_mmd_rff,ws_mcmc_mean,ws_iid_mean,ws_iid_std,mean_rmse_mcmc_mean,mean_rmse_iid_mean,mean_rmse_iid_std,var_rmse_mcmc_mean,var_rmse_iid_mean,var_rmse_iid_std,mmd_rff_mcmc_mean,mmd_rff_iid_mean,mmd_rff_iid_std,ws_glass_delta,ws_t_stat,ws_p_value,var_rmse_glass_delta,var_rmse_t_stat,var_rmse_p_value,mean_rmse_glass_delta,mean_rmse_t_stat,mean_rmse_p_value,mmd_rff_glass_delta,mmd_rff_t_stat,mmd_rff_p_value
0.0,0.10394740442351856,2.526050819137518,0.3097676094314766,3.1879079341888428,,,,0.0867744582558567,0.07053068987903043,2.1364895218216637,0.27579144769017416,3.058219075202942,,,,0.07439371366189546,0.10546066874521423,4.132121406793361,0.4558356055639756,3.894702434539795,,,,0.10431865941250884,0.3844954990256077,0.09413122270366044,0.01595615584697815,0.08267843760832358,0.054557650877828844,0.01592846605421762,3.3370570126975108,1.5955445057127242,1.0217385757635322,0.09021676263098395,0.014445356709528684,0.0028175285810480588,18.19763350938552,2.6195932247858034,0.11836779756353626,1.7044599746890994,1.2838839379061107,0.2925862206715921,1.7654422362314526,1.1438726449990386,0.3459144411298833,26.892861506757093,4.345007048027205,0.0475879697674196
0.99,0.1696349795004874,11.293748873155002,0.7577199597848439,5.518069505691528,,,,0.15698626222597004,0.16836849029931622,8.427543674643946,0.5947240807326323,4.6573591232299805,,,,0.14708689109756223,0.2856925161818731,14.301662377953054,0.918821517290274,5.632897615432739,,,,0.18147940220863393,0.7564570787536562,0.12683461650853,0.034972646128116854,0.24616234448729704,0.05466093258676119,0.013352072911365243,11.388221077346332,10.578116838724132,8.951716305391852,0.1667154414621408,0.012586829848657307,0.005341782657691798,18.003283478710824,3.345406717927344,0.0764662251370124,0.09049708580847823,0.13104595326524834,0.9030099793619003,14.342448035730126,2.4495473395620917,0.13156809452606832,28.85340372123694,7.454814707322774,0.01546850207058589
