run_id,alpha,sampler,wasserstein_distance,mmd_rff,r_hat,ess,runtime
35,0,Metro,0.03404163118179171,0.01576649297086836,1.0031742124903535,908.3637365345836,1.0213124752044678
35,2,Metro,0.025238404102101434,0.013407786844323352,1.0042078649277377,981.6898707135368,1.101759433746338
35,4,Metro,0.06047231996359224,0.04359695974692984,1.008086654899216,817.9659224745434,1.5386626720428467
35,6,Metro,0.02804447791791862,0.01661492031871321,1.0124621322936698,863.3736081162979,1.1691358089447021
35,8,Metro,0.021923686918318003,0.014147639006412856,1.006007617228563,796.7737400658389,1.4605915546417236
35,10,Metro,0.025240455714335325,0.014532214077649002,1.0079203919385529,803.2599624949431,1.1860640048980713
35,80,Metro,0.01675088693057394,0.005196118474506546,1.0105258710186265,680.1024935960266,1.4329769611358643
35,100,Metro,0.01356952228776081,0.004673577343544301,1.0049015252102762,768.1953175144157,1.1539056301116943
