{
    "sampler": "HMC",
    "value": 15,
    "means_array": [
        [
            0.0,
            0.0,
            0.0,
            0.0,
            0.0,
            0.0,
            0.0,
            0.0,
            0.0,
            0.0,
            0.0,
            0.0,
            0.0,
            0.0,
            0.0
        ]
    ],
    "case": "Warmup Samples",
    "dim": 15,
    "samples": [
        [
            4.387829185971779,
            -10.174523461613445,
            16.305012210694176,
            -23.617190803732683,
            -9.140397209682996,
            -2.5518744248092298,
            13.181360378902525,
            12.825453625049525,
            -16.58705080033493,
            -16.516882034073834,
            3.3308090898931626,
            12.37493287746692,
            -0.6523187369391278,
            19.103808059664804,
            -12.635621179943596
        ],
        [
            4.013975165734661,
            5.876378146137244,
            4.113571574568888,
            -2.4160930495616117,
            -1.2953733441468347,
            -13.027091549323115,
            -9.300746948077933,
            -10.742046887796596,
            8.926461559625384,
            10.061874845988342,
            1.780545859411117,
            -3.436433655739228,
            -6.38892561252269,
            4.34530023131266,
            -6.935735587427247
        ],
        [
            12.414138222082022,
            4.670177782665489,
            -2.5000604294419966,
            -14.792815011729061,
            -0.4240190005790901,
            -29.8365666975416,
            18.650683587898932,
            21.980239281592638,
            -4.747336174224329,
            16.905002019963817,
            -17.461248265548463,
            15.25281732287028,
            -16.02070047474605,
            -9.564623511609486,
            -5.199248410611322
        ],
        [
            3.15963873398085,
            3.894460930476117,
            -20.607095971124544,
            -26.836223628840532,
            -6.207252289872242,
            27.07213790045004,
            -2.3640667968185767,
            -17.097016994786046,
            22.197758949044584,
            17.319916179574484,
            -5.325647134540049,
            28.061673693333923,
            17.727281384651267,
            14.032560641106452,
            -16.996225096903142
        ]
    ]
}