run_id,circle_modes,sampler,wasserstein_distance,mmd_rff,r_hat,ess,runtime
1,4,Metro,5.887350789036805,0.5013564705331267,1.0037428931853536,686.7898359958763,4.943002223968506
1,6,Metro,3.720438508699421,0.2516346088607505,1.4653546366947057,7.857160750799008,8.163487434387207
1,8,Metro,1.3207161358653456,0.09672041396947098,1.1606526080334503,17.298077385123364,9.574628829956055
1,10,Metro,0.8369471321466012,0.058604466436561906,1.1631314735665848,17.186255500917202,8.730804681777954
1,12,Metro,0.7276783286825765,0.046397196422815666,1.081961643035455,50.42274069148183,15.025233745574951
