run_id,mu,sampler,wasserstein_distance,mmd_rff,r_hat,ess,runtime
66,"(0, 0, 0, 0, 0)",HMC,0.03724744720342735,0.024551632730159267,1.0012558913091745,691.6445998429588,2.082221746444702
