run_id,mu,sampler,wasserstein_distance,mmd_rff,r_hat,ess,runtime
66,"(0, 0, 0, 0, 0)",Metro,0.13780746021853166,0.08294235807736529,1.1430681788438741,32.65671367125473,1.3019962310791016
