run_id,mu,sampler,wasserstein_distance,mmd_rff,r_hat,ess,runtime
66,"(0, 0, 0, 0, 0)",SMC,0.023584838029194848,0.021339595672017306,0.9997429717653294,3692.9190609679213,2.864497184753418
