run_id,mu,sampler,wasserstein_distance,mmd_rff,swd_zscore,r_hat,ess,runtime
18,8,DEMetro,0.570440189401682,0.07598535099813025,13.658563598414693,1.0706267306322426,86.51768165302865,2.367669105529785
18,10,DEMetro,0.7180642849473893,0.07072074042731005,8.820366106396396,1.122981733685585,33.90753792833742,1.986983299255371
18,12,DEMetro,1.1374777717608462,0.10541458393945088,20.487548210560405,1.3407335859581486,14.848877521282844,2.214879274368286
18,14,DEMetro,4.280949775300175,0.3511902442490643,59.95321651570294,1.5165212954804925,11.655811203993322,2.0063960552215576
18,16,DEMetro,4.679660917768499,0.3315803829420542,52.678493604875136,1.0025257461420636,1343.882675161201,2.142040967941284
18,18,DEMetro,3.6214029949230886,0.2278238504118655,45.843509084327486,1.7365727597601404,9.308413720769662,2.2777514457702637
18,20,DEMetro,7.272772059386057,0.3974135962137247,60.22736409910742,1.6441752581890683,10.014978423348683,1.9080212116241455
18,22,DEMetro,7.915033540526888,0.3743204649885387,72.45536865640699,1.6292771143327611,9.974573628655593,2.251909017562866
