{
    "sampler": "HMC",
    "value": 0.5,
    "means_array": [
        [
            0.0,
            0.0
        ]
    ],
    "case": "Warmup Samples",
    "dim": 2,
    "samples": [
        [
            -0.004056003869064288,
            27.83413608479317
        ],
        [
            32.491293803740845,
            -36.136647421984286
        ],
        [
            -60.67780994366874,
            12.305283798867775
        ],
        [
            -12.288967500188804,
            9.973252066989739
        ]
    ]
}