{
    "sampler": "Metro",
    "value": 10,
    "means_array": [
        0
    ],
    "case": "Warmup Samples",
    "dim": 1,
    "samples": [
        0.7117312751603855,
        -0.40104114341769104,
        -7.347440852607961,
        38.0969476683185
    ]
}