{
    "sampler": "HMC",
    "value": 12,
    "means_array": [
        [
            -6.0,
            0.0
        ],
        [
            6.0,
            0.0
        ]
    ],
    "case": "Warmup Samples",
    "dim": 2,
    "samples": [
        [
            423.6739303083139,
            -719.4624715127212
        ],
        [
            -128.23860950776893,
            -98.44119325127043
        ],
        [
            -353.90530217908463,
            -603.044273942264
        ],
        [
            -145.67275259656208,
            -661.8440494826588
        ]
    ]
}