run_id,mu,sampler,wasserstein_distance,mmd_rff,r_hat,ess,runtime
33,"(5.0, 0.0)",Metro,0.22187099780052125,0.04421439914824266,1.0178874887967466,240.53625071092102,2.4400439262390137
33,"(5.0, 10.0)",Metro,3.0603518151182127,0.27961793388284073,1.534301665613873,7.220073245953248,2.0935354232788086
33,"(5.0, 20.0)",Metro,1.943917614878855,0.11645548520380639,2.3996560135829097,4.9281043764306,2.4367048740386963
33,"(5.0, 40.0)",Metro,3.78320114160507,0.100508873303481,2.4170462666318135,4.914518395855821,2.112062931060791
33,"(5.0, 5.0)",Metro,0.8761392644605439,0.12760323221966427,1.3882661755285923,8.629531539993648,2.4797918796539307
