{
    "run_id": 1,
    "case": "multimodal",
    "dim": 2,
    "means_array": [
        [
            0.0,
            0.0
        ],
        [
            16.0,
            0.0
        ]
    ],
    "min_mode": [
        0.0,
        0.0
    ],
    "max_mode": [
        16.0,
        0.0
    ],
    "border": [
        32.76397306922476,
        20.0
    ],
    "low": [
        -40.94362983295798,
        -30.630117486167514
    ],
    "high": [
        57.3482893747163,
        29.369882513832486
    ],
    "samples": [
        {
            "posterior": [
                20.62118021497303,
                -16.002054528543685
            ]
        }
    ]
}