run_id,mu,sampler,wasserstein_distance,mmd_rff,r_hat,ess,runtime
69,"(5.0, 0.0)",HMC,0.1958325146396135,0.048159051815454934,1.0169091686247098,136.3970510118711,3.655503273010254
69,"(5.0, 10.0)",HMC,1.005889135040105,0.11477222167958628,2.097930905107584,5.25981853284432,2.9658846855163574
69,"(5.0, 20.0)",HMC,1.6956035161412626,0.11937870616467568,2.0997940617259183,5.256807670252348,3.4875850677490234
69,"(5.0, 40.0)",HMC,2.623306749542199,0.11436347254790183,2.098928744003943,5.25119723459837,3.3381927013397217
69,"(5.0, 5.0)",HMC,2.991986805838879,0.40434960041160234,1.0932395945506403,31.795182450411104,3.2944817543029785
