{
    "sampler": "HMC",
    "value": [
        0.0,
        0.0,
        -5.163978,
        0.0,
        0.0
    ],
    "means_array": [
        [
            0.0,
            0.0,
            -5.163978,
            0.0,
            0.0
        ],
        [
            0.688077,
            -0.084829,
            1.032796,
            -4.990158,
            0.466562
        ],
        [
            4.394785,
            0.327205,
            1.032796,
            1.714687,
            -1.799625
        ],
        [
            -2.468947,
            4.239863,
            1.032796,
            0.780392,
            -0.958567
        ],
        [
            -2.468947,
            -3.631096,
            1.032796,
            0.780392,
            -2.38965
        ],
        [
            -0.144968,
            -0.851142,
            1.032796,
            1.714687,
            4.681281
        ]
    ],
    "case": "Posterior Samples",
    "dim": 5,
    "samples": [
        [
            1.0726861398649448,
            0.10775784683777948,
            2.581924231056936,
            0.33718009861337694,
            3.426498067179293
        ],
        [
            3.8193263970111615,
            1.2348547994188768,
            1.969155898227757,
            1.302735322901075,
            -1.8714194707276557
        ],
        [
            -0.042424555734542804,
            -0.8384186187704886,
            -0.6143130087911002,
            -5.4637928398324735,
            -0.6097735370062701
        ],
        [
            1.1142774991782958,
            2.0488316043357995,
            -6.057913324375414,
            -1.5102931506289263,
            -0.7767864958202839
        ]
    ]
}