mu,sampler,wasserstein_distance,reference_swd,relative_swd,swd_zscore,r_hat,ess,runtime
0,Metro,0.1966097542576441,0.16383220210080282,0.03277755215684128,0.9274525173413454,1.003551268276101,647.390010458106,3.848968267440796
3,Metro,0.19406630055378019,0.1548307443466413,0.039235556207138894,0.7857172682934994,1.005052736553329,837.420813078707,3.4884321689605713
6,Metro,0.25838267335612397,0.16979233047799108,0.08859034287813289,1.352112148568244,1.0062486019341268,523.849984645975,3.4746901988983154
10,Metro,0.22767021570429574,0.15508441935772918,0.07258579634656656,0.876335560582893,1.0042370742944025,841.7037449306262,3.4720427989959717
