mu,sampler,wasserstein_distance,swd_zscore,r_hat,ess,runtime
2,Metro,0.03486190251547089,2.323986394305309,1.0029826653169154,2158.9790196762438,4.2821364402771
3,Metro,0.02101484617458236,0.29839771836528267,1.0029811083496036,2158.9790196762438,4.436944484710693
4,Metro,0.029433571845563437,3.5356522686167,1.0029811083496036,2158.9790196762438,4.355095148086548
