run_id,mu,sampler,wasserstein_distance,mmd_rff,swd_zscore,r_hat,ess,runtime
15,"(10, 10, 10, 20, 20, 30, 30, 30, 40, 40)",HMC,0.024860617518322466,0.018855151746932555,0.8821549474858379,1.002341334575284,5841.350847161058,5.564274787902832
