{
    "sampler": "HMC",
    "value": 10,
    "means_array": [
        10,
        3
    ],
    "case": "Posterior Samples",
    "dim": 1,
    "samples": [
        15.90919634711585,
        8.566241449960794,
        13.262434440951283,
        14.00834556896822,
        10.130507872404309,
        12.626580743000257
    ]
}