mode_means,sampler,wasserstein_distance,r_hat,ess,chain_seeds,mode_distance
"(0, 3)",DEMetro,0.37808209988317654,1.2772210940694682,14.624917269473483,"[507116, 732413, 809219, 440088]",3
"(0, 10)",DEMetro,5.398512879428903,1.6398895144184253,11.005718168822098,"[507116, 732413, 809219, 440088]",10
"(0, 20)",DEMetro,10.806396152276742,3.64805252423416,7.581700607677221,"[507116, 732413, 809219, 440088]",20
