mode_means,sampler,wasserstein_distance,r_hat,ess,chain_seeds,mode_distance
"(0, 3)",HMC,0.44557153383050613,1.0286520665678354,52.38105978641996,"[507116, 732413, 809219, 440088]",3
"(0, 10)",HMC,2.739064624960699,1.499535788249837,10.737276753882865,"[507116, 732413, 809219, 440088]",10
"(0, 20)",HMC,4.229072878236238,1.5563495587007004,10.172416404015548,"[507116, 732413, 809219, 440088]",20
