{
    "sampler": "Metro",
    "value": 30,
    "means_array": [
        0
    ],
    "case": "Posterior Samples",
    "dim": 1,
    "samples": [
        -0.9520218771157298,
        -0.5132460744464901,
        -1.020783230297689,
        -1.3050964265780998
    ]
}