run_id,mu,sampler,wasserstein_distance,mmd_rff,r_hat,ess,runtime
46,"(0, 0, 0, 0, 0)",Metro,0.05699036537974859,0.03756577225411341,1.0295057404733239,267.4908536185293,1.295849084854126
