run_id,mu,sampler,wasserstein_distance,mmd_rff,swd_zscore,r_hat,ess,runtime
16,5,HMC,0.15192371962333207,0.027908158955091675,2.0893891860871765,1.0084535735181694,728.9788856898875,2.6885733604431152
16,10,HMC,0.5484560245625804,0.016091395144220554,7.436989168459006,1.0456469485062032,102.55012859456235,2.386455774307251
16,20,HMC,0.9785634589915558,0.04485198149038664,8.439786202766909,1.3784237737992293,13.279344922398245,2.696869134902954
