{
    "run_id": 1,
    "case": "multimodal",
    "dim": 30,
    "means_array": [
        [
            -7.5,
            0.0,
            0.0,
            0.0,
            0.0,
            0.0,
            0.0,
            0.0,
            0.0,
            0.0,
            0.0,
            0.0,
            0.0,
            0.0,
            0.0,
            0.0,
            0.0,
            0.0,
            0.0,
            0.0,
            0.0,
            0.0,
            0.0,
            0.0,
            0.0,
            0.0,
            0.0,
            0.0,
            0.0,
            0.0
        ],
        [
            7.5,
            0.0,
            0.0,
            0.0,
            0.0,
            0.0,
            0.0,
            0.0,
            0.0,
            0.0,
            0.0,
            0.0,
            0.0,
            0.0,
            0.0,
            0.0,
            0.0,
            0.0,
            0.0,
            0.0,
            0.0,
            0.0,
            0.0,
            0.0,
            0.0,
            0.0,
            0.0,
            0.0,
            0.0,
            0.0
        ]
    ],
    "min_mode": [
        -7.5,
        0.0,
        0.0,
        0.0,
        0.0,
        0.0,
        0.0,
        0.0,
        0.0,
        0.0,
        0.0,
        0.0,
        0.0,
        0.0,
        0.0,
        0.0,
        0.0,
        0.0,
        0.0,
        0.0,
        0.0,
        0.0,
        0.0,
        0.0,
        0.0,
        0.0,
        0.0,
        0.0,
        0.0,
        0.0
    ],
    "max_mode": [
        7.5,
        0.0,
        0.0,
        0.0,
        0.0,
        0.0,
        0.0,
        0.0,
        0.0,
        0.0,
        0.0,
        0.0,
        0.0,
        0.0,
        0.0,
        0.0,
        0.0,
        0.0,
        0.0,
        0.0,
        0.0,
        0.0,
        0.0,
        0.0,
        0.0,
        0.0,
        0.0,
        0.0,
        0.0,
        0.0
    ],
    "border": [
        21.22691929512154,
        20.0,
        20.0,
        20.0,
        20.0,
        20.0,
        20.0,
        20.0,
        20.0,
        20.0,
        20.0,
        20.0,
        20.0,
        20.0,
        20.0,
        20.0,
        20.0,
        20.0,
        20.0,
        20.0,
        20.0,
        20.0,
        20.0,
        20.0,
        20.0,
        20.0,
        20.0,
        20.0,
        20.0,
        20.0
    ],
    "low": [
        -31.757862669543627,
        -29.900154094336884,
        -29.991853136579877,
        -30.126344868077474,
        -29.87610654517171,
        -30.09425415029569,
        -29.867360246840587,
        -30.089952063903148,
        -30.057571411083586,
        -29.92971413376454,
        -30.010037737594857,
        -30.05421324912608,
        -29.954758489498037,
        -30.02917342766556,
        -30.580130497237047,
        -29.72926351794719,
        -29.990610279574124,
        -29.8339576508641,
        -29.86969538578885,
        -30.221572436494718,
        -30.103894338702048,
        -30.096847392823157,
        -30.296517546706845,
        -29.71518525428859,
        -30.285533241842174,
        -29.958037979986617,
        -30.364824559260278,
        -29.752574954438245,
        -29.822331693406973,
        -29.715211428421924
    ],
    "high": [
        31.922895215820994,
        30.099845905663116,
        30.008146863420123,
        29.873655131922526,
        30.12389345482829,
        29.90574584970431,
        30.132639753159413,
        29.910047936096852,
        29.942428588916414,
        30.07028586623546,
        29.989962262405143,
        29.94578675087392,
        30.045241510501963,
        29.97082657233444,
        29.419869502762953,
        30.27073648205281,
        30.009389720425876,
        30.1660423491359,
        30.13030461421115,
        29.778427563505282,
        29.896105661297952,
        29.903152607176843,
        29.703482453293155,
        30.28481474571141,
        29.714466758157826,
        30.041962020013383,
        29.635175440739722,
        30.247425045561755,
        30.177668306593027,
        30.284788571578076
    ],