run_id,mu,sampler,wasserstein_distance,mmd_rff,swd_zscore,r_hat,ess,runtime
7,"(10, 10)",Metro,1.7368837419459573,0.14561462684884596,40.404511077868456,1.7154638855525437,9.33726547780332,3.173717975616455
7,"(20, 20)",Metro,6.5571028267421445,0.263034167767363,78.38570790427346,1.61935874680536,10.080828652060445,2.8476779460906982
7,"(5, 5)",Metro,0.12965708251966596,0.03594498168402661,4.780872799424296,1.056510747642483,93.31341570695317,3.170424222946167
7,"(50, 10)",Metro,1.1900483510689035,0.030718299175611852,7.7588920526660825,1.6271916330530634,10.03709841525708,3.1399152278900146
