run_id,mu,sampler,wasserstein_distance,mmd_rff,r_hat,ess,runtime
47,"(0, 0, 0, 0, 0)",SMC,0.02364584347537432,0.018673454978380553,1.0005494280523184,3532.622361298773,2.856137752532959
