{
    "sampler": "Metro",
    "value": 30,
    "means_array": [
        0
    ],
    "case": "Warmup Samples",
    "dim": 1,
    "samples": [
        -20.202846010394772,
        -22.582583700197084,
        -20.37301723090185,
        -4.915407204960143
    ]
}