run_id,mu,sampler,wasserstein_distance,mmd_rff,r_hat,ess,runtime
47,8,Metro,0.5770574161440419,0.0805836236516205,1.1168682383512505,28.295669952302912,1.4357099533081055
47,10,Metro,4.461568715687141,0.5166417050896955,1.5393196889722334,7.288025010036242,1.0927820205688477
47,12,Metro,2.3242407408547554,0.21846263559769843,1.7420672498118344,6.1306104492190565,1.1155803203582764
47,14,Metro,0.7822975735074624,0.06515494913106344,1.5345033426415766,7.297656041398382,1.127918004989624
47,16,Metro,0.9548763240236248,0.05868331329900383,1.5359363783383098,7.2766789220809205,1.1244375705718994
47,18,Metro,1.1217885529738942,0.0713117706002403,1.531854171507813,7.251031017239461,1.432849407196045
47,20,Metro,0.8967854296307194,0.053897504244982054,1.535898760813285,7.19442211425212,1.1016042232513428
47,22,Metro,4.380627406504397,0.2030516416867767,1.7434413581528514,6.127908881924451,1.0822384357452393
47,40,Metro,17.835120565755254,0.46728874263290826,1.5352642587164602,7.254135240461809,1.3904211521148682
