run_id,mu,sampler,wasserstein_distance,mmd_rff,r_hat,ess,runtime
2,"(10.0, 0.0)",Metro,3.373431103104266,0.20540483882641128,2.835981356117645,4.626667606345795,5.245346784591675
