{
    "sampler": "HMC",
    "value": 15,
    "means_array": [
        [
            0.0,
            0.0
        ],
        [
            4.161913352499667,
            -14.411053994981943
        ]
    ],
    "case": "Posterior Samples",
    "dim": 2,
    "samples": [
        [
            3.503024813829752,
            -14.82868123315566
        ],
        [
            2.1855986651848616,
            -14.426126007859267
        ],
        [
            4.211504922238156,
            -15.209020945663159
        ],
        [
            4.521898233911859,
            -13.874066625640129
        ]
    ]
}