{
    "run_id": 1,
    "case": "unimodal",
    "dim": 30,
    "low": [
        -65.41143312320885,
        -39.34008486359806,
        -33.41412836582701,
        -63.576066904844936,
        -39.93200124815516,
        -57.19132677119065,
        -55.86305506269976,
        -41.09666327291442,
        -59.48054399181399,
        -48.426245840978616,
        -43.576681187320034,
        -47.09597539812536,
        -54.41382064113791,
        -66.20648102229279,
        -52.41665377892738,
        -49.925599211714975,
        -49.804548244682785,
        -40.135775906615876,
        -34.04139815846092,
        -46.85019335543038,
        -53.77176990321253,
        -44.134035879266186,
        -42.629016012643774,
        -44.17762600696074,
        -48.873809622865224,
        -47.47015952798439,
        -54.10749445131427,
        -46.23379075313912,
        -45.923188848971094,
        -45.07411106303834
    ],
    "high": [
        59.87592895493013,
        38.718953157822895,
        37.51044966420767,
        64.24769255746236,
        34.68640776343729,
        47.85021381292088,
        65.14673233333008,
        42.15664669244033,
        57.243638604531526,
        65.25407265070935,
        49.9948980489646,
        44.77469859729984,
        52.288529314640805,
        61.9501346145584,
        51.294950737940674,
        43.92213207620572,
        55.99518515021987,
        35.10824722174846,
        37.58381221663168,
        50.394344601145406,
        44.740446514666544,
        45.748103996373956,
        48.22194609265143,
        43.02813353961042,
        48.18787995805634,
        52.80681190411721,
        69.41968128459153,
        49.85873941547884,
        41.90166432161811,
        50.041975164306734
    ],
    "means_array": [
        [
            0.0,
            0.0,
            0.0,
            0.0,
            0.0,
            0.0,
            0.0,
            0.0,
            0.0,
            0.0,
            0.0,
            0.0,
            0.0,
            0.0,
            0.0,
            0.0,
            0.0,
            0.0,
            0.0,
            0.0,
            0.0,
            0.0,
            0.0,
            0.0,
            0.0,
            0.0,
            0.0,
            0.0,
            0.0,
            0.0
        ]
    ],
    "samples": [
        {
            "posterior": [
                -1.286010352605615,
                16.22910545046262,
                -13.507818894811017,
                -26.95887687158026,
                19.911697349748856,
                13.54636624195313,
                18.260205673454877,
                10.13544551450562,
                2.1276265219484287,
                -43.698451243718694,
                -38.60197149386725,
                -5.672701505156141,
                29.228912831033163,
                20.763283488582843,
                41.68728816614963,
                -29.90597825307689,
                8.483235033207642,
                27.430703710713743,
                25.289980360306593,
                -15.725707421719932,
                26.043725369653828,
                -1.0412790820441202,
                21.16285499648272,
                -32.009820182729705,
                -8.544470781528922,
                32.61611473215868,
                27.523677717034502,
                47.934799599136085,
                -25.023131049059796,
                -32.05688665347122
            ]
        },
        {
            "posterior": [
                8.99175848661389,
                23.52646448792639,
                -8.905903869771997,
                -56.85685462891086,
                -10.104872677502268,
                -16.94306881528877,
                43.69831803747847,
                9.98126655813148,
                -8.646370805144393,
                -37.51518277559583,
                -14.163386711192103,
                -6.162762510045347,
                -27.04115891124292,
                -15.74349235565623,
                -30.763360641902228,
                -43.573279555580875,
                47.60488359282849,
                28.28071033726765,
                -14.197889130988319,
                9.366940304432568,
                -6.612665483293334,
                7.794791639657639,
                38.29652830594327,
                -32.12759946192195,
                -28.61470586894467,
                20.394556742030133,
                10.431171637988271,
                34.34409267617214,
                24.29181142968521,
                -22.49063473225776
            ]
        },
        {
            "posterior": [
                14.268433948318986,
                -7.882737624583779,
                24.62077822288198,
                12.266471071637298,
                -21.683434345849303,
                19.708945465289624,
                9.441338892002662,
                9.882210939581725,
                -32.30243708233104,
                -17.7701270398655,
                -12.871883858361176,
                24.63556143036854,
                -12.771194101805051,
                55.59944983822899,
                22.46687634414424,
                17.79966651893354,
                51.88053963187743,
                -15.666638496939406,
                12.20243278967267,
                -16.05253606511155,
                -48.5232111818975,
                -44.00196597095471,
                -15.278333050308675,
                -4.33882344824805,
                3.293897715250317,
                2.05592152112488,
                60.883455836414015,
                -6.611920337704454,
                25.45975702278622,
                8.775205193061211
            ]
        },
        {
            "posterior": [
                26.63191141152116,
                -34.088499813092454,
                10.709277619066448,
                -9.965846333174632,
                -2.2866741182463457,
                33.81998288336988,
                -45.13942295333344,
                -36.04758287130415,
                -12.46660870365573,
                -2.863641508913574,
                4.402707977459983,
                11.452411887662862,
                41.053323637790264,
                -32.2660280847809,
                1.1001899832865973,
                15.760499755401788,
                41.69751307479455,
                28.596567659299595,
                6.611563381735756,
                -24.39455857338415,
                -14.287451472237407,
                -30.146294518659275,
                -4.812227904739473,
                -24.49010575064048,
                27.970047494129815,
                2.9719855617790785,
                -49.545582658730495,
                34.83643247862321,
                -34.003308687932325,
                0.32633246344247624
            ]
        }
    ]
}