mode_means,sampler,wasserstein_distance,r_hat,ess,chain_seeds,mode_distance
"(0, 8)",DEMetro,1.1307171681178372,1.2047322391190318,16.262776584720235,"[557671, 546075, 246913, 717486]",8
"(0, 10)",DEMetro,4.961794521398733,1.1749901969550076,18.313927208077036,"[557671, 546075, 246913, 717486]",10
"(0, 15)",DEMetro,7.3313482802158925,1.0088157389381753,293.816851653707,"[557671, 546075, 246913, 717486]",15
"(0, 20)",DEMetro,0.3858432786992195,1.585883426666074,9.652879765096941,"[557671, 546075, 246913, 717486]",20
