{
    "sampler": "DEMetro_Z",
    "value": 3,
    "means_array": [
        0
    ],
    "case": "Posterior Samples",
    "dim": 1,
    "samples": [
        -0.518696829651162,
        0.919303495706999,
        -1.2771213754488604,
        -0.2571610621858164
    ]
}