{
    "sampler": "HMC",
    "value": 2.1,
    "means_array": [
        [
            10,
            10,
            10,
            10,
            10,
            20,
            20,
            20,
            20,
            20,
            30,
            30,
            30,
            30,
            30,
            40,
            40,
            40,
            40,
            40,
            50,
            50,
            50,
            50,
            50,
            60,
            60,
            60,
            60,
            60
        ]
    ],
    "case": "Warmup Samples",
    "dim": 30,
    "samples": [
        [
            9.733802404281393,
            85.03156468086095,
            -114.41853172796009,
            -10.163669816583111,
            -113.80277916455634,
            -32.9391166107008,
            60.46194229976403,
            27.73176411537021,
            -25.00450556251027,
            -12.590825236224156,
            -93.18554202829218,
            -53.69434251016483,
            39.78708509075632,
            44.40144330778653,
            -19.14373541217387,
            12.642228230133995,
            94.99845334923458,
            -22.450473652936566,
            1.7118986807508598,
            43.25695996181891,
            105.28018497655391,
            1.2436144666792976,
            124.39533036335564,
            123.9481369001656,
            74.08001923891585,
            87.879693576133,
            119.29639795625806,
            51.664266181334334,
            -10.191244145806062,
            19.521704536243938
        ],
        [
            -50.50279400051697,
            43.30360233262914,
            13.115841726949743,
            54.43249614390194,
            88.31239874158544,
            -98.19289940637182,
            -68.55177156988603,
            30.69336208935532,
            108.08796222112586,
            -60.798698387179456,
            25.692067327312202,
            102.30136249547287,
            -71.94945924744246,
            34.79443634101586,
            91.60508449584627,
            66.47977356950337,
            108.05852807501113,
            97.95225633516121,
            90.5539163077412,
            -16.39970103800051,
            30.513602185003446,
            -4.413957038425384,
            124.08995504295001,
            -42.38486714946802,
            101.56198590882738,
            98.33233289249112,
            146.15944855637423,
            163.89404960508372,
            137.97192969727402,
            43.96592991234555
        ],
        [
            15.892276295541988,
            -113.52327399639825,
            -40.10081777404603,
            -50.991570071744,
            -34.542899183486426,
            -19.369632434581526,
            50.30640395307438,
            -43.61582412282862,
            6.373362624133694,
            -14.535313220695933,
            123.34233201656863,
            62.10922460921804,
            62.686024392060325,
            -43.887130195230164,
            23.995316838477315,
            114.31506858211802,
            111.35166539753331,
            101.43438476354497,
            35.33199895658807,
            -31.42129094545785,
            109.59141240840073,
            60.83060246453193,
            -19.282581402026352,
            120.50124715077617,
            118.85920515450205,
            92.81414804480568,
            149.70200753311147,
            96.41160419502111,
            135.8480715217835,
            -17.02841970079976
        ],
        [
            -3.3046957162085095,
            35.81580598567246,
            48.11178282052111,
            80.2686003299961,
            43.214419119621304,
            73.8243467574486,
            72.37197415652838,
            9.786919031475374,
            -20.128053822408173,
            -53.94329693037542,
            -65.23620463900707,
            102.3171911012485,
            -7.120546838474901,
            126.1491158420035,
            106.37984824872197,
            23.915100789751886,
            12.828661019695996,
            32.19779883984444,
            43.31896490288173,
            61.14436198751529,
            101.88456534369206,
            8.03024953627216,
            62.1798492591576,
            70.50965539014626,
            133.18607979115194,
            -8.052668609925199,
            0.2427108019900608,
            59.194279668790934,
            -44.59309118379103,
            70.45487348059422
        ]
    ]
}