{
    "sampler": "HMC",
    "value": 2.1,
    "means_array": [
        [
            10,
            10,
            10,
            10,
            10,
            20,
            20,
            20,
            20,
            20,
            30,
            30,
            30,
            30,
            30,
            40,
            40,
            40,
            40,
            40,
            50,
            50,
            50,
            50,
            50,
            60,
            60,
            60,
            60,
            60
        ]
    ],
    "case": "Posterior Samples",
    "dim": 30,
    "samples": [
        [
            9.336861711779457,
            9.11959102987804,
            9.560232073630127,
            9.607735926784098,
            8.251397622365213,
            18.57424657741786,
            20.395942935724246,
            19.241961303755748,
            17.623477024281478,
            13.105040596232467,
            30.556774958118282,
            26.97020493782642,
            27.888621504809972,
            28.126792176130248,
            27.134973758606208,
            35.69703980079447,
            37.86025614811681,
            39.89148243441126,
            37.36296117734712,
            45.1325392035364,
            50.5897594683904,
            46.29307376562655,
            53.04783081058031,
            52.52587849536846,
            50.2853614675645,
            60.07463174280258,
            59.80448346309544,
            60.778494903455744,
            59.60655137298776,
            57.45915307485807
        ],
        [
            7.644972388604705,
            10.159080707568062,
            10.189730880135086,
            8.78424120886651,
            9.586787983602314,
            19.805564987148284,
            22.133129301180965,
            21.344891675862492,
            16.782988092512518,
            19.89814468881472,
            28.979375176804805,
            31.364234976225685,
            29.34752814237532,
            29.27612445864605,
            28.682708282404363,
            41.025491661007926,
            43.57965637988678,
            36.01372255646967,
            38.82336060448885,
            37.53724585499254,
            49.472337967998946,
            48.99380917837663,
            48.49746266225278,
            51.006331565838856,
            50.36859152489268,
            59.445995942244444,
            61.2668790887921,
            60.929456268866815,
            60.27645304614099,
            59.992458977575204
        ],
        [
            10.996663306360347,
            10.246425840662107,
            9.710073957409671,
            7.705601818574959,
            10.619797621250127,
            20.69396163348892,
            21.04131350037577,
            19.471946010662037,
            18.767714576444735,
            19.840492818874253,
            29.667202822688246,
            30.287478814511925,
            30.587064033137082,
            30.46885573293063,
            30.269434162494512,
            40.679947038125825,
            38.64192038536423,
            42.493238182700225,
            41.50137794197255,
            40.765583716091164,
            51.49148536521535,
            50.27112282484207,
            49.93420732724793,
            51.316836775262445,
            48.845676583979625,
            61.86589809672253,
            58.61898376943338,
            60.311217635116755,
            60.71746861714365,
            58.39047731827394
        ],
        [
            7.891732677495359,
            10.399981730360295,
            5.863651988195177,
            13.650057483086451,
            10.296272152059391,
            17.93669263892691,
            20.291365276957457,
            19.64189028428417,
            19.440099179324523,
            20.523919652933156,
            29.211715485185177,
            26.486589848731203,
            27.82764750126814,
            26.82541455425652,
            31.73427011404103,
            45.70191282468467,
            37.510195637396976,
            41.77062603301007,
            37.5581077289131,
            38.56943505832897,
            53.18643968853469,
            48.873907650834184,
            45.74956333996635,
            51.64366288769051,
            51.123901970033465,
            61.09170072966507,
            60.04333509799655,
            58.43710510828656,
            62.04875038205004,
            61.30939882346359
        ]
    ]
}