{
    "sampler": "HMC",
    "value": [
        4.618802,
        0.0
    ],
    "means_array": [
        [
            4.618802,
            0.0
        ],
        [
            -2.309401,
            4.0
        ],
        [
            -2.309401,
            -4.0
        ]
    ],
    "case": "Warmup Samples",
    "dim": 2,
    "samples": [
        [
            -5.781394137219062,
            -4.985171339875271
        ],
        [
            -0.10008380627497802,
            -5.292955287823308
        ],
        [
            -2.2020154213205947,
            -6.440426871580095
        ],
        [
            -6.354785441622608,
            3.4506884647647063
        ]
    ]
}