nu,sampler,wasserstein_distance,reference_swd,relative_swd,swd_zscore,r_hat,ess,runtime
1,DEMetro,17.71892133485173,5.892823068311443,11.826098266540285,1.3574754338768595,1.073578118218517,34.311263440558804,7.8651580810546875
2,DEMetro,0.28249848846760794,0.21510919134467438,0.06738929712293357,0.7305394010433567,1.0610811926109653,135.84607390331226,4.099956750869751
5,DEMetro,0.1907020466090244,0.12768868275924683,0.06301336384977757,1.1487165635098795,1.0473856823922956,160.79000187635327,3.9641833305358887
10,DEMetro,1.2686896655014972,0.11535199331009871,1.1533376721913986,16.14101851871838,1.0760360604534915,56.53858668763848,3.4588840007781982
