mu,sampler,wasserstein_distance,swd_zscore,r_hat,ess,runtime
"(10, -10)",Metro,5.6503520132246825,113.78769861033282,1.0053226131371529,896.0970870330017,3.4909589290618896
"(20, 20)",Metro,8.586285762753102,67.63197501471272,1.0082464052483875,563.1870931143602,3.8941755294799805
"(5, 5)",Metro,3.165505235036343,61.24138964130422,1.1087177283098728,25.8281407346051,3.3851888179779053
"(50, -50)",Metro,18.157608798188548,85.83387112134558,1.5365927395169274,7.280104975812867,4.343575477600098
