{
    "sampler": "DEMetro_Z",
    "value": 3,
    "means_array": [
        [
            0.0,
            0.0,
            0.0
        ],
        [
            -6.735629998676243,
            -0.9253865516618032,
            -4.216034659598535
        ]
    ],
    "case": "Warmup Samples",
    "dim": 3,
    "samples": [
        [
            26.185233346541878,
            27.46587667459696,
            -9.00045596151558
        ],
        [
            -25.097463292320956,
            12.414633597151559,
            -25.948695008313702
        ],
        [
            -10.553868642892844,
            -28.463929301934364,
            -1.0112861752222402
        ],
        [
            9.639729980964814,
            -9.677052922567398,
            27.409772293795896
        ]
    ]
}