run_id,dimension_corr,sampler,wasserstein_distance,mmd_rff,r_hat,ess,runtime
24,2,SMC,0.0204489521039952,0.013120812326532226,1.000025694158551,3704.9673209808834,1.3196978569030762
24,5,SMC,0.01992866357359861,0.017670958589989957,1.0012175152187848,3770.6378152870934,2.000203847885132
24,10,SMC,0.0316856646571752,0.025310622184494033,1.0008469380602054,4060.750641870714,3.376958131790161
24,15,SMC,0.02917521004689791,0.023438814329130524,1.0018864136694885,3810.259375884429,3.6314477920532227
24,20,SMC,0.03136502303912802,0.02089089470359234,1.0003770859689418,3425.995206748058,4.7940778732299805
