mu,mmd_rff_t_stat,mmd_rff_p_value,mmd_rff_paired_cohens_d
"(-8, 0)",8.195651807206302,4.896076980939997e-09,1.4963144560882906
