mu,mmd_rff_t_stat,mmd_rff_p_value,mmd_rff_paired_cohens_d
"(-8, 0)",2.447943064534259,0.020655689505970066,0.4469312119779127
