mu,ws_t_stat,ws_p_value,ws_paired_cohens_d
"(-8, 0)",12.198225233408413,6.07923385325207e-13,2.2270810406221693
