{
    "sampler": "Metro",
    "value": [
        -20,
        0,
        0,
        0,
        0
    ],
    "means_array": [
        [
            -20,
            0,
            0,
            0,
            0
        ],
        [
            -12,
            0,
            0,
            0,
            0
        ],
        [
            -4,
            0,
            0,
            0,
            0
        ],
        [
            4,
            0,
            0,
            0,
            0
        ],
        [
            12,
            0,
            0,
            0,
            0
        ],
        [
            20,
            0,
            0,
            0,
            0
        ]
    ],
    "case": "Posterior Samples",
    "dim": 5,
    "samples": [
        [
            -5.231679561719804,
            -0.34383236486008495,
            0.008217170548941,
            -1.7261334717520604,
            1.2601073755324081
        ],
        [
            -5.673417743736074,
            1.1374126566034324,
            -0.2556750965927663,
            -0.09004344755491706,
            0.19762427669611782
        ],
        [
            2.913976862328683,
            -0.2030402445342281,
            -0.9944751690855375,
            -0.9464149303173796,
            0.5648617582759508
        ],
        [
            -20.150282449458437,
            0.3413601112274993,
            0.7027316990162372,
            0.9653985824466889,
            -0.8609980251827969
        ]
    ]
}