{
    "sampler": "HMC",
    "value": 0.9,
    "means_array": [
        [
            0.0,
            0.0,
            0.0,
            0.0,
            0.0,
            0.0,
            0.0,
            0.0,
            0.0,
            0.0,
            0.0,
            0.0,
            0.0,
            0.0,
            0.0,
            0.0,
            0.0,
            0.0,
            0.0,
            0.0,
            0.0,
            0.0,
            0.0,
            0.0,
            0.0,
            0.0,
            0.0,
            0.0,
            0.0,
            0.0
        ],
        [
            13.0,
            0.0,
            0.0,
            0.0,
            0.0,
            0.0,
            0.0,
            0.0,
            0.0,
            0.0,
            0.0,
            0.0,
            0.0,
            0.0,
            0.0,
            0.0,
            0.0,
            0.0,
            0.0,
            0.0,
            0.0,
            0.0,
            0.0,
            0.0,
            0.0,
            0.0,
            0.0,
            0.0,
            0.0,
            0.0
        ]
    ],
    "case": "Warmup Samples",
    "dim": 30,
    "samples": [
        [
            13.46419747272134,
            16.854929297078602,
            8.582036925604003,
            25.93263234239807,
            -21.20308694821904,
            25.235354360761427,
            24.70854787568559,
            0.347698619652491,
            12.23372531934977,
            -5.115057875336672,
            -9.237284385394025,
            5.1086422447200155,
            -11.739497758408852,
            -18.837658904504924,
            3.6210793048131173,
            -12.8855371880688,
            26.34950511308502,
            -7.1544005990233535,
            -27.83725158701616,
            -24.81895048181654,
            -6.046824020839452,
            -20.668803865795173,
            19.532454170400243,
            -2.7500965509432356,
            -13.412730691348113,
            -11.81004744840214,
            -18.082275075700768,
            -8.178730906202775,
            21.06722724934475,
            7.6028736660394225
        ],
        [
            15.043027151248477,
            0.350991000858776,
            2.405987439105982,
            -0.06388510621299621,
            -0.9767121926041361,
            3.4519309962865083,
            0.4824361400886011,
            3.1584035191008333,
            5.120763606075686,
            2.4719422277122995,
            4.260411086767374,
            3.169502851587259,
            -0.5329070201216205,
            4.18973265233324,
            3.6622767116354398,
            -0.1879845942811015,
            1.3628669653987768,
            2.5805466683881733,
            5.770518286267265,
            2.2287822905632253,
            4.430910145439771,
            2.1145071330646275,
            1.7129204301676673,
            -0.14760087433162122,
            4.333671731058587,
            6.013332811259924,
            4.1201967412770255,
            2.2183364384149726,
            1.7706743773592033,
            3.0402491010269768
        ],
        [
            -1.82703276587216,
            -3.0754481465128873,
            0.44358653953391136,
            -0.7137168179290311,
            1.1625180746620354,
            -3.933211560739376,
            0.7689452367522182,
            -3.506331278008267,
            -0.6478070831499947,
            -0.8179741471249278,
            -4.119557019334227,
            0.4749273287452894,
            0.29106992979868546,
            0.17413891131946332,
            -4.442970577086034,
            -1.1408742312681492,
            -3.603657525858783,
            -0.6210587331549159,
            -5.524148026477815,
            -0.06391340869055082,
            -4.008352649078155,
            -4.056047275502723,
            -0.27456689270408335,
            -0.11969966368737384,
            -1.2752749698112518,
            -3.4112621689437117,
            -2.6218033061121564,
            -5.979339636539394,
            -2.99778469472162,
            -4.841410100168737
        ],
        [
            28.937989577089215,
            -17.678930271070193,
            -11.904116294408654,
            -12.939721828578339,
            27.619354729831088,
            23.875040622268887,
            28.41159714085331,
            28.196250155274686,
            16.86510982915375,
            -0.8731344063253521,
            26.386696891134598,
            24.165846348987767,
            22.218222935545153,
            -21.97395364413812,
            -26.70079379470604,
            -18.105422049084957,
            20.436387410249022,
            -6.542011643148456,
            11.255389469437052,
            16.513258225301346,
            -6.71299961425007,
            -21.760105171058473,
            -20.375396308348854,
            12.704973722331571,
            5.765969586202824,
            -9.473339754125835,
            17.492884226931487,
            -23.340840931933574,
            -14.802096537043955,
            7.959890723631966
        ]
    ]
}