dimension,mmd_rff_t_stat,mmd_rff_p_value,mmd_rff_paired_cohens_d
2,-5.2365055811555035,1.3145244179213142e-05,-0.9560507431001896
5,-7.571547700005814,2.396630875483025e-08,-1.3823691568398475
10,-11.644798365434134,1.8733572383527857e-12,-2.1260395807825208
15,-12.47703355666978,3.4940146323078756e-13,-2.2779842432456503
18,-12.483469777414626,3.449979567148137e-13,-2.279159331007995
30,-15.320450530023933,1.9447630261635323e-15,-2.797118782145362
