dimension,ws_t_stat,ws_p_value,ws_paired_cohens_d
2,-2.1686934758942162,0.038448072719640805,-0.3959474456871828
5,-7.8522582198734305,1.1660570222154059e-08,-1.4336196514600128
10,-13.279565230575676,7.43834204609362e-14,-2.424505810215863
15,-15.034753484641366,3.164354086207951e-15,-2.744957876689159
18,-23.499609519407215,1.991066817105315e-20,-4.2904220754474895
30,-24.023201304993623,1.083114056254661e-20,-4.386016419410851
