dimension,mmd_rff_t_stat,mmd_rff_p_value,mmd_rff_paired_cohens_d
2,-1.5010764031741872,0.14414632897640137,-0.27405780218574055
5,-13.054977851294106,1.138930222599455e-13,-2.383501952294702
10,-37.94297180240428,2.8537786866140403e-26,-6.927407184986425
15,-54.5217631748145,8.955236434347606e-31,-9.95426652193346
18,-136.41440941477163,2.8270403131313295e-42,-24.90574973507184
30,-80.53901929588436,1.1759802706377634e-35,-14.704345875899902
