{
    "sampler": "HMC",
    "value": 0.0,
    "means_array": [
        [
            0.0,
            0.0
        ]
    ],
    "case": "Warmup Samples",
    "dim": 2,
    "samples": [
        [
            78.41032496132044,
            -65.1824220829909
        ],
        [
            -70.76151396821217,
            -62.04118264766703
        ],
        [
            -27.605648805480932,
            -58.934946319180185
        ],
        [
            70.99256977465652,
            57.80544366111742
        ]
    ]
}