run_id,mu,sampler,wasserstein_distance,mmd_rff,r_hat,ess,runtime
46,"(10, 10)",SMC,0.06832836449981054,0.017849335572021882,1.000481519572691,3783.430490795674,4.198999404907227
46,"(2, 2)",SMC,0.06839139954383458,0.02344380623971535,1.0002606348741199,4095.652731665581,2.9893908500671387
46,"(20, 20)",SMC,0.44197169684762605,0.021194809798768168,0.9999340287397488,3818.525547383224,2.863713264465332
46,"(40, 40)",SMC,0.17159565650638928,0.016449719596386757,1.000938825294652,3831.955933356786,5.315637111663818
46,"(5, 5)",SMC,0.09882467273100815,0.021233864456035954,1.0018436834125934,4101.774730229902,2.4071896076202393
