{
    "run_id": 1,
    "case": "multimodal",
    "dim": 5,
    "means_array": [
        [
            -6.0,
            0.0,
            0.0,
            0.0,
            0.0
        ],
        [
            6.0,
            0.0,
            0.0,
            0.0,
            0.0
        ]
    ],
    "min_mode": [
        -6.0,
        0.0,
        0.0,
        0.0,
        0.0
    ],
    "max_mode": [
        6.0,
        0.0,
        0.0,
        0.0,
        0.0
    ],
    "border": [
        20.0,
        20.0,
        20.0,
        20.0,
        20.0
    ],
    "low": [
        -30.075850152874814,
        -30.12139628842646,
        -29.610855364985316,
        -30.009537306748605,
        -30.108975803882586
    ],
    "high": [
        29.924149847125186,
        29.87860371157354,
        30.389144635014684,
        29.990462693251395,
        29.891024196117414
    ],
    "samples": [
        {
            "posterior": [
                18.302409111649013,
                -20.374478921499588,
                -20.858069401528155,
                17.639382535427117,
                28.602487871895185
            ]
        }
    ]
}