run_id,dimension_corr,sampler,wasserstein_distance,mmd_rff,r_hat,ess,runtime
24,2,Metro,0.14308569952567005,0.0705693092074791,1.0113375241851208,188.02106524908697,1.337101697921753
24,5,Metro,0.10685973038201022,0.042644898030894156,1.0752707717013101,56.26158962328886,1.9185833930969238
24,10,Metro,0.14531910772260642,0.07761257977456576,1.3094782180112359,11.27249593271343,2.0207061767578125
24,15,Metro,0.1140780770389374,0.051578584273496035,1.1489059832805424,17.84578459315906,2.8387537002563477
24,20,Metro,0.16465652201979158,0.036816537469592556,1.2406164627354317,12.813694214156627,3.050060510635376
