run_id,mu,sampler,wasserstein_distance,mmd_rff,swd_zscore,r_hat,ess,runtime
11,"(10, -10)",DEMetro,0.08432931451421088,0.04303513718583949,-0.010953599538773116,1.0603606954206988,127.09688501103568,3.4681172370910645
11,"(20, 20)",DEMetro,1.3169048976747484,0.08290909084979485,14.201496335291912,1.0752950594884416,138.17086229021416,3.790712594985962
11,"(5, 5)",DEMetro,0.14738970517644953,0.046183707556396426,6.05440439247884,1.0190669984961593,325.72106923928914,3.5446062088012695
11,"(50, 10)",DEMetro,4.190355908031022,0.0979934532103981,31.57801312794273,1.5506316833981801,11.242419185795333,3.357637882232666
11,"(80, 0)",DEMetro,10.832831601169573,0.1740299156341033,43.929929155168935,1.728940771672972,9.265477839476544,3.1786766052246094
