mu,sampler,wasserstein_distance,r_hat,ess,runtime
"(10, -10)",DEMetro,0.2348150338888091,1.0660232133512848,263.7981730974159,6.796550989151001
"(20, 20)",DEMetro,10.622959133367294,1.007868875549351,1250.3712969505461,6.982553958892822
"(5, 5)",DEMetro,0.24243801175104246,1.0362227457901996,307.1556220844717,6.871595621109009
"(50, -50)",DEMetro,16.000492029196703,1.035973405568205,615.2508881500394,6.992050409317017
