alpha,sampler,wasserstein_distance,swd_zscore,r_hat,ess,runtime
2,Metro,10.787091321961274,-0.020536835754458405,1.0154322561323443,816.8011404010631,4.19164776802063
