{
    "sampler": "Metro",
    "value": 6,
    "means_array": [
        0,
        6
    ],
    "case": "Posterior Samples",
    "dim": 1,
    "samples": [
        0.21332654414893987,
        -0.21583653275700532,
        -0.003638822762130102,
        1.881599246601279
    ]
}