run_id,mu,sampler,wasserstein_distance,mmd_rff,r_hat,ess,runtime
2,"(10, 10)",HMC,0.834116321644559,0.06676185098177896,1.620355716465496,6.631504449364157,3.626671314239502
2,"(2, 2)",HMC,0.6950761825760391,0.09636525271203401,1.3351764695789772,9.980422501786196,4.144526720046997
2,"(20, 20)",HMC,6.708311821318638,0.2563504784757908,1.2024837219200455,14.731209762127266,3.9913249015808105
2,"(40, 40)",HMC,14.372444222342212,0.3022614101901909,1.5645085469956015,6.905361818225633,3.85610294342041
2,"(5, 5)",HMC,1.753789284038029,0.16511837135114707,1.506273900352781,7.641327985718798,4.062294006347656
