run_id,mu,sampler,wasserstein_distance,mmd_rff,r_hat,ess,runtime
2,"(10, 10)",Metro,2.081357208273918,0.10766223774138485,1.7530300599072526,6.078349262433713,2.777956008911133
2,"(2, 2)",Metro,0.9909152078042053,0.14919587230091083,1.3081037850892903,11.144071390538183,2.550441026687622
2,"(20, 20)",Metro,7.473566979118049,0.262037597042536,1.1383622350409732,19.794645439279225,2.5061681270599365
2,"(40, 40)",Metro,15.337491437738535,0.3004161190118419,1.5569748723739623,7.0239562882948,2.7919116020202637
2,"(5, 5)",Metro,0.47614744318650204,0.05725038295982859,1.5879056237661067,6.8715313397362054,2.7900073528289795
