{
    "sampler": "HMC",
    "value": [
        0,
        0,
        0
    ],
    "means_array": [
        [
            0,
            0,
            0
        ]
    ],
    "case": "Warmup Samples",
    "dim": 3,
    "samples": [
        [
            0.240014711613868,
            -0.28507577968879244,
            -0.42005687578536605
        ],
        [
            0.08498484746744332,
            -0.012847210096860556,
            0.20741448320073833
        ],
        [
            -0.5381838173307144,
            -1.2315154483538402,
            -0.4349870164718099
        ],
        [
            -0.8263762552212827,
            -0.5402918503351505,
            -0.28293438927649517
        ]
    ]
}