run_id,mu,sampler,wasserstein_distance,mmd_rff,r_hat,ess,runtime
63,"(0, 0, 0, 0, 0)",Metro,0.3096644857922905,0.16650380963482858,1.0753980709292863,44.64266200136219,1.583287000656128
