{
    "run_id": 1,
    "case": "unimodal",
    "dim": 2,
    "low": [
        -29.17259505546823,
        -29.220182701492952
    ],
    "high": [
        30.82740494453177,
        30.779817298507048
    ],
    "means_array": [
        [
            0.0,
            0.0
        ]
    ],
    "samples": [
        {
            "posterior": [
                10.177245255172885,
                22.908399175477832
            ]
        }
    ]
}