run_id,mu,sampler,wasserstein_distance,mmd_rff,r_hat,ess,runtime
16,"(10, 10)",SMC,0.08970336088369399,0.020894878302485806,1.0006709762638741,3931.5339881573345,3.976346969604492
16,"(2, 2)",SMC,0.07936464105272222,0.021716602073194407,1.0001459541702438,4029.8105491313813,3.7967758178710938
16,"(20, 20)",SMC,0.1726439534198911,0.02221338674079308,1.0010966790309672,3987.5633655574734,2.6882412433624268
16,"(40, 40)",SMC,0.5559102541514241,0.020005322443645304,1.0006031905117094,4022.716065565731,5.0648839473724365
16,"(5, 5)",SMC,0.10831942447560111,0.018046065726413173,1.000269455944456,3823.7787641784466,2.4038329124450684
