{
    "sampler": "Metro",
    "value": 2,
    "means_array": [
        0
    ],
    "case": "Posterior Samples",
    "dim": 1,
    "samples": [
        1.652623480251332,
        0.049801922784944885,
        0.35904732128281636,
        0.06174000329621057
    ]
}