mu,sampler,wasserstein_distance,r_hat,ess,runtime
0,DEMetro,0.015340292626752655,1.0033092354718913,2063.555449641885,2.0369677543640137
2,DEMetro,0.025891237082949038,1.0031773541119016,2254.2049530679624,2.225497245788574
5,DEMetro,0.021470190236939125,1.00533660345919,2251.970745048132,2.02494478225708
10,DEMetro,0.027335049664615647,1.00697320536176,2253.0403819444123,2.080186128616333
