{
    "run_id": 1,
    "case": "multimodal",
    "dim": 2,
    "means_array": [
        [
            8.0,
            0.0
        ],
        [
            4.000000000000001,
            6.928203230275509
        ],
        [
            -3.9999999999999982,
            6.92820323027551
        ],
        [
            -8.0,
            9.797174393178826e-16
        ],
        [
            -4.0000000000000036,
            -6.928203230275507
        ],
        [
            4.000000000000001,
            -6.928203230275509
        ]
    ],
    "min_mode": [
        -8.0,
        -6.928203230275509
    ],
    "max_mode": [
        8.0,
        6.92820323027551
    ],
    "border": [
        10.0,
        10.0
    ],
    "low": [
        -18.0,
        -16.928203230275507
    ],
    "high": [
        18.0,
        16.92820323027551
    ],
    "samples": [
        {
            "posterior": [
                11.787472853589943,
                -8.365522183218712
            ]
        },
        {
            "posterior": [
                11.787472853589943,
                -8.365522183218712
            ]
        },
        {
            "posterior": [
                11.787472853589943,
                -8.365522183218712
            ]
        },
        {
            "posterior": [
                11.787472853589943,
                -8.365522183218712
            ]
        }
    ]
}