run_id,mu,sampler,wasserstein_distance,mmd_rff,r_hat,ess,runtime
32,8,Metro,0.22042442166211684,0.02854522589624375,1.0876783758203836,40.9784679705173,1.2673470973968506
32,10,Metro,2.1331208534232657,0.22385747409375187,1.3557415799850174,9.410057151506926,1.6181292533874512
32,12,Metro,5.460607537039834,0.46767092795649984,1.5293630461422707,7.209498404601525,1.2557249069213867
32,14,Metro,6.264924491200761,0.4652106327587014,1.5290255744662011,7.21190153550985,1.282219648361206
32,16,Metro,3.2252284134072466,0.214591251854297,1.7334511574569857,6.144763685592886,1.4874215126037598
32,18,Metro,5.375748317901932,0.3159412930855535,1.001331182197976,1717.4851224284525,1.2419795989990234
32,20,Metro,3.9225140047917324,0.20476785546667967,1.7337813908795918,6.142261681689677,1.273918867111206
32,22,Metro,1.188464638453072,0.052072533877605416,1.5293400473495633,7.183766748957385,1.296011209487915
32,40,Metro,8.313854846985077,0.22542344968812064,1.7335408219101607,6.114767650568782,1.5183868408203125
