mu,sampler,wasserstein_distance,r_hat,ess,runtime
"(-10, 10)",HMC,0.01518823338621889,1.0013715729182575,9728.410446910877,4.432047367095947
"(0, 0)",HMC,0.016468820520202532,1.0013715729182575,9728.410446910877,4.0627546310424805
"(20, -20)",HMC,0.025611381318264896,1.0013715729182575,9728.410446910877,4.564328670501709
"(50, -50)",HMC,0.019778998120203558,1.0013715729182575,9728.410446910877,4.529036998748779
