nu,sampler,wasserstein_distance,swd_zscore,r_hat,ess,runtime
1,HMC,6.3793495259457105,-0.08761662452867183,1.0065200377622416,2427.5491801729663,19.4472336769104
2,HMC,0.10630454419120275,1.2130038731226833,1.004151713186174,3118.320073596679,17.367762088775635
3,HMC,0.06266444492303293,2.617557026825441,1.003977574130867,3450.132370004313,5.751160144805908
5,HMC,0.05558940255917253,4.572656835104697,1.0023490935669932,4433.067960817059,10.204049348831177
30,HMC,0.030287411739513114,2.4107366623497306,1.0001959168450163,4440.807188076437,4.087482690811157
