correlation,global_median_wasserstein_distance,global_median_mmd_rff,global_median_r_hat,global_median_ess,global_median_runtime,global_q25_wasserstein_distance,global_q25_mmd_rff,global_q25_r_hat,global_q25_ess,global_q25_runtime,global_q75_wasserstein_distance,global_q75_mmd_rff,global_q75_r_hat,global_q75_ess,global_q75_runtime,ws_mcmc_mean,ws_iid_mean,ws_iid_std,mmd_mcmc_mean,mmd_iid_mean,mmd_iid_std,ws_dist_glass_delta,mmd_rff_glass_delta
0.0,0.0404832720893037,0.022536074523890434,,,4.7738037109375,0.037117919553601934,0.02192202651236638,,,4.75903844833374,0.04217065859772468,0.022839105660314038,,,4.78644585609436,0.039642065022636036,0.0293165835870407,0.001884950037375859,0.022384048960278954,0.02225388865826819,0.0008150816748925819,5.477854176957389,0.15968988878067697
0.3,0.052258290449850094,0.022543571755171875,,,4.768674373626709,0.04270258608143109,0.02194388753848034,,,4.761220932006836,0.06737531955222724,0.023082645488883353,,,4.784784555435181,0.05697788116458798,0.027926787347388005,0.0021787901110288067,0.022483985658217843,0.02247594593569619,0.0006260309477643809,13.333589899342021,0.012842372330572716
0.5,0.08142178400660528,0.022694918797581256,,,4.789780616760254,0.058467024724545534,0.022203485710511537,,,4.776650428771973,0.11694093030894086,0.02296841158872949,,,4.802206754684448,0.10770509622730445,0.026333441104875236,0.0028759234210708334,0.022684784497352672,0.022319212622371173,0.0008509065784931477,28.29409661128284,0.4296263352774666
0.9,0.3485189133895033,0.057780865023442596,,,4.77620005607605,0.26063874458032,0.04776821707846454,,,4.768593072891235,0.5289016498576106,0.06902287070663717,,,4.7914206981658936,0.432689391322757,0.023309965764563366,0.004754924005171754,0.061286748856254535,0.02233537133845824,0.0008427143349568139,86.0958924081493,46.22133017328157
0.99,2.700041923844265,0.5523045652504475,,,4.787708759307861,1.6432005082672165,0.5020138600197067,,,4.781611442565918,4.111269948194352,0.5961823969897889,,,4.801299810409546,3.1680776121720053,0.026413233603112287,0.010157405781397422,0.5469109294643478,0.0205638477427395,0.0034582010481467237,309.297909937066,152.2025684434055
