run_id,mu,sampler,wasserstein_distance,mmd_rff,r_hat,ess,runtime
35,8,Metro,0.39404821284771957,0.05592431530499219,1.127966060592831,20.795611361956098,1.2745940685272217
35,10,Metro,0.8225602778314639,0.09271424002764019,1.3453249426669094,9.23951995025988,1.2664878368377686
35,12,Metro,3.52671706551844,0.301914696957275,1.0007360905961227,1891.6405810573283,1.5488839149475098
35,14,Metro,9.832698089144568,0.725293867238938,1.0022106396744057,1779.6064504797157,1.2815115451812744
35,16,Metro,3.115383557178856,0.21010077200358246,1.7333573576710344,6.136923199849626,1.2442457675933838
35,18,Metro,0.8609549848154333,0.05401635557851671,1.5291201789959585,7.262322173278805,1.6300835609436035
35,20,Metro,4.234370938812006,0.22897906658505623,1.733324928377777,6.126850210012451,1.567340612411499
35,22,Metro,6.649198835064602,0.33894229577086343,1.0015018136930074,1902.1879664760752,1.2710988521575928
35,40,Metro,8.182969704444895,0.21751130877935465,1.7326827388849495,6.166594637602106,1.238830327987671
