{
    "sampler": "HMC",
    "value": 4,
    "means_array": [
        0,
        4
    ],
    "case": "Posterior Samples",
    "dim": 1,
    "samples": [
        1.9681890676952727,
        0.6960051947649939,
        -0.22547942299837218,
        5.131562362581434
    ]
}