{
    "sampler": "HMC",
    "value": 30,
    "means_array": [
        [
            0.0,
            0.0,
            0.0,
            0.0,
            0.0,
            0.0,
            0.0,
            0.0,
            0.0,
            0.0,
            0.0,
            0.0,
            0.0,
            0.0,
            0.0,
            0.0,
            0.0,
            0.0,
            0.0,
            0.0,
            0.0,
            0.0,
            0.0,
            0.0,
            0.0,
            0.0,
            0.0,
            0.0,
            0.0,
            0.0
        ]
    ],
    "case": "Posterior Samples",
    "dim": 30,
    "samples": [
        [
            -1.0357647984683551,
            -1.3167544752176203,
            -0.3068033666980216,
            0.4476117500956852,
            0.37303994062882695,
            -0.45230377997936205,
            0.6371579453386583,
            -1.8668311551537091,
            0.03450391516892533,
            -0.9906135663028461,
            0.5776354114330498,
            1.2695126584206122,
            0.6332959856580158,
            0.2545571729895323,
            -1.0396501208846847,
            -0.0741950374115799,
            -0.07597312957753162,
            0.4148121504724102,
            0.3716038939904569,
            -0.058305861665486215,
            0.04646859123221969,
            0.09316387569708669,
            0.8423160284600102,
            -0.1423149076429945,
            1.2251242318922901,
            1.4016821634687144,
            0.435678995254458,
            0.5478578262510646,
            1.5251481943356713,
            1.2348288615193135
        ],
        [
            -0.9646790432252799,
            0.7259881278307933,
            -0.12339230028638681,
            -1.6883358873658059,
            -0.9888902210780289,
            -0.4275603185511598,
            -0.4266781346926748,
            1.096087918448266,
            0.6283551396655214,
            -1.1623711504468177,
            0.3528687782209352,
            -1.2403920137572881,
            -1.5208592559861214,
            0.03226411798487439,
            1.6504720947397649,
            0.10245562566138017,
            1.0804295249557347,
            0.6654087719528703,
            -0.5439146900933014,
            -0.2859239024091637,
            -0.43329822376014016,
            -0.0018799030860430538,
            -2.241731786231228,
            -0.3469230255996348,
            -0.12437255756537183,
            -1.0578648047601444,
            -1.1173999688570588,
            -1.706741753074237,
            1.062356402644456,
            0.03129495549197112
        ],
        [
            0.40152315728508375,
            -0.9255838133633927,
            1.9454793241832473,
            1.3724048285222723,
            0.09807606993514238,
            2.566916743686074,
            0.1337048275676425,
            0.9283770110569154,
            -1.2967580428922119,
            0.15702912407657,
            0.40020222524579047,
            0.2767048070763286,
            0.3124877717809576,
            -0.29169333915156226,
            -0.7650587357287049,
            -0.21596304079171813,
            -0.8263574181696134,
            -1.3998092095801704,
            -0.5649874135389694,
            -0.9739018440089243,
            0.48121936008621863,
            -0.05725820193671078,
            1.0608166504882723,
            -0.30018335158277615,
            -1.9932333011742012,
            -1.3242539836143883,
            -0.0773844819744839,
            -0.15813643264119767,
            -2.17771812174915,
            -0.096186302510097
        ],
        [
            0.75615863413108,
            -0.8523132586207648,
            -0.1440810232682541,
            0.6760916937813106,
            -2.013988037194004,
            -2.198356565355439,
            0.48030727508425564,
            2.1392339374145686,
            -0.9495361184004881,
            -0.2542865085896516,
            -1.6842253328065462,
            -2.315127532639318,
            0.01401314626253404,
            0.8145771153257824,
            -0.21230606944235797,
            -1.8144810346434121,
            0.5077136377342614,
            -1.3937600313099339,
            0.5451389590896388,
            -0.8144675844664598,
            0.6686918853868049,
            -0.10931415245886364,
            -0.247097870470655,
            -0.18910969354018237,
            0.25963910524422784,
            0.5825501966753248,
            -0.9490190865976024,
            1.690202371929642,
            -1.413452938324791,
            -1.606204649676219
        ]
    ]
}