nu,mmd_rff_t_stat,mmd_rff_p_value,mmd_rff_paired_cohens_d
2.1,5.947084078952932,0.0005717365737078519,2.1026117402570854
