nu,mmd_rff_t_stat,mmd_rff_p_value,mmd_rff_paired_cohens_d
2.1,-3.608826190873308,0.008637667153375533,-1.2759127358450668
