nu,mmd_rff_t_stat,mmd_rff_p_value,mmd_rff_paired_cohens_d
2.1,1.369604016558366,0.21312690116672395,0.48422814382437657
