nu,ws_t_stat,ws_p_value,ws_paired_cohens_d
2.1,9.083574885177995,4.016647564105082e-05,3.2115286993625873
