{
    "sampler": "DEMetro_Z",
    "value": 0.9,
    "means_array": [
        [
            -1.2864532049820503,
            0.0,
            0.0,
            0.0,
            0.0,
            0.0,
            0.0,
            0.0,
            0.0,
            0.0,
            0.0,
            0.0,
            0.0,
            0.0,
            0.0,
            0.0,
            0.0,
            0.0,
            0.0,
            0.0,
            0.0,
            0.0,
            0.0,
            0.0,
            0.0,
            0.0,
            0.0,
            0.0,
            0.0,
            0.0
        ],
        [
            1.2864532049820503,
            0.0,
            0.0,
            0.0,
            0.0,
            0.0,
            0.0,
            0.0,
            0.0,
            0.0,
            0.0,
            0.0,
            0.0,
            0.0,
            0.0,
            0.0,
            0.0,
            0.0,
            0.0,
            0.0,
            0.0,
            0.0,
            0.0,
            0.0,
            0.0,
            0.0,
            0.0,
            0.0,
            0.0,
            0.0
        ]
    ],
    "case": "Posterior Samples",
    "dim": 30,
    "samples": [
        [
            -54.87925478070652,
            -15.217695697618922,
            -121.90519471269742,
            -163.18860837022282,
            24.972769222236295,
            -0.20271928655513705,
            -4.887780880244676,
            13.256753993562855,
            1.566344664250849,
            82.70994431383681,
            -78.45074774496365,
            42.85198810026593,
            63.06441887655897,
            -28.674917917762084,
            -18.299642838312394,
            -50.033544575123365,
            -61.674554093081795,
            -0.9104808570729741,
            -53.986218359726266,
            15.514113829438134,
            90.06474683827128,
            -10.489122592172922,
            19.48359255815825,
            -30.67179712959364,
            -32.73459106050786,
            -4.485064347452951,
            29.90400364098629,
            99.40638029553278,
            -87.21484863947398,
            -16.18048386836585
        ],
        [
            26.951002528766914,
            -46.3462728348399,
            -77.05764391578793,
            12.379689415223691,
            18.74508170776597,
            -123.04686388008555,
            2.2780416900703253,
            84.76348055454181,
            28.54863540756474,
            -39.74136084559866,
            -20.326661991986903,
            24.624721268781656,
            47.61395746434776,
            61.17541572134703,
            -8.938788424310694,
            71.3559086942573,
            -59.08062526069233,
            6.273592867938022,
            64.5400921707795,
            -18.02275687972666,
            -23.638409222217945,
            61.17654154651145,
            -57.190519153076124,
            78.04690897327178,
            61.707395953776526,
            -47.790349858181386,
            -68.26671068955461,
            -0.855029432435086,
            -1.3665095335516657,
            27.949292922162925
        ],
        [
            62.01992837658655,
            -36.30356030850565,
            -129.00245979354298,
            -33.68130911134184,
            55.879878899021065,
            -94.11782447692454,
            5.973407316460062,
            -46.96683095259713,
            -0.8281075089227494,
            -52.48523145795643,
            6.886313348457232,
            107.96023858515872,
            -66.65551976954063,
            -9.859976918987726,
            40.35814182003752,
            -0.8054884583278064,
            -37.50838725936776,
            -138.9153387994927,
            -7.6924789469695405,
            -12.665039289401005,
            36.58110379823874,
            62.531379371934314,
            -0.6458760530399443,
            -63.21323800657757,
            -0.6392816469895694,
            53.7455037119966,
            -6.44066984285692,
            41.59853334498478,
            29.04526374377842,
            -133.07446714295804
        ],
        [
            1.0406319209693708,
            13.672861143493725,
            -57.77909907320135,
            -23.918059419941812,
            7.348188489269797,
            -17.41498910771702,
            -50.82161294774305,
            -21.194568640881716,
            -71.37854109607781,
            -101.7081715362445,
            -34.74670162660911,
            -50.78843726297211,
            -24.213310650180787,
            -2.008941889040222,
            2.2456337820235985,
            8.191089692491307,
            -6.331732563539174,
            19.305652100577007,
            -55.44035049402025,
            -43.72021244341294,
            -83.20216595591293,
            39.61695755840788,
            62.738820322688206,
            -50.63472028502224,
            -93.47934028052268,
            -52.800889209074974,
            -35.143133160920854,
            -35.562589111020365,
            -48.759973667297565,
            63.394147144285334
        ]
    ]
}