{
    "sampler": "HMC",
    "value": 5,
    "means_array": [
        [
            0.0,
            0.0,
            0.0,
            0.0,
            0.0
        ]
    ],
    "case": "Warmup Samples",
    "dim": 5,
    "samples": [
        [
            -0.2670555329711921,
            -31.24760850733396,
            8.83157647443139,
            -20.48235743782528,
            -4.429841680505877
        ],
        [
            64.96260866906401,
            -31.26618669550177,
            -5.578897721294732,
            -37.942680019790295,
            -77.55440349443678
        ],
        [
            11.066766127454231,
            34.87633243571213,
            47.15370512780611,
            92.22697552720578,
            56.04659715248563
        ],
        [
            -12.609841928121979,
            -10.251849386382949,
            -15.966165912056791,
            -11.330864329827786,
            -12.215348130155459
        ]
    ]
}