run_id,nu,sampler,wasserstein_distance,mmd_rff,r_hat,ess,runtime
3,0.5,Metro,348370.4081576138,0.0663386295900261,1.0213562867740955,354.88484990232024,1.0097107887268066
3,1.0,Metro,3.2412688294269856,0.023033702554646925,1.0234373863289208,552.5341074981856,1.0093553066253662
3,2.0,Metro,0.14604331365590512,0.01608654045228654,1.0101758829212018,1216.7056489058264,1.0541150569915771
3,5.0,Metro,0.0714607434077737,0.01790555667986915,1.0049882700719694,1283.2437535240806,1.0329275131225586
3,10.0,Metro,0.024288322676353287,0.0036834185437315255,1.002958289652039,1679.6727699284622,1.0646722316741943
3,30.0,Metro,0.030180843714163623,0.008495088412268873,1.0017065508322283,1712.9939790862331,1.3443636894226074
3,100.0,Metro,0.032517140131297605,0.011389214526348893,1.0028541347891673,1820.7535206927175,1.0298008918762207
3,500.0,Metro,0.021704941117197667,0.010919285921349806,1.0013477151012937,1730.3087357442146,1.0432958602905273
