{
    "run_id": 1,
    "case": "unimodal",
    "dim": 2,
    "low": [
        -224.31263504497304,
        -117.68596698795423
    ],
    "high": [
        195.478090385722,
        121.12114697073626
    ],
    "means_array": [
        [
            0.0,
            0.0
        ]
    ],
    "samples": [
        {
            "posterior": [
                -50.722811440449874,
                21.240875068997468
            ]
        }
    ]
}