{
    "sampler": "Metro",
    "value": 15,
    "means_array": [
        [
            0.0,
            0.0,
            0.0,
            0.0,
            0.0,
            0.0,
            0.0,
            0.0,
            0.0,
            0.0,
            0.0,
            0.0,
            0.0,
            0.0,
            0.0
        ]
    ],
    "case": "Posterior Samples",
    "dim": 15,
    "samples": [
        [
            0.24308790265217453,
            0.2892263296795072,
            0.10346621937627559,
            -0.024909824080850462,
            -0.09653089241102586,
            -0.2428435107732554,
            0.6923078664336708,
            0.15265558095560827,
            -0.06014285165918565,
            -0.2588347697561186,
            -0.46030220731525007,
            -0.18275761763095644,
            0.04285530735156702,
            0.12118538924867323,
            0.5500668598201176
        ],
        [
            -1.0235356501235697,
            -1.3548677388000994,
            -0.7937819927646714,
            -0.6767878624895182,
            -0.21005662503937017,
            -0.7668281540173145,
            -0.25880295421670146,
            -0.8037864763127008,
            -0.9990930446926413,
            -0.3273881076013181,
            -0.6692968497517443,
            -0.889052722158416,
            -0.282625976368899,
            -0.5163099545927432,
            -0.6525496600603986
        ],
        [
            0.3723052353474552,
            0.22404449478901445,
            0.5907531879565635,
            0.18500570138886918,
            -0.11530197489342259,
            -0.2109087573564915,
            0.2600772556491665,
            0.379513950619665,
            0.34182482310267465,
            0.171629183930412,
            0.3673949340266478,
            0.069032719368049,
            0.36308079227018747,
            0.6459427888260653,
            0.24060847279602132
        ],
        [
            0.8604091915425953,
            1.0361255254599941,
            0.8490433928973272,
            1.5491091197710118,
            1.9963718023699866,
            1.1840998789437431,
            0.8454790210513567,
            0.7116522654087899,
            1.5125899706803039,
            1.2587560088612801,
            0.9219066296847374,
            1.1530608402757554,
            1.0350460015696017,
            1.4028564360904128,
            1.0717863432650743
        ]
    ]
}