run_id,mu,sampler,wasserstein_distance,mmd_rff,swd_zscore,r_hat,ess,runtime
9,"(10, 10, 10, 10, 10, 20, 20, 20, 20, 20, 30, 30, 30, 30, 30, 40, 40, 40, 40, 40)",HMC,0.022353682597810908,0.018196471046897207,-0.4437347429846791,1.004354157867052,6655.8509635816645,9.619367599487305
