dimension,mmd_rff_t_stat,mmd_rff_p_value,mmd_rff_paired_cohens_d
2,3.033289176057118,0.011382231918751774,0.8756351611632777
3,-0.10738208936070576,0.9164193809170835,-0.03099853909927396
10,0.9556444883639151,0.35978265438765744,0.2758708013032443
30,-0.2481328595911223,0.8086028282672342,-0.07162978663986304
50,-0.927477266925697,0.3735817905645469,-0.2677396248634048
