dimension,var_rmse_t_stat,var_rmse_p_value,var_rmse_paired_cohens_d
2,646.9336674984257,1.511928966909896e-26,186.753663539024
3,646.7705411391648,1.516128830480453e-26,186.70657301530838
10,1283.515431399895,8.065287641948685e-30,370.51898991388407
30,2232.3235491989994,1.8311048246977785e-32,644.4163010241916
50,3207.1988723555523,3.4014137903582145e-34,925.8385661495712
