dimension,mmd_rff_t_stat,mmd_rff_p_value,mmd_rff_paired_cohens_d
2,1.3739524020690597,0.1968055181632888,0.39662589459415226
3,-2.084400398499259,0.061230674919921464,-0.6017145655862552
10,-7.001968237628927,2.2637762455435377e-05,-2.0212941234261352
30,-13.308291700536417,3.988441665704016e-08,-3.8417728978793817
50,-20.592216287786165,3.9069486558203357e-10,-5.9444608084821695
