dimension,ws_t_stat,ws_p_value,ws_paired_cohens_d
2,8.517553588062219,0.013505242490382924,4.917611856904785
3,2.485128008160272,0.13087546786157217,1.4347893244820116
10,5.552215485499969,0.030941321720555987,3.2055731051522156
30,22.147207374453714,0.002032527406668023,12.786696139439318
50,17.875777048724597,0.0031148511805121617,10.320584691054881
