dimension,mmd_rff_t_stat,mmd_rff_p_value,mmd_rff_paired_cohens_d
2,6.59573916063326,0.022223132449684713,3.808051779896169
3,2.2451519720659716,0.15386902111196885,1.296239095443908
10,10.37238242827434,0.009167246009030927,5.988497787101935
30,26.487930931290027,0.0014222523022547524,15.292814053456512
50,90.57823748618446,0.00012186328362604135,52.295369795370455
