dimension,mean_rmse_t_stat,mean_rmse_p_value,mean_rmse_paired_cohens_d
2,3.0299009740533407,0.0938466342837671,1.7493141429876056
3,0.5980763738701156,0.610495209683291,0.3452995554498665
10,-5.779254268464836,0.028659445104910305,-3.336654007613467
30,-8.562746311428999,0.013365899715496735,-4.943703887906008
50,-34.66635371815159,0.0008310784290003654,-20.014628650997604
