mu,ws_t_stat,ws_p_value,ws_paired_cohens_d
"(-16, 0, 0, 0)",12.791361038374239,1.8906713517382578e-13,2.3353723273034253
