mu,ws_t_stat,ws_p_value,ws_paired_cohens_d
"(-16, 0, 0, 0)",0.9911413776355236,0.32981484846245335,0.18095683006924088
