mu,mmd_rff_t_stat,mmd_rff_p_value,mmd_rff_paired_cohens_d
"(-16, 0, 0, 0)",7.593740340418974,2.2631370439291005e-08,1.3864209600948105
