{
    "sampler": "Metro",
    "value": [
        15,
        0
    ],
    "means_array": [
        [
            0.0,
            0.0
        ],
        [
            15,
            0
        ]
    ],
    "case": "Posterior Samples",
    "dim": 2,
    "samples": [
        [
            15.005521393378096,
            0.5623245341503278
        ],
        [
            13.676153452092688,
            -0.4904689852322708
        ],
        [
            -0.1998532578478286,
            -0.07882981514060139
        ],
        [
            -0.41723511753929143,
            -0.8066095238425043
        ]
    ]
}