{
    "sampler": "Metro",
    "value": 0.9,
    "means_array": [
        [
            0.0,
            0.0,
            0.0,
            0.0,
            0.0,
            0.0,
            0.0,
            0.0,
            0.0,
            0.0,
            0.0,
            0.0,
            0.0,
            0.0,
            0.0,
            0.0,
            0.0,
            0.0,
            0.0,
            0.0,
            0.0,
            0.0,
            0.0,
            0.0,
            0.0,
            0.0,
            0.0,
            0.0,
            0.0,
            0.0
        ]
    ],
    "case": "Warmup Samples",
    "dim": 30,
    "samples": [
        [
            130.7226036329698,
            42.342795729402795,
            119.596774540272,
            127.6927765929969,
            -96.7058772862387,
            -37.275382306305865,
            219.962540410565,
            -195.3845311500087,
            237.71529917636173,
            133.29045457870066,
            81.74237983631882,
            71.76402442618924,
            45.27768894387879,
            102.3956303972339,
            65.26921331436914,
            100.14074600371002,
            36.09469801545637,
            -55.85065130054713,
            188.6251384057602,
            127.07872550378494,
            -112.60770677207577,
            217.93082184572123,
            117.41795416560767,
            169.18578448602028,
            7.578950305225939,
            -73.60398768094889,
            166.53899109412882,
            -73.11919375995004,
            25.137386029651914,
            104.14893355710899
        ],
        [
            260.8227540617193,
            76.34534418253709,
            66.04745345908484,
            -47.117847168551656,
            35.26784773312026,
            -168.65781296466548,
            -57.171900028126174,
            44.52207717555728,
            153.8464835837502,
            -50.214139892384765,
            -20.918945103172067,
            176.23890485082316,
            121.22904983364907,
            -129.3171083499706,
            96.45884732407957,
            40.24586945658875,
            -127.56326242296714,
            241.2768673122299,
            -2.660643648485764,
            -34.499612539633226,
            148.00843903652313,
            -141.46921288616193,
            94.70680927067502,
            182.56901831878557,
            -124.15879734799042,
            -11.09682939615989,
            125.99853641567543,
            177.62813221968764,
            -144.29839678298075,
            -79.24509572685965
        ],
        [
            212.1891355531441,
            149.4078874770079,
            176.13722671423795,
            105.93988594852497,
            167.49615020476153,
            -183.49510581754117,
            54.49510913335664,
            -167.41030213816938,
            164.30575481587653,
            101.08384822706253,
            -83.11923642316847,
            123.78355024701908,
            121.37856886272517,
            133.07175457487148,
            -136.49276314810913,
            149.47141231934074,
            -130.58698125835753,
            -161.87553736206638,
            249.00522630507476,
            -21.561535719751873,
            199.58186448752298,
            137.84690402849878,
            19.08177657361617,
            187.01743813676381,
            -90.59251013604951,
            -98.75728050242455,
            -34.29161526520721,
            233.45936913968785,
            -65.68751924481522,
            -41.79041412930918
        ],
        [
            -187.17878389196542,
            -113.44975104388025,
            -11.57014485952632,
            -95.18309484144763,
            105.15665291280237,
            179.90995885778446,
            22.33391896333164,
            -144.73526047844558,
            256.61883602709696,
            -25.48710874854674,
            193.84296158400693,
            77.21355832743824,
            52.717904953389336,
            -28.711542770966613,
            -70.81448766657542,
            115.01008889509139,
            45.41978637888847,
            -12.309734519792244,
            -68.81216731805713,
            -44.01472421063767,
            61.56049660841175,
            14.156963260450754,
            50.100206654080864,
            53.688966442050145,
            154.1043410691014,
            -161.93653276764616,
            144.11406706771066,
            -150.97310772489288,
            216.44537562215064,
            199.31932815822998
        ]
    ]
}