{
    "sampler": "Metro",
    "value": 0.5,
    "means_array": [
        [
            0.0,
            0.0
        ]
    ],
    "case": "Posterior Samples",
    "dim": 2,
    "samples": [
        [
            1.0619472259618792,
            0.455332422616364
        ],
        [
            -0.4541094069141476,
            -0.44446610948941034
        ],
        [
            -0.74168309139606,
            -0.29105122603425526
        ],
        [
            0.2597687030369186,
            -2.144689577961289
        ]
    ]
}