{
    "sampler": "Metro",
    "value": 12,
    "means_array": [
        [
            0.0,
            0.0,
            0.0,
            0.0,
            0.0,
            0.0,
            0.0,
            0.0,
            0.0,
            0.0,
            0.0,
            0.0,
            0.0,
            0.0,
            0.0,
            0.0,
            0.0,
            0.0,
            0.0,
            0.0,
            0.0,
            0.0,
            0.0,
            0.0,
            0.0,
            0.0,
            0.0,
            0.0,
            0.0,
            0.0
        ],
        [
            12.0,
            0.0,
            0.0,
            0.0,
            0.0,
            0.0,
            0.0,
            0.0,
            0.0,
            0.0,
            0.0,
            0.0,
            0.0,
            0.0,
            0.0,
            0.0,
            0.0,
            0.0,
            0.0,
            0.0,
            0.0,
            0.0,
            0.0,
            0.0,
            0.0,
            0.0,
            0.0,
            0.0,
            0.0,
            0.0
        ]
    ],
    "case": "Posterior Samples",
    "dim": 30,
    "samples": [
        [
            12.446527708440044,
            0.798630302784544,
            0.9121338667893746,
            0.16290553478104086,
            0.3785081698783907,
            0.22156902160424163,
            0.15624661833249415,
            -0.055101264644846326,
            -0.2147588742167785,
            0.7430930147644423,
            0.2606078942204664,
            0.48866682984032,
            0.7388840190320107,
            0.6441798527401887,
            0.25303684972736107,
            1.1476415041541328,
            0.5359111525144742,
            0.3812535239562399,
            0.4066988416472544,
            0.8940950644778214,
            0.6031218816303379,
            0.44706676143165186,
            0.7844245290300946,
            0.84840617252857,
            0.35168676470466975,
            1.008359003080185,
            0.07530900088691872,
            0.8435116783400326,
            0.3091174389141482,
            0.220095411308115
        ],
        [
            12.746374281709027,
            0.7089159928721661,
            0.4899252505693671,
            0.5795398285742416,
            0.7234633203038089,
            1.23168784946021,
            0.7388869574233643,
            0.7516625571549858,
            1.088768789001266,
            1.0475081500151875,
            0.7172362994830243,
            1.2241261671875197,
            0.47595039177382426,
            0.9159252116118435,
            0.6339610539395075,
            1.2860863186350013,
            0.6806640121195151,
            0.8330156614771639,
            1.084301281820996,
            0.5685095115941677,
            0.815990974036403,
            0.5903267287666849,
            1.1544210902627767,
            0.7959359676943688,
            0.4855674873982787,
            0.5632991588537992,
            1.01554137702439,
            0.7821536752557362,
            0.2323693242382215,
            0.5095222763661044
        ],
        [
            13.463410780020853,
            1.8468551186347222,
            1.1881342148377172,
            1.5321583091757611,
            1.6107227376028752,
            1.6935797704377218,
            1.4240445980930163,
            1.4999852908988551,
            1.1853598461316206,
            2.194473060873128,
            1.5603391044265105,
            1.750065958631059,
            1.6398319394309508,
            1.908364056950955,
            1.8455799007633198,
            1.6022740640523787,
            1.7232249972595446,
            1.311907000120088,
            1.5418464443281144,
            1.555995530519004,
            1.640316953441765,
            1.6749650021198417,
            1.0374875638367453,
            1.4199196574227138,
            1.6429960438555462,
            1.5238737071017534,
            1.547694884744569,
            1.336885826938159,
            1.718091357042834,
            1.7273119345386696
        ],
        [
            13.726405479977402,
            1.777640631125346,
            2.3163095532773736,
            1.9367169986813542,
            1.4131158023031936,
            2.7735361672492,
            2.376865955886238,
            1.8729423033514685,
            1.8919236352643083,
            1.977767826634389,
            1.2315489502545682,
            2.12433490007271,
            1.4671844632217241,
            1.087247900893385,
            2.707763155358877,
            2.0023343805638434,
            1.7296623878519102,
            1.7679877633534204,
            1.242195494335662,
            2.6958779920383704,
            1.842780421794364,
            2.1914320085955485,
            1.4336905241552393,
            2.3707621562118284,
            2.148294077886671,
            1.5210858507977043,
            2.08088339566659,
            1.7373677318719567,
            1.8018003511052731,
            1.8250528673805213
        ]
    ]
}