run_id,mu,sampler,wasserstein_distance,mmd_rff,r_hat,ess,runtime
57,"(5.0, 0.0)",Metro,0.09479074505625473,0.03284872725960975,1.0198175345069491,252.5380045498896,2.0689597129821777
57,"(5.0, 10.0)",Metro,1.1955443204819893,0.12198541727948976,1.7988874368410042,5.8892283264676895,2.094635248184204
57,"(5.0, 20.0)",Metro,2.4704995130088974,0.14425411246289865,2.1175688123856005,5.261015414114035,2.1516551971435547
57,"(5.0, 40.0)",Metro,4.629401804253782,0.22029374730800905,1.749656717046341,6.162790761848425,2.4790472984313965
57,"(5.0, 5.0)",Metro,0.7048825141862005,0.12155322802417552,1.4333777566362236,8.012861115830683,2.49657940864563
