{
    "sampler": "DEMetro_Z",
    "value": 10,
    "means_array": [
        [
            0.0,
            0.0,
            0.0,
            0.0,
            0.0,
            0.0,
            0.0,
            0.0,
            0.0,
            0.0
        ]
    ],
    "case": "Posterior Samples",
    "dim": 10,
    "samples": [
        [
            -8.962121615936212,
            -4.64893442827034,
            -19.575378527837078,
            12.28981480079089,
            -13.376195100924232,
            -21.204048828169263,
            -36.33636621386046,
            -26.07518671849071,
            -3.2647864911392475,
            68.0128350800251
        ],
        [
            43.06920732449808,
            -21.812274962571053,
            22.204250058936378,
            -41.62219872867757,
            -0.3009567588928308,
            25.125303700317087,
            -49.03388007075789,
            51.47188242527584,
            40.24586673195185,
            -8.28001183127569
        ],
        [
            -0.947913053329045,
            68.70138257531745,
            -0.303209947376315,
            4.213432054605491,
            -70.42411788199158,
            -49.100530252030836,
            -68.91389222984135,
            0.4468757555704741,
            62.85003063787516,
            -29.235604959096626
        ],
        [
            -0.8184221289324913,
            -8.91427542983068,
            -7.126791436858061,
            -12.08381161921579,
            10.154119373056027,
            -0.4849060770356878,
            -3.2167942114132093,
            -3.9340473373455582,
            -11.111134080832198,
            7.9011818927913895
        ]
    ]
}