{
    "sampler": "Metro",
    "value": 0,
    "means_array": [
        [
            -0.0,
            0.0,
            0.0,
            0.0,
            0.0,
            0.0,
            0.0,
            0.0,
            0.0,
            0.0,
            0.0,
            0.0,
            0.0,
            0.0,
            0.0,
            0.0,
            0.0,
            0.0,
            0.0,
            0.0,
            0.0,
            0.0,
            0.0,
            0.0,
            0.0,
            0.0,
            0.0,
            0.0,
            0.0,
            0.0
        ],
        [
            0.0,
            0.0,
            0.0,
            0.0,
            0.0,
            0.0,
            0.0,
            0.0,
            0.0,
            0.0,
            0.0,
            0.0,
            0.0,
            0.0,
            0.0,
            0.0,
            0.0,
            0.0,
            0.0,
            0.0,
            0.0,
            0.0,
            0.0,
            0.0,
            0.0,
            0.0,
            0.0,
            0.0,
            0.0,
            0.0
        ]
    ],
    "case": "Posterior Samples",
    "dim": 30,
    "samples": [
        [
            -0.9624950391087923,
            0.9317657353418185,
            1.687432417878783,
            2.191261242414828,
            1.931786406071753,
            -0.14163968414069417,
            -0.006871669957372539,
            2.4130572813076143,
            0.37975806095539233,
            3.669970654756697,
            -0.8643695176208613,
            -1.7909714412511442,
            0.24975366133808619,
            1.19540315452507,
            -0.37403285240423423,
            -0.4408278304670057,
            -0.45084245660011746,
            1.1325737469272732,
            -1.8960117313998168,
            0.03356433283216109,
            2.9241928822122416,
            1.708430852927659,
            0.6369551362087944,
            1.2792035187541595,
            -1.6410876395465848,
            0.1335669387496521,
            -1.6687664407211704,
            -0.010470091175431406,
            4.255239632255868,
            -0.2315040006183393
        ],
        [
            -1.2776442696627242,
            1.9918994742534102,
            1.4163682449596753,
            0.012174517388383599,
            -1.57383950406419,
            -1.810272879728882,
            3.907934623166288,
            6.23404566807193,
            -3.065055637115381,
            -1.9306342358905522,
            -1.0352154907947058,
            -0.5083625633443463,
            0.630973833314668,
            0.852383544728343,
            -1.02881236514924,
            -1.972221478537116,
            -0.04601283193181871,
            -1.7201186867584168,
            1.3252933242236216,
            1.554774268516137,
            2.841641683658703,
            2.2515080303850126,
            -3.707815671889961,
            1.1544473243744688,
            4.506593481841851,
            1.0198530725519181,
            0.7880997845285054,
            -0.6353938417992431,
            -1.782148173947261,
            2.054173818109533
        ],
        [
            1.7526943647950572,
            -0.6323651024296257,
            -1.6629370025037624,
            0.592666872098925,
            -2.3100093754560027,
            2.752148101184842,
            3.1022595696891546,
            -0.5570854686261943,
            0.4369530298273103,
            -0.4511046546378663,
            -0.23152396028638167,
            1.7310704817494498,
            2.3392334594144506,
            1.2388679187355405,
            -0.7130929523781009,
            -0.6258882816857778,
            0.25789116576054716,
            1.7984082027645083,
            1.3554878645497772,
            -1.1934327515262626,
            1.7351780194019728,
            2.729440966699125,
            1.2467109096271478,
            0.1253888087519177,
            0.6321772970256452,
            -0.956627867705889,
            1.4540679347789722,
            -0.3529951647577155,
            0.3337374829880199,
            0.06704576433803222
        ],
        [
            -0.21192332331703811,
            -1.356398295657781,
            -0.7696791464947291,
            1.190892394990234,
            -0.5991802132210178,
            2.549301011459698,
            0.2833460726634719,
            0.29308917889542085,
            1.2480163915032378,
            0.32613263669489634,
            1.9860621440280077,
            0.6011699283549581,
            -1.2328277769975151,
            0.6838614338621173,
            1.7084317046336313,
            1.1461772304070386,
            0.3601809904279627,
            0.05351467964132223,
            -0.6827609665794028,
            -0.2561407101716718,
            0.49515937366317186,
            -2.3916015702332443,
            0.6207018000466915,
            -0.48334231426355,
            -0.30761485151746837,
            1.1476023151987405,
            -2.94226077144779,
            0.418348321533184,
            -0.5309002702676848,
            -0.26334983038025245
        ]
    ]
}