run_id,alpha,sampler,wasserstein_distance,mmd_rff,r_hat,ess,runtime
70,0,HMC,0.020147595938782514,0.006497908900205465,1.0025126967230455,1492.3449681115108,1.1246216297149658
70,2,HMC,0.02103964301072268,0.012840715614194347,1.0011381415901728,1626.3154439797536,1.6502277851104736
70,4,HMC,0.02728628132428132,0.02030497906769933,1.0025738837534985,1000.2917677778613,1.4119338989257812
70,6,HMC,0.017007403914994626,0.009756238255959138,1.0034157429925181,863.8242938857452,1.7499353885650635
70,8,HMC,0.011967108072657037,0.0038015231466622646,1.0015346773915135,797.9213945007067,1.4601576328277588
70,10,HMC,0.033591442873303526,0.022157226405815564,1.0022693463485652,953.6504175905475,1.7494847774505615
70,80,HMC,0.025390472054413252,0.01882802104181822,1.0068956034336252,485.23984773452645,1.6670570373535156
70,100,HMC,0.029850634536304876,0.022018205262283718,1.003637136650044,627.2383644580822,1.895625114440918
