{
    "sampler": "Metro",
    "value": 14,
    "means_array": [
        0,
        14
    ],
    "case": "Posterior Samples",
    "dim": 1,
    "samples": [
        14.032999426854408,
        13.01661812971081,
        0.5456377388950733,
        13.719110055354353,
        12.447565447784616,
        12.49195779808055
    ]
}