{
    "sampler": "DEMetro_Z",
    "value": 30,
    "means_array": [
        0
    ],
    "case": "Warmup Samples",
    "dim": 1,
    "samples": [
        -20.201961431983072,
        -21.910717787401214,
        -21.91285681906117,
        -5.798272842061801
    ]
}