{
    "sampler": "Metro",
    "value": 3,
    "means_array": [
        [
            0.0,
            0.0,
            0.0,
            0.0,
            0.0,
            0.0,
            0.0,
            0.0,
            0.0,
            0.0,
            0.0,
            0.0,
            0.0,
            0.0,
            0.0,
            0.0,
            0.0,
            0.0,
            0.0,
            0.0,
            0.0,
            0.0,
            0.0,
            0.0,
            0.0,
            0.0,
            0.0,
            0.0,
            0.0,
            0.0
        ],
        [
            13.0,
            0.0,
            0.0,
            0.0,
            0.0,
            0.0,
            0.0,
            0.0,
            0.0,
            0.0,
            0.0,
            0.0,
            0.0,
            0.0,
            0.0,
            0.0,
            0.0,
            0.0,
            0.0,
            0.0,
            0.0,
            0.0,
            0.0,
            0.0,
            0.0,
            0.0,
            0.0,
            0.0,
            0.0,
            0.0
        ]
    ],
    "case": "Warmup Samples",
    "dim": 30,
    "samples": [
        [
            -29.93084903074966,
            -42.837520291368214,
            -18.381544326232152,
            45.0429292207198,
            -32.64202168401851,
            42.79541054266318,
            4.754886914406207,
            -11.983593999873847,
            47.58136242058325,
            -49.653451761125005,
            -50.16203052487944,
            46.63851475295412,
            68.73539433192501,
            -10.32945014571847,
            -40.97322007729045,
            -24.170238032981246,
            -83.59397091746771,
            -25.887606623472877,
            -40.90082304758828,
            44.366209616270055,
            -30.727443422787825,
            -24.56727085513377,
            -43.72904309121813,
            32.55933836859455,
            -29.330119987164775,
            11.015281587641624,
            -0.06502644208438602,
            -51.910272334912875,
            28.868062514191976,
            -28.728691661201303
        ],
        [
            -8.43319013121431,
            42.36442952964397,
            -58.83523823408694,
            32.04960246101634,
            -2.434092049975828,
            -44.4252293340143,
            -1.2770293562633943,
            20.83722880010485,
            -27.722384507280427,
            10.926017774862716,
            35.725133029684244,
            -35.29130197473369,
            -0.9424172922714246,
            -36.82668083425214,
            24.66317915821048,
            -23.159204564013717,
            -43.238933869341466,
            28.117819147608756,
            -10.779595502998287,
            -43.1438850177819,
            21.62889291025832,
            23.323067726038957,
            57.931913471907535,
            9.528657141018229,
            -34.127412103197,
            14.966433815318592,
            30.468388886653365,
            -53.061434500266664,
            7.923014355290936,
            12.72021369419654
        ],
        [
            -51.14416250353338,
            -9.957080133517067,
            -14.039196181976022,
            -0.22698190448193634,
            -50.98510060745742,
            56.35164006804856,
            12.19064163310295,
            21.885512857478748,
            33.73921542348494,
            35.32592145691328,
            32.480376836867514,
            -14.006916454648916,
            -34.06554274863192,
            -1.0303751463454163,
            45.509540451903334,
            -74.61005299283268,
            25.255363753236278,
            44.35163219054218,
            6.386206456953095,
            26.306818018642915,
            40.074583188278844,
            44.59187294171418,
            44.980344221938275,
            66.01693623218142,
            9.803982221167079,
            107.40145971472859,
            -6.613166584182345,
            -49.5811327823945,
            -9.900649471397195,
            3.2197515529979897
        ],
        [
            -51.07595658752574,
            -34.82230994395382,
            44.530564948985955,
            -37.202211050863546,
            -37.398178567567335,
            -43.71385687070759,
            -31.399811332161857,
            29.150459320425608,
            -1.2588089186861255,
            -46.3823850124794,
            -30.994973007828627,
            -50.98104138205719,
            -16.268575008235985,
            17.939749196099694,
            0.5401169407619739,
            35.7347645058757,
            -30.556569456199153,
            -51.1997732638807,
            31.866187973511572,
            34.42133620869623,
            2.563641305347448,
            -0.31033331725225377,
            34.535394845477214,
            14.98141869993999,
            -52.250148823490655,
            -19.285568551045266,
            25.25600891664677,
            39.674875846344705,
            -55.24803074978795,
            -49.99668217040678
        ]
    ]
}