run_id,dimension_corr,sampler,wasserstein_distance,mmd_rff,r_hat,ess,runtime
40,2,Metro,0.027249790665758535,0.01803669307216183,1.0039847741964962,1636.7423988157636,1.3039474487304688
40,5,Metro,0.03343637237573756,0.021191865038766824,1.0037605780462369,1574.6051535440565,1.9149367809295654
40,10,Metro,0.030222710268962612,0.017477475962708718,1.004493441184426,1638.7403105449907,1.972350835800171
40,15,Metro,0.03024278077293274,0.016643800060656157,1.0047928555087535,1466.929959791216,2.6837856769561768
40,20,Metro,0.025743352443076892,0.015567991351363717,1.0039927470419758,1440.406627594448,2.9055845737457275
