run_id,dimension_corr,sampler,wasserstein_distance,mmd_rff,r_hat,ess,runtime
50,2,SMC,0.030648494522706488,0.02372242566254036,1.001196180639792,3973.4104206392435,1.2963273525238037
50,5,SMC,0.03192361658411409,0.02239646199328218,1.0011684741038578,3712.2104147731748,1.7493505477905273
50,10,SMC,0.03986948350758154,0.02343250745338572,1.00093926631071,3709.456729621585,2.2255825996398926
50,15,SMC,0.02794456674175798,0.022509143956604413,1.0013561464264775,3619.2663635061776,2.8322694301605225
50,20,SMC,0.029784914252065576,0.021781149922925555,1.001251923060426,3840.105030192243,3.0675926208496094
