{
    "sampler": "DEMetro_Z",
    "value": 50,
    "means_array": [
        [
            0.0,
            0.0
        ]
    ],
    "case": "Posterior Samples",
    "dim": 2,
    "samples": [
        [
            1.2933746112976385,
            1.4221349229686266
        ],
        [
            -0.268574403283294,
            0.28402353842562444
        ],
        [
            -1.1986505436594483,
            -0.9614411843423578
        ],
        [
            -0.4222275105632531,
            0.04276058412435266
        ]
    ]
}