nu,ws_t_stat,ws_p_value,ws_paired_cohens_d
2.1,-99.86412933444025,2.3507006924008716e-38,-18.232612107362097
3.0,-84.5618484728274,2.8776909656091098e-36,-15.438810637633784
4.0,-177.85673781913792,1.300604288323484e-45,-32.472049102608004
5.0,-175.57506469144585,1.890672201656611e-45,-32.0554744889779
30.0,-77.22576056928153,3.9546060474468105e-35,-14.099430361429498
