{
    "sampler": "DEMetro_Z",
    "value": 3,
    "means_array": [
        [
            0.0,
            0.0,
            0.0,
            0.0,
            0.0,
            0.0,
            0.0,
            0.0,
            0.0,
            0.0,
            0.0,
            0.0,
            0.0,
            0.0,
            0.0,
            0.0,
            0.0,
            0.0,
            0.0,
            0.0,
            0.0,
            0.0,
            0.0,
            0.0,
            0.0,
            0.0,
            0.0,
            0.0,
            0.0,
            0.0
        ]
    ],
    "case": "Posterior Samples",
    "dim": 30,
    "samples": [
        [
            -5.8373248166065075,
            17.731102323704622,
            3.7727525003455726,
            2.1493836747417285,
            1.043965920888572,
            -7.5451967940494375,
            -11.636985461524597,
            14.47395724190283,
            7.5811298501076525,
            -10.158534160021617,
            12.93848758369629,
            -3.365183921290857,
            5.337841475897206,
            11.069963861970903,
            11.434678541788495,
            6.202500289315558,
            -3.808132753487722,
            -1.0579854643177333,
            -7.7393978456385675,
            -9.116774713290422,
            11.460266607245634,
            -1.7583516240068735,
            -1.3744754920414888,
            -4.438494604818276,
            3.781086482337388,
            1.8850225553455195,
            10.671691062689877,
            4.343723194838336,
            -6.49368333842058,
            -0.9253782714719336
        ],
        [
            2.089417074908008,
            -1.997300039754885,
            -5.0798201029164805,
            4.1109364047821835,
            4.879935629868293,
            1.6601506370272663,
            5.059913960864787,
            -0.8450052842178847,
            -3.1260891038427174,
            3.6829435401482042,
            -1.8555478108969838,
            -6.889357919957202,
            1.5675507420772288,
            -2.000318602662032,
            2.5658149273856625,
            -4.407988331555791,
            0.8385744106170011,
            1.6803808439255958,
            -0.6786082594330994,
            9.201720473166485,
            -0.5615475733798254,
            -0.38981636842727174,
            -0.06757581736044682,
            3.8170666098591877,
            5.698404743490153,
            4.329735697023967,
            2.1990966375755314,
            4.064678289115508,
            0.1642945478063106,
            -4.3848410360878916
        ],
        [
            -0.9372196816939478,
            -2.313326004945588,
            0.18713206714335717,
            1.139047848803,
            -2.63348156645578,
            2.958135801078984,
            -5.124578944543924,
            2.189360054332072,
            3.4514079302319667,
            7.510117680494105,
            8.775885639043606,
            2.2186810346057286,
            -0.2651071963407652,
            3.8941767758892194,
            -8.24943642212841,
            -7.557734010356979,
            -4.569941113534874,
            -4.84586876079085,
            -7.4494914108883545,
            -0.8315916458284173,
            -2.8260515585210984,
            5.012062695329084,
            -0.3197777119231937,
            2.645253429782975,
            -6.241517079908448,
            -2.87437016472491,
            4.284024536377622,
            -3.3581660131609983,
            -1.7769348730535293,
            0.9695721445723025
        ],
        [
            1.5107675752006957,
            1.7301846397306944,
            -4.32474172842552,
            4.272917252660914,
            -0.037226919625179655,
            2.1231746085556047,
            0.6306651543491946,
            7.9020762123400505,
            2.058596290631211,
            -2.989558933718733,
            1.2234680625725627,
            -1.463683566132887,
            2.35158328390631,
            2.546984162446179,
            5.758590158764658,
            -2.566613719893459,
            2.021592445423355,
            0.9408921081436011,
            -1.700385856712078,
            4.680888173773441,
            0.21467995752630933,
            -0.33218354716268483,
            -2.0725705084105983,
            1.2676247910212015,
            -5.784755686839478,
            3.8614041116715083,
            -2.2369521623239432,
            2.045793563510213,
            1.497862777043983,
            -5.266577902804262
        ]
    ]
}