run_id,mu,sampler,wasserstein_distance,mmd_rff,r_hat,ess,runtime
53,"(10.0, 0.0)",Metro,3.2405673754043947,0.2739244366754808,2.4462569685366793,4.865665493590564,5.276458501815796
