run_id,mu,sampler,wasserstein_distance,mmd_rff,r_hat,ess,runtime
38,"(0, 0, 0, 0, 0)",HMC,0.029623055936121398,0.024056748677022465,1.0019021951330702,5930.096247100601,1.7155475616455078
