{
    "run_id": 1,
    "case": "multimodal",
    "dim": 2,
    "means_array": [
        [
            0.0,
            0.0
        ],
        [
            16.0,
            0.0
        ]
    ],
    "min_mode": [
        0.0,
        0.0
    ],
    "max_mode": [
        16.0,
        0.0
    ],
    "border": [
        23.40760642381502,
        20.0
    ],
    "low": [
        -27.064110331302448,
        -30.132268586584154
    ],
    "high": [
        43.15870894014262,
        29.867731413415846
    ],
    "samples": [
        {
            "posterior": [
                30.05706009157584,
                7.126257580045788
            ]
        }
    ]
}