{
    "sampler": "Metro",
    "value": 10,
    "means_array": [
        [
            -5.0,
            0.0
        ],
        [
            5.0,
            0.0
        ]
    ],
    "case": "Posterior Samples",
    "dim": 2,
    "samples": [
        [
            3.1874964717014507,
            0.30993749620901256
        ],
        [
            4.754638395232133,
            -0.5103076941212332
        ],
        [
            -4.478906461602276,
            -0.2571732685424919
        ],
        [
            1.5908949569230533,
            -1.1447471484313256
        ]
    ]
}