run_id,mu,sampler,wasserstein_distance,mmd_rff,r_hat,ess,runtime
44,"(10.0, 0.0)",Metro,2.02179829398042,0.1851768679035022,2.223032509476739,5.096680221341029,5.255734920501709
