{
    "sampler": "Metro",
    "value": 3,
    "means_array": [
        [
            0.0,
            0.0,
            0.0,
            0.0,
            0.0,
            0.0,
            0.0,
            0.0,
            0.0,
            0.0,
            0.0,
            0.0,
            0.0,
            0.0,
            0.0,
            0.0,
            0.0,
            0.0,
            0.0,
            0.0,
            0.0,
            0.0,
            0.0,
            0.0,
            0.0,
            0.0,
            0.0,
            0.0,
            0.0,
            0.0
        ]
    ],
    "case": "Warmup Samples",
    "dim": 30,
    "samples": [
        [
            -0.417829546889044,
            16.511873303638147,
            5.964229352143997,
            -9.828344108752248,
            -3.8303787442964534,
            -10.636445329776324,
            -9.479184140692553,
            -4.9214737799892925,
            13.706758242834788,
            17.314232982232433,
            14.047773282583934,
            5.697675513982943,
            4.424239626352617,
            -7.182968351078839,
            21.314747834880496,
            19.764163285934558,
            -0.7567814227349718,
            -10.427797326104173,
            -17.39269235428123,
            -10.056955830137351,
            18.697696705252447,
            -7.918035867567287,
            10.431024477360658,
            -7.355446699872535,
            -14.287845501588867,
            -4.6869566340696345,
            -9.999832460840539,
            7.486130312443169,
            6.096253538468123,
            -16.69585352979902
        ],
        [
            10.505679586405227,
            1.1395546101714171,
            8.942217094120888,
            -5.5302666968695755,
            -20.59142759701479,
            -9.337638364129734,
            1.5046038321368118,
            -14.417900354527282,
            2.6245115105372827,
            6.646981567181767,
            9.990346139458111,
            12.335919732111284,
            12.03571408263099,
            4.705930961949051,
            -8.563264184955987,
            2.73604500134889,
            -8.612304236310704,
            4.1845639347849,
            -11.73776038267195,
            -12.409909929801607,
            8.026218389301217,
            -4.8557364391299505,
            -9.487132827789486,
            -3.5691122537998288,
            -12.261035209076535,
            -0.37626967922107757,
            -13.323725571673542,
            14.088687431960826,
            1.3930067866874987,
            8.962858481366146
        ],
        [
            -9.76822355948232,
            -3.422658958479968,
            -6.943848903779893,
            -1.4375501019813126,
            0.0007310629295128601,
            1.668056639126325,
            -10.454071671204227,
            14.092545812980033,
            16.664938621370723,
            11.729648672026135,
            2.0823442076916683,
            -15.021269706293225,
            4.991788954041852,
            14.241839798234313,
            -4.925230731347398,
            11.97290555673525,
            3.977515913043643,
            -3.2889149596461884,
            -19.64333265679997,
            -10.032007775387298,
            -12.819643497410352,
            7.226487333943856,
            4.880029537609141,
            -9.267136376367056,
            -3.60622548917743,
            11.531542076815551,
            -5.199452317284439,
            17.0921657582933,
            8.556084699758001,
            7.772308516015663
        ],
        [
            -2.6377550188102443,
            -12.321401927678993,
            5.681164713863194,
            9.151675818028817,
            -4.618409107736534,
            4.979295629458937,
            -18.72737224307722,
            24.58843594358124,
            -17.256747065136693,
            5.347065304453304,
            2.9749597744537644,
            -13.01339629086871,
            -2.2662043750073972,
            -0.9022258956669137,
            16.71441642595459,
            -9.412886306736391,
            -3.799674172988264,
            -3.306977796033218,
            -6.936286309231161,
            -6.76534440959127,
            0.768323716071957,
            15.458297870911597,
            -8.976599673226923,
            6.004954474606709,
            -11.139089573890429,
            11.713786343424125,
            1.4235511721279253,
            15.147443098606818,
            2.188162757028988,
            6.204341366736397
        ]
    ]
}