run_id,alpha,sampler,wasserstein_distance,mmd_rff,r_hat,ess,runtime
5,0,HMC,0.024697181945582417,0.008256015546253916,1.0021844122363919,1602.530093837847,1.4483060836791992
5,2,HMC,0.01413526655004414,0.008037091185274021,1.0007507005592404,1750.6962350620483,1.4034991264343262
5,4,HMC,0.021409430874534646,0.012667137002212735,1.0050759451750013,907.7515194525936,1.713123083114624
5,6,HMC,0.025301233072259784,0.015834440488173174,1.0021731109331702,948.4719766542845,1.4188156127929688
5,8,HMC,0.01781239904135737,0.011030326396850072,1.0061866446939363,832.1758877579291,1.7716798782348633
5,10,HMC,0.030814575357070002,0.021169747826486916,1.0071680236544958,718.1412046290126,1.450744390487671
5,80,HMC,0.021649397253934763,0.012667534476463281,1.0095889093234418,595.3436723236869,1.9629759788513184
5,100,HMC,0.019181898072547696,0.007450019488827429,1.013057035340848,275.5927570133843,1.6177995204925537
