{
    "sampler": "DEMetro_Z",
    "value": 0.99,
    "means_array": [
        [
            0.0,
            0.0
        ],
        [
            13,
            0
        ]
    ],
    "case": "Warmup Samples",
    "dim": 2,
    "samples": [
        [
            28.09149040505779,
            -14.706128662668018
        ],
        [
            32.39647932067837,
            6.690954022465771
        ],
        [
            33.77236841685854,
            21.70135886096745
        ],
        [
            -18.970115571251394,
            4.6298591701886735
        ]
    ]
}