run_id,mu,sampler,wasserstein_distance,mmd_rff,swd_zscore,r_hat,ess,runtime
14,0,HMC,0.1850310341145071,0.01839942340194146,-0.23160781505439962,1.0079554274325435,667.0978936195143,4.326737403869629
14,3,HMC,0.301530890926247,0.02379566597464802,3.3891187979189303,1.0075153662499063,762.7444473233934,4.122665166854858
14,6,HMC,0.3508432439742643,0.02232824172343544,3.142871627186559,1.0052322754506833,1119.9071309052028,4.436751842498779
14,10,HMC,0.1446504981449392,0.010636661435265688,-0.6144877187608323,1.004967241492885,1203.2885989619283,4.383678674697876
