run_id,mu,sampler,wasserstein_distance,mmd_rff,r_hat,ess,runtime
17,"(10.0, 0.0)",SMC,0.11646399922061887,0.013547825867060088,1.0000919975386966,7282.246187422647,9.495294570922852
