{
    "sampler": "HMC",
    "value": 0.99,
    "means_array": [
        [
            0.0,
            0.0
        ],
        [
            10,
            0
        ]
    ],
    "case": "Posterior Samples",
    "dim": 2,
    "samples": [
        [
            7.9860477847008475,
            -1.8276396169613738
        ],
        [
            0.4355710342973057,
            0.60054022909075
        ],
        [
            0.9566481913639692,
            0.9319309572006704
        ],
        [
            9.373688340690016,
            -0.5968559315248562
        ]
    ]
}