{
    "sampler": "HMC",
    "value": 30,
    "means_array": [
        [
            0.0,
            0.0,
            0.0,
            0.0,
            0.0,
            0.0,
            0.0,
            0.0,
            0.0,
            0.0,
            0.0,
            0.0,
            0.0,
            0.0,
            0.0,
            0.0,
            0.0,
            0.0,
            0.0,
            0.0,
            0.0,
            0.0,
            0.0,
            0.0,
            0.0,
            0.0,
            0.0,
            0.0,
            0.0,
            0.0
        ]
    ],
    "case": "Posterior Samples",
    "dim": 30,
    "samples": [
        [
            -0.5013299490184571,
            -1.798126459767346,
            -0.14227025337079838,
            1.3093168028747486,
            3.0601166205956387,
            0.18118315112716538,
            -0.5257064524696526,
            0.38649089871496745,
            1.4973921109141484,
            -0.8004845056406907,
            1.1884786440813364,
            0.03901615501207433,
            -0.6389825827276209,
            0.18007029321605292,
            -1.9623688102238412,
            2.516184298957643,
            1.3010536047246721,
            1.7971174144805013,
            -0.8767839417454587,
            -0.6024627848509481,
            1.647947474853192,
            -2.486997779518579,
            2.629116025651991,
            0.08142022941627834,
            -0.31846063958700077,
            -0.38201431994564256,
            -0.6719927731625837,
            1.0528822530034294,
            0.34206892952442347,
            -0.5210467168798628
        ],
        [
            -0.19581746394493524,
            0.09645940203207685,
            -0.38578607168011386,
            1.5654548769754533,
            -0.608081714318845,
            -2.3741030617340306,
            1.721825799273105,
            0.10299726263202358,
            -3.7285479686245697,
            -0.5451863233551433,
            -0.6607153447974177,
            0.5276687732642193,
            2.3278508405087166,
            0.48748284017506766,
            -2.8346664229232545,
            0.892781024338375,
            0.04946154077043324,
            -1.8251504434271868,
            -0.9889108055220422,
            1.6113267977648182,
            -0.5553327797599835,
            0.24665933197705806,
            -0.03710646509548866,
            3.8115321281381074,
            -0.34715874560979854,
            4.433947553436517,
            0.20815017003544586,
            -2.597394815594998,
            -1.9170904322305033,
            1.4656119077772742
        ],
        [
            -0.6583916724342875,
            -2.421912863932901,
            -0.12593631228886357,
            1.076919515146738,
            0.2631442270294414,
            -2.4420463125617524,
            -0.07101593795195198,
            -1.0017432388104017,
            -0.7595960577405273,
            1.0494775774109084,
            -0.22932208411038157,
            0.24037608740329308,
            0.5777623225654681,
            -0.4210454317794687,
            -1.8363306866333404,
            2.1664558003312213,
            0.32817583397727995,
            0.3409684443720306,
            -2.3180950630665955,
            -1.941960770473058,
            0.44399932287013466,
            1.3875426355420106,
            1.2000118438983467,
            -0.7628166166206864,
            -0.6979917221394638,
            -0.20075171476801743,
            -1.1747503209042212,
            -0.772776206126638,
            -0.9542874345364938,
            -2.431229337278252
        ],
        [
            2.429126490678366,
            34.41141415231531,
            -9.933669219269994,
            24.50975100922279,
            -16.225353887704035,
            -11.846155266082995,
            -1.2270895993146846,
            -0.24509772781306868,
            26.090987400759897,
            0.04196327672217582,
            -27.202913565092185,
            -1.0875475342924055,
            -0.06958248235482019,
            -19.461566177777673,
            -49.9000392684525,
            -12.158222956656338,
            35.810817473197496,
            -29.443187487107416,
            -9.368650432987316,
            -12.733666149037868,
            -1.8453039154808428,
            12.550283879668466,
            -33.57387345130971,
            -7.8686478054593385,
            13.387086868981854,
            3.1861444458624244,
            -14.070712049388046,
            -51.1084836603155,
            -47.76070114166614,
            -9.919917631385696
        ]
    ]
}