run_id,mu,sampler,wasserstein_distance,mmd_rff,r_hat,ess,runtime
27,8,Metro,0.07666203583586761,0.011414913928365574,1.0709940739236832,62.77818068668619,1.295600414276123
27,10,Metro,1.0915875993994149,0.11847894494619571,1.2525524018409488,11.864031593327947,1.2845127582550049
27,12,Metro,0.5900056444680345,0.055798216748037595,1.528565888878638,7.2203701191006395,1.5488264560699463
27,14,Metro,2.8177408266736843,0.23535152274508161,1.7359814721405662,6.140922290454176,1.2954726219177246
27,16,Metro,3.3423646432690193,0.24737703303351805,1.7336674643127914,6.107454447197422,1.2630791664123535
27,18,Metro,8.025385964757621,0.5109740084798641,1.5303750371567661,7.210576142990612,1.5849204063415527
27,20,Metro,0.9322328933436878,0.05561266372402478,1.5291767220999308,7.182887219888768,1.2455260753631592
27,22,Metro,6.482392774915665,0.3420008684188577,1.0037658180327556,1722.9272214325258,1.28989577293396
27,40,Metro,7.773875454925287,0.21726249555528193,1.7339741036380596,6.1025717779366015,1.286339282989502
