mode_means,global_avg_ws,global_avg_ws_std,global_avg_rhat,global_avg_rhat_std,global_avg_ess,global_avg_ess_std
8,1.2217615438428104,0.4388444941042223,1.3988406865844996,0.23802307104681614,527.93702178598,1163.5199996834008
10,3.960923751037538,0.11649909689609181,1.7151252196391262,0.04227193052638073,6.210739642164725,0.18182614162642918
15,5.850823135864994,0.01578465068054078,1.7349941807501352,0.0011205285964301882,6.129168759326506,0.005501947385284086
20,7.91274107151313,0.017596805980521976,1.734082131465349,0.0009429540300484047,6.122722352895535,0.011776940941932207
