nu,global_avg_wasserstein_distance,global_avg_reference_swd,global_avg_relative_swd,global_avg_swd_zscore,global_avg_r_hat,global_avg_ess,global_avg_runtime,global_avg_wasserstein_distance_std,global_avg_reference_swd_std,global_avg_relative_swd_std,global_avg_swd_zscore_std,global_avg_r_hat_std,global_avg_ess_std,global_avg_runtime_std
1,6.791522910925261,4.80068673086402,1.9908361800612404,0.24913164648112468,1.01671991812351,268.4225659188466,4.383245992660522,0.2834431563375755,0.0,0.28344315633757544,0.03546984976936418,0.005065229738571896,64.38774268794529,0.2750922952724479
2,0.4661991104445529,0.1624712665978962,0.30372784384665674,6.004356797836591,1.0267322058796824,266.4963281420144,4.73467173576355,0.2838854120762931,0.0,0.28388541207629303,5.612094308572871,0.011961794242211774,63.67114343135178,0.26576543801627983
5,0.4181758561000334,0.0880708187521544,0.3301050373478788,6.2952215140073156,1.0217744841114624,254.62266903679455,4.995838260650634,0.19183556704715346,0.0,0.19183556704715346,3.658373100057733,0.009048574753686695,41.977499210158555,0.5441333818957073
10,0.690755961468408,0.0782772867797368,0.6124786746886712,11.299730934474072,1.0270421714246887,192.32735500068515,4.9397180557250975,0.32630238371335424,0.0,0.32630238371335424,6.020012274080594,0.014981261935880603,70.49209076743324,0.34944357480506677
