dimension,ws_t_stat,ws_p_value,ws_paired_cohens_d
30,-15.809917791434442,0.003976894175365239,-9.12786029275053
