dimension,ws_t_stat,ws_p_value,ws_paired_cohens_d
30,-18.149841005657734,0.0030219151835804902,-10.478815590365402
