dimension,mmd_rff_t_stat,mmd_rff_p_value,mmd_rff_paired_cohens_d
30,-19.474898925217293,0.002626250211590185,-11.243838136914958
