{
    "sampler": "Metro",
    "value": 20,
    "means_array": [
        0,
        20
    ],
    "case": "Posterior Samples",
    "dim": 1,
    "samples": [
        20.99926991127546,
        1.3886046981686135,
        -0.6799532375756983,
        18.613824652805654
    ]
}