run_id,mu,sampler,wasserstein_distance,mmd_rff,r_hat,ess,runtime
12,"(10, 10)",Metro,2.580061184187812,0.1711165647482045,1.7812263976476344,6.036945847768302,2.274355173110962
12,"(2, 2)",Metro,0.8478587530025269,0.1319808462344797,1.180441800189461,15.89939207172999,2.2695279121398926
12,"(20, 20)",Metro,3.0063449502747615,0.17108095576742408,1.7642280989182917,6.0336909369486555,2.5870039463043213
12,"(40, 40)",Metro,3.571054098069149,0.11462331360176921,1.8207529435856167,5.845878584853335,2.2790191173553467
12,"(5, 5)",Metro,0.18938947892284094,0.04404461909666809,1.5077257834559061,7.298577352653733,2.6004278659820557
