run_id,mu,sampler,wasserstein_distance,mmd_rff,r_hat,ess,runtime
22,"(0, 0, 0, 0, 0)",Metro,0.18595935104201058,0.05616793187073979,1.1520480896697713,21.865804229368464,1.326789140701294
