{
    "sampler": "HMC",
    "value": [
        2,
        2
    ],
    "means_array": [
        [
            0,
            0
        ],
        [
            -5,
            -5
        ],
        [
            2,
            2
        ]
    ],
    "case": "Posterior Samples",
    "dim": 2,
    "samples": [
        [
            2.7620781178352423,
            1.630287400442286
        ],
        [
            -4.560904039350023,
            -4.3912231216783235
        ],
        [
            -1.332015417378275,
            -0.4232405550826053
        ],
        [
            2.1485813005822174,
            1.3743672678476386
        ]
    ]
}