dimension,ws_t_stat,ws_p_value,ws_paired_cohens_d
2,2.0314492369320307,0.17929020124068804,1.172857763787768
3,21.54957754078595,0.002146458186785568,12.441654394095483
10,3.0924408502066267,0.0905840583906494,1.7854215573197911
30,5.780103949395719,0.02865137842793646,3.3371445711276375
50,256.8680918435769,1.5155483912674707e-05,148.30286197211464
