dimension,mean_rmse_t_stat,mean_rmse_p_value,mean_rmse_paired_cohens_d
2,124.84799480595484,6.414976438467938e-05,72.08102340900304
3,60.598798864899585,0.0002722040700902519,34.986732837217765
10,375.29369220382904,7.099910020113436e-06,216.67591421904928
30,103.55262275251764,9.324317391098074e-05,59.786134621457826
50,96.84109438992259,0.00010661324591371076,55.911231914639764
