{
    "sampler": "HMC",
    "value": 13,
    "means_array": [
        0,
        13
    ],
    "case": "Warmup Samples",
    "dim": 1,
    "samples": [
        11.03623473077177,
        6.7036375791503975,
        8.151829801298627,
        14.242677398213912
    ]
}