run_id,mu,sampler,wasserstein_distance,mmd_rff,swd_zscore,r_hat,ess,runtime
1,0,Metro,0.2125541868684247,0.020600692109748863,0.17857983823258605,1.0066277282962406,527.0370623652019,3.119009017944336
1,3,Metro,0.3676062785832053,0.018689285627168976,5.06974647907067,1.0090723971500826,722.0142626871838,3.2084720134735107
1,6,Metro,0.7482242083370061,0.04290848795266142,10.049119170550682,1.0059379701396132,612.6720276430558,3.4286367893218994
1,10,Metro,0.5187616450022141,0.03270680096107989,4.758152855516594,1.01009160815313,672.8115730294808,3.1448121070861816
