{
    "sampler": "Metro",
    "value": 10,
    "means_array": [
        [
            0.0,
            0.0,
            0.0,
            0.0,
            0.0,
            0.0,
            0.0,
            0.0,
            0.0,
            0.0
        ]
    ],
    "case": "Posterior Samples",
    "dim": 10,
    "samples": [
        [
            3.532464203773896,
            0.6908109156620981,
            -1.5651216102901515,
            -2.4661923562348225,
            -1.141252117167228,
            -1.577556129332891,
            -0.25454508810339993,
            -2.4137204907128815,
            -1.8193041596548567,
            -3.847131044655262
        ],
        [
            -0.9926478236795395,
            0.13351497563835096,
            -0.2236041647108451,
            0.3122210904783065,
            0.654231846953847,
            0.23922147287921966,
            -0.36455435904330075,
            -0.7805446319524293,
            0.10764108681072354,
            -0.07125623955833194
        ],
        [
            -0.7339671851511763,
            0.000728757200222141,
            -0.7456186758737494,
            0.02156010123980824,
            -0.1533556311880455,
            -1.3003860688114057,
            0.42576991947621523,
            -0.310321686280999,
            -0.5309810365660764,
            0.06690072353355714
        ],
        [
            0.8500237882189878,
            -0.06752043944007347,
            0.2116081892297519,
            -1.1008955049625477,
            -2.66564671903891,
            -2.0711992389299163,
            -0.033341715147662654,
            0.9185004910593957,
            -1.4187013091474894,
            -2.2854500788910053
        ]
    ]
}