{
    "sampler": "DEMetro_Z",
    "value": 18,
    "means_array": [
        [
            0.0,
            0.0,
            0.0,
            0.0,
            0.0,
            0.0,
            0.0,
            0.0,
            0.0,
            0.0,
            0.0,
            0.0,
            0.0,
            0.0,
            0.0,
            0.0,
            0.0,
            0.0,
            0.0,
            0.0,
            0.0,
            0.0,
            0.0,
            0.0,
            0.0,
            0.0,
            0.0,
            0.0,
            0.0,
            0.0
        ],
        [
            18.0,
            0.0,
            0.0,
            0.0,
            0.0,
            0.0,
            0.0,
            0.0,
            0.0,
            0.0,
            0.0,
            0.0,
            0.0,
            0.0,
            0.0,
            0.0,
            0.0,
            0.0,
            0.0,
            0.0,
            0.0,
            0.0,
            0.0,
            0.0,
            0.0,
            0.0,
            0.0,
            0.0,
            0.0,
            0.0
        ]
    ],
    "case": "Posterior Samples",
    "dim": 30,
    "samples": [
        [
            -4.639706676128152,
            6.511898109165944,
            1.8861707522802087,
            11.640145250792783,
            -17.358441298032513,
            -8.12858794884365,
            29.8993765671307,
            -3.013528795350851,
            -13.915481869579233,
            -17.956468203861064,
            -24.24793967905038,
            -27.97919257314715,
            19.43598161477187,
            -9.7141763611156,
            -12.524526113020706,
            -2.3897876755707106,
            -21.01542266750915,
            2.9816596388107457,
            15.842776644951972,
            -18.07915366626527,
            -0.76697074647699,
            -11.342299470198535,
            -16.111637518955124,
            -9.105025854297587,
            -13.969210947771879,
            -31.61264639473121,
            -16.782794241665894,
            -4.5281396827022204,
            7.791242230399241,
            -17.675099543215016
        ],
        [
            9.684006396269336,
            -20.190418603742934,
            10.831966019631272,
            -24.785955896848836,
            12.972451376366424,
            1.4616862862866042,
            28.460392422883906,
            9.152421341622063,
            -17.480477423968264,
            4.202147526324937,
            -2.208252065353045,
            2.71610367093489,
            -17.633555417043468,
            10.670656918170906,
            27.08588349172982,
            14.940118231934912,
            -8.591692301713575,
            12.690980811993898,
            15.107339191829174,
            8.632167014446287,
            5.523113359217818,
            15.459165572090916,
            -1.3366010066994696,
            5.485102085878929,
            -16.787296796070304,
            -4.316863171770699,
            10.811346649375768,
            6.6424316331968605,
            20.60717534234517,
            23.905988135291356
        ],
        [
            32.02464048733454,
            -18.75785130920067,
            12.19011040022018,
            -10.889222585068081,
            -19.190055870086674,
            -10.783209775120596,
            -3.6268153550843416,
            0.9490974367631992,
            9.050188752979109,
            -6.650225625981852,
            1.7483872909032938,
            2.1035211269416063,
            20.805601091045705,
            -15.25550977049587,
            13.433573657717822,
            -17.986277426338066,
            -4.848580168835194,
            11.291338023342139,
            -19.568405758511826,
            -11.903907613507291,
            -16.45528861789816,
            7.448368096244538,
            19.489262608595475,
            24.94951510011169,
            -11.233466112558501,
            -4.259155312935319,
            -14.444308786447294,
            -11.299287242915971,
            -4.213600708943043,
            -22.969500245752972
        ],
        [
            10.25049857626017,
            0.3234317583529546,
            -4.924100235473159,
            -8.13413390429005,
            -15.887349359637069,
            -26.763311945303816,
            0.4315044179392751,
            -1.7951587288350213,
            -17.33637063239153,
            22.658288655346976,
            0.7973965135493016,
            -14.534269880265402,
            0.33221368432283027,
            -10.618279237964268,
            -12.975277636508787,
            17.94053666894841,
            16.731923905067145,
            -27.428724688209464,
            21.044344464563984,
            -13.787310118148545,
            -7.172862098017907,
            -12.108737930810596,
            7.751437771857107,
            -22.41146018023414,
            15.06364609180708,
            15.107398830579442,
            -8.611146491923385,
            -12.512960038921893,
            25.063689404607263,
            14.171743506249873
        ]
    ]
}