run_id,alpha,sampler,wasserstein_distance,mmd_rff,r_hat,ess,runtime
45,0,SMC,0.09320551420236711,0.045430401253010254,1.053928961308246,106.45692302589792,0.7569022178649902
45,2,SMC,0.08923338059147898,0.058848195169579454,1.0601532641962215,84.5508543332171,0.7555134296417236
45,4,SMC,0.09318051364700304,0.06682175137481744,1.041590739764493,89.24233445930065,0.7987263202667236
45,6,SMC,0.13407996997784524,0.10225255928791807,1.0399382260753536,93.94699003523125,0.7712123394012451
45,8,SMC,0.14952686296383233,0.11243098301245466,1.042345886772874,85.28026174291199,0.7769744396209717
45,10,SMC,0.14547095743723246,0.11613965836468151,1.0521074668659598,77.97195149172678,0.7934999465942383
45,80,SMC,0.17662686559275523,0.14165549572437183,1.0831388807018796,50.27403281636766,0.7941644191741943
45,100,SMC,0.16909122075937433,0.13806647287289497,1.076084124886666,53.52188780279076,1.4850435256958008
