{
    "run_id": 1,
    "case": "multimodal",
    "dim": 30,
    "means_array": [
        [
            0.0,
            0.0,
            0.0,
            0.0,
            0.0,
            0.0,
            0.0,
            0.0,
            0.0,
            0.0,
            0.0,
            0.0,
            0.0,
            0.0,
            0.0,
            0.0,
            0.0,
            0.0,
            0.0,
            0.0,
            0.0,
            0.0,
            0.0,
            0.0,
            0.0,
            0.0,
            0.0,
            0.0,
            0.0,
            0.0
        ],
        [
            13.0,
            0.0,
            0.0,
            0.0,
            0.0,
            0.0,
            0.0,
            0.0,
            0.0,
            0.0,
            0.0,
            0.0,
            0.0,
            0.0,
            0.0,
            0.0,
            0.0,
            0.0,
            0.0,
            0.0,
            0.0,
            0.0,
            0.0,
            0.0,
            0.0,
            0.0,
            0.0,
            0.0,
            0.0,
            0.0
        ]
    ],
    "min_mode": [
        0.0,
        0.0,
        0.0,
        0.0,
        0.0,
        0.0,
        0.0,
        0.0,
        0.0,
        0.0,
        0.0,
        0.0,
        0.0,
        0.0,
        0.0,
        0.0,
        0.0,
        0.0,
        0.0,
        0.0,
        0.0,
        0.0,
        0.0,
        0.0,
        0.0,
        0.0,
        0.0,
        0.0,
        0.0,
        0.0
    ],
    "max_mode": [
        13.0,
        0.0,
        0.0,
        0.0,
        0.0,
        0.0,
        0.0,
        0.0,
        0.0,
        0.0,
        0.0,
        0.0,
        0.0,
        0.0,
        0.0,
        0.0,
        0.0,
        0.0,
        0.0,
        0.0,
        0.0,
        0.0,
        0.0,
        0.0,
        0.0,
        0.0,
        0.0,
        0.0,
        0.0,
        0.0
    ],
    "border": [
        53.13103331904068,
        58.747195023431345,
        67.79153420544792,
        64.51564175418643,
        60.100815931763265,
        68.22288167532245,
        64.97515099605118,
        72.92916714159452,
        64.39126721017368,
        76.59935297294942,
        57.5023744321728,
        74.13086204670745,
        66.19524227139152,
        63.30334534831529,
        68.59333432870308,
        60.6359898077297,
        68.8612070477806,
        59.590510781145554,
        62.76909952433184,
        74.84906911423865,
        77.01346686904284,
        81.2824127438189,
        64.69080972809329,
        76.95959394220631,
        67.91651631455213,
        68.39630063706251,
        79.79646507204387,
        63.17503361563824,
        63.91966062265885,
        82.42260776171359
    ],
    "low": [
        -76.97087467707097,
        -93.70641974053643,
        -116.47030379279563,
        -104.1760645879676,
        -102.39941260788203,
        -113.48678506083401,
        -109.24567347254217,
        -126.2173210786159,
        -108.83631073908403,
        -131.0021000227374,
        -91.20899211760866,
        -124.45153567203496,
        -112.58071148107675,
        -102.92573498101306,
        -117.35629546641974,
        -103.80434455887644,
        -117.2152987442956,
        -99.11857111279656,
        -100.30549946848959,
        -131.97323105471276,
        -128.2160677091524,
        -139.38630015855225,
        -111.27820280278425,
        -134.3404696211569,
        -120.25421127403506,
        -116.13597406028367,
        -133.1922209309428,
        -105.7731715062141,
        -102.5364031893526,
        -141.80646576824182
    ],
    "high": [
        82.42222528005108,
        82.53516532975762,
        86.90429882354812,
        89.3708606745917,
        77.90303518740775,
        91.18185996513336,
        85.67977951561139,
        92.57018034616767,
        84.337490891437,
        98.79595889611085,
        81.29813117890976,
        97.94105046808738,
        86.00501533309783,
        86.9843010639328,
        88.42370751968951,
        78.10362486431266,
        89.36832239904619,
        79.6529612306401,
        88.00179910450595,
        92.5739762880032,
        102.82433289797613,
        104.46093807290443,
        82.79422638149559,
        96.53831220546205,
        83.49533766962134,
        89.05292785090386,
        106.19717428518882,
        83.75192934070063,
        89.22257867862395,
        105.46135751689894
    ],
    "samples": [
        {
            "posterior": [
                33.977194527494845,
                -62.30563555642449,
                31.984292959351237,
                -53.55972082847732,
                -81.5591059439009,
                73.4721793762232,
                -92.02399958960594,
                -113.06280188062537,
                70.01789160188729,
                70.73762683399505,
                61.316908411050804,
                32.80593468364012,
                -71.86836895895752,
                8.433260822216738,
                -37.493329623307545,
                77.81673341965822,
                -47.183007837071415,
                -49.3203279551683,
                -12.014325806312456,
                -82.22999038545098,
                -71.80740591246776,
                -79.11479876351882,
                51.45151212633499,
                -94.37898060365254,
                8.763141430827446,
                44.55373361619766,
                -59.274787074661674,
                53.16431153926281,
                42.24509654800178,
                -70.19188385301347
            ]
        }
    ]
}