{
    "sampler": "Metro",
    "value": 8,
    "means_array": [
        0,
        8
    ],
    "case": "Warmup Samples",
    "dim": 1,
    "samples": [
        6.75618714194756,
        5.066413955319275,
        4.167943388140396,
        5.011132835639584
    ]
}