mu,global_avg_wasserstein_distance,global_avg_reference_swd,global_avg_relative_swd,global_avg_swd_zscore,global_avg_r_hat,global_avg_ess,global_avg_runtime,global_avg_wasserstein_distance_std,global_avg_reference_swd_std,global_avg_relative_swd_std,global_avg_swd_zscore_std,global_avg_r_hat_std,global_avg_ess_std,global_avg_runtime_std
"(-10, 20, -30)",0.045386852538136846,0.0291681415838501,0.016218710954286703,1.9787689091129606,1.006639294902036,799.0423462886474,2.2020466327667236,0.0048843952846808845,0.0,0.004884395284680813,0.5959221763299165,0.00030399379186025365,28.553270220349308,0.09402692162949988
"(-5, 0, 5)",0.04818437585417145,0.0301493173486472,0.0180350585055242,2.9588831143589025,1.006639294902036,799.0423462886474,2.185146689414978,0.0073072841658303874,0.0,0.007307284165830316,1.198853872499211,0.00030399379186025365,28.553270220349308,0.05340932936997513
"(0, 0, 0)",0.04528370322254105,0.0268096528095209,0.01847405041302005,2.6002629629451848,1.006639294902036,799.0423462886474,2.667327404022217,0.008766000716533044,0.0,0.008766000716533044,1.2338337552812495,0.00030399379186025365,28.553270220349308,0.7564678214633542
"(50, -50, 100)",0.043965796919014144,0.0258529647672599,0.01811283215175425,4.174500375188589,1.006639294902036,799.0423462886474,2.4355608224868774,0.010843335129621608,0.0,0.010843335129621608,2.4990849684717547,0.00030399379186025365,28.553270220349308,0.32038264070344186
