{
    "sampler": "HMC",
    "value": 5,
    "means_array": [
        [
            0.0,
            0.0,
            0.0,
            0.0,
            0.0
        ]
    ],
    "case": "Warmup Samples",
    "dim": 5,
    "samples": [
        [
            -2.619829903642698,
            -69.10708207468029,
            72.82992498807731,
            9.989692381793985,
            9.194852623285735
        ],
        [
            -48.63537269955862,
            -74.59567689714412,
            -32.6648399008268,
            -78.19390984984452,
            15.883489256372817
        ],
        [
            64.65570365148474,
            -81.65329587313198,
            -37.21836684287408,
            88.4170247520785,
            15.093595469766578
        ],
        [
            -2.1801731724783124,
            12.042108569961426,
            10.389082881562064,
            -14.788159535346972,
            -19.558881592833604
        ]
    ]
}