{
    "sampler": "DEMetro_Z",
    "value": 15,
    "means_array": [
        [
            0.0,
            0.0,
            0.0,
            0.0,
            0.0,
            0.0,
            0.0,
            0.0,
            0.0,
            0.0,
            0.0,
            0.0,
            0.0,
            0.0,
            0.0
        ]
    ],
    "case": "Posterior Samples",
    "dim": 15,
    "samples": [
        [
            -11.242639854580581,
            12.83943062842592,
            -12.236164053017498,
            -10.124509197107528,
            2.0013458303620273,
            8.860805355069502,
            8.875516728580084,
            -16.956559731981596,
            -15.336481543391766,
            -0.8550554833004612,
            -7.0038816599061375,
            -27.52051112634958,
            -38.933803459595644,
            -9.381620776290529,
            -5.51103250107898
        ],
        [
            5.801689232042108,
            -7.348304806526208,
            -4.013006631195437,
            3.6068504833808377,
            3.563467001038117,
            -3.6565779097034907,
            -11.140186400613727,
            -0.17364463859604967,
            16.625518957380717,
            -6.871747203156985,
            -8.07890638891379,
            11.465097546169158,
            -17.031890507886782,
            12.548384775377889,
            -12.439645544631807
        ],
        [
            8.046617097700627,
            16.973326535388907,
            -5.424539441656059,
            -19.262085464442386,
            1.878519499766718,
            -3.0633754037790353,
            13.306474864971284,
            -14.380499088258512,
            -3.0723246804927493,
            -18.829200492185738,
            7.878853969439328,
            12.681512939806744,
            4.53519014419334,
            -9.569959630710757,
            -32.804263005394496
        ],
        [
            18.640484806387736,
            -6.730421012995138,
            -18.47922154478974,
            -28.486631796193002,
            7.123422936141961,
            -8.865693309830204,
            4.865857412925279,
            -10.920108655510358,
            7.151091109812083,
            1.5399030751683866,
            15.865948720615503,
            15.248392514086374,
            -25.072910812964487,
            -11.38911711969701,
            -9.986354287299644
        ]
    ]
}