{
    "sampler": "Metro",
    "value": 4,
    "means_array": [
        0,
        4
    ],
    "case": "Posterior Samples",
    "dim": 1,
    "samples": [
        0.45514165805877693,
        3.780704447223595,
        3.245112259984593,
        4.717323531987425
    ]
}