{
    "run_id": 1,
    "case": "unimodal",
    "dim": 2,
    "low": [
        -29.46308919311715,
        -29.52362921860167
    ],
    "high": [
        30.53691080688285,
        30.47637078139833
    ],
    "means_array": [
        [
            0.0,
            0.0
        ]
    ],
    "samples": [
        {
            "posterior": [
                -22.603021912787923,
                5.998721099698379
            ]
        }
    ]
}