{
    "run_id": 1,
    "case": "multimodal",
    "dim": 30,
    "means_array": [
        [
            -0.9096901936559428,
            0.0,
            0.0,
            0.0,
            0.0,
            0.0,
            0.0,
            0.0,
            0.0,
            0.0,
            0.0,
            0.0,
            0.0,
            0.0,
            0.0,
            0.0,
            0.0,
            0.0,
            0.0,
            0.0,
            0.0,
            0.0,
            0.0,
            0.0,
            0.0,
            0.0,
            0.0,
            0.0,
            0.0,
            0.0
        ],
        [
            0.9096901936559428,
            0.0,
            0.0,
            0.0,
            0.0,
            0.0,
            0.0,
            0.0,
            0.0,
            0.0,
            0.0,
            0.0,
            0.0,
            0.0,
            0.0,
            0.0,
            0.0,
            0.0,
            0.0,
            0.0,
            0.0,
            0.0,
            0.0,
            0.0,
            0.0,
            0.0,
            0.0,
            0.0,
            0.0,
            0.0
        ]
    ],
    "min_mode": [
        -0.9096901936559428,
        0.0,
        0.0,
        0.0,
        0.0,
        0.0,
        0.0,
        0.0,
        0.0,
        0.0,
        0.0,
        0.0,
        0.0,
        0.0,
        0.0,
        0.0,
        0.0,
        0.0,
        0.0,
        0.0,
        0.0,
        0.0,
        0.0,
        0.0,
        0.0,
        0.0,
        0.0,
        0.0,
        0.0,
        0.0
    ],
    "max_mode": [
        0.9096901936559428,
        0.0,
        0.0,
        0.0,
        0.0,
        0.0,
        0.0,
        0.0,
        0.0,
        0.0,
        0.0,
        0.0,
        0.0,
        0.0,
        0.0,
        0.0,
        0.0,
        0.0,
        0.0,
        0.0,
        0.0,
        0.0,
        0.0,
        0.0,
        0.0,
        0.0,
        0.0,
        0.0,
        0.0,
        0.0
    ],
    "border": [
        73.87042356752409,
        52.855703068444456,
        58.56491037560648,
        70.41162820914,
        74.60706915363899,
        65.07083313593208,
        70.1174653851816,
        71.58114452828045,
        72.20955766313551,
        72.09824445443766,
        61.660852440890764,
        60.64982476945749,
        66.98346895308788,
        82.74070568639831,
        71.39226316378661,
        60.86946247554504,
        73.90823117525568,
        64.20083992326681,
        77.45229455885763,
        67.27644493672668,
        71.65982927708494,
        61.67819059720661,
        69.3600622626046,
        85.60797917557089,
        72.14321236240924,
        66.9107228230209,
        70.95131620033715,
        65.98617446772371,
        77.55995657950243,
        58.360349176414324
    ],
    "low": [
        -98.3448491442119,
        -69.21878955851605,
        -88.40921955777469,
        -100.86090851218924,
        -101.1993617891602,
        -88.36268622115843,
        -96.25021471264373,
        -98.98210992287514,
        -101.7319205876901,
        -100.56942384895949,
        -77.22165893905694,
        -78.79108215062948,
        -90.70485439013596,
        -109.03487641998228,
        -100.59687293744454,
        -85.22024931177968,
        -105.73965136725246,
        -93.83785783840331,
        -107.61568453144528,
        -93.70981589606221,
        -95.56296636939831,
        -76.57442802344588,
        -89.7649224688856,
        -121.02760338724431,
        -101.26346110062312,
        -90.23845321369652,
        -100.79264512415904,
        -91.79760714341391,
        -109.42939299793031,
        -82.08287289818992
    ],
    "high": [
        123.26642155836035,
        89.34831964681732,
        87.28551156904476,
        110.37397611523079,
        122.62184567175677,
        106.84981318663782,
        114.10218144290108,
        115.7613236619662,
        114.89675240171644,
        115.72530951435348,
        107.76089838361536,
        103.15839215774298,
        110.24555246912769,
        139.18724063921266,
        113.5799165539153,
        97.38813811485545,
        115.98504215851456,
        98.76466193139713,
        124.74119914512761,
        108.1195189141178,
        119.4165214618565,
        108.46014376817395,
        118.3152643189282,
        135.79633413946834,
        115.16617598660461,
        110.4937152553662,
        112.0613034768524,
        106.16091625975723,
        123.25047674057697,
        92.99817463105305
    ],