{
    "sampler": "Metro",
    "value": 2.1,
    "means_array": [
        [
            -4.000000002,
            0.0,
            0.0,
            0.0,
            0.0,
            0.0,
            0.0,
            0.0,
            0.0,
            0.0,
            0.0,
            0.0,
            0.0,
            0.0,
            0.0,
            0.0,
            0.0,
            0.0,
            0.0,
            0.0,
            0.0,
            0.0,
            0.0,
            0.0,
            0.0,
            0.0,
            0.0,
            0.0,
            0.0,
            0.0
        ],
        [
            4.000000002,
            0.0,
            0.0,
            0.0,
            0.0,
            0.0,
            0.0,
            0.0,
            0.0,
            0.0,
            0.0,
            0.0,
            0.0,
            0.0,
            0.0,
            0.0,
            0.0,
            0.0,
            0.0,
            0.0,
            0.0,
            0.0,
            0.0,
            0.0,
            0.0,
            0.0,
            0.0,
            0.0,
            0.0,
            0.0
        ]
    ],
    "case": "Warmup Samples",
    "dim": 30,
    "samples": [
        [
            -25.84197028329755,
            -61.29008589399806,
            13.082977010328515,
            79.43370175906145,
            31.253425509127847,
            -35.24263623145817,
            -72.97952374646457,
            23.252888166044585,
            25.606680367273768,
            59.36879162875615,
            -31.6315505173396,
            27.922368260761775,
            93.23268728092641,
            -78.65441388353119,
            -80.27628407251406,
            11.022614477231276,
            -28.88898971465956,
            65.86054770602132,
            7.047600317797928,
            -0.42451736640604176,
            99.54295635507187,
            -26.385829761738748,
            1.2453993238709578,
            -36.93344331538369,
            -40.727247601279274,
            37.86539355798766,
            48.89623537015383,
            65.45743160371657,
            20.547668511489615,
            -91.77463680018423
        ],
        [
            73.15070094558057,
            -89.07244074611313,
            37.64567575213953,
            35.37613615274446,
            -1.7231828064369865,
            22.817212104322614,
            -49.21031202143549,
            47.682088568577335,
            -57.412175349787816,
            -84.10212824658214,
            -75.46653241299366,
            -20.843127058256446,
            -3.037475398628632,
            102.9839964891113,
            12.507579543486992,
            -25.821255065545767,
            61.9503188872218,
            2.152118522832055,
            26.58005262830379,
            13.025215376844624,
            83.5764355181507,
            21.185986101301605,
            -31.888483868638602,
            -40.21060248148827,
            -72.48551642075647,
            -39.678454687970905,
            -88.95451540029042,
            -14.817851129493292,
            40.93021186560215,
            -7.177437693416757
        ],
        [
            90.17002135573742,
            -67.83347200344329,
            -50.79489906355709,
            40.56751325429006,
            -120.98039436836925,
            -49.081744928161896,
            69.92040466382345,
            -52.39922679815084,
            -17.040101282114087,
            103.43720719239018,
            -21.96615055442839,
            66.69613860001148,
            -32.61888781040158,
            108.02585640049928,
            59.09540531455699,
            33.97876586458756,
            -27.25842932836764,
            33.90603258780336,
            24.449086598669766,
            56.75132717298739,
            84.69241036440933,
            44.20853496971517,
            -59.51103468733956,
            -41.57432688575103,
            42.079668008689175,
            27.197477285446265,
            93.34475319930654,
            -36.60496863101857,
            -47.556847235892185,
            31.091597495002688
        ],
        [
            -60.51010738414313,
            70.45170588958912,
            73.10517539332291,
            -74.24456756400153,
            12.665709750449231,
            71.21258074519358,
            42.74527939068359,
            -40.47002922312578,
            96.0092825974219,
            45.757268319410045,
            68.36151190676313,
            -6.503630940422213,
            -65.45373983626446,
            -50.20116407592232,
            51.416920465418386,
            -14.465989998057182,
            59.39823967090985,
            -64.50319230300494,
            90.27740465338486,
            -5.556173548408065,
            59.29296070936544,
            -23.938463813874474,
            6.246457886271484,
            47.87631456383197,
            -15.11581556044191,
            81.36401040579918,
            50.42965885278931,
            -33.03789839004584,
            21.38515516563104,
            -60.76085400370394
        ]
    ]
}