mm,mean_rmse_t_stat,mean_rmse_p_value,mean_rmse_paired_cohens_d
5,3.222009467964847,0.008129954355129193,0.9301140168305138
8,5.844009064888253,0.00011186235341641242,1.687020103379923
10,16.765029287833897,3.5150902396873947e-09,4.83964708615143
12,161.1476929085552,6.586396027905989e-20,46.51933194002075
15,231.92863485089765,1.2014278381223725e-21,66.9520298819741
18,162.3236984454959,6.080301452960497e-20,46.858815496681345
