mm,mmd_rff_t_stat,mmd_rff_p_value,mmd_rff_paired_cohens_d
5,3.270997718547109,0.007451962441778562,0.9442557066609125
8,5.780785229920474,0.00012269589492642927,1.6687689543109991
10,16.902474494289745,3.223122126079031e-09,4.879324099624484
12,113.49306280660241,3.1081501212531573e-18,32.762625181273506
15,138.78400542206964,3.4045065519178436e-19,40.0634914448232
18,76.41713971345918,2.3977207641459757e-16,22.05972809213345
