mm,var_rmse_t_stat,var_rmse_p_value,var_rmse_paired_cohens_d
5,5.58949349557702,0.00016284608430977747,1.6135477871525277
8,3.439754600895102,0.005527064441651359,0.9929716223865205
10,7.570406713582497,1.0996364018897568e-05,2.1853881769809025
12,390.64311752560377,3.884237212366856e-24,112.76895453024098
15,555.2795444422115,8.115953261605219e-26,160.2953972296018
18,464.68878455645904,5.7563899692582715e-25,134.14409742653584
