mm,ws_t_stat,ws_p_value,ws_paired_cohens_d
5,-0.1146923837899227,0.9107557100254172,-0.03310883932755587
8,2.308521012941471,0.0414063630566675,0.6664126141258329
10,1.788249825362384,0.10128058795116385,0.5162232590256368
12,2.349808759535905,0.038500277154315636,0.6783313599310977
15,2.7284044111671584,0.0196342650787635,0.7876225106227607
18,1.9954056911769942,0.0713633371736788,0.5760240064717744
