{
    "sampler": "DEMetro_Z",
    "value": 16,
    "means_array": [
        0,
        16
    ],
    "case": "Posterior Samples",
    "dim": 1,
    "samples": [
        15.040345075007611,
        15.280341934915654,
        -1.36438090985432,
        -2.0072522147174308
    ]
}