{
    "sampler": "DEMetro_Z",
    "value": [
        4.618802,
        0.0
    ],
    "means_array": [
        [
            4.618802,
            0.0
        ],
        [
            -2.309401,
            4.0
        ],
        [
            -2.309401,
            -4.0
        ]
    ],
    "case": "Posterior Samples",
    "dim": 2,
    "samples": [
        [
            -2.289624926438893,
            6.519360653366098
        ],
        [
            -3.059367776422868,
            -3.069551992637758
        ],
        [
            4.558674625757422,
            -1.0542278386667518
        ],
        [
            -3.8751583359785156,
            3.632699882622589
        ]
    ]
}