run_id,alpha,sampler,wasserstein_distance,mmd_rff,r_hat,ess,runtime
5,0,HMC,0.018985946925502824,0.010059897367264434,1.0004858567810617,3337.647308421418,1.2083418369293213
5,2,HMC,0.012214026531149004,0.0049235560795994815,1.002127846201701,3533.083763338686,1.4450509548187256
5,4,HMC,0.015525224772859007,0.008163962500387601,1.0031196259103408,1823.2602162502671,1.472149133682251
5,6,HMC,0.008047483383205628,0.003306669803783031,1.001556094895031,1843.870315271596,1.8233792781829834
5,8,HMC,0.022238380764631256,0.013269920538675014,1.0031450644935354,1954.7484512312776,1.590315341949463
5,10,HMC,0.009289209091115119,0.004561603322403845,1.0019062622084844,1715.6943080097283,1.934600830078125
5,80,HMC,0.03442380725168186,0.01970059797312765,1.002356842840265,881.4515942347098,1.7208449840545654
5,100,HMC,0.020070842738399316,0.015234092305195289,1.0027206428138544,945.9325185150617,1.8728229999542236
