{
    "sampler": "Metro",
    "value": 15,
    "means_array": [
        [
            0.0,
            0.0,
            0.0,
            0.0,
            0.0,
            0.0,
            0.0,
            0.0,
            0.0,
            0.0,
            0.0,
            0.0,
            0.0,
            0.0,
            0.0
        ]
    ],
    "case": "Posterior Samples",
    "dim": 15,
    "samples": [
        [
            -4.393549316086365,
            10.65945128588364,
            4.9971193399861225,
            0.28686223025337837,
            5.238866319817746,
            -5.652801050933796,
            -4.6572111891157855,
            0.6252793459712618,
            5.530153922744524,
            5.548087832434009,
            0.6681120477718121,
            5.800641943893497,
            0.4917530676175841,
            -1.9220996529552266,
            6.277806159572343
        ],
        [
            -0.1261826557179222,
            2.4700240304467567,
            -0.4508673013914324,
            5.198411840054969,
            4.204262199068079,
            1.2222047688363333,
            -0.8636287823198697,
            3.7919046526409637,
            3.418920527020724,
            -0.4288723831044311,
            -2.826878511605919,
            -4.272226827832298,
            -0.76137149788426,
            -0.6024297617717371,
            -1.8462895160695174
        ],
        [
            -0.4111868854171433,
            0.013767309696348873,
            -1.0974092322961018,
            1.1621014037269306,
            -0.22118469035787514,
            -0.6136515414321231,
            -0.33740601774281664,
            -0.5043164753714175,
            -0.5331304509738464,
            -0.7592151316580289,
            -0.24987823157828837,
            -0.4138988420764867,
            -0.48465763899258074,
            -0.9223209260676204,
            0.2028664313521611
        ],
        [
            9.892170970832792,
            -6.732719111127871,
            2.913173692922361,
            1.2773348337129065,
            11.426056010165182,
            13.637497234383707,
            6.343503433146811,
            18.186738551967576,
            -3.525310789212984,
            4.537577523013168,
            3.002744013362262,
            3.1869654920199384,
            9.538747809647052,
            -2.845427724351275,
            -17.63404637951964
        ]
    ]
}