mu,mmd_rff_t_stat,mmd_rff_p_value,mmd_rff_paired_cohens_d
"(0.0, 0.0, -5.163978, 0.0, 0.0)",27.08986375081018,3.8386323095974957e-22,4.945909818686748
