mu,mmd_rff_t_stat,mmd_rff_p_value,mmd_rff_paired_cohens_d
"(0.0, 0.0, -5.163978, 0.0, 0.0)",14.534843628521418,7.548691169364125e-15,2.6536872417171398
