run_id,dimension_corr,sampler,wasserstein_distance,mmd_rff,r_hat,ess,runtime
22,2,Metro,0.058992893990920316,0.04158247145987597,1.0195776738154885,113.0240537343797,1.1630747318267822
22,5,Metro,0.17089140657218505,0.1089980227198938,1.2118017416763347,13.148383813475077,1.3323824405670166
22,10,Metro,0.09403422880712946,0.08360643340652599,1.28301743731104,11.595513255154556,1.6366243362426758
22,15,Metro,0.2696170779119252,0.09631547789628095,1.2182048331515036,13.755741977060781,1.951472282409668
22,20,Metro,0.12079062166570306,0.07906276606633396,1.3228002349230128,10.805713130274185,2.2416059970855713
