run_id,mu,sampler,wasserstein_distance,mmd_rff,r_hat,ess,runtime
6,8,HMC,1.2462725903537413,0.16138879851239155,1.0703297027793526,39.75916166462672,1.7721436023712158
6,10,HMC,2.9970623626677098,0.32597742688836406,1.0017612397408973,3486.9216049295974,1.5249457359313965
6,12,HMC,5.442917285413801,0.49306710102178325,1.529536472823617,7.1393608321177435,1.5416839122772217
6,14,HMC,6.315312480249837,0.4984391267248709,1.5288845271768214,7.169262594213762,1.8138787746429443
6,16,HMC,3.1923904776209304,0.20982922946638127,1.7332044978493624,6.097862940069371,1.7892653942108154
6,18,HMC,5.332872639720331,0.3110676532766217,1.0020798090920573,3254.8843048474637,1.6026153564453125
6,20,HMC,0.8512147118526041,0.05004410675971061,1.5298375087232723,7.174189943954222,1.5412681102752686
6,22,HMC,9.967870427144515,0.4789865518390892,1.5301107598527357,7.149347537608156,1.8274967670440674
6,40,HMC,17.947273967110803,0.480939920811337,1.5298287196529308,7.175249072083202,1.567152738571167
