nu,sampler,wasserstein_distance,swd_zscore,r_hat,ess,runtime
1,DEMetro,2.952970779722243,-0.3374551074277524,1.085709159468509,91.13119031766044,3.5108537673950195
2,DEMetro,0.9270689706189461,10.860253144528212,1.054256719145391,114.4127179144965,4.160144805908203
5,DEMetro,0.5164424455927098,8.534407192360668,1.0764135528504661,119.07216615645838,4.9509596824646
10,DEMetro,0.12237850321436909,-0.09717442965419253,1.08418724426506,42.14669744072299,10.5756094455719
