nu,sampler,wasserstein_distance,swd_zscore,r_hat,ess,runtime
1,HMC,2.3119609184764798,-0.4110343319447578,1.03916563696991,102.35946051554644,4.579274415969849
2,HMC,0.4032943988817815,2.6790869190647677,1.0786861159438341,73.45908261390294,3.975935459136963
5,HMC,1.008091903777689,18.68552714237472,1.0556474290137912,93.41071790562965,4.515826940536499
10,HMC,0.580548972667176,6.11923430346668,1.173171756731344,16.84739865727192,12.224324941635132
