run_id,mu,sampler,wasserstein_distance,mmd_rff,r_hat,ess,runtime
52,"(10.0, 0.0)",Metro,5.150383161603689,0.30533952262947117,2.01595897464134,5.394145064751083,5.310900449752808
