run_id,mu,sampler,wasserstein_distance,mmd_rff,r_hat,ess,runtime
35,"(0, 0, 0, 0, 0)",SMC,0.025753728672533383,0.020131176104740342,1.0016293178364726,3549.9324214202265,1.8056631088256836
