{
    "sampler": "HMC",
    "value": 2.1,
    "means_array": [
        [
            0.0,
            0.0
        ]
    ],
    "case": "Warmup Samples",
    "dim": 2,
    "samples": [
        [
            -54.52909796053759,
            -61.756850505563996
        ],
        [
            72.16548013391198,
            49.535383505085264
        ],
        [
            -15.502273171388667,
            69.6834963651951
        ],
        [
            4.539030269089944,
            -55.92693117663925
        ]
    ]
}