{
    "sampler": "Metro",
    "value": 0,
    "means_array": [
        0
    ],
    "case": "Posterior Samples",
    "dim": 1,
    "samples": [
        -0.8444295473343939,
        0.6243717888156346,
        0.2132036408072574,
        0.6757628394444237
    ]
}