{
    "run_id": 1,
    "case": "unimodal",
    "dim": 2,
    "low": [
        -100.0,
        -100.0
    ],
    "high": [
        100.0,
        100.0
    ],
    "means_array": [
        [
            0.0,
            0.0
        ]
    ],
    "samples": [
        {
            "posterior": [
                5.015448380228321,
                95.36615863581997
            ]
        },
        {
            "posterior": [
                -2.531519198085718,
                61.37623138381937
            ]
        },
        {
            "posterior": [
                18.865968501981186,
                46.48290596488144
            ]
        },
        {
            "posterior": [
                -68.51812901646741,
                53.427184110304694
            ]
        }
    ]
}