{
    "sampler": "Metro",
    "value": 80,
    "means_array": [
        0
    ],
    "case": "Warmup Samples",
    "dim": 1,
    "samples": [
        22.63871690470033,
        70.13394657685626,
        84.4199912258938,
        -25.428527799090638
    ]
}