{
    "sampler": "DEMetro_Z",
    "value": 5,
    "means_array": [
        [
            0.0,
            0.0,
            0.0,
            0.0,
            0.0
        ]
    ],
    "case": "Posterior Samples",
    "dim": 5,
    "samples": [
        [
            -0.1663165118887715,
            -12.838365807549856,
            -3.626793828158732,
            -9.117512225748916,
            3.1829856847801112
        ],
        [
            -36.96039176469175,
            40.633389009408475,
            -19.173893290284205,
            30.29015678594997,
            -7.354372553478947
        ],
        [
            22.425353720692254,
            52.036308657068496,
            42.8177327717524,
            11.477914440271418,
            -18.20497522463653
        ],
        [
            4.74628585655226,
            0.2639960193987967,
            7.263838455117064,
            -6.19073171864909,
            0.7153577733204026
        ]
    ]
}