{
    "sampler": "HMC",
    "value": 4,
    "means_array": [
        [
            0.0,
            0.0
        ]
    ],
    "case": "Warmup Samples",
    "dim": 2,
    "samples": [
        [
            -13.663252240597323,
            -51.15426876524665
        ],
        [
            15.448365567346881,
            -13.435885740206707
        ],
        [
            18.259053933318064,
            -54.52144705417502
        ],
        [
            36.27936655190779,
            27.447190640850597
        ]
    ]
}