{
    "run_id": 1,
    "case": "multimodal",
    "dim": 2,
    "means_array": [
        [
            0.0,
            0.0
        ],
        [
            16.0,
            0.0
        ]
    ],
    "min_mode": [
        0.0,
        0.0
    ],
    "max_mode": [
        16.0,
        0.0
    ],
    "border": [
        23.927222582414206,
        20.0
    ],
    "low": [
        -28.088577716508265,
        -30.053599056418502
    ],
    "high": [
        43.69309003073435,
        29.946400943581498
    ],
    "samples": [
        {
            "posterior": [
                16.208973098003984,
                9.980340670560164
            ]
        }
    ]
}