run_id,nu,sampler,wasserstein_distance,mmd_rff,r_hat,ess,runtime
17,0.5,Metro,4742.416435354395,0.09154384771429547,1.0564814603559975,55.97486562844407,0.9947566986083984
17,1.0,Metro,2.191033822490497,0.055838038551896015,1.0163476423041267,509.63575086255895,1.0205256938934326
17,2.0,Metro,0.20219554912510324,0.03411499578048982,1.0164990247834045,500.1570366170323,1.0045092105865479
17,5.0,Metro,0.09424544656924999,0.042688399406725204,1.0143882109494813,672.9871788145824,1.1029224395751953
17,10.0,Metro,0.03917502824640054,0.01652408598879858,1.0078534729248088,735.8457362610677,1.0164480209350586
17,30.0,Metro,0.0532523729655896,0.025107947072783247,1.0017910419329017,1021.6371009089194,0.9654953479766846
17,100.0,Metro,0.054016059974381345,0.028763120584288995,1.0097494973203418,770.4016861849931,1.3411297798156738
17,500.0,Metro,0.06457837989974313,0.041363778149714855,1.0126279619936103,758.5487660001206,0.97837233543396
