run_id,mu,sampler,wasserstein_distance,mmd_rff,swd_zscore,r_hat,ess,runtime
2,8,Metro,0.44342345158499563,0.06161956421197082,10.117615996007581,1.1922023088858065,21.41503743323423,1.76115083694458
2,10,Metro,1.6897403107246878,0.1764105493888247,22.375746863034465,1.246742803706669,17.85836701132444,1.4714727401733398
2,12,Metro,0.5519374628345332,0.05424740501488327,8.997259255972923,1.5878435811693636,10.196618481443137,1.7485289573669434
2,14,Metro,5.219256565304825,0.3765130029416181,73.49281919212862,1.6211443672409196,9.952444090961997,1.72568678855896
2,16,Metro,0.4962433678669258,0.037519198983118854,4.32542039263141,1.621731403240459,10.002346602805384,1.5315067768096924
2,18,Metro,2.4023003794109674,0.15559055559759044,29.88220462852577,1.382413345851803,13.212513969541137,1.9231243133544922
2,20,Metro,10.624682171745526,0.6267212212180994,88.56927098933832,1.3804803013314895,13.323410258119479,1.4976534843444824
2,22,Metro,11.711661124296986,0.6048853792681096,107.97528071370033,1.3825387582984763,13.112943083022312,1.5301668643951416
