run_id,mu,sampler,wasserstein_distance,mmd_rff,r_hat,ess,runtime
26,"(0, 0, 0, 0, 0)",SMC,0.029365145483928153,0.024372561924286506,1.001387938517414,3646.605297894382,1.850412130355835
