run_id,nu,sampler,wasserstein_distance,mmd_rff,r_hat,ess,runtime
30,0.5,HMC,2627.96726369197,0.1371052494070141,1.2787773967232117,507.19048777196537,6.116612434387207
30,1.0,HMC,6.174910547888106,0.0136290331479766,1.0118100269864565,1277.709283757703,2.178288698196411
30,2.0,HMC,0.19090904163782857,0.031029288930835404,1.0016577648025278,2355.1112451513673,1.2602617740631104
30,5.0,HMC,0.05390172590858093,0.01088809620433089,1.0017233990476044,2921.3832102679557,1.254533290863037
30,10.0,HMC,0.0408070763665372,0.01228922640467593,1.0005163395551724,2965.4494347524314,1.1434483528137207
30,30.0,HMC,0.020105737539469985,0.010091693462400051,1.0013517594083832,3245.295061360333,1.1794612407684326
30,100.0,HMC,0.027131056486404053,0.014210519130777876,1.0006121243033623,3316.3556442735976,1.1654541492462158
30,500.0,HMC,0.01971199390845914,0.010986334390152227,1.000928759604124,3207.721455731401,1.1545794010162354
