{
    "sampler": "DEMetro",
    "value": [
        -5,
        0,
        5
    ],
    "means_array": [
        [
            -5,
            0,
            5
        ]
    ],
    "case": "Warmup Samples",
    "dim": 3,
    "samples": [
        [
            -4.999686110694207,
            -0.24330428746933183,
            5.2030138065981
        ],
        [
            -5.2624669020976595,
            0.7230875699770617,
            5.237804568667537
        ],
        [
            -5.667600540212329,
            0.2008624657111059,
            4.9711828211200695
        ],
        [
            -6.160120036944107,
            0.7601377046585109,
            4.491646610741643
        ],
        [
            -4.944255895294795,
            0.19139715787163025,
            5.008390103005504
        ]
    ]
}