{
    "sampler": "HMC",
    "value": 2,
    "means_array": [
        [
            0.0,
            0.0
        ],
        [
            8.435414670801254,
            -28.789647085916688
        ]
    ],
    "case": "Warmup Samples",
    "dim": 2,
    "samples": [
        [
            -2.450053014578086,
            -5.19226517582203
        ],
        [
            28.48672609167805,
            0.7596271310382958
        ],
        [
            -20.371418264294157,
            -24.40529394477884
        ],
        [
            0.7551348033704268,
            12.184133322206087
        ]
    ]
}