{
    "sampler": "DEMetro_Z",
    "value": 6,
    "means_array": [
        0,
        6
    ],
    "case": "Warmup Samples",
    "dim": 1,
    "samples": [
        -6.594127394409353,
        11.165291375278493,
        -1.0431331296032789,
        2.8575344995303738
    ]
}