{
    "sampler": "Metro",
    "value": 2,
    "means_array": [
        0
    ],
    "case": "Warmup Samples",
    "dim": 1,
    "samples": [
        27.029697137025494,
        -9.666004883485343,
        -97.14727909053154,
        7.587717524052444
    ]
}