{
    "sampler": "Metro",
    "value": 0.0,
    "means_array": [
        [
            0.0,
            0.0
        ]
    ],
    "case": "Warmup Samples",
    "dim": 2,
    "samples": [
        [
            -106.04273987234461,
            176.43164605227363
        ],
        [
            11.01242169377873,
            102.74104867300417
        ],
        [
            78.62991651157235,
            101.9010524561791
        ],
        [
            -157.80182345661706,
            -5.6954596332410805
        ]
    ]
}