{
    "sampler": "Metro",
    "value": 2.1,
    "means_array": [
        [
            0.0,
            0.0,
            0.0,
            0.0,
            0.0,
            0.0,
            0.0,
            0.0,
            0.0,
            0.0,
            0.0,
            0.0,
            0.0,
            0.0,
            0.0,
            0.0,
            0.0,
            0.0,
            0.0,
            0.0,
            0.0,
            0.0,
            0.0,
            0.0,
            0.0,
            0.0,
            0.0,
            0.0,
            0.0,
            0.0
        ]
    ],
    "case": "Posterior Samples",
    "dim": 30,
    "samples": [
        [
            -1.5333091934799032,
            7.014684736995003,
            -8.648280136658098,
            10.206935745151254,
            3.519353798544688,
            0.5716108786490621,
            -21.240960571131424,
            12.879338972561694,
            18.189906783036072,
            24.2646451534348,
            -8.195204746644755,
            0.9345409209972879,
            -5.458080275603013,
            -14.350110727195446,
            4.046073744560939,
            4.969750898563747,
            3.1932036835163093,
            9.42122735242297,
            -12.091914142017531,
            0.4544758348490916,
            7.667301736623044,
            4.321444684468975,
            9.851333066329165,
            -0.9700049773359938,
            -13.116658182900824,
            7.4913599942188185,
            -24.042455091379217,
            3.8816805948827113,
            -14.291682886151666,
            12.572922326383754
        ],
        [
            -1.865083691053424,
            -4.550087326692582,
            2.2997556893201736,
            -2.3515976206380524,
            0.25305621433676695,
            0.8612644919085424,
            -0.9730830880495565,
            -0.22800950142759424,
            -0.29322414559070953,
            0.6456034271840316,
            -0.8406631418683146,
            -0.857390884657196,
            1.8308065540415535,
            0.6756291284541791,
            1.2280174482344794,
            1.9292286652092883,
            1.5459239687407056,
            -1.5552119777875153,
            -4.365968755980045,
            1.4383493670613239,
            -0.5667138025676259,
            -4.500097116373611,
            0.3646527927886892,
            -1.8537457642284227,
            3.4058943890326896,
            0.6910520977062438,
            -0.5981009642413532,
            -0.006286964725143951,
            -2.268638933512386,
            0.6225722908629274
        ],
        [
            -5.588799112046715,
            10.245030157972028,
            3.6510153054349943,
            5.237727062305144,
            -5.812135929802523,
            -6.132675057400913,
            -0.40488810185555835,
            27.80102305086089,
            5.095757983900725,
            5.094402550163949,
            6.362553528603524,
            7.916727209982001,
            4.100642431914498,
            2.3468185680262903,
            1.219936503882926,
            1.351211295276841,
            7.060742659277493,
            -4.165792330708822,
            -17.740240890573844,
            0.49909051099604107,
            0.33777107774246673,
            4.5144254972027955,
            -25.930276779696356,
            2.2216665879871855,
            -12.09954082256499,
            0.5795432630491337,
            4.191921034489436,
            20.636949025097117,
            2.312505795563629,
            -9.02128256281704
        ],
        [
            2.644731773748931,
            -4.914438482648292,
            -1.145056474516499,
            -3.9863059904495666,
            -0.5874256879996458,
            -2.1781580982120605,
            -1.2111138631977991,
            3.528789999386393,
            2.5595601558176955,
            -1.1541052315334408,
            -0.6916852668354407,
            -1.2480202863215166,
            0.21514172908151075,
            1.1392231242110478,
            2.8683484194815034,
            -3.635574322435124,
            1.5613571926609908,
            -3.475572302670808,
            -1.3382703835611003,
            -1.1491308721914537,
            3.516649360329315,
            -0.23895053531841132,
            1.121502456967546,
            1.965437963886815,
            0.4670230695947182,
            1.040018210569488,
            0.4441605292396585,
            2.5113663415143486,
            -1.825644273192582,
            4.389753288391421
        ]
    ]
}