mu,sampler,wasserstein_distance,r_hat,ess,runtime
"(-10, 10)",DEMetro,0.01939079691695297,1.0039690751309853,5476.611292656142,8.312422275543213
"(0, 0)",DEMetro,0.021921287449874757,1.0032240841897888,5322.752699146129,8.344327688217163
"(20, -20)",DEMetro,0.02756996136803323,1.0034069217959396,5534.181224484334,8.896310567855835
"(50, -50)",DEMetro,0.01300666017439625,1.00358725751872,5235.554305354907,8.555094957351685
