run_id,nu,sampler,wasserstein_distance,mmd_rff,r_hat,ess,runtime
5,0.5,HMC,2801.80631840823,0.03643361976930316,1.0419697997027806,94.00011729022641,17.10982847213745
5,1.0,HMC,8.18506110184731,0.03443229259956822,1.0042713692405507,1157.3966728088585,2.5621752738952637
5,2.0,HMC,0.13897361845639705,0.018720687046671663,1.0017923767528683,2119.3373601375333,1.279968023300171
5,5.0,HMC,0.04802972327306874,0.014252165287346288,1.0008713351899259,3279.165805631009,1.2001910209655762
5,10.0,HMC,0.028233363852565873,0.009094437947273258,1.0004601318917208,3201.3855958103222,1.1513655185699463
5,30.0,HMC,0.020149992359023604,0.006629747116501261,1.0010012692139356,3203.2370566225914,1.1482510566711426
5,100.0,HMC,0.02605029311091952,0.01367859961205435,1.0008967958966641,3007.5094707760904,1.162602424621582
5,500.0,HMC,0.015253201614536388,0.005861208619966053,1.0008984850262932,3472.435779233554,1.1423745155334473
