run_id,mu,sampler,wasserstein_distance,mmd_rff,swd_zscore,r_hat,ess,runtime
16,"(10, 10)",HMC,1.823301798267329,0.15702362418064367,42.51774621704513,1.7075744164210362,9.294129299024716,4.385545015335083
16,"(20, 20)",HMC,9.869702778273178,0.41227485154244176,118.99260783384224,1.3760829663670273,13.105911331305132,4.649733543395996
16,"(5, 5)",HMC,0.19031001373341547,0.035954559961212315,8.294247395888645,1.1198883362263812,35.18362779329029,4.699095010757446
16,"(50, 10)",HMC,6.480013400872436,0.14962716304437115,50.656182959001264,1.7068569654451424,9.308271653555444,4.332489728927612
