dimension,var_rmse_t_stat,var_rmse_p_value,var_rmse_paired_cohens_d
2,0.8840235412611228,0.4699406693206204,0.5103912295170755
4,-1.66353512109911,0.23810785398245982,-0.9604424499729679
8,-11.57527286823698,0.007380885975033456,-6.682986906419992
30,-11.77467780387474,0.00713565792237533,-6.798113399688193
