dimension,var_rmse_t_stat,var_rmse_p_value,var_rmse_paired_cohens_d
2,1.0312372468932678,0.4108129751748668,0.5953851020921967
4,1.2616139181382164,0.33430042859041786,0.7283931352504778
8,1.4527744591092457,0.2834474651665954,0.838759725038536
30,1.6147858118410319,0.24771797073372964,0.9322970231500082
