dimension,mean_rmse_t_stat,mean_rmse_p_value,mean_rmse_paired_cohens_d
2,1.9964786837495685,0.18398345436586286,1.152667505494163
4,-0.7480598379678448,0.532425478870796,-0.43189254882068306
8,-3.708007173470697,0.0656497617590371,-2.1408189397603703
30,-6.555735313897539,0.022486068722165055,-3.7849555482146804
