nu,ws_t_stat,ws_p_value,ws_paired_cohens_d
2.1,-60.00669293372221,5.68975148498773e-32,-10.955673107028502
3.0,-263.9295835643855,1.3998393626337533e-50,-48.18672883705289
4.0,-299.9945305915111,3.4160063169877484e-52,-54.771257177714745
5.0,-360.56832699564995,1.6510870686648976e-54,-65.83046873913881
30.0,-111.73195610216597,9.130280223379315e-40,-20.3993709171111
