nu,ws_t_stat,ws_p_value,ws_paired_cohens_d
2.1,-29.760431061948644,2.7534793776228496e-23,-5.433486471235566
3.0,-48.17081332611101,3.1285414476253447e-29,-8.794747024027153
4.0,-41.445816928604906,2.305692693852537e-27,-7.566936282008796
5.0,-63.90692573539666,9.284508219301046e-33,-11.667754935361392
30.0,-31.609986421184008,5.040855161664156e-24,-5.7711675351048255
