nu,mmd_rff_t_stat,mmd_rff_p_value,mmd_rff_paired_cohens_d
2.1,-27.75576982491507,1.946806593827849e-22,-5.067487078009067
3.0,-46.3816963474314,9.249380495788793e-29,-8.46810044828105
4.0,-51.37281004528894,4.942000246098547e-30,-9.379348968077581
5.0,-68.00937926285724,1.5459050362438055e-33,-12.416757048063658
30.0,-47.59441954911948,4.416919974250339e-29,-8.689512399472532
