{
    "sampler": "HMC",
    "value": 15,
    "means_array": [
        [
            0.0,
            0.0,
            0.0,
            0.0,
            0.0,
            0.0,
            0.0,
            0.0,
            0.0,
            0.0,
            0.0,
            0.0,
            0.0,
            0.0,
            0.0
        ]
    ],
    "case": "Posterior Samples",
    "dim": 15,
    "samples": [
        [
            -0.08340008603373239,
            0.08588980896205851,
            0.52727339114809,
            0.1900367383465211,
            0.058090050057471504,
            0.05623982704271437,
            0.4641767752915112,
            -0.04109512139106941,
            -0.044232293459359334,
            0.5201259649327257,
            -0.3222502329953608,
            -0.30397497380156246,
            0.4317018599765477,
            -0.11040775635144558,
            0.11750858591067165
        ],
        [
            0.9865546150126162,
            0.6535406465258488,
            0.953413753944933,
            1.081150692831652,
            0.3123377870998612,
            0.9388770505710754,
            1.3446332820355862,
            0.8579182876363135,
            0.8377223578761476,
            0.7803548189008207,
            1.5019554087668754,
            1.497084459440477,
            1.084577652574997,
            0.40354478833758367,
            0.847560859674601
        ],
        [
            1.833577602959766,
            2.4985262368570558,
            1.9903380339484706,
            2.5979453790738347,
            2.160896246624018,
            1.8978711115000704,
            2.004206192213588,
            2.3568236579414084,
            2.5082885660152607,
            2.174239761505286,
            2.648067144697653,
            2.5430092257003105,
            1.941890629741518,
            2.2799216197009664,
            2.3256329575144123
        ],
        [
            0.008450544028645585,
            0.246689768853419,
            0.5463323339027436,
            0.03814375550544005,
            -0.10901920039203881,
            0.5174261361220517,
            0.07710373155254086,
            0.28642928528282896,
            0.021316693211362727,
            -0.02228134905011638,
            0.14737842841307705,
            0.15873634874277281,
            0.21062236292715905,
            -0.5169811123399176,
            0.033051560113780444
        ]
    ]
}