{
    "sampler": "HMC",
    "value": [
        10,
        -10
    ],
    "means_array": [
        [
            0,
            0
        ],
        [
            10,
            -10
        ]
    ],
    "case": "Posterior Samples",
    "dim": 2,
    "samples": [
        [
            -0.061083296897535146,
            0.0718176603823584
        ],
        [
            10.297447748548509,
            -9.496132624878094
        ],
        [
            9.601116856079217,
            -9.33344898737393
        ],
        [
            9.986015930646914,
            -12.415705191456972
        ],
        [
            10.657217150714652,
            -9.632801507029603
        ],
        [
            10.96475898738327,
            -10.383629899398347
        ]
    ]
}