run_id,mu,sampler,wasserstein_distance,mmd_rff,r_hat,ess,runtime
57,"(0, 0, 0, 0, 0)",SMC,0.017207983082394216,0.01588569456771791,1.0011804047124122,3767.8076396621364,2.199192523956299
