{
    "sampler": "HMC",
    "value": 15,
    "means_array": [
        [
            0.0,
            0.0
        ],
        [
            15.0,
            0.0
        ]
    ],
    "case": "Warmup Samples",
    "dim": 2,
    "samples": [
        [
            168.77593098879564,
            -33.401246532921
        ],
        [
            234.412060066392,
            -27.934164485015177
        ],
        [
            1.6965069337809382,
            23.317900378854535
        ],
        [
            22.19201374583165,
            6.2613848035405315
        ]
    ]
}