{
    "sampler": "DEMetro_Z",
    "value": 30,
    "means_array": [
        [
            0.0,
            0.0,
            0.0,
            0.0,
            0.0,
            0.0,
            0.0,
            0.0,
            0.0,
            0.0,
            0.0,
            0.0,
            0.0,
            0.0,
            0.0,
            0.0,
            0.0,
            0.0,
            0.0,
            0.0,
            0.0,
            0.0,
            0.0,
            0.0,
            0.0,
            0.0,
            0.0,
            0.0,
            0.0,
            0.0
        ]
    ],
    "case": "Posterior Samples",
    "dim": 30,
    "samples": [
        [
            -32.847319306737134,
            30.90475029187379,
            71.99180310001832,
            -58.681841729048166,
            94.76512840542648,
            52.36129487534278,
            86.1282429081626,
            69.15878478823883,
            35.058170698333846,
            21.956465943804286,
            7.539336849535832,
            26.750858109329645,
            -19.173225960407475,
            -20.091723629463036,
            -37.01680738620026,
            26.527859250130817,
            -15.312985626142684,
            -29.856207096472122,
            33.53026811542119,
            -8.326298559426325,
            -18.025198228185378,
            -18.948239956853925,
            -70.36132248596205,
            -92.31259575788316,
            73.40108770178696,
            -47.0592633007759,
            -15.523200327427485,
            -37.112705558248365,
            -72.95511566983654,
            34.7048773384961
        ],
        [
            33.308150679891696,
            -70.2788012688666,
            1.3270464492066767,
            -59.45354024210135,
            19.140031203300843,
            -57.12980695109763,
            -112.7451194880572,
            50.997987142071786,
            -79.67666283055823,
            -27.503227577681525,
            27.163827852502383,
            -62.21365104243243,
            -10.067807398700133,
            -26.572914882566927,
            68.60534100161354,
            -25.103286910075735,
            -8.749629487909917,
            107.14453357295056,
            -21.951649934552957,
            34.146454852074164,
            -16.116634174638943,
            47.07458597770968,
            -93.40716725436153,
            10.339419135873282,
            70.85612532426735,
            -65.4029305184945,
            19.702689489084285,
            -90.89822012340304,
            70.49593394333719,
            100.3337685558134
        ],
        [
            29.66703224108552,
            44.661878367332044,
            61.72577418574468,
            56.34276906227089,
            80.9292439681674,
            6.002890850884465,
            -36.13523720682585,
            50.01865082614396,
            92.74029292018669,
            71.7265551897059,
            -90.57385427696752,
            -87.04279701549588,
            -90.09687399062649,
            75.65015906602979,
            -18.968782627976935,
            30.404251642786445,
            53.812506374650454,
            78.86286810014805,
            12.48577690270355,
            18.398628983489054,
            92.24844365636044,
            70.31905294154797,
            6.871867666619591,
            6.512786262147485,
            24.98882558244776,
            -43.05474275037332,
            -27.689472322986816,
            -83.79834056344372,
            -30.34105902953527,
            1.3838547278595381
        ],
        [
            -52.302126188221315,
            29.243910425967105,
            -108.02288761897793,
            12.250205296802473,
            -74.44162306341639,
            82.5550666450067,
            30.634241844945556,
            -59.52861886589839,
            51.56056699034715,
            -76.15168181530048,
            -48.40482841829008,
            70.92813538650468,
            -45.24442575967689,
            -3.234170585753477,
            -35.7519700381388,
            -117.81227775979436,
            29.431747964747025,
            5.8922271434019295,
            -38.37875011357468,
            -64.8094903951459,
            -49.48174066807188,
            61.20112985143651,
            -30.94858889646278,
            8.26233373008751,
            -65.16320913646204,
            44.80686599229517,
            -85.45799011044603,
            6.342193692099568,
            0.25988670497022404,
            28.330160582661524
        ]
    ]
}