{
    "sampler": "HMC",
    "value": 10,
    "means_array": [
        [
            0.0,
            0.0
        ]
    ],
    "case": "Warmup Samples",
    "dim": 2,
    "samples": [
        [
            1.1147472205368234,
            -11.96233760491876
        ],
        [
            7.0103919825665315,
            6.539849689111916
        ],
        [
            -6.571545430385584,
            10.72395917359989
        ],
        [
            6.244494973051679,
            13.875379574773728
        ]
    ]
}