{
    "sampler": "Metro",
    "value": 30,
    "means_array": [
        [
            0.0,
            0.0,
            0.0,
            0.0,
            0.0,
            0.0,
            0.0,
            0.0,
            0.0,
            0.0,
            0.0,
            0.0,
            0.0,
            0.0,
            0.0,
            0.0,
            0.0,
            0.0,
            0.0,
            0.0,
            0.0,
            0.0,
            0.0,
            0.0,
            0.0,
            0.0,
            0.0,
            0.0,
            0.0,
            0.0
        ]
    ],
    "case": "Warmup Samples",
    "dim": 30,
    "samples": [
        [
            66.01569847562499,
            54.06917910177148,
            -93.35267713717417,
            5.952647309651169,
            53.154694798779474,
            -97.68812093635002,
            -3.884991236857701,
            -76.95017806319848,
            30.66562255827371,
            -22.20760582170774,
            -10.607126074591221,
            -96.25971767649409,
            19.300162405574838,
            98.124416289599,
            46.14164457201981,
            12.325264480280222,
            86.12777369356053,
            28.32742036838252,
            -71.25765136206482,
            89.5483080744509,
            -79.48515037957301,
            -27.768869497608705,
            13.037244154701824,
            10.835529764925653,
            14.452237235224121,
            -52.38044169891409,
            -36.52940443169544,
            -13.278949519329132,
            -89.65929490728803,
            -78.70372452859647
        ],
        [
            -27.705177601372924,
            44.6739365973049,
            0.9339835388452606,
            -44.900684413695735,
            -54.464388713491154,
            40.73987653050631,
            32.61098824250607,
            26.665130184414167,
            82.9505623651979,
            42.461647533939505,
            -31.160039316842962,
            33.485157706951185,
            96.86531432979811,
            74.86638745951308,
            -98.58319655095836,
            64.1549743800343,
            -31.34350729898518,
            -37.35224814479719,
            15.524300279920576,
            -3.070369173957914,
            7.068272940271541,
            26.0143234391127,
            -45.193616121270196,
            27.844855267867725,
            26.560673364256914,
            80.79840946769815,
            8.36871818254289,
            63.078494569198995,
            -88.81247872321372,
            -78.69117701565251
        ],
        [
            -76.23888649772371,
            -33.11982102865389,
            66.61794146902074,
            23.148105048573257,
            4.144511284696932,
            -22.474531488833776,
            -95.25033169869221,
            58.853138270786026,
            64.12646646846272,
            97.98005540737364,
            42.755054924199406,
            -29.24900005722155,
            75.78651134349856,
            30.738813207981426,
            48.57728444193516,
            -1.3012943712805765,
            2.1139567782234807,
            -27.900169122484897,
            -51.221494278835586,
            -34.06703650317213,
            -59.588339768008034,
            55.553330727497354,
            -11.690809096595784,
            55.82091958577727,
            38.84097349724712,
            -85.56669938702355,
            86.75800632638342,
            19.089885079371467,
            32.22190084014534,
            17.969881332582236
        ],
        [
            81.00390416785089,
            -46.522210251397354,
            -92.36963702047598,
            -51.18221443833634,
            71.90969954358893,
            32.26286806996666,
            -92.85874843228233,
            92.09430928443804,
            36.46767437519668,
            -30.396938573822666,
            92.0197094452371,
            64.00859615665412,
            79.26954809597922,
            53.65320212189849,
            -81.90012226882952,
            38.04436830930281,
            -88.93048541871919,
            -55.75083884467932,
            74.53799230267904,
            -71.56740164877138,
            8.157670115502043,
            -37.003830530582206,
            94.56010987121499,
            -65.94186029218227,
            13.717875983992984,
            -19.723178180910033,
            30.992966544326777,
            76.15558415622883,
            -46.145343507115015,
            56.625472848954196
        ]
    ]
}