run_id,mu,sampler,wasserstein_distance,mmd_rff,r_hat,ess,runtime
41,8,Metro,0.24286555974038712,0.05172982299797388,1.073591444987422,35.28051067328788,1.0523951053619385
41,10,Metro,1.4426733819395072,0.1691670449987376,1.12106970668512,24.7602666669438,1.0708024501800537
41,12,Metro,2.5429286556906776,0.21353566917410052,1.7356317048395054,6.1947921672644455,1.1387321949005127
41,14,Metro,0.6515167270817018,0.0646615177735478,1.5342053457758853,7.244800589877526,1.443359136581421
41,16,Metro,0.774453416307119,0.05645403818630509,1.5317030890924885,7.316749257836336,1.1508803367614746
41,18,Metro,3.550676155025826,0.20869596662808354,1.7378076189883749,6.159047161767228,1.1310813426971436
41,20,Metro,4.020932722437855,0.21601294651765715,1.7419577648187279,6.2136861831056445,1.4384305477142334
41,22,Metro,15.320273406892422,0.7377418893770179,1.0051131693333262,814.0134846072363,1.0620207786560059
41,40,Metro,18.78225356507415,0.49215401545723625,1.5321158222736213,7.318660887744173,1.1232993602752686
