run_id,mu,sampler,wasserstein_distance,mmd_rff,r_hat,ess,runtime
26,"(10, 10)",HMC,4.588303555324977,0.28980592150131473,1.5532356486334291,6.981422026084074,3.0616559982299805
26,"(2, 2)",HMC,0.2961502429788155,0.06071985423301764,1.2379366273029948,12.470036283450618,3.2300028800964355
26,"(20, 20)",HMC,2.388047920806891,0.195639885161343,1.9016646727120314,5.612677932967954,3.423520565032959
26,"(40, 40)",HMC,6.581429028504062,0.12106241022611369,1.9503193394340064,5.517477179878033,3.095881700515747
26,"(5, 5)",HMC,1.5910161379984018,0.18542006262977948,1.36124267388031,9.351809271107934,3.386990547180176
