run_id,mu,sampler,wasserstein_distance,mmd_rff,r_hat,ess,runtime
26,"(10, 10)",SMC,0.10515018058805424,0.026804824893058722,1.0003799400909297,3988.104802435169,3.34344220161438
26,"(2, 2)",SMC,0.06280190618584312,0.020210109225069547,1.000389781485774,3699.114071856449,4.019759893417358
26,"(20, 20)",SMC,0.16475017768041908,0.018938910583033104,1.0007217384829044,3852.0825142689855,2.6399612426757812
26,"(40, 40)",SMC,0.42420075098794136,0.026634848990448955,1.000821548884672,4027.083346995226,3.9704742431640625
26,"(5, 5)",SMC,0.07016609093871548,0.023518556766993742,1.000563204260205,3987.6923617921625,2.3455536365509033
