run_id,dimension_corr,sampler,wasserstein_distance,mmd_rff,r_hat,ess,runtime
68,2,Metro,0.0627495789593971,0.03055828164341553,1.0069245738448869,902.3116768502495,1.2101824283599854
68,5,Metro,0.04004444458912932,0.027251330870294826,1.0082097522235614,771.5378742136583,1.346482515335083
68,10,Metro,0.04688828897841883,0.024607657667742387,1.0084470017046985,645.9513766536094,1.593597173690796
68,15,Metro,0.03638368657234743,0.023591153461906187,1.0139032704451032,701.2331433895694,1.8966560363769531
68,20,Metro,0.045235803349662776,0.022812660980995242,1.0105818507407678,710.2712436554426,2.21378493309021
