run_id,dimension_corr,sampler,wasserstein_distance,mmd_rff,r_hat,ess,runtime
68,2,SMC,0.034969565308977095,0.023079283490534702,0.9996602279935213,3770.3335458765773,1.2304859161376953
68,5,SMC,0.02764548114497841,0.021085274038314658,1.0010144881055054,3745.6688352213,1.734161138534546
68,10,SMC,0.032119885289138124,0.022653201396145895,1.001080616096103,3713.7464815198387,2.339498996734619
68,15,SMC,0.028936742308860834,0.022965712528425296,1.0016645190430786,3745.0731133313984,2.840873956680298
68,20,SMC,0.028080617009792665,0.022288549119505344,1.0013062558066632,3366.2005317554645,2.9647817611694336
