{
    "sampler": "DEMetro_Z",
    "value": 5,
    "means_array": [
        [
            0.0,
            0.0,
            0.0,
            0.0,
            0.0
        ],
        [
            10.0,
            0.0,
            0.0,
            0.0,
            0.0
        ]
    ],
    "case": "Posterior Samples",
    "dim": 5,
    "samples": [
        [
            -1.193236827957582,
            -0.29166784083735475,
            1.8173324136315239,
            -2.0911037515889865,
            -0.21265093466997692
        ],
        [
            11.122838468451516,
            -1.1366435093391491,
            0.8900509892715547,
            -0.6503758321563637,
            2.488597838850894
        ],
        [
            15.942362896977876,
            -0.7349461987467685,
            0.06579063353742444,
            -0.6561776762261259,
            0.6355897019456229
        ],
        [
            -4.262270245656571,
            2.0208899836138503,
            2.3874511073956763,
            -1.7309004510363009,
            0.5642517219736706
        ]
    ]
}