{
    "sampler": "Metro",
    "value": 30,
    "means_array": [
        [
            0.0,
            0.0,
            0.0,
            0.0,
            0.0,
            0.0,
            0.0,
            0.0,
            0.0,
            0.0,
            0.0,
            0.0,
            0.0,
            0.0,
            0.0,
            0.0,
            0.0,
            0.0,
            0.0,
            0.0,
            0.0,
            0.0,
            0.0,
            0.0,
            0.0,
            0.0,
            0.0,
            0.0,
            0.0,
            0.0
        ],
        [
            -2.6458249349047613,
            0.7582483297834336,
            1.0346713191071257,
            -1.1735758103883642,
            -0.3040316688155895,
            1.1521976430482428,
            -1.6102225883706018,
            -0.9190287838014675,
            -0.9028890589621882,
            -0.6753720345361885,
            1.345171834179689,
            -1.3921770252473489,
            0.9085676472406282,
            -0.19159655249872332,
            0.010336120437295558,
            -0.6780132925559482,
            4.186296476580296,
            0.9030464805820381,
            -2.8439866870807333,
            -0.6260342879996438,
            2.4491359951983642,
            1.3969056172188425,
            -1.6811763783163705,
            -0.07337758742049048,
            -1.4313801750437,
            0.2928054023126454,
            -0.6886474440006358,
            -0.8522683156389494,
            -0.3138663771404725,
            1.3200879591239574
        ]
    ],
    "case": "Posterior Samples",
    "dim": 30,
    "samples": [
        [
            -2.8638372709757434,
            -0.5305821244330399,
            0.572947125392502,
            -0.090145310482866,
            -0.3627068384124317,
            1.5759968568580995,
            -0.28124136974956104,
            -0.1863216721054578,
            0.19207922580783832,
            -0.14776583169476865,
            1.003030665542469,
            -0.986744077830236,
            0.9158433775432225,
            0.06944853528925793,
            -1.1665950474031466,
            -2.8220462581628896,
            4.493291761664026,
            1.5230540870144218,
            -4.379844946458126,
            -0.04703023227106207,
            2.455930310390962,
            1.0388622223485453,
            -2.4246969700922487,
            -0.9243401289491636,
            -2.531531191236714,
            0.7675419913367134,
            -0.23093398661420061,
            -1.2788952022553013,
            -0.7842997287620793,
            2.9329520171645154
        ],
        [
            -1.868077687761985,
            2.213482352303159,
            3.3634685203882277,
            -1.0940204990602387,
            -0.6199028547025682,
            2.8647990361951328,
            -1.8181727260173024,
            -0.7198005690734568,
            -0.23833739653013497,
            0.6303582278019652,
            1.6580786410673105,
            -0.9643948058200358,
            2.2738765139652077,
            -1.2033670973669641,
            0.4554638339028119,
            -1.2855250213629335,
            2.648385395386886,
            2.144084168558191,
            -1.096650357426575,
            -1.0500570022888558,
            1.4456523021496122,
            1.2911791419573002,
            -1.6124934275122635,
            -0.17170721904524883,
            -2.405686761786377,
            -0.199940940695981,
            0.16804756994491132,
            -1.2733405764223982,
            -0.09284223258428614,
            0.4490261521883334
        ],
        [
            -0.21891949322938717,
            0.8114894650763103,
            -0.9680424451128217,
            1.720649925872416,
            0.0015544528163977667,
            -0.10367974468959051,
            1.3136982941836475,
            -1.3236095970244908,
            -0.12129465928656719,
            1.5806741539579288,
            0.3117977296901616,
            -0.33023685879143905,
            1.1531584561140524,
            0.5128664068016173,
            -0.07649731570337709,
            0.20333212056859262,
            -0.7826108679626249,
            1.4167706680879633,
            0.18006048354811438,
            1.6106227014895098,
            -0.10922714080521556,
            0.7935262138473314,
            -0.4117544616543819,
            -0.22107952867550035,
            -0.3054016785719429,
            -0.2120465120034618,
            0.09882676110436522,
            2.336150124028295,
            -0.28214083518020294,
            -0.5562422316637217
        ],
        [
            -3.7378699197002114,
            -0.03001046297841825,
            1.4065977635362958,
            -3.101119998933918,
            -0.016579377871627415,
            1.1896009259630644,
            -1.854969728028638,
            -0.7830043409717912,
            -1.3716052346413028,
            0.09312537616011965,
            0.8032403586149359,
            -0.5043087109528948,
            0.4641552704650369,
            -0.4778489346045516,
            0.6992871999348467,
            -0.908330004627853,
            1.966070361261062,
            0.05616083847559916,
            -1.8772344576553464,
            -0.3538839375117687,
            1.669337481066064,
            0.4127066806365196,
            -1.3296707407749033,
            -1.4743451018962785,
            -1.5988665316176638,
            0.6472697131080123,
            -1.982342383745369,
            -0.20795401236035327,
            -1.8374029146910242,
            2.18336246829531
        ]
    ]
}