{
    "sampler": "DEMetro_Z",
    "value": 2,
    "means_array": [
        [
            0.0,
            0.0
        ],
        [
            10.0,
            0.0
        ]
    ],
    "case": "Warmup Samples",
    "dim": 2,
    "samples": [
        [
            13.8692300886109,
            -8.279696337135041
        ],
        [
            -4.398265072472256,
            -0.996002087006635
        ],
        [
            -8.842011467159754,
            1.407806120180796
        ],
        [
            13.186134342623323,
            6.341222017453119
        ]
    ]
}