{
    "run_id": 1,
    "case": "unimodal",
    "dim": 30,
    "low": [
        -100.0,
        -100.0,
        -100.0,
        -100.0,
        -100.0,
        -100.0,
        -100.0,
        -100.0,
        -100.0,
        -100.0,
        -100.0,
        -100.0,
        -100.0,
        -100.0,
        -100.0,
        -100.0,
        -100.0,
        -100.0,
        -100.0,
        -100.0,
        -100.0,
        -100.0,
        -100.0,
        -100.0,
        -100.0,
        -100.0,
        -100.0,
        -100.0,
        -100.0,
        -100.0
    ],
    "high": [
        100.0,
        100.0,
        100.0,
        100.0,
        100.0,
        100.0,
        100.0,
        100.0,
        100.0,
        100.0,
        100.0,
        100.0,
        100.0,
        100.0,
        100.0,
        100.0,
        100.0,
        100.0,
        100.0,
        100.0,
        100.0,
        100.0,
        100.0,
        100.0,
        100.0,
        100.0,
        100.0,
        100.0,
        100.0,
        100.0
    ],
    "means_array": [
        [
            0.0,
            0.0,
            0.0,
            0.0,
            0.0,
            0.0,
            0.0,
            0.0,
            0.0,
            0.0,
            0.0,
            0.0,
            0.0,
            0.0,
            0.0,
            0.0,
            0.0,
            0.0,
            0.0,
            0.0,
            0.0,
            0.0,
            0.0,
            0.0,
            0.0,
            0.0,
            0.0,
            0.0,
            0.0,
            0.0
        ]
    ],
    "samples": [
        {
            "posterior": [
                -34.461801512198335,
                38.95610069131038,
                74.68307845482937,
                -33.43449905111977,
                47.57479679584884,
                -60.21849931124179,
                -61.08256567942305,
                31.79982187366835,
                -71.49733291298026,
                75.30650501852097,
                96.84078772205592,
                -31.120673409003857,
                -10.53960762517454,
                -55.62462773905572,
                94.68316789959528,
                58.742147375285725,
                34.74310296380969,
                -36.24081387013271,
                17.51966205092576,
                -89.41925058401495,
                67.28037648371406,
                48.99706219125878,
                19.568091317645298,
                30.42421325051916,
                -17.384999370350414,
                95.23955363202757,
                -77.09443839815378,
                25.693161242318524,
                -88.56969516964719,
                -6.251937503176009
            ]
        },
        {
            "posterior": [
                71.9109132889285,
                -11.749855807102321,
                89.03718677880678,
                -10.761016790400603,
                33.128536137194544,
                -72.32319780998704,
                -80.09071596347619,
                69.61260407594321,
                92.44115191043468,
                -15.162556344221855,
                -93.05834034761762,
                2.808632514518024,
                -24.92853777157265,
                44.91072655345451,
                33.24786553996489,
                -83.35091133427869,
                -84.66864834964538,
                50.37218175807766,
                29.722317759525424,
                47.793469004485274,
                -76.32186856459157,
                -92.19910440524983,
                90.93523109470087,
                -1.7939014793592065,
                77.34571259457809,
                -8.995375074428864,
                -75.95852780734798,
                57.92993122586756,
                66.07511749058492,
                70.10243654116891
            ]
        },
        {
            "posterior": [
                98.73096110031909,
                93.38783119061941,
                -57.56342938517389,
                -34.868283964156916,
                -49.90134470666989,
                -92.71980967387594,
                -17.123754153126413,
                -90.87398073785941,
                90.42740110324237,
                -89.51347878209997,
                6.522236189765081,
                5.187285637165928,
                -62.27904240077464,
                59.095849098639604,
                69.98620278119921,
                -94.40297183387321,
                1.5516978413694176,
                36.968896395943204,
                45.689115071373124,
                88.73396636213457,
                -86.14961223961794,
                19.284717115869967,
                1.8600150813568064,
                -50.23997093550789,
                77.16076965372687,
                84.27559716045076,
                -51.68090081191173,
                -18.356651771559314,
                -77.49180498887989,
                -46.82534401852574
            ]
        },
        {
            "posterior": [
                52.66299239418356,
                -89.55930034827236,
                -70.3899892959456,
                39.35879629025521,
                -15.101215463839182,
                6.356731829055988,
                27.277888898188422,
                68.84583045506659,
                60.01178465701739,
                76.80977884167211,
                86.88913708046474,
                -68.46244742274493,
                44.22038321114346,
                -84.99921800635406,
                1.3233446002233649,
                -23.059043504680062,
                -11.26133356246082,
                -55.46722274668427,
                82.32011540720953,
                45.946940917964156,
                -6.734425255150597,
                95.93801621357144,
                -40.46087528296602,
                -7.265702168692428,
                -14.863156584786779,
                82.64204598143479,
                18.440654348476485,
                74.76056925953188,
                -92.33616698977059,
                68.70974070395829
            ]
        }
    ]
}