mu,sampler,wasserstein_distance,r_hat,ess,runtime
"(-10, 20, -30)",DEMetro,0.014941552630095039,1.0052261555127653,3951.841903730896,8.476491689682007
"(-5, 0, 5)",DEMetro,0.01951470841429953,1.0048701424179816,3400.7403144503646,9.129462480545044
"(0, 0, 0)",DEMetro,0.02248237728079376,1.0043741008223612,3722.4638696015613,8.459436178207397
"(50, -50, 100)",DEMetro,0.02172447028953481,1.006639988026588,3331.4401311435213,7.995774984359741
