{
    "sampler": "Metro",
    "value": 4,
    "means_array": [
        [
            0.0,
            0.0,
            0.0,
            0.0,
            0.0,
            0.0,
            0.0,
            0.0,
            0.0,
            0.0,
            0.0,
            0.0,
            0.0,
            0.0,
            0.0,
            0.0,
            0.0,
            0.0,
            0.0,
            0.0,
            0.0,
            0.0,
            0.0,
            0.0,
            0.0,
            0.0,
            0.0,
            0.0,
            0.0,
            0.0
        ]
    ],
    "case": "Warmup Samples",
    "dim": 30,
    "samples": [
        [
            -27.26832939381347,
            -1.5406914720551241,
            -50.52390949613203,
            30.323931588419473,
            -17.615659284968935,
            -36.662990010290216,
            7.738641261349805,
            -36.22808035780267,
            14.635774427054258,
            -29.381186071674524,
            -33.163101093253275,
            -19.346845516202965,
            -12.431026480709285,
            -18.88594523535585,
            -13.625605157980887,
            17.767525820778605,
            12.045055689132532,
            -1.5052418665804292,
            -13.685437701754406,
            23.31596504340751,
            4.5854398752993575,
            -45.48607767169468,
            -52.568023829358296,
            -20.301240971963207,
            -23.47817504004942,
            9.380469831346577,
            41.745547808196946,
            -8.320680956317368,
            34.209187510162174,
            7.642773736997175
        ],
        [
            -8.488339357055805,
            32.779857968138565,
            -52.65974635482608,
            4.042068206684599,
            21.08008175046859,
            8.82052686881642,
            -27.62271468124431,
            1.693328504388021,
            8.987553717143433,
            -22.43936024799716,
            39.8547580739661,
            0.865806262969217,
            29.448865362359328,
            15.42204308817364,
            -31.88988416490259,
            34.05649332028845,
            -8.169037409612407,
            8.092581380635913,
            4.582322588378791,
            10.518203929649589,
            -28.924006625280022,
            -47.04480154446235,
            41.22730301433692,
            -14.786699216868158,
            -2.96631945963169,
            -54.90366382517307,
            15.882061431675867,
            30.786495509738092,
            -28.652717781394728,
            -2.478403684496941
        ],
        [
            32.503985609055746,
            8.933730273527262,
            -34.267213547195226,
            21.393322578980385,
            43.15160636480236,
            -7.580754397279847,
            -2.5888415651844694,
            6.364611051588982,
            28.555109451380353,
            14.867440861951122,
            -28.37302305041916,
            14.14405350490808,
            29.93436326980133,
            -4.322211458242581,
            14.248572571732206,
            -15.734671474820752,
            36.818118532919556,
            1.1741409713799598,
            -6.210597968564286,
            -9.790992017222708,
            -4.061927606241236,
            -20.88910272822808,
            -42.48079459941826,
            0.44795844882618896,
            13.018928616311847,
            5.071568935443725,
            26.239510912755435,
            41.86365758283911,
            -15.916486765283448,
            -37.2327697125252
        ],
        [
            -40.25467822689692,
            -28.351426624666082,
            2.549844759288469,
            31.368918356544743,
            -64.54370346521803,
            10.019184456685956,
            17.916478819879206,
            18.306891847893624,
            -14.871530082931848,
            18.61608144893998,
            -9.912705101624057,
            -34.164300303462305,
            0.1369712531090279,
            -9.061424765145816,
            16.640629147900007,
            23.37227877060621,
            -15.897416202124692,
            10.051219107606656,
            -2.4312142095953337,
            11.287345956054777,
            -13.972557896216728,
            46.62466097008328,
            -57.95094748381867,
            12.786482315668747,
            27.828442752265417,
            -31.00430041532401,
            -22.226230977377128,
            44.77986841868826,
            24.312338613865876,
            -30.24568397557617
        ]
    ]
}