{
    "sampler": "Metro",
    "value": 4,
    "means_array": [
        [
            0.0,
            0.0,
            0.0,
            0.0,
            0.0,
            0.0,
            0.0,
            0.0,
            0.0,
            0.0,
            0.0,
            0.0,
            0.0,
            0.0,
            0.0,
            0.0,
            0.0,
            0.0,
            0.0,
            0.0,
            0.0,
            0.0,
            0.0,
            0.0,
            0.0,
            0.0,
            0.0,
            0.0,
            0.0,
            0.0
        ]
    ],
    "case": "Posterior Samples",
    "dim": 30,
    "samples": [
        [
            1.7979401036635083,
            0.5133533149418243,
            0.8967548289327293,
            0.18762328916910342,
            2.133882704075075,
            0.4469607175146879,
            3.101158534216196,
            0.20899720973751423,
            -0.4361582555393948,
            -0.759742750368926,
            -1.8348596275642466,
            -0.7444449812601169,
            -1.036409211490275,
            0.517166511620909,
            0.23061193882076458,
            0.36408060013924115,
            -1.506966204768133,
            0.5263618114156347,
            -2.008138508863753,
            2.3490910980611663,
            0.6734789083232353,
            -0.3568146173532085,
            0.41545589680324957,
            -0.6132133748100492,
            -1.2630247804181196,
            1.2862324214632825,
            1.2481379641927228,
            -1.0590497498881997,
            -2.249563831432937,
            2.1000372284290965
        ],
        [
            0.8359100957576686,
            0.29185152795874236,
            -0.36823637518300734,
            -0.8569015151344586,
            0.4604095162268941,
            -1.387550906933793,
            0.22632174491899537,
            0.24346690917754232,
            -2.3078842018190766,
            -0.5567082984375629,
            0.15046493772587238,
            -0.1355312966822528,
            0.6444518409776216,
            1.0379646981178214,
            -1.553384508502885,
            -0.28363231803983846,
            -1.0009617168706444,
            -0.0643909565881623,
            -0.2729345717752765,
            -0.60509091813267,
            -0.9815539567230485,
            -0.11930618896271483,
            -0.00792389040275876,
            0.17037522746774147,
            -0.06199919806562837,
            -0.46261820715082275,
            0.7999081765363203,
            -1.3481259491935864,
            0.26338181680632966,
            -1.4440990849181823
        ],
        [
            1.0179205346446585,
            1.1031110370039934,
            -0.4998872782820317,
            -0.6362524475034759,
            0.02513714543513557,
            1.1973862481869118,
            1.7647667631020116,
            0.4564476625001621,
            2.9814553805040145,
            0.21001979982847008,
            1.650608619113004,
            1.1183716713750398,
            -0.05146237170531076,
            -0.3983279867830938,
            0.3012495912174269,
            0.5699607522918644,
            0.4845994003979701,
            -1.689649276069072,
            2.648345279924795,
            2.2045916025306402,
            1.5417773153996477,
            -1.7494225333397067,
            2.529689743472301,
            1.577861761399752,
            -0.687443915078868,
            -2.16383155212273,
            2.1617234027536627,
            0.7082526644465987,
            -2.2255735957892773,
            2.222395660801779
        ],
        [
            -1.5469626552349738,
            0.32288508899325163,
            -0.14738766161816375,
            2.0652025344500426,
            1.4036977371372137,
            -0.9764762024762736,
            -1.6107845261564115,
            -0.8681626712175485,
            1.0755039551437204,
            -1.2002879066099337,
            0.08262629063018834,
            -0.10737664654338569,
            0.40052718518797686,
            0.30220230738791276,
            -0.8911077058132466,
            0.13833365505832323,
            1.1234300597558264,
            -0.1356369404879203,
            -0.305320579508519,
            0.901129994633536,
            -0.10854417828204754,
            0.5830490393194223,
            0.8009849173760508,
            -0.16142713409998566,
            1.5951007600028517,
            -0.19333758949482124,
            -1.2580198463148404,
            -0.11184428743468888,
            -0.45314802584555514,
            -0.4079673935456939
        ]
    ]
}