run_id,mu,sampler,wasserstein_distance,mmd_rff,r_hat,ess,runtime
51,8,Metro,0.5840624128910403,0.07342381668755346,1.0479916901962367,65.81397906301927,1.1452231407165527
51,10,Metro,3.1536589411086386,0.3556439988628857,1.650258190413015,6.560503116979754,1.1021952629089355
51,12,Metro,2.497975686690453,0.23553233115516398,1.7350249422424795,6.183908926821038,1.444709062576294
51,14,Metro,2.7105926520279437,0.22226934184957006,1.7394743985563716,6.2085277286587175,1.1094837188720703
51,16,Metro,7.185823908614937,0.5084410943949911,1.5344323668181221,7.33718540305964,1.0916039943695068
51,18,Metro,3.5011956697576756,0.23067724307998477,1.735460267582863,6.208363787852035,1.0870287418365479
51,20,Metro,3.5739910734019635,0.2134702547513406,1.7379224399370246,6.172129095049029,1.0860795974731445
51,22,Metro,9.812680654948304,0.49112021481994567,1.53126083160669,7.362619593822955,1.068504810333252
51,40,Metro,28.51785408994437,0.7804321227994852,1.0047319056737998,937.6361992003987,1.1403486728668213
