run_id,mu,sampler,wasserstein_distance,mmd_rff,r_hat,ess,runtime
11,"(10.0, 0.0)",HMC,4.79521522279658,0.3608338472972547,2.1133871124136703,5.202813407734732,7.981805801391602
