{
    "run_id": 1,
    "case": "unimodal",
    "dim": 30,
    "low": [
        -90,
        -90,
        -90,
        -90,
        -90,
        -80,
        -80,
        -80,
        -80,
        -80,
        -70,
        -70,
        -70,
        -70,
        -70,
        -60,
        -60,
        -60,
        -60,
        -60,
        -50,
        -50,
        -50,
        -50,
        -50,
        -40,
        -40,
        -40,
        -40,
        -40
    ],
    "high": [
        110,
        110,
        110,
        110,
        110,
        120,
        120,
        120,
        120,
        120,
        130,
        130,
        130,
        130,
        130,
        140,
        140,
        140,
        140,
        140,
        150,
        150,
        150,
        150,
        150,
        160,
        160,
        160,
        160,
        160
    ],
    "means_array": [
        [
            10,
            10,
            10,
            10,
            10,
            20,
            20,
            20,
            20,
            20,
            30,
            30,
            30,
            30,
            30,
            40,
            40,
            40,
            40,
            40,
            50,
            50,
            50,
            50,
            50,
            60,
            60,
            60,
            60,
            60
        ]
    ],
    "samples": [
        {
            "posterior": [
                36.13507410200158,
                80.65665194930148,
                -81.29085637678673,
                34.220979088722075,
                -87.62145723503355,
                -45.87245597669407,
                56.897505975206656,
                36.26759458700782,
                10.915220482727577,
                -3.163840731501949,
                -69.37626694183999,
                -53.438764117228835,
                74.18803179558427,
                23.75796107862942,
                -35.22741917814472,
                33.462679958774885,
                95.86557829047479,
                -13.377876313380604,
                -14.941457816283233,
                59.31366547853408,
                109.77236048565399,
                -6.920234709439477,
                95.93633996513822,
                139.13586306351505,
                39.19007775284989,
                92.12627057647771,
                122.20366378197869,
                36.207442580966585,
                10.135349854019331,
                31.07038660283142
            ]
        },
        {
            "posterior": [
                -60.327950688739406,
                32.35426281908788,
                14.773861365794247,
                41.2196095528499,
                93.72619311014756,
                -78.53781502380326,
                -59.10013423131217,
                51.55197243364819,
                80.69149290749559,
                -42.75511559453641,
                20.72167331816874,
                107.96652921949044,
                -66.85396139752523,
                25.674378840276873,
                100.40124544381433,
                79.26152611798972,
                125.27513711727119,
                112.05664648393432,
                75.08656508190776,
                -3.370008982348864,
                13.1701740297705,
                -25.58817356927088,
                122.29787482855366,
                -49.76059908798043,
                117.41305397645877,
                101.64664711387573,
                146.82357286814454,
                157.43928794741487,
                135.0679060643071,
                45.29963148467277
            ]
        },
        {
            "posterior": [
                31.77040630399145,
                -89.20696581027453,
                -19.115631803644078,
                -48.19222887308999,
                -24.972185504735535,
                -27.789424724294925,
                68.63742558496114,
                -65.13337833687598,
                30.543924326589106,
                -16.22892120037924,
                126.99744375653935,
                59.492829997359564,
                67.52801351368652,
                -50.94418401030026,
                27.179369238424854,
                111.56456491463564,
                113.52650629635707,
                114.79337700576434,
                27.82454554039596,
                -45.44987459517452,
                97.4731795428138,
                60.11241735000408,
                -17.34308621789524,
                125.56873299397384,
                124.59254603130285,
                71.28626153619132,
                156.0456753727712,
                82.87677927740734,
                128.46979964584366,
                -18.457406698221877
            ]
        },
        {
            "posterior": [
                -11.643901454501986,
                11.809041966623965,
                41.67041260215291,
                99.08339506325683,
                50.76956034348137,
                55.4748703737574,
                47.49482345573398,
                44.412098652841124,
                -31.13085463493423,
                -36.16361504355785,
                -68.50580310254765,
                106.03965411633112,
                -10.721349659962925,
                117.10258530679164,
                87.59367948191783,
                35.51723226647822,
                1.9224183578182448,
                20.49200941945176,
                22.34186930118021,
                66.81317674853838,
                105.42852805503591,
                -30.347650978804317,
                40.18542186552996,
                107.58543904165418,
                128.42304784195764,
                -4.944166185494325,
                -6.840468004080591,
                55.14941937224444,
                0.7853372389760125,
                65.798051168852
            ]
        }
    ]
}