{
    "sampler": "HMC",
    "value": [
        5.0,
        5.0
    ],
    "means_array": [
        [
            0.0,
            0.0
        ],
        [
            10.0,
            0.0
        ],
        [
            5.0,
            5.0
        ]
    ],
    "case": "Posterior Samples",
    "dim": 2,
    "samples": [
        [
            8.835323973342483,
            0.1789620991675376
        ],
        [
            1.013893607472903,
            1.2010002934510382
        ],
        [
            6.5384081218002255,
            5.034992542649218
        ],
        [
            9.451540920792826,
            -0.8991349234036811
        ]
    ]
}