{
    "run_id": 1,
    "case": "multimodal",
    "dim": 2,
    "means_array": [
        [
            0.0,
            0.0
        ],
        [
            10.0,
            0.0
        ]
    ],
    "min_mode": [
        0.0,
        0.0
    ],
    "max_mode": [
        10.0,
        0.0
    ],
    "border": [
        10.0,
        10.0
    ],
    "low": [
        -10.0,
        -10.0
    ],
    "high": [
        20.0,
        10.0
    ],
    "samples": [
        {
            "posterior": [
                6.946356297057527,
                1.7647889103956018
            ]
        }
    ]
}