mu,sampler,wasserstein_distance,r_hat,ess,runtime
0,Metro,0.03129574250815703,1.006574083779982,1912.3310823186753,1.6397137641906738
2,Metro,0.029513736541170225,1.006574083779982,1912.3310823186753,1.531346082687378
5,Metro,0.03327072495737305,1.006574083779982,1912.3310823186753,1.5946359634399414
10,Metro,0.029902435435783935,1.006574083779982,1912.3310823186753,1.6694135665893555
