{
    "sampler": "HMC",
    "value": 0.0,
    "means_array": [
        [
            10,
            10,
            10,
            10,
            10,
            20,
            20,
            20,
            20,
            20,
            30,
            30,
            30,
            30,
            30,
            40,
            40,
            40,
            40,
            40,
            50,
            50,
            50,
            50,
            50,
            60,
            60,
            60,
            60,
            60
        ]
    ],
    "case": "Warmup Samples",
    "dim": 30,
    "samples": [
        [
            22.142068208363316,
            74.36262243987987,
            27.722446209511784,
            78.29995560521735,
            -7.85437031045374,
            81.0462462986641,
            119.84287964131381,
            -83.93204772193968,
            -64.59185571190531,
            -30.544794640003104,
            -15.142942113752529,
            28.365920474830304,
            38.90910079466968,
            27.678720911651105,
            62.45720857152924,
            -45.74286969372237,
            38.11077488191267,
            79.03019184241614,
            -53.35001120018214,
            -25.463772887653665,
            88.40279457107071,
            -57.31817944706107,
            -59.853121785854235,
            117.8014295951397,
            -12.573616324928212,
            21.6028671334513,
            9.046352451190373,
            113.83250591152122,
            142.85584058084865,
            119.29168224148167
        ],
        [
            -16.068410705238975,
            -88.30733351175435,
            51.281220840347046,
            7.761395843079211,
            39.65954378485982,
            -2.329926997079864,
            -66.51447210234798,
            -85.43194303896709,
            -0.8220954536833004,
            68.2416570645781,
            -7.080579365125847,
            -71.042475349246,
            42.240179932053664,
            39.42573238809352,
            59.11126387345934,
            96.44914705260732,
            68.47746522068442,
            92.0906798630489,
            70.64363063393573,
            92.081253054888,
            118.57003535611642,
            18.93350483418101,
            29.123874560509194,
            32.390061798238484,
            -27.787164029254413,
            88.58698657132025,
            -30.944391146252133,
            26.363283634241256,
            50.16182827767666,
            126.11358963847071
        ],
        [
            32.27765810701992,
            -1.9827280060799057,
            101.94888749024688,
            42.86157041046859,
            82.30601356818096,
            34.58906738576293,
            106.23829804368938,
            -23.022400234743316,
            -14.751477056574574,
            3.089361109141909,
            -32.27134038138465,
            37.4455446255499,
            -56.1798773395767,
            35.34206883410405,
            -50.58412188806672,
            -45.91415268122991,
            29.526892750234616,
            -52.90213502510254,
            -40.82624572179178,
            -1.8633278364272676,
            89.16212275976356,
            38.86318352470003,
            -28.989914138282824,
            56.240101939971325,
            113.967239316861,
            118.5201274418623,
            133.29467871464544,
            50.137895057963576,
            42.64098605500807,
            -2.5575002216066784
        ],
        [
            52.4768854895982,
            43.86054473495513,
            49.196007889410545,
            25.237506932443576,
            -90.77507501873258,
            -69.80446508410851,
            1.3658119421872472,
            45.07289663961363,
            92.19631190422574,
            -9.049941673275105,
            47.77976996840836,
            51.93113764982923,
            -73.7535792322687,
            35.62451434635451,
            -51.33948363546799,
            -34.37757345653745,
            -47.13440467449736,
            35.61581079151609,
            103.47671695489966,
            141.0722807606595,
            64.26719436812867,
            111.22686959208977,
            -15.559171113288196,
            75.44525995048689,
            31.5011745095372,
            -37.15017221304581,
            137.01973930016183,
            51.23962935437528,
            143.16980784354988,
            11.880275367815361
        ]
    ]
}