{
    "sampler": "HMC",
    "value": 0.0,
    "means_array": [
        [
            10,
            10,
            10,
            10,
            10,
            20,
            20,
            20,
            20,
            20,
            30,
            30,
            30,
            30,
            30,
            40,
            40,
            40,
            40,
            40,
            50,
            50,
            50,
            50,
            50,
            60,
            60,
            60,
            60,
            60
        ]
    ],
    "case": "Posterior Samples",
    "dim": 30,
    "samples": [
        [
            10.94820399984267,
            7.62003019743006,
            10.063324822767493,
            9.982315819616833,
            9.446491618467535,
            20.637043899209978,
            21.899044149022053,
            18.679444260996384,
            19.633536136368924,
            21.601671863250406,
            31.915665071850174,
            28.7179806501929,
            28.549049910280445,
            28.49675404480822,
            28.930787631911222,
            38.92988098448424,
            39.338547650403136,
            43.21537998099103,
            39.469663304656315,
            40.96327456985407,
            49.00746610668589,
            49.2307132870885,
            49.616062754358275,
            49.53097443497992,
            49.79451418451148,
            60.388740500015956,
            60.67020500146862,
            60.635081793328524,
            59.271424229386945,
            61.92362866934128
        ],
        [
            10.49672736424938,
            9.978724781639755,
            9.841629002869318,
            8.19385592636534,
            9.326008599419874,
            19.422274725129693,
            19.5264406050904,
            18.424893639207824,
            20.776034730555143,
            18.245514425720366,
            30.117952793248357,
            31.39539846756866,
            29.598570001458135,
            28.412462013856015,
            29.3902562232796,
            38.735661111870336,
            40.22368969906984,
            40.37776302768278,
            38.320659359871776,
            39.448731329809114,
            48.4333860912082,
            51.95781054223508,
            49.545579244015855,
            51.6274872158181,
            47.78112792322315,
            59.12056425239099,
            60.61235886664585,
            59.47890542876763,
            57.46998802541914,
            60.64919084616185
        ],
        [
            10.59028556347658,
            11.329201299595589,
            10.252817716460482,
            9.959012672371925,
            11.081718277017204,
            19.412569390450532,
            20.15520149651593,
            19.339801563516083,
            19.249698868344797,
            18.488034694970207,
            31.876374817255765,
            31.049255886318154,
            30.14288935023621,
            31.55918698950954,
            29.962953313498925,
            41.03760233200736,
            38.51125394797315,
            40.97931677169442,
            39.67503421261445,
            41.34625999528268,
            49.02051619402892,
            51.535671408328426,
            50.8323887756792,
            50.00089335033127,
            50.99077179196455,
            59.516972566545526,
            60.32862764813691,
            62.40295358859133,
            59.77657157846198,
            58.66902459319484
        ],
        [
            10.060285714524314,
            9.250916117686055,
            7.369954538949742,
            8.793659514163064,
            10.72178434483007,
            20.20381981830176,
            20.226243083407194,
            19.756768916047335,
            20.217464950661128,
            19.37191930982696,
            28.46758595814183,
            31.567247926591637,
            31.86978049011933,
            31.512526839894562,
            29.658870989795556,
            39.16316576254527,
            41.59091940471858,
            40.59581962084012,
            39.28329610539907,
            39.60665679800598,
            49.04683155936298,
            48.353667240818716,
            48.9495923794432,
            50.96306116199877,
            50.35001829639468,
            59.14006361199904,
            61.27957170576207,
            57.77431088899202,
            59.87955727115399,
            60.652388420075546
        ]
    ]
}