{
    "run_id": 1,
    "case": "unimodal",
    "dim": 1,
    "low": [
        -100
    ],
    "high": [
        100
    ],
    "means_array": [
        [
            0
        ]
    ],
    "samples": [
        {
            "posterior": 42.67862858655212
        },
        {
            "posterior": 52.60947458873645
        },
        {
            "posterior": -25.360245003244614
        },
        {
            "posterior": 79.0542893362335
        }
    ]
}