dimension,mean_rmse_t_stat,mean_rmse_p_value,mean_rmse_paired_cohens_d
2,9.691077626096938,0.01048060363264213,5.595146276164627
4,3.0749240200828813,0.09148133872549305,1.7753082107324978
8,10.005924513477497,0.009840964796834873,5.776923211347309
30,10.415029564336443,0.00909334303933482,6.013120122587557
