{
    "sampler": "HMC",
    "value": 2.1,
    "means_array": [
        0
    ],
    "case": "Posterior Samples",
    "dim": 1,
    "samples": [
        -1.4169371364382224,
        1.2396881093035435,
        -2.2258942099897854,
        0.12155694000097761
    ]
}