{
    "run_id": 1,
    "case": "multimodal",
    "dim": 2,
    "means_array": [
        [
            0.0,
            0.0
        ],
        [
            10.0,
            0.0
        ]
    ],
    "min_mode": [
        0.0,
        0.0
    ],
    "max_mode": [
        10.0,
        0.0
    ],
    "border": [
        10.0,
        10.0
    ],
    "low": [
        -10.0,
        -10.0
    ],
    "high": [
        20.0,
        10.0
    ],
    "samples": [
        {
            "posterior": [
                -7.860796697212837,
                -5.554717029171412
            ]
        },
        {
            "posterior": [
                -4.720500436340876,
                -7.355164294897039
            ]
        },
        {
            "posterior": [
                6.44146711406345,
                2.0567831470970717
            ]
        },
        {
            "posterior": [
                4.579857100298881,
                5.949551458824441
            ]
        }
    ]
}