{
    "sampler": "Metro",
    "value": 0.0,
    "means_array": [
        [
            10,
            10,
            10,
            10,
            10,
            20,
            20,
            20,
            20,
            20,
            30,
            30,
            30,
            30,
            30,
            40,
            40,
            40,
            40,
            40,
            50,
            50,
            50,
            50,
            50,
            60,
            60,
            60,
            60,
            60
        ]
    ],
    "case": "Posterior Samples",
    "dim": 30,
    "samples": [
        [
            3.3080855490850993,
            14.508088613485349,
            15.693225546661411,
            12.988865471380628,
            10.495883571729081,
            22.295429155091036,
            20.511803277787628,
            27.055513431456273,
            27.257872469441715,
            17.133030343098323,
            23.421660064552402,
            36.25956986306432,
            25.27187521386972,
            27.198035446685452,
            22.45092825634318,
            34.45531344064446,
            24.842739087788615,
            41.77865155243114,
            43.39101401877074,
            42.91959980011072,
            47.04617948947478,
            60.45399758915745,
            46.43494255383615,
            39.546756753865616,
            46.19737842171826,
            60.448157693594624,
            64.43666706981328,
            57.226900525313596,
            63.67086075768338,
            52.9410026438238
        ],
        [
            10.157515008516354,
            8.641761666797327,
            9.91804538239756,
            11.251146747945608,
            8.803280870215076,
            19.44594374438254,
            19.90938394646818,
            19.85691781004533,
            18.794479497222333,
            19.666644220270157,
            30.144378520522146,
            30.18987748388087,
            30.553769523121176,
            30.177687660582563,
            28.49387667139183,
            39.73885495738345,
            40.92241448260851,
            39.232582097468075,
            40.08257899387381,
            40.59282504118188,
            50.484414437231585,
            49.981868517925896,
            49.697887874778864,
            49.23394935976936,
            49.40033793108241,
            60.15970569885072,
            58.98062268696501,
            59.44519019148259,
            59.18341825096459,
            58.929013536394876
        ],
        [
            17.676084335922447,
            6.341726358285639,
            9.546875063703187,
            2.9822635547127554,
            2.0684069807638163,
            21.452561420126965,
            29.5048082122359,
            1.8871116268856554,
            10.811949339851253,
            25.381662630741246,
            31.314612706042656,
            27.050658716196153,
            31.73146766550988,
            27.9225468788959,
            20.201555010375206,
            27.663112456346102,
            56.51715328422985,
            35.27349131684902,
            39.44694211537284,
            45.760566500812004,
            34.746497987828974,
            40.22082017137457,
            64.41044915957846,
            57.6685378610411,
            66.84260713400248,
            65.9587405330228,
            38.10218264933859,
            74.10368373033526,
            65.54745791908637,
            54.44875501554091
        ],
        [
            11.262596560608625,
            7.1753210630432385,
            14.3713951071014,
            3.248664281561977,
            13.044771363956025,
            13.338040637096046,
            23.40457110154591,
            16.34347966679281,
            23.194585531841046,
            20.646400899083254,
            26.83633902167604,
            26.995959014931227,
            29.55909591731706,
            32.118940825635285,
            31.569351797365414,
            40.37877311863616,
            32.977464211241845,
            35.1061523583735,
            42.334128454080115,
            40.13864972322539,
            48.90006142762598,
            49.45891518125413,
            51.08886227913969,
            61.93143259219471,
            48.939220756660866,
            59.94421384357332,
            60.63058569010574,
            60.42115644054625,
            55.89313009476824,
            64.26150317905214
        ]
    ]
}