run_id,mu,sampler,wasserstein_distance,mmd_rff,r_hat,ess,runtime
49,"(5.0, 0.0)",HMC,0.4879660172155537,0.08717214500477911,1.0377171844818869,101.08605062142428,3.941002130508423
49,"(5.0, 10.0)",HMC,2.8901842661290207,0.3182203553403046,1.5286097878595313,7.200253682464296,2.9452285766601562
49,"(5.0, 20.0)",HMC,5.203273107435592,0.3151058431553747,1.5271596048629164,7.183510240258012,3.2187552452087402
49,"(5.0, 40.0)",HMC,4.370053045839675,0.11916565471615694,2.4094643527631816,4.910603972225159,3.2418627738952637
49,"(5.0, 5.0)",HMC,1.4906030167198265,0.20034944990619846,1.622804496536463,6.675848651257216,3.286228656768799
