mode_means,sampler,wasserstein_distance,r_hat,ess,chain_seeds,mode_distance
"(0, 8)",DEMetro,1.086059515052455,1.1244469939799502,46.65698693081704,"[349745, 552872, 51182, 841753]",8
"(0, 10)",DEMetro,0.37586356812783306,1.1757579225289165,24.13309947670855,"[349745, 552872, 51182, 841753]",10
"(0, 15)",DEMetro,2.9235173110958974,1.529265439354484,7.316111450062713,"[349745, 552872, 51182, 841753]",15
"(0, 20)",DEMetro,4.940582156678329,1.906003621905286,5.718329447354965,"[349745, 552872, 51182, 841753]",20
