mode_means,sampler,wasserstein_distance,r_hat,ess,chain_seeds,mode_distance
"(0, 8)",HMC,1.335110925479927,1.5164128068533025,7.2631099031285,"[349745, 552872, 51182, 841753]",8
"(0, 10)",HMC,0.1017376968060096,1.7339670540924614,6.14095344503196,"[349745, 552872, 51182, 841753]",10
"(0, 15)",HMC,3.9599144402284656,1.5319455193227691,7.2532135365196755,"[349745, 552872, 51182, 841753]",15
"(0, 20)",HMC,0.06901268607768066,1.736792463003415,6.1541485923955905,"[349745, 552872, 51182, 841753]",20
