{
    "sampler": "HMC",
    "value": 0.9,
    "means_array": [
        [
            -1.286453204982051,
            0.0,
            0.0,
            0.0,
            0.0,
            0.0,
            0.0,
            0.0,
            0.0,
            0.0,
            0.0,
            0.0,
            0.0,
            0.0,
            0.0,
            0.0,
            0.0,
            0.0,
            0.0,
            0.0,
            0.0,
            0.0,
            0.0,
            0.0,
            0.0,
            0.0,
            0.0,
            0.0,
            0.0,
            0.0
        ],
        [
            1.286453204982051,
            0.0,
            0.0,
            0.0,
            0.0,
            0.0,
            0.0,
            0.0,
            0.0,
            0.0,
            0.0,
            0.0,
            0.0,
            0.0,
            0.0,
            0.0,
            0.0,
            0.0,
            0.0,
            0.0,
            0.0,
            0.0,
            0.0,
            0.0,
            0.0,
            0.0,
            0.0,
            0.0,
            0.0,
            0.0
        ]
    ],
    "case": "Warmup Samples",
    "dim": 30,
    "samples": [
        [
            -5.521474941922408,
            -18.788417618247237,
            -10.546625902414283,
            16.983774854863277,
            14.868757312153848,
            16.357957351816708,
            -21.89234657376167,
            -21.885179024168213,
            2.3310177601570774,
            -9.006450206948657,
            -8.378845152460181,
            -8.850350407657853,
            -15.10095271423621,
            -1.615652259149411,
            -16.765285940136483,
            0.6705492872254537,
            14.615783880821992,
            -13.31727477259035,
            8.255980111106114,
            12.200464674846705,
            3.416588307787807,
            -23.810893443941634,
            -16.29011824360621,
            8.642430413206721,
            -10.050763232311288,
            -13.575438539419697,
            6.302569635239871,
            21.87722283216526,
            -16.565677064549337,
            -23.40724756152722
        ],
        [
            11.490418780341155,
            14.86173657254853,
            17.797032602632008,
            7.534591069995465,
            16.441620652526392,
            -6.114717266896677,
            -18.412300069205674,
            -12.018176133935324,
            26.386413273098928,
            -26.152793348095976,
            -9.583201035249703,
            -12.813081629830368,
            16.824363119136954,
            25.884652224374104,
            6.380493024518457,
            13.805805834698127,
            -14.135952296079578,
            8.403474873545692,
            -18.037552404240913,
            8.365594713527846,
            5.785022721512638,
            -7.462785481296645,
            -8.565141955524362,
            -1.5181789159115435,
            -27.80080909041638,
            -4.902792713109622,
            24.401609926668012,
            9.096129037364362,
            20.98208464407467,
            2.305996600421287
        ],
        [
            2.2521682228449427,
            28.07257382274931,
            9.50744261724276,
            -23.041386181904745,
            -20.939851528588267,
            -22.905079046712295,
            25.086397518771225,
            -9.539128915679084,
            -11.528059113696521,
            20.480746546067,
            -5.3470922801798295,
            -0.1856940541217972,
            -11.550591590620556,
            22.15848292885931,
            2.4553355107458597,
            0.30845405226015965,
            25.717356409495853,
            -24.761490136888114,
            15.719764558505538,
            -8.449203107303978,
            10.305787626589785,
            -4.982016763059949,
            -22.992738156457815,
            21.346153931802544,
            -19.462200326432626,
            15.638234506915165,
            3.711056187181112,
            -1.6409945998850926,
            -19.62552618779125,
            -9.514702019860387
        ],
        [
            1.4350799554377618,
            -2.6561545350054856,
            0.8184865551208664,
            -1.0973375969277537,
            -6.160027336896092,
            -7.804289018873166,
            -1.89716840120254,
            -3.310563495963938,
            -3.6237185767627493,
            -4.324201910415451,
            -2.388161697312837,
            -4.355222196226555,
            -0.3956027393144008,
            2.000999298339206,
            -5.831641445250389,
            -1.2996024588573418,
            -4.89574282863894,
            -1.7775679234898312,
            -7.603305394297304,
            -5.498570326898312,
            -8.3093278387093,
            1.3913164263769626,
            -5.059029652920027,
            2.1258943192373723,
            -6.108227830726713,
            1.9563161088364798,
            0.5799116793754515,
            -3.5620413428580453,
            1.8877554993138903,
            -7.378293299757642
        ]
    ]
}