{
    "run_id": 1,
    "case": "multimodal",
    "dim": 1,
    "means_array": [
        [
            0
        ],
        [
            14
        ]
    ],
    "min_mode": [
        0
    ],
    "max_mode": [
        14
    ],
    "border": [
        10.0
    ],
    "low": [
        -10.0
    ],
    "high": [
        24.0
    ],
    "samples": [
        {
            "posterior": 4.581260465330576
        },
        {
            "posterior": -9.123185668843826
        },
        {
            "posterior": 3.90774520952972
        },
        {
            "posterior": 18.152349054650273
        }
    ]
}