nu,ws_t_stat,ws_p_value,ws_paired_cohens_d
2.1,-13.077190915144486,4.785134356052547e-08,-3.775059847551399
3.0,-8.755962484230633,2.740808119380686e-06,-2.5276286486424104
4.0,-16.18658125959939,5.100843936672463e-09,-4.67266352374473
10.0,-9.860324289018575,8.507164019223949e-07,-2.84643044128094
50.0,-10.810874683670594,3.3741138204889083e-07,-3.120830704396264
