nu,var_rmse_t_stat,var_rmse_p_value,var_rmse_paired_cohens_d
2.1,-5.76117922255225,0.0001262783018023364,-1.6631091874951103
3.0,-28.048523283766862,1.3849021664651674e-11,-8.096911234127143
4.0,-34.30067994125691,1.5495190654553811e-12,-9.901753398735938
10.0,-33.47637193481239,2.020164189723914e-12,-9.663796174027985
50.0,-14.716267722189938,1.3931720868116188e-08,-4.248220565436481
