nu,ws_t_stat,ws_p_value,ws_paired_cohens_d
2.1,7.301744833467168,1.5394558567503088e-05,2.1078321725781146
3.0,-6.645979472514751,3.630811710183033e-05,-1.9185290187425594
4.0,-21.211762309522886,2.840793871182428e-10,-6.123308339694699
10.0,-22.180344795755495,1.7564410995782667e-10,-6.402914019274076
50.0,8.180130944572051,5.2825235711237505e-06,2.361400401427531
