nu,ws_t_stat,ws_p_value,ws_paired_cohens_d
2.1,-42.411477291387136,1.5250571132242204e-13,-12.243138915456033
3.0,-36.795008917192185,7.20320758023994e-13,-10.621804151587794
4.0,-55.708342174905845,7.693475454700894e-15,-16.081613175394835
10.0,-52.75151637289608,1.3988250100324711e-14,-15.228051089026252
50.0,-14.214375117259198,2.0050436766253136e-08,-4.103336650155958
