nu,mmd_rff_t_stat,mmd_rff_p_value,mmd_rff_paired_cohens_d
2.1,-2.9394345326324784,0.013461352868222582,-0.8485416593403217
3.0,-97.17089200993088,1.7123059501268308e-17,-28.050820329664827
4.0,-78.28577126198189,1.838999177474234e-16,-22.59915555591136
10.0,-133.50471699672923,5.214630653137297e-19,-38.539492148073215
50.0,-18.248371845032658,1.4253226216184038e-09,-5.267851198500996
