nu,var_rmse_t_stat,var_rmse_p_value,var_rmse_paired_cohens_d
2.1,5.111752482016376,0.00033778921846743947,1.4756358357614463
3.0,-8.040280368767014,6.2274062560986596e-06,-2.3210290176338497
4.0,-22.708669160556042,1.3626852920772652e-10,-6.555428126392592
10.0,-26.997147325971834,2.0966176191137228e-11,-7.793405138000913
50.0,3.0762487331502033,0.010541659795099276,0.8880365170892576
