nu,ws_t_stat,ws_p_value,ws_paired_cohens_d
2.1,1.3396369846259943,0.20738288381835762,0.3867198868450982
3.0,-2.053987601334847,0.06453077633533463,-0.5929351472714138
4.0,-6.482587731532082,4.53459441537696e-05,-1.8713618859227066
10.0,-9.872407520200863,8.403942962761044e-07,-2.849918569668827
50.0,-16.207351338385187,5.032034785290834e-09,-4.678659329033765
