dimension,mmd_rff_t_stat,mmd_rff_p_value,mmd_rff_paired_cohens_d
2,3.122152210615604,0.08909064263190457,1.8025754192499042
3,-0.003888120277599359,0.9972506941762644,-0.0022448072889136323
10,-1.4602122810534437,0.2816695376669002,-0.8430539535402033
30,-3.3437591498628825,0.07898790383075875,-1.9305202452786094
50,-6.880654870401595,0.020475758526010284,-3.972547941627271
