dimension,mmd_rff_t_stat,mmd_rff_p_value,mmd_rff_paired_cohens_d
2,37.253485987108036,0.0007197755254122642,21.508310162908778
3,-0.3321635169405279,0.7713472252468833,-0.19177469592058663
10,1.6601504233826239,0.23875933859008341,0.9584882938352292
30,-0.6866417178039684,0.5632308931000636,-0.3964327806109482
50,-0.5875128865796359,0.616354504780545,-0.33920072321912687
