{
    "sampler": "Metro",
    "value": 2.1,
    "means_array": [
        [
            0.0,
            0.0,
            0.0,
            0.0,
            0.0,
            0.0,
            0.0,
            0.0,
            0.0,
            0.0,
            0.0,
            0.0,
            0.0,
            0.0,
            0.0,
            0.0,
            0.0,
            0.0,
            0.0,
            0.0,
            0.0,
            0.0,
            0.0,
            0.0,
            0.0,
            0.0,
            0.0,
            0.0,
            0.0,
            0.0
        ],
        [
            13.0,
            0.0,
            0.0,
            0.0,
            0.0,
            0.0,
            0.0,
            0.0,
            0.0,
            0.0,
            0.0,
            0.0,
            0.0,
            0.0,
            0.0,
            0.0,
            0.0,
            0.0,
            0.0,
            0.0,
            0.0,
            0.0,
            0.0,
            0.0,
            0.0,
            0.0,
            0.0,
            0.0,
            0.0,
            0.0
        ]
    ],
    "case": "Posterior Samples",
    "dim": 30,
    "samples": [
        [
            -0.8027978401749478,
            2.2957802187299743,
            1.112668608358237,
            -1.8761273426418885,
            -4.447292521282236,
            1.3415287605119361,
            1.0649144244987767,
            1.4214105593274033,
            -2.126594876245064,
            -0.09825502640328487,
            0.23444518507078405,
            -0.754010318098087,
            2.0545241096681046,
            -0.24008283108198147,
            0.2113178789141923,
            -1.1421350799192274,
            1.7684699953188234,
            -0.9978019921031565,
            0.23529346772997706,
            0.768166137537915,
            -1.2356790791007255,
            2.804880997736372,
            -0.4150025480393693,
            -1.3943153896786324,
            -1.1358100253674657,
            -0.19043219049786297,
            -1.3359479036069788,
            -0.5169894676423988,
            -1.2681624491469152,
            -1.6174310007024464
        ],
        [
            15.602923225339756,
            -29.846477942180766,
            -31.221585620854142,
            -28.311967417896092,
            10.111695787992705,
            -30.02504175235923,
            -26.087767538167277,
            -21.538391262998154,
            -28.56401741859338,
            24.701483928022803,
            15.314759600511515,
            -5.778229818480542,
            10.00695549022196,
            30.53324372599218,
            -16.509600195803756,
            28.92194376976098,
            -8.259926210087603,
            1.9450281956496944,
            -17.82671302413916,
            -8.880443725109744,
            -26.550137192669098,
            -47.36453737183709,
            -1.6384636453915107,
            -38.43607300168741,
            -27.640362324324833,
            21.41739170893497,
            43.03231924204586,
            16.44154066351956,
            -29.0878020523914,
            -26.90246357930257
        ],
        [
            13.163332186873134,
            -0.6984512620058967,
            -0.18889195640040068,
            -0.837386246636039,
            0.9675064058555606,
            -0.3769772819938346,
            0.3967430662526607,
            0.012492291516948306,
            -0.2718391196635028,
            -0.6645436048035205,
            -0.30786941516816047,
            0.19629273744047349,
            -1.0516110568098211,
            -0.276430581074905,
            -0.36482278780881755,
            -0.27320743344681,
            -0.1321743432201713,
            -0.9388725095118056,
            -0.015917950381152565,
            0.39846779164487517,
            -0.06942466858890581,
            -0.19199463180753695,
            -1.053260776437961,
            -0.3552311645924336,
            -0.6499166570305448,
            0.45623873561753986,
            -0.2338148719325911,
            0.14069188299044222,
            -0.14536609667430272,
            0.014103362028407007
        ],
        [
            12.685392902049161,
            1.7464798541111364,
            0.31454626650043993,
            -5.034337605897178,
            -6.241472889592418,
            -3.6436607860604333,
            -11.26377814160673,
            -3.0939479747612744,
            -2.7863168949921473,
            1.5262765286030238,
            -5.686478983692236,
            -3.663449825840307,
            -1.9624567972260047,
            -2.150554972233489,
            2.4132375977250144,
            4.288732674507514,
            -0.19571171848978608,
            -2.449494910097682,
            0.8790490108475719,
            2.799246187695516,
            -3.2877116634688877,
            6.486668561655395,
            4.095395141066831,
            -2.423446626137879,
            -2.8527484061634794,
            -5.336617566103705,
            7.603317360580375,
            0.05463112545961124,
            -1.1542663797794432,
            6.613898077220987
        ]
    ]
}