{
    "sampler": "Metro",
    "value": 2,
    "means_array": [
        [
            0.0,
            0.0
        ]
    ],
    "case": "Warmup Samples",
    "dim": 2,
    "samples": [
        [
            20.31399822652389,
            -12.027270549495606
        ],
        [
            -127.26924421634607,
            -96.82493648612785
        ],
        [
            -155.84808008654804,
            15.704424074138995
        ],
        [
            -72.66099613838932,
            -169.62778209908748
        ]
    ]
}