run_id,mu,sampler,wasserstein_distance,mmd_rff,r_hat,ess,runtime
7,8,Metro,0.10532017277284961,0.020155002852595204,1.1137753762549873,28.36790483256337,1.413222074508667
7,10,Metro,1.6793171963352485,0.18192544773966712,1.4096912926728085,8.345653403223277,1.0948419570922852
7,12,Metro,0.6289853209258103,0.050474577446255886,1.5332178392438485,7.240726816556511,1.058192491531372
7,14,Metro,0.7963945029646666,0.06875471920568352,1.5344518325585095,7.296498648737843,1.3681902885437012
7,16,Metro,4.958051632488128,0.3035060365609177,1.0045242519161328,806.4530684425749,1.1176807880401611
7,18,Metro,12.555050430157795,0.7094682220445859,1.0064905823503862,789.6514885436973,1.0568242073059082
7,20,Metro,4.070305098757432,0.21638966371779766,1.7400033559789152,6.157919044754076,1.416527509689331
7,22,Metro,1.213412150860512,0.06174205781671332,1.5389645585703124,7.230525170743716,1.115476131439209
7,40,Metro,17.89607842504758,0.45862255840545074,1.5324487180550737,7.361327921625366,1.1399445533752441
