run_id,mu,sampler,wasserstein_distance,mmd_rff,r_hat,ess,runtime
7,8,SMC,0.07568331474283248,0.013180010717396261,1.0009098445969566,3868.2451073515986,1.038301944732666
7,10,SMC,0.09829574667279561,0.01340788195142658,1.0009041698189847,3507.2623472786318,1.0128302574157715
7,12,SMC,0.17791403294616576,0.016829621373058327,1.0002558013021807,3830.2551977937164,0.8421287536621094
7,14,SMC,0.23755720431066135,0.02472980737773312,0.9993600490305058,3903.5785688538344,1.0411813259124756
7,16,SMC,0.22234158640678534,0.025574358648196356,1.000050995112351,4257.4016103625445,1.1668477058410645
7,18,SMC,0.11925559419130019,0.011428221784073496,1.0001852765000623,4072.682475369151,1.039567470550537
7,20,SMC,0.1748079258416881,0.01794651990976743,0.9993951515273033,3981.5279026333574,1.0345959663391113
7,22,SMC,0.43722666411521016,0.025344449899025418,1.0001248796459112,4109.51220009575,1.0687003135681152
7,40,SMC,0.06951557153174344,0.013516836929759808,0.9999552766357046,3998.148111918568,0.9263858795166016
