run_id,mu,sampler,wasserstein_distance,mmd_rff,r_hat,ess,runtime
1,"(5.0, 0.0)",SMC,0.04519977615625098,0.019588151715676086,1.000279977867574,3891.885606037665,3.891474485397339
1,"(5.0, 10.0)",SMC,0.052800250241693006,0.017195406828414785,1.0002955038327528,3769.3313965038133,5.661144733428955
1,"(5.0, 20.0)",SMC,0.2414295422989872,0.023690016656256443,1.000106588509872,3426.2303541818487,3.0264925956726074
1,"(5.0, 40.0)",SMC,0.24502343620160105,0.023065913428790122,1.000835369156517,2920.781582083717,3.7436904907226562
1,"(5.0, 5.0)",SMC,0.0786222699748911,0.02099578933318665,1.000135518904795,3442.8702382174015,3.3534443378448486
