run_id,mu,sampler,wasserstein_distance,mmd_rff,swd_zscore,r_hat,ess,runtime
11,"(10, 10, 20, 30, 30)",DEMetro,1.942408836264708,0.4561423847114812,537.1145439506688,3.1046657619915288,6.777500484587493,1.9561874866485596
