alpha,sampler,wasserstein_distance,reference_swd,relative_swd,swd_zscore,r_hat,ess,runtime
2,DEMetro,10.326569593602914,12.128449846079672,-1.8018802524767583,-0.2173153763168523,1.0428739200652408,127.70995312763793,1.765347957611084
