alpha,sampler,wasserstein_distance,reference_swd,relative_swd,swd_zscore,r_hat,ess,runtime
2,Metro,9.236153430995795,12.128449846079672,-2.8922964150838766,-0.34882478067001443,1.031013646883604,133.82608385656465,1.0147771835327148
