run_id,mu,sampler,wasserstein_distance,mmd_rff,r_hat,ess,runtime
61,8,HMC,4.1324023101539185,0.5707202436188686,1.2568459491300894,11.782685275753757,1.3520581722259521
61,10,HMC,4.526263476836636,0.503854909364431,1.5277015678737944,7.253108951959763,1.6177940368652344
61,12,HMC,0.6011832660967312,0.04927518801917194,1.5295473219971403,7.234695423579038,1.3828065395355225
61,14,HMC,6.335913963143462,0.4887974992100163,1.531041322177492,7.354234506217873,1.3815362453460693
61,16,HMC,3.1765526199626994,0.21152079852575767,1.735956012847564,6.166782365427519,1.6521811485290527
61,18,HMC,5.524524710066169,0.32906799165961403,1.0016979775531334,1830.8383651852039,1.3254525661468506
61,20,HMC,0.8680078429078532,0.0460442978290506,1.5285305357951435,7.245563880433391,1.3296589851379395
61,22,HMC,4.390923406560002,0.2167681545505859,1.7357925194349637,6.132741266475885,1.6175007820129395
61,40,HMC,17.831037105618762,0.4784915646760446,1.5303123256599185,7.270296720452798,1.3391683101654053
