run_id,mu,sampler,wasserstein_distance,mmd_rff,r_hat,ess,runtime
32,"(10, 10)",Metro,3.246961726653993,0.2264371331092359,1.7523457015618638,6.108152461184053,2.5907061100006104
32,"(2, 2)",Metro,0.41615684553404153,0.06235435855023223,1.3414331096834917,9.585289111677188,2.582874059677124
32,"(20, 20)",Metro,9.028885459517436,0.3948759628728391,1.0903545374009378,31.05158778969495,2.2456912994384766
32,"(40, 40)",Metro,4.967574459454099,0.3050072185628718,1.5651754980582424,7.105788117508391,2.5916645526885986
32,"(5, 5)",Metro,1.0729112766904834,0.14408404989190837,1.6669500076684993,6.394993867778489,2.2666916847229004
