correlation,mmd_rff_t_stat,mmd_rff_p_value,mmd_rff_paired_cohens_d
0.0,-57.56963260960458,5.365529749280296e-15,-16.61892144215153
0.3,-42.623741142545704,1.444007499654859e-13,-12.304414211258845
0.5,-37.11292587313429,6.557374920551501e-13,-10.713578871634354
0.9,-11.9412447078268,1.2234595890396808e-07,-3.4471404232614984
0.99,-4.204645811403827,0.0014739998045560816,-1.213776695530516
