correlation,var_rmse_t_stat,var_rmse_p_value,var_rmse_paired_cohens_d
0.0,2.9282594610417214,0.013733102491660279,0.8453156940447532
0.3,0.801018078203944,0.4400803343419234,0.2312340015384019
0.5,1.7505031353750797,0.10783273151741322,0.5053267282130431
0.9,3.828945583255823,0.002799499865531902,1.105321381602589
0.99,2.8880396836306588,0.014757505330814992,0.8337052443872413
