correlation,mmd_rff_t_stat,mmd_rff_p_value,mmd_rff_paired_cohens_d
0.0,10.13935143602201,6.43706093515827e-07,2.926978640497763
0.3,4.661685044849374,0.0006918195628862939,1.3457125577605196
0.5,5.269496495995458,0.0002645230283358415,1.5211726102283838
0.9,7.009536101953014,2.2415425925701062e-05,2.0234787776784864
0.99,6.843485694389489,2.7881270595188078e-05,1.9755441539255625
