run_id,mu,sampler,wasserstein_distance,mmd_rff,r_hat,ess,runtime
57,"(10.0, 0.0)",HMC,4.723961194317975,0.3633256714534397,2.098919796790538,5.260158442452255,7.21361231803894
