mu,sampler,wasserstein_distance,r_hat,ess,runtime
0,DEMetro,0.23598067327190586,1.006114348340954,4095.057159998726,15.326419591903687
3,DEMetro,0.1300336518145586,1.005799932601614,3946.715411532807,15.621872186660767
6,DEMetro,0.11048928578396684,1.0041982010560184,4439.359586718133,15.396069526672363
10,DEMetro,0.1313678236923469,1.0031533982039051,5677.604731909441,15.311864614486694
