run_id,mu,sampler,wasserstein_distance,mmd_rff,r_hat,ess,runtime
16,"(0, 0, 0, 0, 0)",HMC,0.02684069749199363,0.020019744038407703,1.002381019726164,1403.9222022844758,1.8091347217559814
