run_id,mu,sampler,wasserstein_distance,mmd_rff,r_hat,ess,runtime
33,"(0, 0, 0, 0, 0)",SMC,0.03286264446429422,0.021030135451626315,1.0006971794661312,3265.1865558052823,1.91255521774292
