{
    "sampler": "HMC",
    "value": 5,
    "means_array": [
        0
    ],
    "case": "Posterior Samples",
    "dim": 1,
    "samples": [
        9.241019217937476,
        7.924325464365842,
        0.8576464712127665,
        24.753890010210508
    ]
}