{
    "sampler": "HMC",
    "value": 5,
    "means_array": [
        0
    ],
    "case": "Warmup Samples",
    "dim": 1,
    "samples": [
        23.652818357930833,
        74.62665776152366,
        67.11834653668083,
        -44.94319185886007
    ]
}