{
    "sampler": "Metro",
    "value": 4,
    "means_array": [
        0,
        4
    ],
    "case": "Posterior Samples",
    "dim": 1,
    "samples": [
        0.20786999425147823,
        3.6407088421182365,
        6.262748125296802,
        1.7146399616206294
    ]
}