mode_means,sampler,wasserstein_distance,r_hat,ess,chain_seeds,mode_distance
"(0, 8)",DEMetro,4.029872158921651,1.0538643149822258,88.97804376168303,"[773627, 125920, 538746, 818661]",8
"(0, 10)",DEMetro,5.01024561106826,1.1020863555254075,32.3586165988267,"[773627, 125920, 538746, 818661]",10
"(0, 15)",DEMetro,7.809601413788554,1.1295553987167342,27.0126513395573,"[773627, 125920, 538746, 818661]",15
"(0, 20)",DEMetro,10.149810976247082,1.0544949966601795,126.24866378712132,"[773627, 125920, 538746, 818661]",20
