mu,sampler,wasserstein_distance,r_hat,ess,runtime
"(-10, 10)",Metro,0.081422678162928,1.102511768122394,77.23046825223315,2.9172167778015137
"(0, 0)",Metro,0.09265548917054543,1.102511768122394,77.23046825223315,2.5477781295776367
"(20, -20)",Metro,0.07523974914224532,1.102511768122394,77.23046825223315,2.9372596740722656
"(50, -50)",Metro,0.07589657556196125,1.102511768122394,77.23046825223315,2.733860492706299
