mu,sampler,wasserstein_distance,r_hat,ess,runtime
"(10, -10)",DEMetro,3.9122814586350514,1.024932597403483,581.6075551125368,6.88397216796875
"(20, 20)",DEMetro,12.133681815706428,1.0117458145908327,1065.2226478117825,7.320730924606323
"(5, 5)",DEMetro,0.4666907419301153,1.034613891997916,383.34218915859816,8.215117931365967
"(50, -50)",DEMetro,15.143997298764166,1.0246870436819981,548.5530540014718,6.819286346435547
