{
    "sampler": "Metro",
    "value": 5,
    "means_array": [
        [
            0.0,
            0.0,
            0.0,
            0.0,
            0.0
        ]
    ],
    "case": "Warmup Samples",
    "dim": 5,
    "samples": [
        [
            49.931535023171676,
            81.02073938552957,
            52.71625521813945,
            76.06747467771497,
            -58.538698860824546
        ],
        [
            44.7492813587965,
            84.0518349509293,
            55.35519172418651,
            65.6608166432239,
            70.22808372908045
        ],
        [
            -64.49124615251108,
            58.95082355383758,
            -17.132684241648555,
            -86.20867381212727,
            95.72517350949155
        ],
        [
            -51.060010013411635,
            -8.445030795473077,
            58.747138021577626,
            60.01169233492425,
            7.949355498280926
        ]
    ]
}