run_id,mu,sampler,wasserstein_distance,mmd_rff,r_hat,ess,runtime
58,"(10, 10)",HMC,0.9275203364683807,0.0658507737931078,1.7258817902454986,6.2312622780649765,3.0723626613616943
58,"(2, 2)",HMC,0.6794879421839469,0.09511018662788039,1.3107082737808486,10.538028940966095,3.188352584838867
58,"(20, 20)",HMC,2.2843374736555435,0.1952716070515546,2.0856434249541005,5.256075689406786,3.3563551902770996
58,"(40, 40)",HMC,3.2106185107303546,0.06860903837027338,1.7488980216737864,6.138397163611233,3.2118759155273438
58,"(5, 5)",HMC,0.32136233137201314,0.061297004135658625,1.3935784741428716,8.558210074212317,3.464442491531372
