mu,sampler,wasserstein_distance,r_hat,ess,runtime
"(-10, 10)",HMC,0.01528233381527167,1.0009740968254592,39436.892812523394,10.135682106018066
"(0, 0)",HMC,0.007511806012371952,1.0009738616068298,39436.89341389627,9.731171131134033
"(20, -20)",HMC,0.00890598369496724,1.00097409741098,39436.903497145584,9.94231915473938
"(50, -50)",HMC,0.010451597452476513,1.0009738636716439,39436.89580966118,10.052785873413086
