{
    "sampler": "Metro",
    "value": 50,
    "means_array": [
        [
            0.0,
            0.0
        ],
        [
            16,
            0
        ]
    ],
    "case": "Posterior Samples",
    "dim": 2,
    "samples": [
        [
            14.54576347035517,
            -1.6300295342327389
        ],
        [
            -0.5181257833727542,
            -0.1404385123917846
        ],
        [
            15.396284472247265,
            -0.5683794472299177
        ],
        [
            15.162827320085329,
            -0.577124920650317
        ]
    ]
}