{
    "run_id": 1,
    "case": "multimodal",
    "dim": 2,
    "means_array": [
        [
            0,
            0
        ],
        [
            10,
            10
        ]
    ],
    "min_mode": [
        0,
        0
    ],
    "max_mode": [
        10,
        10
    ],
    "border": [
        2.5,
        2.5
    ],
    "low": [
        -2.5,
        -2.5
    ],
    "high": [
        12.5,
        12.5
    ],
    "samples": [
        {
            "posterior": [
                3.3639384612207612,
                2.901631580645491
            ]
        },
        {
            "posterior": [
                11.163323668490218,
                11.172761973063894
            ]
        },
        {
            "posterior": [
                2.8144696792563453,
                8.573921293478856
            ]
        },
        {
            "posterior": [
                2.0306626241154193,
                8.47024639270474
            ]
        }
    ]
}