{
    "sampler": "Metro",
    "value": 30,
    "means_array": [
        [
            0.0,
            0.0,
            0.0,
            0.0,
            0.0,
            0.0,
            0.0,
            0.0,
            0.0,
            0.0,
            0.0,
            0.0,
            0.0,
            0.0,
            0.0,
            0.0,
            0.0,
            0.0,
            0.0,
            0.0,
            0.0,
            0.0,
            0.0,
            0.0,
            0.0,
            0.0,
            0.0,
            0.0,
            0.0,
            0.0
        ]
    ],
    "case": "Warmup Samples",
    "dim": 30,
    "samples": [
        [
            -5.0986170221811395,
            -19.436341026226398,
            -5.252374038001426,
            -25.698816068495642,
            -5.9887796516562535,
            -20.056916948344202,
            -24.78888988045797,
            -15.096555147314028,
            -18.047743344546156,
            3.005230859516713,
            -13.579095929641671,
            -24.76596284984907,
            19.851067659669567,
            -16.880265151158305,
            -6.81206050628047,
            -13.273608643269432,
            -17.647362194027107,
            -26.9133174032405,
            -10.256616478745759,
            -13.38623213386333,
            -3.5526919938765715,
            11.54869170677587,
            26.308984690343777,
            -5.921987490310194,
            -16.6077679377801,
            28.25144221411345,
            16.95409095859986,
            -2.5153109570273955,
            -0.8537943260485892,
            -11.222457194706642
        ],
        [
            -18.65953923533935,
            -21.1943876910086,
            10.645793638529625,
            -13.099709355777803,
            -28.32658209746787,
            28.770049192451552,
            21.125221647631566,
            7.237293085306676,
            -26.996960959026538,
            12.249475560229968,
            -9.040737438505609,
            22.881679922073598,
            19.450869058803512,
            -27.747518790055885,
            -27.73637602813189,
            -16.96307646431977,
            -18.347169773050773,
            -29.256308274354037,
            8.182843463648112,
            16.398879158117055,
            -4.342060640984418,
            26.021607262311797,
            -24.077171521143324,
            -26.58393465754371,
            29.67656999694362,
            -26.556614810970412,
            29.737210477157628,
            19.79131094553553,
            17.874056359627538,
            2.31076813793596
        ],
        [
            -24.673220291123155,
            -25.367836131784756,
            7.866782002223168,
            -19.50726997628284,
            -25.712063884757647,
            12.276318622865887,
            -15.151558517053237,
            28.003777242926116,
            26.701328544584353,
            -3.887660263815376,
            -3.688406422500795,
            -14.412547185430201,
            -14.28737310485852,
            -16.002952569931306,
            -3.3583779163548364,
            20.45224591996064,
            -22.20237584561362,
            -12.339656086595447,
            -5.213102188794713,
            9.070194735719822,
            -19.116665187531044,
            3.4887568408445797,
            -11.742377052281231,
            -2.006483259282426,
            2.320817832314888,
            -4.278145769101376,
            2.20897097920695,
            -12.6821474263505,
            -26.034191266428618,
            14.541030233434663
        ],
        [
            23.53584380699954,
            23.33758658836967,
            12.371436807256622,
            2.2778320142016892,
            28.514760391876482,
            -17.9980399939533,
            -16.82451745618178,
            -8.283496161437535,
            -25.59503104743869,
            0.35116771489686416,
            -16.774604323145038,
            -3.8329209595138707,
            -7.98851686045049,
            -8.5823832712572,
            4.866613240757189,
            -25.008085892277172,
            -2.2877165828736543,
            -17.80971433119696,
            -20.690462900823178,
            -8.066090489871865,
            26.859390285597954,
            4.868556969935956,
            -12.883941103114111,
            -18.044947631762227,
            -11.571694104939173,
            -29.919989716424716,
            -1.0655498471170581,
            7.388640054734587,
            -6.35573449036073,
            -1.278832696551384
        ]
    ]
}