run_id,mu,sampler,wasserstein_distance,mmd_rff,r_hat,ess,runtime
4,"(10.0, 0.0)",HMC,2.042656590648196,0.27736792233427304,2.8438615334960224,4.619375432724343,6.615660190582275
