run_id,mu,sampler,wasserstein_distance,mmd_rff,r_hat,ess,runtime
16,8,HMC,0.37308004022430336,0.05469100249326222,1.5287259911555413,7.18491672075116,1.534407138824463
16,10,HMC,1.9704749160512334,0.21034324206912933,1.7334406544370795,6.09212429691407,1.5549521446228027
16,12,HMC,2.3958221602413285,0.21345324842414112,1.73664793159705,6.1055081252453025,1.875870943069458
16,14,HMC,6.296319275521235,0.4896546924046862,1.5291885994494865,7.193465060517351,1.585606336593628
16,16,HMC,3.140263369800187,0.21410318232428058,1.734661445001075,6.117163042747447,1.5687665939331055
16,18,HMC,7.992382914535935,0.488261544004091,1.528955783020653,7.186818951042446,1.8289976119995117
16,20,HMC,6.041799280292163,0.3341901950930611,1.0017202185578036,3340.829266872639,1.7978556156158447
16,22,HMC,15.607040241238506,0.7905621284731414,1.0009894365366876,3486.1716232247595,1.541018009185791
16,40,HMC,8.009862557639703,0.21308697582926978,1.7331897052060403,6.091384497345498,1.5330657958984375
