dimension,mmd_rff_t_stat,mmd_rff_p_value,mmd_rff_paired_cohens_d
2,4.875048349149826,0.000490741418063268,1.4073052383470464
5,6.751391239215749,3.1515337763159813e-05,1.9489587746828472
10,4.869157319684187,0.0004953742820610996,1.4056046446231512
15,2.8786711113027295,0.01500691863746258,0.831000770509515
30,8.516070524965881,3.587708460724322e-06,2.458377805013445
