dimension,ws_t_stat,ws_p_value,ws_paired_cohens_d
2,-1.458532553851094,0.17264895354006796,-0.42104208129388077
5,-0.11598919827360592,0.9097515302218195,-0.03348319742317763
10,-0.5051267316499836,0.6234366708349586,-0.14581752724649694
15,0.08625628711261718,0.9328127447537137,0.02490004529188359
30,0.516552237232333,0.6156945269616,0.14911578660829544
