dimension,mmd_rff_t_stat,mmd_rff_p_value,mmd_rff_paired_cohens_d
2,3.4199469253179973,0.005723771008697379,0.9872536389732894
5,-17.347953984841016,2.4442689646303236e-09,-5.0079229515186015
10,-39.35969187217201,3.4504602225476683e-13,-11.362164348809618
15,-38.40272218073895,4.5152226016928576e-13,-11.085910994332023
30,-22.977566453733193,1.2001395106043893e-10,-6.633052088692687
