dimension,mmd_rff_t_stat,mmd_rff_p_value,mmd_rff_paired_cohens_d
2,-3.646584844679557,0.0038435967347631044,-1.052678370849276
5,-0.09361057297964671,0.9271018073880728,-0.027023044754397072
10,-0.6583945463403443,0.5238256738704985,-0.19006213428128968
15,-0.5835750369794466,0.5712779913240393,-0.16846360234621466
30,0.28192117816439954,0.783237328418361,0.08138363405173626
