dimension,mean_rmse_t_stat,mean_rmse_p_value,mean_rmse_paired_cohens_d
2,3.024305721339174,0.011566387596287808,0.8730418611634488
5,4.912523858442023,0.00046232019950942293,1.4181234860359806
10,4.638336393991321,0.0007185877981124732,1.3389723828314637
15,7.286841774976827,1.5688485904412595e-05,2.1035300301625406
30,11.230288532083891,2.2923864101422242e-07,3.2419050535379013
