dimension,mmd_rff_t_stat,mmd_rff_p_value,mmd_rff_paired_cohens_d
2,-4.97846921814877,0.0004164454855115769,-1.437160271625229
5,-14.161991225568878,2.0840962129178327e-08,-4.088214723171655
10,-18.766060363921067,1.0570978309405844e-09,-5.417295001369298
15,-24.01591522095322,7.445548561173755e-11,-6.932797558826287
30,-14.088795015208156,2.200281790548407e-08,-4.067084797293943
