dimension,mean_rmse_t_stat,mean_rmse_p_value,mean_rmse_paired_cohens_d
2,-1.0658006695584943,0.3093485126238201,-0.30767015173604007
5,-5.000771529295645,0.0004020403802951281,-1.4435983942973287
10,-4.961005310076817,0.00042810585976450804,-1.4321188756120067
15,-8.115476369477166,5.69859662880476e-06,-2.3427362332598447
30,-11.01005272076325,2.803900577338592e-07,-3.1783284510623173
