{
    "sampler": "Metro",
    "value": [
        3,
        3
    ],
    "means_array": [
        [
            0,
            0
        ],
        [
            3,
            3
        ]
    ],
    "case": "Warmup Samples",
    "dim": 2,
    "samples": [
        [
            1.6534815880592406,
            1.8302572694647055
        ],
        [
            5.159334709469656,
            2.7533096984499363
        ],
        [
            2.8951125062902223,
            1.506719353079816
        ],
        [
            3.768728076317111,
            0.12434579100667442
        ]
    ]
}