a,sampler,wasserstein_distance,reference_swd,relative_swd,swd_zscore,r_hat,ess,runtime
1,HMC,0.1638081341783363,0.11514714449084192,0.048660989687494396,1.301406649736133,1.002698391125739,2583.5026737310436,3.883681535720825
2,HMC,0.14195334589373637,0.09811192493736381,0.04384142095637256,0.9878004166456977,1.0060921024687535,1764.5595210012489,5.098778009414673
3,HMC,0.16283517279817444,0.12661002859604786,0.03622514420212658,0.574570185043728,1.0008908189238759,1627.082894534035,4.092848300933838
5,HMC,0.23161269166825416,0.19194259996589302,0.03967009170236113,0.6061118373986064,1.005251404714571,1259.6298523029784,4.370805501937866
