{
    "sampler": "Metro",
    "value": 2.5,
    "means_array": [
        [
            -4.000000002,
            0.0,
            0.0,
            0.0,
            0.0,
            0.0,
            0.0,
            0.0,
            0.0,
            0.0,
            0.0,
            0.0,
            0.0,
            0.0,
            0.0,
            0.0,
            0.0,
            0.0,
            0.0,
            0.0,
            0.0,
            0.0,
            0.0,
            0.0,
            0.0,
            0.0,
            0.0,
            0.0,
            0.0,
            0.0
        ],
        [
            4.000000002,
            0.0,
            0.0,
            0.0,
            0.0,
            0.0,
            0.0,
            0.0,
            0.0,
            0.0,
            0.0,
            0.0,
            0.0,
            0.0,
            0.0,
            0.0,
            0.0,
            0.0,
            0.0,
            0.0,
            0.0,
            0.0,
            0.0,
            0.0,
            0.0,
            0.0,
            0.0,
            0.0,
            0.0,
            0.0
        ]
    ],
    "case": "Posterior Samples",
    "dim": 30,
    "samples": [
        [
            2.131549638693965,
            -1.0031152336395035,
            3.42644277285514,
            -0.9410098456770202,
            2.2458802218578926,
            2.1519790185329777,
            1.3945284174500798,
            -0.7328999565318746,
            0.174628541318413,
            2.662072445436806,
            3.6553501613792196,
            -4.728450702253658,
            -1.6982903150653221,
            0.4278173560263738,
            0.6579060565782167,
            -0.9129200228225642,
            3.7216957176744048,
            -7.256345391684797,
            -4.762667988615558,
            2.3328846762429545,
            -2.3866562621337177,
            1.315711173462562,
            1.9393488132276078,
            1.8212345586606935,
            -1.8131160145739549,
            4.492728824735914,
            -1.2123959990602633,
            -2.1571114662836113,
            1.7711432172503176,
            1.4221058287680912
        ],
        [
            -4.5266632300136544,
            0.19566356129661688,
            -0.10016181474736383,
            0.6843217404774216,
            1.161068962850853,
            -0.9040314548161221,
            -0.5784234501706107,
            -0.03888369699471868,
            -0.4758454154338083,
            -0.3723057970849002,
            -0.704992847501666,
            -1.2622842604230948,
            0.3061750711151827,
            -1.2114758740588534,
            -0.22794262727891934,
            -0.6380667064455298,
            -0.22205557600100323,
            -0.7229350158659603,
            -0.9826883709699568,
            -0.9138034090248587,
            -0.6449172967594574,
            0.354703012085557,
            -1.0654041122907911,
            1.2142085150139517,
            1.373485174110364,
            0.22810541343512677,
            0.5791974385543522,
            0.94343948196639,
            0.08661598232551615,
            0.7058331087879285
        ],
        [
            -3.0467597500441563,
            1.6211484360394275,
            5.3871614029125166,
            4.3630123960040965,
            2.1575155634619225,
            5.54424119527253,
            6.916470698076301,
            6.90379689970084,
            9.493754697556508,
            -5.354786621952034,
            1.920130522458524,
            -10.795405213202804,
            9.351580773292396,
            -4.091394517731187,
            3.3418907136760048,
            -8.960121162020588,
            0.8775092347468245,
            -11.69432622697028,
            3.321702095099071,
            7.153687930763338,
            7.961677232103944,
            4.905554879011837,
            -14.86750779403871,
            -9.9559349363814,
            6.45308883456804,
            -1.2594680494837274,
            -0.5628086024492038,
            1.419451164188019,
            -0.23595847695989436,
            -6.670494925593825
        ],
        [
            -1.5613109841687143,
            -6.294094613129442,
            0.9381370184461004,
            -0.5858088846019278,
            3.8817659489033476,
            2.7151514323593147,
            -2.0060588482259663,
            -0.04256572767968514,
            -3.52022070729542,
            4.227273327168488,
            5.424663396789759,
            -3.560903131701804,
            -1.700653636901837,
            4.832244142174279,
            4.56151374333624,
            1.0446092541761924,
            -2.6912557540730413,
            6.041718505883755,
            -0.3488729803415165,
            5.217170971901071,
            0.529619340032272,
            -3.9497434467380645,
            3.190015177521434,
            3.1196187835905738,
            1.5655719701928446,
            1.9409574373085619,
            2.0751729319233503,
            -2.9840362342638125,
            3.2144842766710373,
            1.3966448244663736
        ]
    ]
}