{
    "sampler": "Metro",
    "value": [
        20,
        20,
        20
    ],
    "means_array": [
        [
            0,
            0,
            0
        ],
        [
            20,
            20,
            20
        ]
    ],
    "case": "Warmup Samples",
    "dim": 3,
    "samples": [
        [
            15.120176298093305,
            1.864041665604553,
            13.909718604949024
        ],
        [
            18.78344357605098,
            14.2808097322937,
            11.0084090288969
        ],
        [
            -0.8073337494498221,
            6.089105208861417,
            -3.7782898424206692
        ],
        [
            19.431238256353534,
            -3.7383615306867,
            4.513244518783375
        ],
        [
            20.67985027980013,
            19.262830144704147,
            17.837682885848604
        ],
        [
            23.237917687930036,
            2.5413193601917987,
            14.142435293773817
        ]
    ]
}