{
    "sampler": "Metro",
    "value": 30,
    "means_array": [
        [
            0.0,
            0.0,
            0.0,
            0.0,
            0.0,
            0.0,
            0.0,
            0.0,
            0.0,
            0.0,
            0.0,
            0.0,
            0.0,
            0.0,
            0.0,
            0.0,
            0.0,
            0.0,
            0.0,
            0.0,
            0.0,
            0.0,
            0.0,
            0.0,
            0.0,
            0.0,
            0.0,
            0.0,
            0.0,
            0.0
        ]
    ],
    "case": "Posterior Samples",
    "dim": 30,
    "samples": [
        [
            -1.90826152036895,
            1.1228965903027,
            0.7505744036812736,
            -1.0316275181684262,
            -1.0188363324619536,
            0.32023316109654526,
            -1.1001873028454674,
            -0.4674528491796954,
            -0.5545320280851702,
            -0.23435464494387148,
            0.35675587671717024,
            0.9838418284704078,
            -2.4011065290251477,
            0.006004664229284258,
            -0.7803122939717815,
            1.8834648648146306,
            1.6581512057302448,
            -1.274510425098035,
            0.28007769758929557,
            -0.7067519222712333,
            0.4396122604953635,
            0.14845471596892107,
            1.0935125461431203,
            -0.7117819980909138,
            0.7924723704524186,
            0.020231397662780037,
            -1.606532516479831,
            0.21174858899321444,
            1.196648545854863,
            0.14390870026460373
        ],
        [
            0.04722957690517718,
            -1.4760523376803312,
            1.434306949844704,
            -0.5942819728407784,
            -0.9533641574184759,
            0.20764235521131025,
            0.6291446352164842,
            0.1592480263663707,
            0.5146341830193948,
            -0.05968310829387069,
            0.5928573222157585,
            -1.2884382142716486,
            1.1495452979748086,
            -0.39135196489571267,
            -1.6683412167882867,
            0.1118522235733978,
            1.7276407345300067,
            2.006578342066072,
            -0.21168243492299044,
            1.0082403552155168,
            -0.9503059576414169,
            1.728761619636027,
            -0.5326003553160681,
            -0.34891638779110085,
            0.12131382627040277,
            0.8682379794954134,
            1.1033958548099982,
            0.8985596582023705,
            -0.22697137654160915,
            1.2607129844119846
        ],
        [
            0.42411229663453653,
            0.4134692894311419,
            -0.6436776356180057,
            -1.1701527509382752,
            1.5699551375786516,
            0.10139868420761133,
            0.45472588560392946,
            0.7808757213070838,
            0.34544893752480477,
            0.2449443448395805,
            -0.1111310913845871,
            -0.14253696527374915,
            0.45486371413582394,
            0.13676465565069001,
            -2.569538648813095,
            0.9263961371669465,
            -0.23166657058464163,
            1.2808699337705134,
            0.1959639391215766,
            1.896777261219622,
            -0.7446141259414839,
            1.8246056771814547,
            0.5467732836916672,
            -0.6690502902470943,
            -1.0283980628939002,
            -0.614106732348312,
            1.209736128522517,
            0.6637127926060268,
            -0.6921288118436169,
            0.49819808611531036
        ],
        [
            0.5007646800864477,
            -0.7477417830118485,
            0.571589728549359,
            0.2714053544142956,
            0.8200085726759933,
            -0.016644230477742966,
            -0.9663702046362481,
            -1.1786993081045642,
            0.7463973907080952,
            -1.5566841335276411,
            -0.18587945448079868,
            0.013628912450998454,
            -0.4383694305993194,
            0.4655544911049827,
            0.14719293856347004,
            -0.02403133152416201,
            0.7647381152345702,
            2.076317332373531,
            1.8400014378212497,
            1.3835129648664077,
            1.009830894783401,
            0.6034085607318341,
            0.5058178344270133,
            -0.13956724830950262,
            -1.894040862624285,
            0.7431441055612142,
            0.7763355721424355,
            -0.5949462146219331,
            0.24574969553768675,
            0.3172516809506567
        ]
    ]
}