{
    "sampler": "Metro",
    "value": 10,
    "means_array": [
        [
            0.0,
            0.0,
            0.0,
            0.0,
            0.0,
            0.0,
            0.0,
            0.0,
            0.0,
            0.0
        ]
    ],
    "case": "Warmup Samples",
    "dim": 10,
    "samples": [
        [
            -32.11896006898705,
            81.4706853503933,
            -65.495661742604,
            12.88264873385205,
            42.01099480250768,
            -96.74255336482854,
            -95.53879155333149,
            -10.646795329666503,
            8.397293725662962,
            -71.05561192709244
        ],
        [
            10.060970227522276,
            7.810793806727199,
            57.125396060057085,
            -80.87106876680434,
            -32.4032953251058,
            -98.19896306676883,
            57.161613071439994,
            32.536394240537106,
            58.81654528050244,
            -30.89852343413024
        ],
        [
            37.39858067078259,
            -16.254495654413972,
            -19.476883482177534,
            -43.10854425634365,
            84.66199496293645,
            -26.692723446392215,
            53.106882696363314,
            -58.343129300008755,
            -74.32564120293188,
            44.42676390107698
        ],
        [
            -68.9758132341709,
            33.39926582172876,
            58.95592076499389,
            -49.869725771149184,
            -17.398543909556267,
            93.13119046472968,
            -20.538260124179104,
            96.51699892032116,
            35.34723482119196,
            -57.597487059177325
        ]
    ]
}