{
    "sampler": "HMC",
    "value": 15,
    "means_array": [
        [
            0.0,
            0.0,
            0.0,
            0.0,
            0.0,
            0.0,
            0.0,
            0.0,
            0.0,
            0.0,
            0.0,
            0.0,
            0.0,
            0.0,
            0.0
        ]
    ],
    "case": "Warmup Samples",
    "dim": 15,
    "samples": [
        [
            21.698912299372864,
            67.43194665606721,
            -22.939709463984464,
            23.11515806475369,
            74.59271827477335,
            3.65841833963382,
            -48.24222192574959,
            -106.2251659215076,
            -70.16521176413156,
            -4.59495754743118,
            48.776484871996054,
            117.24784438455696,
            59.803591728593105,
            -61.18758615953022,
            -15.644597587360186
        ],
        [
            14.655984433499638,
            92.78142159369469,
            64.5771849489828,
            -85.76527838164479,
            68.6726928074401,
            -66.46770936732284,
            -78.86826674452459,
            73.6872372247174,
            75.09951335490219,
            -22.696180482913253,
            21.018275197876488,
            60.97147810748347,
            -91.39665198867064,
            -10.048836614286136,
            39.36200299977678
        ],
        [
            33.887891520770225,
            0.7101169666759598,
            13.15237311947484,
            -52.18061245547966,
            44.31977820565053,
            -50.34294884314851,
            -11.233356931337076,
            -40.80437145350791,
            73.62645362255257,
            114.82657425844732,
            -80.28895050895304,
            59.81962823515379,
            -37.544562412220394,
            73.1422515783111,
            97.47233591664225
        ],
        [
            -21.934494364847136,
            90.81210336443759,
            -40.898458535406576,
            -49.124916670109215,
            15.636478329547167,
            -37.13306541073415,
            82.91409206750545,
            -47.28858369864205,
            -8.77875838932087,
            82.3250106153041,
            88.54238197906835,
            -46.10213126768155,
            -42.9604419993091,
            -95.40109287395319,
            76.06789304025878
        ]
    ]
}