run_id,mu,sampler,wasserstein_distance,mmd_rff,r_hat,ess,runtime
31,"(0, 0, 0, 0, 0)",HMC,0.033965835541796316,0.021597640617964743,1.0027392602751932,6292.1913093507455,1.9834966659545898
