run_id,mu,sampler,wasserstein_distance,mmd_rff,swd_zscore,r_hat,ess,runtime
10,"(10, -10)",DEMetro,0.5629264537772094,0.06760304329919306,11.712165645737308,1.0501940644975678,141.22477663221076,3.496772527694702
10,"(20, 20)",DEMetro,0.5456712687250613,0.04188583767494926,4.693876143262822,1.0895205493341302,47.48886062995056,3.642517566680908
10,"(5, 5)",DEMetro,0.1268230018058959,0.044789261206018824,4.817797280766482,1.015063619906934,378.92480390963317,3.529029607772827
10,"(50, 10)",DEMetro,1.0092951556290353,0.043257501301111924,6.156387708689678,1.6543873272419716,9.995041078433594,3.0841288566589355
10,"(80, 0)",DEMetro,14.23171789096263,0.23467028282482866,58.14673001709499,1.0100339684895216,669.8337776667704,3.4060375690460205
