{
    "sampler": "HMC",
    "value": 50,
    "means_array": [
        [
            0.0,
            0.0
        ],
        [
            16,
            0
        ]
    ],
    "case": "Warmup Samples",
    "dim": 2,
    "samples": [
        [
            20.434976853570298,
            11.617568430046049
        ],
        [
            9.482538193484046,
            20.39252902910848
        ],
        [
            23.375649981395185,
            -0.407965531227361
        ],
        [
            23.244821479243416,
            10.646212949487115
        ]
    ]
}