{
    "sampler": "HMC",
    "value": 50,
    "means_array": [
        [
            0.0,
            0.0
        ],
        [
            16,
            0
        ]
    ],
    "case": "Posterior Samples",
    "dim": 2,
    "samples": [
        [
            16.81869677125843,
            -0.6062056535239706
        ],
        [
            15.463464183991375,
            0.7770702773082777
        ],
        [
            14.873069107015086,
            0.6122837413418429
        ],
        [
            13.025087162299664,
            -0.6562734386388211
        ]
    ]
}