{
    "sampler": "DEMetro_Z",
    "value": 15,
    "means_array": [
        0,
        15
    ],
    "case": "Warmup Samples",
    "dim": 1,
    "samples": [
        18.593583930892073,
        -4.97625562272403,
        -7.343943705887754,
        7.15424277628279
    ]
}