mu,sampler,wasserstein_distance,swd_zscore,r_hat,ess,runtime
"(10, -10)",DEMetro,4.762276134065724,95.53263169710236,1.0287078428259404,208.55141379659528,6.899109363555908
"(20, 20)",DEMetro,11.705891464915078,92.88834388207391,1.0413518358760925,110.01380093099385,5.907758474349976
"(5, 5)",DEMetro,1.7013388557492566,31.655282962127366,1.4095763132553432,8.921097498428802,5.737288951873779
"(50, -50)",DEMetro,15.338392094246268,72.17257810094547,1.0196848196175223,275.49145960727145,10.557419776916504
