{
    "sampler": "Metro",
    "value": 50,
    "means_array": [
        [
            0.0,
            0.0,
            0.0,
            0.0,
            0.0,
            0.0,
            0.0,
            0.0,
            0.0,
            0.0,
            0.0,
            0.0,
            0.0,
            0.0,
            0.0,
            0.0,
            0.0,
            0.0,
            0.0,
            0.0,
            0.0,
            0.0,
            0.0,
            0.0,
            0.0,
            0.0,
            0.0,
            0.0,
            0.0,
            0.0
        ]
    ],
    "case": "Posterior Samples",
    "dim": 30,
    "samples": [
        [
            0.7784041843429725,
            -0.39007102037609287,
            -1.4391321244655289,
            1.1605017099371198,
            2.403297278235421,
            0.23953740822854352,
            -0.4577921474532408,
            0.716696032631817,
            0.732318327047524,
            -0.6771386952115852,
            -0.36276752927927336,
            0.04156950970988915,
            0.2682770303082041,
            -0.11766593900137412,
            -0.4423291425017508,
            1.6487848266524279,
            1.24937356790118,
            -2.0711549083429364,
            -0.012882586310964405,
            0.014428161635699155,
            -0.24745380950402396,
            1.687739480779026,
            2.806539518912908,
            -0.8118044444114718,
            0.22054559176931166,
            0.20739770724234585,
            1.0453595505979656,
            -0.3562812260684405,
            0.2241579798208964,
            -0.3901895661322976
        ],
        [
            -0.8209539980766578,
            1.2465871713447054,
            -0.5683797834180224,
            0.39719044617941324,
            1.3486742247690857,
            -1.2145726471925702,
            -0.5765606096984646,
            -0.015192690298939304,
            1.0161106476340218,
            -0.23589759312677383,
            0.5763612002163336,
            0.36570628608427447,
            -0.5499421279645946,
            0.05369688927008326,
            -0.5309629702599781,
            0.3719514649120921,
            -0.4073193624825393,
            -0.045599412642540915,
            -0.4865988240623975,
            1.3683724558140018,
            0.7607679117736375,
            -1.1494183720528195,
            -1.0974540569123348,
            -0.33252915059092825,
            -0.58055161903888,
            -0.6661703744807917,
            0.9130870816531087,
            0.48599908532793157,
            -1.1799287333593442,
            -0.6860012354766085
        ],
        [
            1.4574721167439098,
            0.3657806872514616,
            -1.026339161284444,
            -0.664130774654272,
            -0.751476717370791,
            1.6758467903414023,
            -0.25389711739839604,
            -0.07709069728386231,
            0.38728529643937615,
            0.3095723768884602,
            -0.5427524257095968,
            0.14607619034723868,
            0.5156580310673965,
            1.0073765118158582,
            -0.6810363322245212,
            -2.2183465420468726,
            -0.16978911896206705,
            0.11295932686359789,
            -0.8615615916513764,
            -0.8326365090141046,
            -0.7077998688435012,
            -0.7020409790604999,
            -1.0760847638896702,
            0.05714317226574783,
            0.7436737514871283,
            0.6441363399016486,
            1.929518692821417,
            -1.972898316688034,
            -1.0306968175547868,
            -0.6885701891104095
        ],
        [
            -1.4138134564198381,
            -0.10836630187997243,
            1.3846137013967361,
            -1.413361592599338,
            -0.033402401787630986,
            0.06430267493940689,
            0.27578937192044667,
            -0.13412707249533823,
            -1.9018961603381241,
            -0.18806792517867432,
            -0.08689606936620331,
            0.26117626852503567,
            0.4617830310508621,
            -0.3939563299055323,
            1.2394291686383547,
            0.6673338317453541,
            -0.055880173250298815,
            1.5173598094800804,
            -1.0662386438666847,
            -0.2952808878290132,
            2.550804648756726,
            -0.27311817755681955,
            0.3085023839733688,
            1.4640860380578868,
            -1.6368658972028725,
            0.44292670897553976,
            2.155281985991328,
            0.519193502986375,
            0.5236888362882517,
            -0.24196326752620367
        ]
    ]
}