{
    "sampler": "Metro",
    "value": 0.3,
    "means_array": [
        [
            0.0,
            0.0,
            0.0,
            0.0,
            0.0,
            0.0,
            0.0,
            0.0,
            0.0,
            0.0,
            0.0,
            0.0,
            0.0,
            0.0,
            0.0,
            0.0,
            0.0,
            0.0,
            0.0,
            0.0,
            0.0,
            0.0,
            0.0,
            0.0,
            0.0,
            0.0,
            0.0,
            0.0,
            0.0,
            0.0
        ]
    ],
    "case": "Posterior Samples",
    "dim": 30,
    "samples": [
        [
            0.301057099554747,
            -0.27240918855275986,
            0.3596803521704849,
            0.11153491724453041,
            -1.0692777489673988,
            -0.249968648917828,
            -0.7507746585183462,
            -0.6000516044021622,
            -0.24533655993833825,
            0.13494240460518753,
            0.02283893199514586,
            0.03139867847844208,
            -1.3586491375700034,
            -0.2618753868504473,
            0.16608490002441456,
            1.227671710506329,
            -1.1336127998552494,
            0.6269179560054922,
            0.5404165980531963,
            -1.07300964012709,
            -1.1603123948497538,
            0.7893810581389817,
            -1.3079109503717241,
            0.8888919887984987,
            -0.12025714068892451,
            -1.0731109128050647,
            -0.06743694719478266,
            -0.288195616057064,
            -0.06086169959520542,
            1.5121298692939358
        ],
        [
            -1.1069628041046897,
            -1.0804276651542657,
            -1.2031067105363376,
            -1.6818480967678153,
            -1.4890413354304788,
            -0.42743279978196486,
            -3.627733679552037,
            -0.25468132508247243,
            0.7692412392816144,
            -0.18860468329842225,
            0.10506117162261508,
            0.3888667263705263,
            -0.0159258686968326,
            -0.7890563984546037,
            -0.8967376645640405,
            -1.0071624440065348,
            -0.48858582645159243,
            -2.2298067415875713,
            -0.31811000214352003,
            -1.734460267969419,
            -1.350136639616819,
            -0.5187832032656432,
            -0.7793631919087961,
            -0.5888126668062773,
            -1.5075875515879262,
            0.22835919747819244,
            -0.4470313920365606,
            -1.0446610203359277,
            0.20912970603384473,
            -1.1083955244872672
        ],
        [
            -0.38104371922375235,
            0.10194921953250935,
            0.021174851518774122,
            -1.9922190285475163,
            -0.24170825545409158,
            1.0489310674512686,
            1.6132420166277628,
            -1.295810796529684,
            -0.6561202761260064,
            -0.07584634977031511,
            -0.038839512838059254,
            -0.6513657411335367,
            0.9941282243091951,
            -0.6541284259056616,
            0.1559085404496206,
            0.4763865224361225,
            -0.7483575193544092,
            1.417710682428033,
            0.43722135342656837,
            1.136141582673441,
            -0.5353839763270014,
            0.8381136813988058,
            -1.4905780786592913,
            -1.1775723211882692,
            -0.8206013483948164,
            -1.329008938870211,
            -1.2878973080813951,
            -0.024332784526875026,
            -0.9831806040696344,
            0.14767430149529628
        ],
        [
            0.17229816399574416,
            -0.25419071757798994,
            -0.5019821330346359,
            0.38580109661116313,
            -1.256079293660553,
            1.095444262436523,
            0.38542832797650184,
            -0.5436751880482906,
            0.529512590017321,
            1.4617299369733274,
            1.500371791586486,
            0.3722627694088956,
            1.2677377660033087,
            0.10602690383122548,
            -0.1488336853392779,
            1.033364935328645,
            0.8441370677917295,
            -0.8887551151119608,
            0.571181852343108,
            1.463468501663712,
            0.2997050470345892,
            1.0525730555865165,
            0.5489963166837788,
            0.06299080891455958,
            0.7387165642586246,
            -0.7239259785743206,
            1.3603082564153735,
            1.043697841622637,
            0.8638012138001887,
            -0.0072489317662556285
        ]
    ]
}