{
    "sampler": "DEMetro_Z",
    "value": 0.5,
    "means_array": [
        [
            0.0,
            0.0,
            0.0,
            0.0,
            0.0,
            0.0,
            0.0,
            0.0,
            0.0,
            0.0,
            0.0,
            0.0,
            0.0,
            0.0,
            0.0,
            0.0,
            0.0,
            0.0,
            0.0,
            0.0,
            0.0,
            0.0,
            0.0,
            0.0,
            0.0,
            0.0,
            0.0,
            0.0,
            0.0,
            0.0
        ]
    ],
    "case": "Warmup Samples",
    "dim": 30,
    "samples": [
        [
            -26.595655059584807,
            -11.187384492590342,
            -7.144207504192432,
            -6.239397506890931,
            -19.34274382780313,
            17.212858775688215,
            20.644341103045708,
            -17.50174288675583,
            -20.79748976436043,
            -28.98143157020163,
            12.056249928787732,
            23.808125627966344,
            27.891816745321044,
            -23.484170381619926,
            2.0308192398996923,
            -6.462894185274843,
            -27.523467821198214,
            -10.809311360044962,
            -21.007652710368557,
            28.966822292313598,
            -23.596289159846908,
            20.821219897013165,
            20.63672531447469,
            2.540764716789763,
            -17.943091057036845,
            10.807341338395776,
            17.30598069883908,
            -21.90009998089576,
            -26.884218503460094,
            1.4150173422768662
        ],
        [
            -18.701582317199193,
            24.00899547074059,
            -28.378982384928136,
            5.819283935121235,
            -3.509667075427922,
            -25.229278674027153,
            7.046686398040549,
            17.682527706634335,
            23.350593570966346,
            -1.2556249108138189,
            3.2067378788293275,
            -9.801564449486657,
            9.75026741567081,
            2.3539722680719426,
            14.192321509452057,
            27.103932714988318,
            -27.87753220842077,
            0.3529171269451788,
            -17.59800230851292,
            28.727228873273468,
            15.579378205934491,
            5.026470191313855,
            29.013881432357866,
            18.092971152110835,
            13.509833690808385,
            15.290046004483527,
            -0.9332936752375962,
            13.908600937863099,
            -28.901247875399545,
            -16.108552994857575
        ],
        [
            -1.301065134659257,
            4.951153709565374,
            17.985038300123833,
            21.039855937107543,
            -25.526241265199385,
            -13.162126036970667,
            -22.812461173623845,
            17.888402782555744,
            5.163797019284256,
            -1.8586494749079714,
            -20.547776214550613,
            4.956197946561507,
            -18.157898214727272,
            -21.010760033193193,
            18.996457499226704,
            -13.126681677963443,
            0.7443806277773867,
            -25.236389598371005,
            29.221967227223526,
            -19.626583814790646,
            -27.979689671564834,
            14.062594689597494,
            -20.947496885037484,
            -20.318572573002264,
            17.370741847990637,
            19.884886493339287,
            -12.727215815170005,
            11.628641147753559,
            19.688851192131047,
            -26.280260221932156
        ],
        [
            9.021720224344271,
            -27.988294757861077,
            10.339373594532779,
            17.308704063552472,
            -21.825050384970023,
            -20.52070680241924,
            -22.655588054493645,
            2.2908535546431015,
            2.1179696847269187,
            -15.08920499039765,
            25.82072096974405,
            -3.1898998372268705,
            16.46064446632868,
            -15.247950953683166,
            14.835262517853653,
            12.913146386408684,
            3.990188614650138,
            -14.987080886799069,
            -28.738410572273832,
            8.186326272901788,
            -29.989244477439122,
            -7.471927485143817,
            -25.853451024202492,
            -9.536089492415242,
            -2.4336211787895796,
            6.863847804430546,
            25.42978101284063,
            1.1455584854391043,
            9.476019576660818,
            -3.8535594109635185
        ]
    ]
}