dimension,mmd_rff_t_stat,mmd_rff_p_value,mmd_rff_paired_cohens_d
2,2.125981457020929,0.16738845182057135,1.2274359665031862
4,10.000976117472465,0.009850562196665472,5.774066253581746
8,19.349051894484884,0.0026603871368777792,11.171180319844886
30,68.06780634668522,0.00021576247557202085,39.29896631740603
