dimension,mean_rmse_t_stat,mean_rmse_p_value,mean_rmse_paired_cohens_d
2,2.0250714651908654,0.18013398024081614,1.169175555556176
4,2.621820807769153,0.11987439575625307,1.5137089491324827
8,4.69784561874371,0.042446782531225156,2.7123024325929848
30,7.220244103070538,0.018647246948561718,4.168609876522583
