{
    "sampler": "DEMetro_Z",
    "value": 2,
    "means_array": [
        [
            -1.2489996118654334,
            0.0
        ],
        [
            1.2489996118654334,
            0.0
        ]
    ],
    "case": "Warmup Samples",
    "dim": 2,
    "samples": [
        [
            -7.259665816954027,
            5.560554288493556
        ],
        [
            10.131799350250288,
            -15.355984524131646
        ],
        [
            -21.543474584394914,
            -22.21263568134313
        ],
        [
            17.315417379593804,
            20.57972661894197
        ]
    ]
}