{
    "sampler": "Metro",
    "value": 10,
    "means_array": [
        0,
        10
    ],
    "case": "Posterior Samples",
    "dim": 1,
    "samples": [
        0.14000963009846012,
        -0.16813848919059193,
        -0.6065972315240773,
        10.745944067640526
    ]
}