{
    "sampler": "DEMetro_Z",
    "value": 0.98,
    "means_array": [
        [
            0.0,
            0.0
        ]
    ],
    "case": "Posterior Samples",
    "dim": 2,
    "samples": [
        [
            0.6403532938890736,
            0.379062766450183
        ],
        [
            0.23637407757029097,
            0.5673052188998846
        ],
        [
            -0.18589568958270666,
            -0.12509014128567417
        ],
        [
            0.0861494600748051,
            -0.20195531830602345
        ]
    ]
}