{
    "sampler": "Metro",
    "value": 6,
    "means_array": [
        6,
        3
    ],
    "case": "Posterior Samples",
    "dim": 1,
    "samples": [
        6.948844590840028,
        6.480127163293169,
        12.011504791035284,
        7.787682792809867
    ]
}