{
    "sampler": "HMC",
    "value": 3.5,
    "means_array": [
        0
    ],
    "case": "Posterior Samples",
    "dim": 1,
    "samples": [
        1.2173150019761014,
        -0.12363639471226924,
        0.8039224992561124,
        -1.7545718457196395
    ]
}