mu,global_median_wasserstein_distance,global_median_r_hat,global_median_ess,global_median_runtime,global_median_mmd_rff,global_q25_wasserstein_distance,global_q25_r_hat,global_q25_ess,global_q25_runtime,global_q25_mmd_rff,global_q75_wasserstein_distance,global_q75_r_hat,global_q75_ess,global_q75_runtime,global_q75_mmd_rff,ws_mcmc_mean,ws_iid_mean,ws_iid_std,mmd_rff_mcmc_mean,mmd_rff_iid_mean,mmd_rff_iid_std,ws_dist_glass_delta,mmd_rff_glass_delta
"(0.0, 0.0, 0.0, -5.059644)",0.6286595829544541,1.3441957735023335,9.723555234391972,3.6843388080596924,0.14425805059322933,0.4808506307953745,1.312815215516397,8.713579502785059,3.6586570739746094,0.10720151842862537,0.7483646967184822,1.3893491414141563,10.809669558686773,3.6956582069396973,0.18015023124835408,0.681740212523562,0.0690555819338997,0.014855431131633118,0.1531957906387684,0.01253837090837699,0.003826056450110512,41.243140314185375,36.76302782368218
