mu,global_median_wasserstein_distance,global_median_r_hat,global_median_ess,global_median_runtime,global_median_mmd_rff,global_q25_wasserstein_distance,global_q25_r_hat,global_q25_ess,global_q25_runtime,global_q25_mmd_rff,global_q75_wasserstein_distance,global_q75_r_hat,global_q75_ess,global_q75_runtime,global_q75_mmd_rff,ws_mcmc_mean,ws_iid_mean,ws_iid_std,mmd_rff_mcmc_mean,mmd_rff_iid_mean,mmd_rff_iid_std,ws_dist_glass_delta,mmd_rff_glass_delta
"(0.0, 0.0, 0.0, -5.059644)",0.9346919455760413,1.6502185557141231,6.454706692840669,4.7011559009552,0.18866073418929816,0.7178590274781388,1.5548648872057482,5.887635312909391,4.517414093017578,0.16197007750472517,1.1970042124213356,1.7981252871993512,7.02588154184991,4.833416700363159,0.25851785732675725,0.9430534709404047,0.0690555819338997,0.014855431131633118,0.21076808557133137,0.01253837090837699,0.003826056450110512,58.83355934015379,51.81045215818202
