{
    "sampler": "Metro",
    "value": 6,
    "means_array": [
        0
    ],
    "case": "Warmup Samples",
    "dim": 1,
    "samples": [
        26.279614412216958,
        -36.847715731135835,
        17.95763234272718,
        -35.54685756953855
    ]
}