{
    "run_id": 1,
    "case": "multimodal",
    "dim": 2,
    "means_array": [
        [
            0.0,
            0.0
        ],
        [
            5.0,
            0.0
        ]
    ],
    "min_mode": [
        0.0,
        0.0
    ],
    "max_mode": [
        5.0,
        0.0
    ],
    "border": [
        20.0,
        20.0
    ],
    "low": [
        -27.54365685092106,
        -30.0455062283417
    ],
    "high": [
        32.45634314907894,
        29.9544937716583
    ],
    "samples": [
        {
            "posterior": [
                -12.145121951097783,
                5.750866486358959
            ]
        },
        {
            "posterior": [
                -1.4153547560084832,
                -10.65776237351022
            ]
        },
        {
            "posterior": [
                13.075710819455715,
                12.734054442604211
            ]
        },
        {
            "posterior": [
                25.77121222838594,
                18.575019724605355
            ]
        }
    ]
}