{
    "sampler": "HMC",
    "value": 8,
    "means_array": [
        [
            0.0,
            0.0,
            0.0,
            0.0,
            0.0,
            0.0,
            0.0,
            0.0
        ]
    ],
    "case": "Warmup Samples",
    "dim": 8,
    "samples": [
        [
            -2.681991386182384,
            -0.648706708126517,
            1.7687018398359424,
            -1.9736932689394573,
            3.5764456542999095,
            -0.04855719053305886,
            -0.25187713489189084,
            -0.5695932150985832
        ],
        [
            -8.331828711945935,
            -9.388988354695211,
            24.78455515708695,
            9.820204900325262,
            6.164984719322424,
            -11.363031336386522,
            -20.12833310112553,
            -9.737501219112787
        ],
        [
            0.8129470103338936,
            -1.6163747973923972,
            0.6828046174793099,
            -1.4727220027345318,
            -2.8333363752260325,
            -1.3812012258443114,
            -1.4112388360658505,
            -3.5904888005902262
        ],
        [
            13.574825747384297,
            2.0506108877136864,
            -10.570438400771463,
            11.54257445029166,
            8.303523925665921,
            13.83476263131199,
            -14.076637861212854,
            -7.778238987984578
        ]
    ]
}