run_id,mu,sampler,wasserstein_distance,mmd_rff,r_hat,ess,runtime
48,"(10, 10)",SMC,0.21827908445478159,0.019923742856057823,0.9998155571697405,3704.210525065938,4.420217990875244
48,"(2, 2)",SMC,0.07982925680649511,0.023503371805649754,1.0007547024507037,3649.0450737382007,3.041231155395508
48,"(20, 20)",SMC,0.23614593582814933,0.019546753139738565,1.0011300693498584,3920.21903549712,2.608799934387207
48,"(40, 40)",SMC,0.281845559363347,0.022888324255057598,1.0000848799706987,3874.9508724259126,5.563244581222534
48,"(5, 5)",SMC,0.1625138505267101,0.026911091957625876,1.0001582775498878,4069.2310805098064,2.4153027534484863
