run_id,nu,sampler,wasserstein_distance,mmd_rff,r_hat,ess,runtime
21,0.5,HMC,442947.64351472654,0.02283507437293004,1.0066370229452384,1280.1179496358084,8.017476558685303
21,1.0,HMC,2.851074968332883,0.018951679173273804,1.0024035831111533,1818.8419504028595,1.7097368240356445
21,2.0,HMC,0.11874030524735477,0.013241461009284593,1.002937781282294,2655.718352099516,1.2607614994049072
21,5.0,HMC,0.03001936825834126,0.005818995480834758,1.0010165625498144,3119.8151110426675,1.190688133239746
21,10.0,HMC,0.030563464301150423,0.01585540242904159,1.0012559727610444,2828.1194121594194,1.2342958450317383
21,30.0,HMC,0.03066668791539275,0.010641949728596225,1.0025846639808904,3541.289178996224,1.1897361278533936
21,100.0,HMC,0.02526616107292796,0.01482982600303913,1.0009663429272708,3390.2362574815666,1.1836917400360107
21,500.0,HMC,0.024227603720847663,0.01272914561437998,1.000544448394933,3109.923748218834,1.2311155796051025
