{
    "sampler": "HMC",
    "value": 0.5,
    "means_array": [
        [
            -2.8751811565851333,
            0.0,
            0.0,
            0.0,
            0.0,
            0.0,
            0.0,
            0.0,
            0.0,
            0.0,
            0.0,
            0.0,
            0.0,
            0.0,
            0.0,
            0.0,
            0.0,
            0.0,
            0.0,
            0.0,
            0.0,
            0.0,
            0.0,
            0.0,
            0.0,
            0.0,
            0.0,
            0.0,
            0.0,
            0.0
        ],
        [
            2.8751811565851333,
            0.0,
            0.0,
            0.0,
            0.0,
            0.0,
            0.0,
            0.0,
            0.0,
            0.0,
            0.0,
            0.0,
            0.0,
            0.0,
            0.0,
            0.0,
            0.0,
            0.0,
            0.0,
            0.0,
            0.0,
            0.0,
            0.0,
            0.0,
            0.0,
            0.0,
            0.0,
            0.0,
            0.0,
            0.0
        ]
    ],
    "case": "Warmup Samples",
    "dim": 30,
    "samples": [
        [
            16.581963014775862,
            62.72796256887873,
            -32.57465970708046,
            -40.56740358253343,
            72.31137038299332,
            -109.24654238457728,
            28.358002646164646,
            120.68885875541739,
            13.74022278330131,
            28.940465627065063,
            80.37643659500267,
            -120.46909283309917,
            -98.10769906247762,
            40.815299731855035,
            87.7180481486122,
            40.9370942627182,
            117.04804026407605,
            -24.844049834688736,
            122.1524705161172,
            52.78993627784895,
            -101.97557787834124,
            17.67634594031219,
            -102.73907795735693,
            -92.33864077748945,
            -151.65942181252473,
            146.05400586034176,
            29.139047195631413,
            -178.55435083065922,
            26.74176988109487,
            72.92850609315049
        ],
        [
            -146.90580420723705,
            121.70614478680768,
            107.57413697027675,
            88.12179897523816,
            42.44746035501223,
            142.75593648839825,
            28.34029276744297,
            116.25529812526207,
            -177.39793914380576,
            -120.30485311856253,
            85.76037545392828,
            -70.20309876750831,
            -123.12108468861015,
            103.43927728552178,
            -147.45653797158184,
            84.2553887589024,
            -22.839194788374378,
            -199.82936065903203,
            48.96033374614879,
            -145.76622176645768,
            91.61251754498444,
            -139.76600711341078,
            -26.879126912525933,
            -33.80164468293209,
            12.209965715144286,
            -43.88652964501972,
            76.97621396716181,
            -30.933546631167427,
            -17.193770482787503,
            -166.39783410005583
        ],
        [
            84.37549089035541,
            6.753320145487639,
            -144.43502814227995,
            -53.22308125987283,
            -111.85689203548759,
            143.56812923319623,
            27.131602244208302,
            -98.65985771711621,
            -72.9476061288255,
            41.890954884673334,
            -45.70174586148596,
            -0.9887154761488145,
            55.187888913072975,
            123.53244927063588,
            -154.21641714782749,
            -60.452484516076176,
            15.042156668556462,
            -30.38627166650169,
            -73.36553043478096,
            -101.0329369135605,
            42.994199172068726,
            -164.5740749319901,
            -50.16485529176064,
            -6.887672348470391,
            -179.77649533423659,
            -122.84126894711069,
            42.47565385458947,
            -102.47274189282187,
            137.99548680673539,
            -126.23852687306294
        ],
        [
            -118.57860656791169,
            -100.72381614650767,
            -44.21340608439728,
            -70.6001397443449,
            112.26182166043574,
            -54.01078175105944,
            -128.6199111785428,
            -124.44382751446247,
            133.7137511675991,
            53.34574044269699,
            -115.08030425281726,
            -119.011948632958,
            -178.67247841936398,
            -60.66862669612074,
            32.41699169881868,
            61.07940363115238,
            91.75053106754298,
            -162.35417332475234,
            116.15293743472132,
            32.75341755855984,
            -127.1165120974115,
            43.441302896366594,
            -19.20206738926118,
            6.29853591331471,
            -137.04000247085477,
            35.296708538885284,
            -86.46702329417926,
            -144.52833950369993,
            72.39140562187923,
            -98.68108539715793
        ]
    ]
}