dimension,mean_rmse_t_stat,mean_rmse_p_value,mean_rmse_paired_cohens_d
2,1.9883810516983895,0.1850937848984698,1.1479923354496164
3,1.984922378643182,0.18557078272409605,1.1459954696301535
10,1.5707576772287042,0.2568309417479552,0.9068773677796638
30,4.946338544406092,0.03852607808857892,2.855769890115879
50,5.793229546904839,0.0285271921977969,3.3447226383828026
