{
    "sampler": "DEMetro_Z",
    "value": 0.9,
    "means_array": [
        [
            0.0,
            0.0,
            0.0,
            0.0,
            0.0,
            0.0,
            0.0,
            0.0,
            0.0,
            0.0,
            0.0,
            0.0,
            0.0,
            0.0,
            0.0,
            0.0,
            0.0,
            0.0,
            0.0,
            0.0,
            0.0,
            0.0,
            0.0,
            0.0,
            0.0,
            0.0,
            0.0,
            0.0,
            0.0,
            0.0
        ]
    ],
    "case": "Warmup Samples",
    "dim": 30,
    "samples": [
        [
            -30.246053843905976,
            91.55208354513138,
            -8.421514470739444,
            -45.21188747512431,
            -59.716840708582254,
            -29.49845128910794,
            -0.967138098404086,
            -90.2778729006345,
            -50.2284099109538,
            4.789085014358981,
            -68.69505939889916,
            0.8119258331503021,
            88.42027839613716,
            1.580320188567365,
            72.16638447507003,
            99.75017763862415,
            43.57916276897456,
            -2.4236362776403606,
            -35.91619963856956,
            -64.80272782379078,
            55.06398106343067,
            69.97488312009939,
            -26.689198967429878,
            23.247064098859198,
            33.64001987488303,
            47.7334487739373,
            66.69656622750584,
            -27.02794753126675,
            -14.276453227501134,
            50.627024092804604
        ],
        [
            75.52879800619817,
            76.22176596807408,
            -19.67306965984646,
            -24.902485368113364,
            -35.89826368311923,
            99.16840934550122,
            32.84733262649978,
            -15.198626916554245,
            -16.52497487076574,
            -70.9889190634908,
            -74.79459433769549,
            78.62186114330365,
            45.727161184146716,
            79.09158876291033,
            89.58288333780749,
            90.40127913310478,
            17.863087197250096,
            -42.56552614440075,
            -31.905446888605358,
            -43.12992169593821,
            54.24038129210542,
            76.27350410498626,
            63.56363307534197,
            74.6195207497514,
            -26.758594412165223,
            -55.42238884429859,
            3.663525409109232,
            74.23918064057618,
            -43.45549548501931,
            -42.246948885723185
        ],
        [
            -83.8833264438162,
            19.117795807358576,
            48.14693304288039,
            -95.12286464174007,
            -47.502625279455835,
            -68.94993614107561,
            22.030411559064106,
            66.40567162442929,
            -91.97126955973538,
            -90.805326588992,
            -29.89372185251287,
            -74.99731275226718,
            -90.44818074648586,
            -34.21128110862426,
            14.762017784795333,
            -18.121512304231942,
            62.38973562662471,
            93.83057800437146,
            -43.359186558415395,
            94.60528517455325,
            72.72151224425824,
            -11.636213098641363,
            92.21739820297225,
            17.41409198549293,
            95.28999906385454,
            -17.701073193616068,
            -18.4361492011045,
            94.33754245443166,
            61.19438933331253,
            -85.38902826647166
        ],
        [
            -59.774860514198494,
            97.05330437681502,
            46.29477966576417,
            85.33251952296251,
            89.49568078725741,
            21.280436986111752,
            28.676204303466847,
            -29.461326263727614,
            -54.12501314239013,
            -96.43826497783681,
            -39.26036688629813,
            40.30269689380964,
            -97.79148362801226,
            7.883704249858496,
            -56.352917080289885,
            53.67418574179129,
            -81.21626890983438,
            -74.15427672771607,
            37.72590691696095,
            90.65240478501187,
            -0.06300961134162719,
            -96.26041997358747,
            -14.984801870973442,
            88.29437942053698,
            32.26109527237762,
            83.94081827097096,
            -30.480114011766375,
            11.199330650313073,
            -93.40399809811943,
            32.67833878497498
        ]
    ]
}