{
    "sampler": "Metro",
    "value": 4,
    "means_array": [
        [
            0.0,
            0.0
        ]
    ],
    "case": "Warmup Samples",
    "dim": 2,
    "samples": [
        [
            79.2629214998544,
            34.918446142889316
        ],
        [
            -67.57544675674039,
            73.31278095520851
        ],
        [
            -39.6326950740016,
            88.47105198027587
        ],
        [
            -51.73531466407231,
            13.698554734800355
        ]
    ]
}