run_id,mu,sampler,wasserstein_distance,mmd_rff,swd_zscore,r_hat,ess,runtime
18,0,Metro,0.434123559716954,0.026299185003890533,3.4807095724822714,1.0129443927360133,550.3146084510045,3.068676710128784
18,3,Metro,0.2723978647574886,0.02773087174238189,2.64812019085624,1.0112740962085216,637.274795990954,3.17155385017395
18,6,Metro,0.44243803607905585,0.023689098342996585,4.734735266083033,1.0086461176551105,687.6628210015541,3.0407395362854004
18,10,Metro,0.5332002161688222,0.026567619332878226,4.965506349086529,1.0193785849315553,508.6748401865573,3.063579797744751
