nu,sampler,wasserstein_distance,r_hat,ess,runtime
1,DEMetro,6.278005629056454,1.0796300931439513,44.24212322136565,0.7688159942626953
3,DEMetro,0.11041255882896675,1.0452594771418124,125.8855938010059,0.7673416137695312
