{
    "run_id": 1,
    "case": "multimodal",
    "dim": 2,
    "means_array": [
        [
            0.0,
            0.0
        ],
        [
            13.0,
            0.0
        ]
    ],
    "min_mode": [
        0.0,
        0.0
    ],
    "max_mode": [
        13.0,
        0.0
    ],
    "border": [
        20.0,
        20.0
    ],
    "low": [
        -23.543656850921057,
        -30.0455062283417
    ],
    "high": [
        36.45634314907895,
        29.9544937716583
    ],
    "samples": [
        {
            "posterior": [
                20.46329860178439,
                7.129329214179187
            ]
        },
        {
            "posterior": [
                3.2826601994442086,
                3.3187986007581003
            ]
        },
        {
            "posterior": [
                -8.362093173893875,
                -5.578254574895244
            ]
        },
        {
            "posterior": [
                23.57307820429926,
                1.1172560111452263
            ]
        }
    ]
}