{
    "sampler": "Metro",
    "value": 0.3,
    "means_array": [
        [
            0.0,
            0.0
        ]
    ],
    "case": "Warmup Samples",
    "dim": 2,
    "samples": [
        [
            -7.3024161942626735,
            -58.988814072306475
        ],
        [
            -137.03723801954928,
            119.32474970986493
        ],
        [
            -149.9673823687211,
            -55.32652505110316
        ],
        [
            85.93040576891882,
            -79.3950427929712
        ]
    ]
}