{
    "sampler": "Metro",
    "value": 0.3,
    "means_array": [
        [
            0.0,
            0.0
        ]
    ],
    "case": "Posterior Samples",
    "dim": 2,
    "samples": [
        [
            3.076945784576017,
            1.2822107466545796
        ],
        [
            -0.29114728955557734,
            0.26915808529722035
        ],
        [
            -0.3728831284422096,
            -0.8564111116483154
        ],
        [
            -0.7591555378366464,
            0.8425109087995006
        ]
    ]
}