{
    "run_id": 1,
    "case": "multimodal",
    "dim": 2,
    "means_array": [
        [
            -7.5,
            0.0
        ],
        [
            7.5,
            0.0
        ]
    ],
    "min_mode": [
        -7.5,
        0.0
    ],
    "max_mode": [
        7.5,
        0.0
    ],
    "border": [
        22.85822371400987,
        20.0
    ],
    "low": [
        -33.77551343403932,
        -30.233637691692266
    ],
    "high": [
        34.79915770799029,
        29.766362308307734
    ],
    "samples": [
        {
            "posterior": [
                -20.220978760311326,
                4.902654680544167
            ]
        }
    ]
}