{
    "sampler": "DEMetro_Z",
    "value": 0.5,
    "means_array": [
        [
            -3.464101618024506,
            0.0
        ],
        [
            3.464101618024506,
            0.0
        ]
    ],
    "case": "Posterior Samples",
    "dim": 2,
    "samples": [
        [
            0.9004838844785824,
            3.6137414047560714
        ],
        [
            -3.5932956255713475,
            -0.32429250876620175
        ],
        [
            -0.21225293910964274,
            2.922917656036385
        ],
        [
            -4.571457631290775,
            -1.2958906711527494
        ]
    ]
}