{
    "run_id": 1,
    "case": "unimodal",
    "dim": 30,
    "low": [
        -30.229573230149413,
        -29.810767762226625,
        -29.5962534671694,
        -29.955330681300527,
        -29.77422775599762,
        -29.42554715442072,
        -29.858395149138325,
        -29.93739820858022,
        -30.117166841225618,
        -29.862115713233475,
        -30.006974827037055,
        -30.071615619814533,
        -30.027333381554325,
        -30.006905741109975,
        -30.25772793476832,
        -30.13147291904651,
        -30.18616806746001,
        -30.07154015279152,
        -29.890372016673453,
        -30.045517407290735,
        -29.94705200124725,
        -30.12349797397146,
        -30.327868017839954,
        -30.150275292569496,
        -29.892614147135603,
        -30.04850510204445,
        -30.06498337272142,
        -29.541368609735592,
        -30.05731643291349,
        -30.100226449965568
    ],
    "high": [
        29.770426769850587,
        30.189232237773375,
        30.4037465328306,
        30.044669318699473,
        30.22577224400238,
        30.57445284557928,
        30.141604850861675,
        30.06260179141978,
        29.882833158774382,
        30.137884286766525,
        29.993025172962945,
        29.928384380185467,
        29.972666618445675,
        29.993094258890025,
        29.74227206523168,
        29.86852708095349,
        29.81383193253999,
        29.92845984720848,
        30.109627983326547,
        29.954482592709265,
        30.05294799875275,
        29.87650202602854,
        29.672131982160046,
        29.849724707430504,
        30.107385852864397,
        29.95149489795555,
        29.93501662727858,
        30.458631390264408,
        29.94268356708651,
        29.899773550034432
    ],
    "means_array": [
        [
            0.0,
            0.0,
            0.0,
            0.0,
            0.0,
            0.0,
            0.0,
            0.0,
            0.0,
            0.0,
            0.0,
            0.0,
            0.0,
            0.0,
            0.0,
            0.0,
            0.0,
            0.0,
            0.0,
            0.0,
            0.0,
            0.0,
            0.0,
            0.0,
            0.0,
            0.0,
            0.0,
            0.0,
            0.0,
            0.0
        ]
    ],
    "samples": [
        {
            "posterior": [
                -12.694037431260483,
                29.45403442340492,
                -27.238716996245557,
                -11.939389334355138,
                -27.880279391844596,
                -9.826906905526553,
                -4.321611637443382,
                7.953185684525813,
                11.620544020939604,
                -27.94921954143078,
                -19.36291177803102,
                27.444635098238397,
                -10.751807975442553,
                -16.348013382647153,
                -5.230708833458269,
                12.699831252892153,
                21.503534378919618,
                -25.973123836446522,
                -8.058157011437885,
                13.63263794844536,
                -27.422574201989462,
                -1.080404111658332,
                4.215891958410424,
                -5.448226105948564,
                9.615669759146016,
                -19.265954604789577,
                8.905214441683917,
                -12.012500191925422,
                -28.121893376337603,
                -11.489098815542775
            ]
        },
        {
            "posterior": [
                -27.45547481953159,
                -8.675951574189039,
                -24.006533972879815,
                -17.33620901573739,
                -28.668812934460437,
                -21.829565458408535,
                26.729644151688014,
                -7.297206707636292,
                5.329127175274884,
                -26.559846052881397,
                9.761886357263542,
                -22.831270854983288,
                -28.61447263713644,
                20.835090518518783,
                9.169477847283964,
                9.994523902943179,
                21.222172734715997,
                -16.990727361879667,
                -15.88801700361314,
                0.2523097624114996,
                11.566912212937076,
                22.391606856468954,
                -27.778969606693803,
                -24.49962267966259,
                16.73603660118536,
                -2.191547428894193,
                2.6431579444816364,
                3.701161687443232,
                -4.00286281431158,
                -2.9697797795142904
            ]
        },
        {
            "posterior": [
                -13.121224792366231,
                3.9467967323594664,
                28.247952387333587,
                21.67441997452413,
                -3.1998740321804817,
                15.36456011670812,
                13.829637233523698,
                5.412333522817121,
                -12.534339244424508,
                -23.158228014420743,
                19.529500895655595,
                -29.503181810207828,
                -21.493482623289754,
                -5.5533872735761705,
                -28.113495165947537,
                3.508124580757425,
                19.792704809687862,
                -10.623092540816252,
                16.279799758886313,
                3.454463321875547,
                -5.662363983901319,
                21.21162239168354,
                27.313100151298357,
                -7.316332548249644,
                29.002163858316884,
                25.924940371669372,
                -2.8020540205931397,
                15.603305704811902,
                -0.663653640195971,
                -28.015004850386664
            ]
        },
        {
            "posterior": [
                -9.803513729500516,
                -25.6365947678541,
                29.871312163638233,
                -22.382652799283562,
                -25.417089258503104,
                -17.621093282975153,
                -0.9303256568354676,
                18.438203618923268,
                18.591961022244107,
                -17.044875214670938,
                -9.031175148719974,
                -28.174103264331396,
                3.6994259310462105,
                -28.62561389063628,
                -22.8356229374638,
                -2.045326153459161,
                6.462751057162826,
                -1.8871885240078292,
                5.6312607231463545,
                -19.737027609551,
                16.640969651180953,
                -3.233240689606383,
                16.91459033491119,
                21.045521282696015,
                0.4668385663050252,
                28.957183445550505,
                -11.94806446104053,
                24.822820039984187,
                -19.990413468052175,
                -21.702083488412345
            ]
        }
    ]
}