{
    "sampler": "HMC",
    "value": 2,
    "means_array": [
        [
            0.0,
            0.0
        ]
    ],
    "case": "Warmup Samples",
    "dim": 2,
    "samples": [
        [
            63.2247183703473,
            194.39832770157503
        ],
        [
            -90.24123700297773,
            -25.84035216918259
        ],
        [
            61.47671812420088,
            12.524491804681208
        ],
        [
            -35.994506954996076,
            -39.23285487371367
        ]
    ]
}