{
    "sampler": "DEMetro_Z",
    "value": [
        6,
        0
    ],
    "means_array": [
        [
            0.0,
            0.0
        ],
        [
            6,
            0
        ]
    ],
    "case": "Warmup Samples",
    "dim": 2,
    "samples": [
        [
            13.192657911930016,
            -1.0400001052087708
        ],
        [
            -9.453595912907682,
            6.166794716168894
        ],
        [
            1.3142238221162834,
            -9.555989326956295
        ],
        [
            -7.84952929233483,
            -7.137909061085945
        ]
    ]
}