mode_means,sampler,wasserstein_distance,r_hat,ess,chain_seeds,mode_distance
"(0, 8)",DEMetro,0.23933063419000516,1.0552612659694396,69.63697684653424,"[557671, 546075, 246913, 717486]",8
"(0, 10)",DEMetro,1.079634106825699,1.024440750555731,347.653986960083,"[557671, 546075, 246913, 717486]",10
"(0, 15)",DEMetro,2.309871153510591,1.5979199104170945,6.762284922941809,"[557671, 546075, 246913, 717486]",15
"(0, 20)",DEMetro,1.4327902523471199,1.2932276091158725,18.296197991694644,"[557671, 546075, 246913, 717486]",20
