dimension,ws_t_stat,ws_p_value,ws_paired_cohens_d
2,-5.486746100851978,6.563634992232537e-06,-1.0017382022467145
5,-7.872880617510569,1.1063759622509156e-08,-1.4373847689185801
10,-8.920774952893796,8.239164975735765e-10,-1.6287032240423391
15,-13.23938014171142,8.024429871220067e-14,-2.4171690503337624
18,-11.661656610918614,1.8092753422469794e-12,-2.129117461226457
30,-16.220877151320963,4.3890479760214735e-16,-2.961513439432877
