{
    "sampler": "Metro",
    "value": 8,
    "means_array": [
        [
            -4.000000002,
            0.0,
            0.0,
            0.0,
            0.0,
            0.0,
            0.0,
            0.0
        ],
        [
            4.000000002,
            0.0,
            0.0,
            0.0,
            0.0,
            0.0,
            0.0,
            0.0
        ]
    ],
    "case": "Warmup Samples",
    "dim": 8,
    "samples": [
        [
            300.11735038841204,
            -144.1422596930556,
            794.2017145364575,
            347.1804962309534,
            -1746.6255680184456,
            399.2600085996638,
            491.00873481079714,
            -460.56089084391255
        ],
        [
            -1491.1010191339021,
            277.0417483671529,
            -337.10356167110484,
            461.0256135519889,
            -1657.1083332449296,
            -1770.6799101480437,
            -467.80920634026444,
            -498.92769887194953
        ],
        [
            -700.9063628651085,
            -232.06323948937836,
            -281.5604711732325,
            569.2616294948148,
            -687.5115321517287,
            495.5959048434641,
            445.62385750365564,
            -486.5282003681344
        ],
        [
            -1077.8119747887908,
            -77.4351700860104,
            61.29694585519033,
            200.7691018825544,
            -1733.2320742729203,
            -718.3533122402434,
            -675.7078697808599,
            -355.3421986296945
        ]
    ]
}