b,sampler,wasserstein_distance,r_hat,ess,runtime
0.5,DEMetro,0.008232595296808778,1.0029955059249551,6969.06046917547,6.743137359619141
1.0,DEMetro,0.018836802301100204,1.0025566709306508,7217.919890620501,7.165372610092163
2.0,DEMetro,0.03948181850321532,1.0040212167770886,7141.68093548539,7.087853670120239
5.0,DEMetro,0.1424819330973498,1.0037093147249432,7488.11867952882,7.243278741836548
