mu,sampler,wasserstein_distance,r_hat,ess,runtime
"(-10, 20, -30)",HMC,0.010580809741619677,1.000393092237085,53182.252772651,10.734009981155396
"(-5, 0, 5)",HMC,0.008211224093558135,1.0003930915662185,53182.2560646608,11.014410734176636
"(0, 0, 0)",HMC,0.014033905492310298,1.0003930918325874,53182.25622848508,10.352846145629883
"(50, -50, 100)",HMC,0.007866245927708886,1.0003930916466879,53182.25461358423,10.709360837936401
