correlation,global_median_wasserstein_distance,global_median_mmd_rff,global_median_r_hat,global_median_ess,global_median_runtime,global_q25_wasserstein_distance,global_q25_mmd_rff,global_q25_r_hat,global_q25_ess,global_q25_runtime,global_q75_wasserstein_distance,global_q75_mmd_rff,global_q75_r_hat,global_q75_ess,global_q75_runtime,ws_mcmc_mean,ws_iid_mean,ws_iid_std,mmd_mcmc_mean,mmd_iid_mean,mmd_iid_std,ws_dist_glass_delta,mmd_rff_glass_delta
0.0,0.25261426228726364,0.07932089259917363,1.023037163969966,3493.2931385584193,3.4973018169403076,0.23509125518486995,0.0732497621772428,1.0201350529921227,3210.770416821193,3.1605780124664307,0.38962559795014584,0.12834579334025523,1.0274672201287296,3523.063697602669,4.212033987045288,0.33227314799425595,0.09465277260657519,0.014702608814361999,0.10795673947860747,0.01847846334941443,0.0016559596112165423,16.16178314936634,54.034093297395266
0.5,0.4620021159792098,0.16949673014788413,1.0355027230173215,830.2441427239959,2.930738925933838,0.37141471746184274,0.15875410874295565,1.0302003963640254,478.5498164869434,2.7633285522460938,0.5916629818143477,0.18440679889535705,1.0380775445444437,2049.846269138554,11.88841199874878,0.488051094191057,0.14339437885678719,0.04674552102683818,0.17227502837624709,0.018113434222942856,0.0030218192320795286,7.373042545325161,51.01615361922714
0.99,1.5100495566099732,0.23410058536633913,1.0404476609360567,3486.942944132929,3.3440589904785156,1.067956590674658,0.2024849776369252,1.0265423204666884,2295.5071384607895,2.97204852104187,1.5181497181910801,0.24586797504280355,1.089014205018008,3532.4084667033285,3.377236843109131,1.2207210203738343,0.10602547391131445,0.024943352120853166,0.2208684399977061,0.016735348335960763,0.0056316258253655115,44.689083530621815,36.24763043423547
