{
    "run_id": 1,
    "case": "unimodal",
    "dim": 1,
    "low": [
        -39.533694390754164
    ],
    "high": [
        113.12221590819021
    ],
    "means_array": [
        [
            0
        ]
    ],
    "samples": [
        {
            "posterior": 69.66671022378848
        }
    ]
}