run_id,mu,sampler,wasserstein_distance,mmd_rff,swd_zscore,r_hat,ess,runtime
6,"(10, -10)",DEMetro,6.417103858391581,0.5192019981508021,155.10880170373517,1.0150299870939787,645.3033942718653,3.4190542697906494
6,"(20, 20)",DEMetro,12.919279509664078,0.5062779272050886,157.2333442678874,1.011364819377194,695.3967266279196,3.228771924972534
6,"(5, 5)",DEMetro,0.1759001555852531,0.03833379339248577,7.768642454769714,1.0141826293881668,391.9842863110774,3.7515413761138916
6,"(50, 10)",DEMetro,0.2621288814728583,0.03840039518300091,0.18536652239043924,1.5239117454286852,11.384706192421577,3.3500044345855713
6,"(80, 0)",DEMetro,1.4195129075018946,0.05385776529601587,4.556067864308432,1.643354872447219,10.18463686035931,3.3734664916992188
