run_id,mu,sampler,wasserstein_distance,mmd_rff,swd_zscore,r_hat,ess,runtime
6,"(10, -10)",Metro,3.351237173195646,0.26433933182745356,80.01115110762352,1.6197677096773409,10.119304474774841,3.213883638381958
6,"(20, 20)",Metro,9.842821366687378,0.38580409574400837,119.30735859745997,1.3831261417888447,13.272317921755457,3.19895601272583
6,"(5, 5)",Metro,0.05320928511965053,0.015710138236248762,0.39165061381334776,1.0427801269479793,87.22566726766337,3.2374491691589355
6,"(50, 10)",Metro,15.837840347791804,0.4257954641203942,124.65953830176925,1.3806033034533456,13.424974230420624,3.2442870140075684
6,"(80, 0)",Metro,23.769099173449995,0.37572124463767637,98.03951808846037,1.379223292569772,13.418126837225081,3.2249884605407715
