{
    "sampler": "DEMetro_Z",
    "value": 2.1,
    "means_array": [
        [
            0.0,
            0.0,
            0.0,
            0.0,
            0.0,
            0.0,
            0.0,
            0.0,
            0.0,
            0.0,
            0.0,
            0.0,
            0.0,
            0.0,
            0.0,
            0.0,
            0.0,
            0.0,
            0.0,
            0.0,
            0.0,
            0.0,
            0.0,
            0.0,
            0.0,
            0.0,
            0.0,
            0.0,
            0.0,
            0.0
        ]
    ],
    "case": "Warmup Samples",
    "dim": 30,
    "samples": [
        [
            26.13573945562792,
            70.65778435649845,
            -91.29202802507467,
            24.22310902113777,
            -97.62109288328037,
            -65.87188325634396,
            36.89939789934769,
            16.26715905298503,
            -9.084126683520624,
            -23.163189885943297,
            -99.37553657619273,
            -83.43925941653731,
            44.18830889606393,
            -6.240968671756628,
            -65.22678318995997,
            -6.537969783993605,
            55.864894443137246,
            -53.37873475925385,
            -54.94061756851142,
            19.314018557728293,
            59.771295956257354,
            -56.91995261959373,
            45.93612325073727,
            89.13554720360202,
            -10.810130020742054,
            32.12621642547945,
            62.203239581539954,
            -23.793953827399342,
            -49.863666618346656,
            -28.93012058636827
        ],
        [
            -70.32658357216667,
            22.35524021682984,
            4.775559953065767,
            31.21920355698893,
            83.7254481253921,
            -98.53789046439152,
            -79.10228403704704,
            31.551787123016464,
            60.69077634826226,
            -62.755525816527175,
            -9.277449347299534,
            77.9660144893437,
            -96.85403789025665,
            -4.325246402666718,
            70.40154578265201,
            39.25873235281636,
            85.27548240449549,
            72.05485708405782,
            35.0879879579835,
            -43.37111044604341,
            -36.83053662927023,
            -75.58828256716241,
            72.29825302680109,
            -99.76080190506867,
            67.41266496511768,
            41.645776647554925,
            86.82319936677213,
            97.43896354571477,
            75.06778319758217,
            -14.70169590250341
        ],
        [
            21.77049062283798,
            -99.20526240896045,
            -29.11537571452757,
            -58.191805570998774,
            -34.972115601634705,
            -47.789210354143975,
            48.63817105980924,
            -85.13309387702523,
            10.546196803158956,
            -36.23022033459329,
            96.99694297929766,
            29.49163559534848,
            37.5283298665222,
            -80.94584056739869,
            -2.8210641369405716,
            71.56328446251811,
            73.52494877390302,
            74.79457291064594,
            -12.176046657175991,
            -85.44914158919941,
            47.472588358248984,
            10.11284525127533,
            -67.34484219875482,
            75.56849850271556,
            74.59263401009082,
            11.28593841538059,
            96.04518571210617,
            22.877154661322727,
            68.46847855455515,
            -78.4573994703186
        ],
        [
            -21.643570926449677,
            1.8076311555883873,
            31.669392373548636,
            89.08296674704722,
            40.76878269516064,
            35.4757075321329,
            27.49607899395467,
            24.410549536693694,
            -51.1313692105217,
            -56.16431146985547,
            -98.50629681801014,
            76.03848964079776,
            -40.721648236514746,
            87.10236917984746,
            57.59485935036548,
            -4.484027510315866,
            -38.07821209565896,
            -19.50714659830493,
            -17.656322799287476,
            26.813933987346072,
            55.42887931251276,
            -80.34655744704907,
            -9.816370770358343,
            57.58663105145436,
            78.42189435471424,
            -64.94510701987906,
            -66.84033927502156,
            -4.850630410566932,
            -59.21509710119678,
            5.798339635002826
        ]
    ]
}