mu,mmd_rff_t_stat,mmd_rff_p_value,mmd_rff_paired_cohens_d
"(0, 0)",0.9590040835998234,0.34548442510797905,0.17508938977573113
