{
    "sampler": "HMC",
    "value": 2.1,
    "means_array": [
        [
            0.0,
            0.0,
            0.0,
            0.0,
            0.0,
            0.0,
            0.0,
            0.0,
            0.0,
            0.0,
            0.0,
            0.0,
            0.0,
            0.0,
            0.0,
            0.0,
            0.0,
            0.0,
            0.0,
            0.0,
            0.0,
            0.0,
            0.0,
            0.0,
            0.0,
            0.0,
            0.0,
            0.0,
            0.0,
            0.0
        ]
    ],
    "case": "Posterior Samples",
    "dim": 30,
    "samples": [
        [
            1.4613024962775782,
            0.3478903488165515,
            0.6900868640583133,
            1.3676196411851937,
            2.2869723240030644,
            2.7160698658610203,
            1.0872576977236106,
            0.955309178264119,
            1.638560382050235,
            1.2368270405784902,
            2.2814043569016738,
            -0.0014535873397016797,
            1.5638619446691298,
            3.030870912123839,
            0.6292878006672366,
            1.5045101586749272,
            1.2262743148112816,
            1.0552826292710609,
            1.941023749527157,
            2.568268197721484,
            0.700635303876603,
            1.81148094579026,
            1.8843161372801247,
            1.446063916952378,
            2.2058870767154533,
            1.6778476352174272,
            2.356582928069533,
            2.2159297357705054,
            1.8812559068781267,
            0.06688621130300275
        ],
        [
            -1.2984896054380726,
            -0.9282148475117873,
            -0.8253416065910123,
            -1.7954909158873604,
            -0.7709541036883016,
            -1.1444451180341724,
            -0.4117022174689835,
            -1.2723613993569753,
            -1.170192298248378,
            -0.46893080679782434,
            -1.531736193890709,
            -0.9862441664363631,
            -1.4539782267795793,
            -1.255712353634365,
            -1.2814348481890592,
            -1.2297679346055859,
            -1.424395553578054,
            -1.3556551315966776,
            -1.7880305078659424,
            -0.9126949124970094,
            -0.7015825209693649,
            -0.7637894079956572,
            -0.8608566273177203,
            -0.21478756244582015,
            -1.5121709392348823,
            -1.3258627104127316,
            -1.0595458282455135,
            -2.0596103588421735,
            0.1003278922861525,
            -1.3654153765882826
        ],
        [
            0.980185796674462,
            1.1200336864648617,
            1.4333725716422585,
            1.552794149865641,
            1.7808581641679515,
            1.3785569108923015,
            1.6973556411018222,
            1.5037087276132046,
            1.0563325835175401,
            1.6134090351342651,
            1.8833563543014509,
            1.1269023908894007,
            1.572229200264423,
            1.3158182262503124,
            1.455195993290614,
            1.3804867064251891,
            1.5216930127758452,
            1.3458657759505248,
            1.608338317171776,
            1.3063751115179976,
            1.6755012148194566,
            1.5112152636029637,
            1.4014063390629483,
            1.1121011618580872,
            1.4195330354128946,
            1.3008404920927763,
            1.3131377334017282,
            0.9732175266088967,
            1.2826209369902548,
            1.0607863852796295
        ],
        [
            0.7785518471898691,
            0.21463255010745455,
            0.9771336431934504,
            0.3734166121742904,
            0.3528255346860252,
            0.8785575641900658,
            0.1416193662570064,
            0.7501642497665243,
            0.3726576357265032,
            0.6067471913219215,
            0.6097051049887662,
            0.6572541554195402,
            0.9947082931532557,
            0.2229905218827163,
            1.168675263400245,
            0.5025009916387412,
            0.7855783784342495,
            0.7769101638867654,
            0.7858645613045174,
            1.050877411112982,
            0.71183325353157,
            0.5334075853451751,
            0.3557927922904557,
            0.17438220735635546,
            0.5021612791137418,
            0.6799664636539209,
            0.326911573474138,
            0.8574366747313539,
            0.48671283789646286,
            0.6209715235635737
        ]
    ]
}