{
    "sampler": "HMC",
    "value": [
        20,
        -20
    ],
    "means_array": [
        [
            20,
            -20
        ]
    ],
    "case": "Posterior Samples",
    "dim": 2,
    "samples": [
        [
            20.107120512943133,
            -19.187773251569794
        ],
        [
            20.58861666038401,
            -19.03017358246286
        ],
        [
            20.154880310476667,
            -20.10089124232075
        ],
        [
            21.336606407164282,
            -19.285901424014245
        ]
    ]
}