run_id,mu,sampler,wasserstein_distance,mmd_rff,r_hat,ess,runtime
47,"(10.0, 0.0)",HMC,2.0615176322808644,0.28130474974871156,2.4138082904983738,4.893638040539681,6.696800947189331
