run_id,mu,sampler,wasserstein_distance,mmd_rff,r_hat,ess,runtime
47,"(10.0, 0.0)",SMC,0.36202120837485824,0.027574399686878186,1.0003108489965407,3544.626954221121,7.0247087478637695
