{
    "sampler": "HMC",
    "value": [
        -20,
        0,
        0,
        0,
        0
    ],
    "means_array": [
        [
            -20,
            0,
            0,
            0,
            0
        ],
        [
            -12,
            0,
            0,
            0,
            0
        ],
        [
            -4,
            0,
            0,
            0,
            0
        ],
        [
            4,
            0,
            0,
            0,
            0
        ],
        [
            12,
            0,
            0,
            0,
            0
        ],
        [
            20,
            0,
            0,
            0,
            0
        ]
    ],
    "case": "Posterior Samples",
    "dim": 5,
    "samples": [
        [
            -2.533194423109837,
            -1.3170626842319093,
            0.2008073682523126,
            0.7131453579508744,
            -0.30467622951024703
        ],
        [
            -20.301144473562257,
            1.1159766667487683,
            0.4758999452123084,
            0.6658288624084664,
            1.2257582008248178
        ],
        [
            -12.089055921848429,
            1.1733251089611645,
            1.0473240161505284,
            -0.938475071608582,
            1.31675334447882
        ],
        [
            -13.279677423862632,
            1.703395022744242,
            1.6552873451575294,
            0.5982638118058221,
            -3.037836809580743
        ]
    ]
}