{
    "sampler": "Metro",
    "value": [
        50,
        -50
    ],
    "means_array": [
        [
            50,
            -50
        ]
    ],
    "case": "Warmup Samples",
    "dim": 2,
    "samples": [
        [
            49.79288209424763,
            -50.06888290606731
        ],
        [
            50.55339245651973,
            -50.351829562496015
        ],
        [
            50.12306774713232,
            -49.61606941258445
        ],
        [
            48.78311249761959,
            -50.3707071620813
        ]
    ]
}