run_id,mu,sampler,wasserstein_distance,mmd_rff,r_hat,ess,runtime
8,"(0, 0, 0, 0, 0)",SMC,0.022718356443479824,0.026568960190800125,1.0004313113248406,3887.9298069380675,2.209765672683716
