run_id,dimension_corr,sampler,wasserstein_distance,mmd_rff,r_hat,ess,runtime
1,2,Metro,0.04212383133875368,0.02452184107618096,1.0035630083650506,941.0268346279894,1.3924229145050049
1,5,Metro,0.044447534859575075,0.0270021727918633,1.0061386592616215,743.8268070699866,1.3201987743377686
1,10,Metro,0.0436657724294237,0.024812250340388784,1.010656808337366,763.836108151793,1.6051757335662842
1,15,Metro,0.04211699683388715,0.023714365455808295,1.008799252354564,657.0761016355274,1.8679273128509521
1,20,Metro,0.03839582067667662,0.021989744267142137,1.0099078184466168,755.2669937385429,2.353384256362915
