{
    "sampler": "HMC",
    "value": 4,
    "means_array": [
        0
    ],
    "case": "Posterior Samples",
    "dim": 1,
    "samples": [
        -0.23106736002457168,
        0.3865387355471059,
        1.6922446368209116,
        0.6735283363136257
    ]
}