{
    "run_id": 1,
    "case": "unimodal",
    "dim": 1,
    "low": [
        -100
    ],
    "high": [
        100
    ],
    "means_array": [
        [
            0
        ]
    ],
    "samples": [
        {
            "posterior": 79.86717469050163
        },
        {
            "posterior": -36.94959369521611
        },
        {
            "posterior": 63.74423903095686
        },
        {
            "posterior": 10.596234333083942
        }
    ]
}