mu,global_median_wasserstein_distance,global_median_r_hat,global_median_ess,global_median_runtime,global_median_mmd_rff,global_q25_wasserstein_distance,global_q25_r_hat,global_q25_ess,global_q25_runtime,global_q25_mmd_rff,global_q75_wasserstein_distance,global_q75_r_hat,global_q75_ess,global_q75_runtime,global_q75_mmd_rff,ws_mcmc_mean,ws_iid_mean,ws_iid_std,mmd_rff_mcmc_mean,mmd_rff_iid_mean,mmd_rff_iid_std,ws_dist_glass_delta,mmd_rff_glass_delta
"(4.618802, 0.0)",0.5911395693249275,,,1.5969693660736084,0.10100657456693064,0.4792036632060984,,,1.5937438011169434,0.0794966694071669,1.065458943751917,,,1.6016833782196045,0.179916158200877,0.7381897808581022,0.07684014821905588,0.024893367984896397,0.12681753511928767,0.010571811365768645,0.0050551933759471175,26.56730230478689,22.995307025567495
