run_id,mu,sampler,wasserstein_distance,mmd_rff,r_hat,ess,runtime
44,"(0, 0, 0, 0, 0)",HMC,0.026349638663886427,0.02192933411167318,1.0012775984459672,5215.521989525012,1.6744766235351562
