run_id,mu,sampler,wasserstein_distance,mmd_rff,r_hat,ess,runtime
61,"(0, 0, 0, 0, 0)",SMC,0.024797224217641033,0.02628423537499636,1.00116894973041,3611.112515218557,2.1027462482452393
