{
    "run_id": 1,
    "case": "unimodal",
    "dim": 5,
    "low": [
        -29.903888620889195,
        -29.853354016919592,
        -29.998125613987852,
        -30.19114101559409,
        -29.76964866726168
    ],
    "high": [
        30.096111379110805,
        30.146645983080408,
        30.001874386012148,
        29.80885898440591,
        30.23035133273832
    ],
    "means_array": [
        [
            0.0,
            0.0,
            0.0,
            0.0,
            0.0
        ]
    ],
    "samples": [
        {
            "posterior": [
                15.444385876170823,
                8.448570112066722,
                17.047620459983193,
                -13.232802280801685,
                19.454777623720975
            ]
        },
        {
            "posterior": [
                -13.121226579960386,
                20.12533190503004,
                -2.5817932237888748,
                -29.838375281615534,
                5.132078791272182
            ]
        },
        {
            "posterior": [
                9.702046119507994,
                -19.91322463252956,
                -11.24624252357906,
                20.81066388238724,
                -20.71744950841128
            ]
        },
        {
            "posterior": [
                1.6427576666694002,
                10.85133270382757,
                6.222157494555354,
                -21.48765393056901,
                16.94996005285869
            ]
        }
    ]
}