run_id,mu,sampler,wasserstein_distance,mmd_rff,r_hat,ess,runtime
59,"(0, 0, 0, 0, 0)",Metro,0.17839468626847585,0.07685397200916423,1.175832653606865,17.337584584623176,1.3367533683776855
