{
    "run_id": 1,
    "case": "multimodal",
    "dim": 30,
    "means_array": [
        [
            -4.0,
            0.0,
            0.0,
            0.0,
            0.0,
            0.0,
            0.0,
            0.0,
            0.0,
            0.0,
            0.0,
            0.0,
            0.0,
            0.0,
            0.0,
            0.0,
            0.0,
            0.0,
            0.0,
            0.0,
            0.0,
            0.0,
            0.0,
            0.0,
            0.0,
            0.0,
            0.0,
            0.0,
            0.0,
            0.0
        ],
        [
            4.0,
            0.0,
            0.0,
            0.0,
            0.0,
            0.0,
            0.0,
            0.0,
            0.0,
            0.0,
            0.0,
            0.0,
            0.0,
            0.0,
            0.0,
            0.0,
            0.0,
            0.0,
            0.0,
            0.0,
            0.0,
            0.0,
            0.0,
            0.0,
            0.0,
            0.0,
            0.0,
            0.0,
            0.0,
            0.0
        ]
    ],
    "min_mode": [
        -4.0,
        0.0,
        0.0,
        0.0,
        0.0,
        0.0,
        0.0,
        0.0,
        0.0,
        0.0,
        0.0,
        0.0,
        0.0,
        0.0,
        0.0,
        0.0,
        0.0,
        0.0,
        0.0,
        0.0,
        0.0,
        0.0,
        0.0,
        0.0,
        0.0,
        0.0,
        0.0,
        0.0,
        0.0,
        0.0
    ],
    "max_mode": [
        4.0,
        0.0,
        0.0,
        0.0,
        0.0,
        0.0,
        0.0,
        0.0,
        0.0,
        0.0,
        0.0,
        0.0,
        0.0,
        0.0,
        0.0,
        0.0,
        0.0,
        0.0,
        0.0,
        0.0,
        0.0,
        0.0,
        0.0,
        0.0,
        0.0,
        0.0,
        0.0,
        0.0,
        0.0,
        0.0
    ],
    "border": [
        20.0,
        20.0,
        20.0,
        20.0,
        20.0,
        20.0,
        20.0,
        20.0,
        20.0,
        20.0,
        20.0,
        20.0,
        20.0,
        20.0,
        20.0,
        20.0,
        20.0,
        20.0,
        20.0,
        20.0,
        20.0,
        20.0,
        20.0,
        20.0,
        20.0,
        20.0,
        20.0,
        20.0,
        20.0,
        20.0
    ],
    "low": [
        -30.00835071123103,
        -30.000413281222066,
        -29.801647526125194,
        -30.254299259536058,
        -30.2272572509781,
        -29.938347050952423,
        -29.941874570274678,
        -30.063190131301724,
        -29.947381876159746,
        -30.147773185250053,
        -29.719995740228224,
        -30.027172017203686,
        -30.282003131578595,
        -29.509500115806155,
        -29.77615816448219,
        -29.737909986765697,
        -30.076023735261252,
        -30.261959582705515,
        -30.098110768594488,
        -30.31630161949611,
        -29.928139448588915,
        -30.19250480985948,
        -29.953825480380104,
        -29.82653946377519,
        -29.79013303412412,
        -29.92145532837663,
        -30.28915753701233,
        -29.97277042905104,
        -30.272208825631594,
        -29.974950053136002
    ],
    "high": [
        29.99164928876897,
        29.999586718777934,
        30.198352473874806,
        29.745700740463942,
        29.7727427490219,
        30.061652949047577,
        30.058125429725322,
        29.936809868698276,
        30.052618123840254,
        29.852226814749947,
        30.280004259771776,
        29.972827982796314,
        29.717996868421405,
        30.490499884193845,
        30.22384183551781,
        30.262090013234303,
        29.923976264738748,
        29.738040417294485,
        29.901889231405512,
        29.68369838050389,
        30.071860551411085,
        29.80749519014052,
        30.046174519619896,
        30.17346053622481,
        30.20986696587588,
        30.07854467162337,
        29.71084246298767,
        30.02722957094896,
        29.727791174368406,
        30.025049946863998
    ],