run_id,mu,sampler,wasserstein_distance,mmd_rff,r_hat,ess,runtime
34,"(0, 0, 0, 0, 0)",SMC,0.02379953179810612,0.02013633384015567,1.0008143958504474,3739.824871240803,1.9957642555236816
