{
    "run_id": 1,
    "case": "unimodal",
    "dim": 30,
    "low": [
        -259.984459639834,
        -169.90812646556637,
        -187.1905587386036,
        -128.79468963104665,
        -135.2268864492049,
        -121.23289863797648,
        -111.76679960924129,
        -167.05357203526398,
        -242.97997487072755,
        -217.7428538902181,
        -117.27198754308009,
        -109.02325483866339,
        -121.19421780181693,
        -142.8471332978966,
        -128.44473978511468,
        -135.03565025539422,
        -108.7785114919784,
        -161.37905822688393,
        -113.20400050928347,
        -117.78353868424995,
        -170.82898235985266,
        -118.50607336418615,
        -116.01705381992923,
        -102.05387549385273,
        -229.65947754118773,
        -260.485951680816,
        -137.89710791679448,
        -270.7092180045106,
        -128.96869653432432,
        -172.21723299479365
    ],
    "high": [
        202.73257775903528,
        157.88952425963504,
        158.62931798041433,
        194.40099003939727,
        127.57331239306049,
        169.41478922535214,
        113.17113682957608,
        177.93058927763252,
        268.6010889809787,
        291.6013816564543,
        99.18365488270447,
        107.39586909498931,
        135.0079307636924,
        122.83853043985108,
        127.79897275446265,
        128.81433389746996,
        105.41837787093488,
        122.23238720632449,
        102.67068870664275,
        108.83164227022995,
        271.6430936517344,
        160.95106336269134,
        102.26711435614946,
        95.85869048800532,
        180.04000161257767,
        317.9929824150059,
        154.8661988452473,
        216.7776773828001,
        152.02460491578927,
        202.47313861373465
    ],
    "means_array": [
        [
            0.0,
            0.0,
            0.0,
            0.0,
            0.0,
            0.0,
            0.0,
            0.0,
            0.0,
            0.0,
            0.0,
            0.0,
            0.0,
            0.0,
            0.0,
            0.0,
            0.0,
            0.0,
            0.0,
            0.0,
            0.0,
            0.0,
            0.0,
            0.0,
            0.0,
            0.0,
            0.0,
            0.0,
            0.0,
            0.0
        ]
    ],
    "samples": [
        {
            "posterior": [
                -227.6908322141335,
                106.28888780086831,
                -143.72442430545357,
                84.80395088154131,
                -29.877738462293053,
                167.4551593670301,
                -52.643161760977854,
                -146.70124577416976,
                204.76756188587925,
                123.48555404866357,
                -103.56374513016891,
                -44.79887083113698,
                0.14706477638605975,
                -34.09178115762346,
                -47.86069481047163,
                43.55018892446262,
                -1.9451218573279903,
                -106.76101271859002,
                35.275372469187005,
                -74.36329556152666,
                192.66380943232764,
                128.0556590559571,
                -35.6795121322907,
                -13.536872691056487,
                30.39090697929052,
                44.085318485991195,
                39.178790000273864,
                148.6895538246137,
                64.09609726426766,
                -141.27819396076274
            ]
        },
        {
            "posterior": [
                101.0241981788501,
                -98.58928238901576,
                -167.37019908622247,
                140.9266509508779,
                88.98630623108272,
                -85.58152927798298,
                -64.29164757958199,
                109.0971603939015,
                -232.21009794133772,
                -192.74603550841522,
                96.44074973222658,
                61.63624339618487,
                -60.50045205242386,
                100.7105417761976,
                -100.27703071104803,
                -39.68020988958078,
                16.766178528136393,
                7.487605681216451,
                90.78477376983614,
                -17.009689982586735,
                -99.90956076322152,
                14.264014498932667,
                -50.39158418528321,
                69.15413378957217,
                177.22068025419603,
                -151.50102777389407,
                82.45098637101398,
                -162.75852632308266,
                -42.3690186063897,
                -101.90477900252174
            ]
        },
        {
            "posterior": [
                57.15474227642551,
                153.44554114536433,
                -107.93872636821446,
                -97.91986422032612,
                39.118098407934696,
                -52.868825731749894,
                84.57477537246264,
                78.23043643781557,
                9.474413535723158,
                65.68613425045845,
                26.032117305420087,
                30.365115188825243,
                -105.81263727729724,
                116.25820367485929,
                113.55476688467493,
                -82.4786182935073,
                -84.89662582416514,
                40.56695149643102,
                -6.52569340102437,
                59.59006152724916,
                111.04573548785248,
                -63.25260562436311,
                99.72996437029337,
                -100.43881386049858,
                -151.37772056303407,
                -256.1608989511013,
                -101.47956657509353,
                -199.52298008919976,
                -66.83159886459616,
                52.49176911597894
            ]
        },
        {
            "posterior": [
                -23.914201025603262,
                85.29212669208678,
                101.70338764324487,
                174.28698671244422,
                -71.97626602316225,
                77.82035413623139,
                -37.03046495559711,
                -46.02257470026788,
                -237.63954701651122,
                249.84384546148402,
                49.16228611338809,
                89.16313023205804,
                77.54512776968278,
                -12.15880433271684,
                82.38355913395216,
                78.38006450919252,
                -108.09450394653685,
                -113.97157287459525,
                -45.521677150070005,
                -36.432268706306374,
                -105.09921709198547,
                -114.66141931986583,
                80.9267426664681,
                82.86437405841093,
                -141.7028316196495,
                -220.95096189331989,
                -88.02230984192559,
                -236.50991155710565,
                130.2110926622352,
                1.7755568626934064
            ]
        }
    ]
}