{
    "run_id": 1,
    "case": "unimodal",
    "dim": 2,
    "low": [
        -90,
        -90
    ],
    "high": [
        110,
        110
    ],
    "means_array": [
        [
            10,
            10
        ]
    ],
    "samples": [
        {
            "posterior": [
                100.78610208747116,
                -66.18586387411317
            ]
        },
        {
            "posterior": [
                61.45161971078974,
                -88.5589700460302
            ]
        },
        {
            "posterior": [
                89.73957627916732,
                -4.023358734392261
            ]
        },
        {
            "posterior": [
                50.96570047063625,
                -56.67986025878776
            ]
        }
    ]
}