run_id,nu,sampler,wasserstein_distance,mmd_rff,r_hat,ess,runtime
28,0.5,Metro,6854.048282223504,0.03451371617016342,1.0143768271976306,297.1437658334334,1.0358679294586182
28,1.0,Metro,3.007392703551931,0.0455401309741674,1.0095831930953383,718.4165145361513,1.0072190761566162
28,2.0,Metro,0.19099518893939355,0.027286794403477917,1.0032838351275242,1305.380746278842,1.05804443359375
28,5.0,Metro,0.061646732034258855,0.02306252450041623,1.002319341745087,1765.6528839167115,1.0444614887237549
28,10.0,Metro,0.06028336259064732,0.03176367751929121,1.0023508684110665,1351.2535601987977,1.0128962993621826
28,30.0,Metro,0.05626986748495525,0.018510579370205556,1.0041323915565432,1803.5642196479425,1.051076889038086
28,100.0,Metro,0.019921363209801663,0.006914598758899831,1.0038108925442764,1701.9847175117065,1.0571866035461426
28,500.0,Metro,0.03538104199874201,0.012123487354190058,1.00248583479028,1766.6969007177004,1.0241198539733887
