run_id,mu,sampler,wasserstein_distance,mmd_rff,swd_zscore,r_hat,ess,runtime
19,"(10, 10, 10, 10, 10, 20, 20, 20, 20, 20, 30, 30, 30, 30, 30, 40, 40, 40, 40, 40)",DEMetro,3.1429907792825906,0.4102353933712153,1552.8470401034224,,6.048387096774194,1.9977729320526123
