mu,sampler,wasserstein_distance,r_hat,ess,runtime
"(-10, 10)",HMC,0.01688065509348476,1.0022259894937853,9821.79685065227,4.490646600723267
"(0, 0)",HMC,0.018307734481977405,1.0022259894937853,9821.79685065227,4.131159067153931
"(20, -20)",HMC,0.020935090457351167,1.0022259894937853,9821.79685065227,4.3169167041778564
"(50, -50)",HMC,0.02005843011065185,1.0022259894937853,9821.79685065227,4.368712425231934
