run_id,mu,sampler,wasserstein_distance,mmd_rff,r_hat,ess,runtime
17,8,HMC,1.0011318983555269,0.1335393295513124,1.5427711575457996,7.0858262266695045,1.635833740234375
17,10,HMC,0.3876285757235005,0.04903482772945719,1.5288950720678436,7.180022400732992,1.80576491355896
17,12,HMC,5.38951372646665,0.46792902536889447,1.5303142655038102,7.1913676323754165,1.5705478191375732
17,14,HMC,6.237721756132841,0.4782703388441541,1.5317919056418279,7.196210069769103,1.5400397777557373
17,16,HMC,4.8319565603073436,0.3247309385982032,1.0007838209331454,3123.3769851043594,1.5326414108276367
17,18,HMC,8.15125378314659,0.48325935783014756,1.5285047031057786,7.130094122444682,1.7923016548156738
17,20,HMC,0.9834938637657082,0.053854862050287104,1.5278474599771947,7.2026604348774965,1.56864333152771
17,22,HMC,4.2534236020881515,0.21174007717584364,1.733770779012513,6.097600418686196,1.5208334922790527
17,40,HMC,12.151790854064975,0.3242355512349211,1.0010135446118855,3552.3051559567534,1.5246953964233398
