run_id,mu,sampler,wasserstein_distance,mmd_rff,r_hat,ess,runtime
17,8,Metro,0.41523376467365913,0.05357375405572556,1.0380770017351169,80.7929108132359,1.5031843185424805
17,10,Metro,0.14270052304926534,0.01969521244342757,1.3841530902185588,8.789987241288276,1.2593464851379395
17,12,Metro,5.384035302545142,0.46335978095109215,1.5297128480127131,7.262895069102216,1.240328311920166
17,14,Metro,6.229980147461528,0.4818715191097213,1.5313233324079878,7.2866988211876125,1.2910957336425781
17,16,Metro,4.864371396952794,0.3270354917132857,1.0023728907099703,1913.7142825152323,1.5790951251983643
17,18,Metro,8.128215351366263,0.4893184185100861,1.5299796292856052,7.262660348285407,1.3091340065002441
17,20,Metro,1.018521054539685,0.05596054081072969,1.5306287973637178,7.245730347344412,1.316983699798584
17,22,Metro,4.227077264634937,0.21110460874564987,1.7346146502980124,6.1214184006568075,1.2909975051879883
17,40,Metro,12.12565560181325,0.3278926596522038,1.0018583037859743,1859.3403684503564,1.5660040378570557
