mu,mmd_rff_t_stat,mmd_rff_p_value,mmd_rff_paired_cohens_d
"(-16, 0, 0, 0)",0.7282670348226917,0.47229021570903007,0.13296276095326287
