mu,mmd_rff_t_stat,mmd_rff_p_value,mmd_rff_paired_cohens_d
"(-16, 0, 0, 0)",7.930214549211137,9.56290960902952e-09,1.4478524648195341
