correlation,mmd_rff_t_stat,mmd_rff_p_value,mmd_rff_paired_cohens_d
0.0,0.29190826795613084,0.775788424373186,0.08426665854157478
0.3,0.35531992120414563,0.7290694781474083,0.10257202607782505
0.5,-0.5063537369018366,0.6226029249358368,-0.14617173315272416
0.9,1.5503690019019838,0.14932928685383018,0.4475529802956809
0.95,1.7504123386055817,0.1078489435551489,0.5053005174433874
0.99,3.0999419685574416,0.010105185215439396,0.8948761650094287
