correlation,var_rmse_t_stat,var_rmse_p_value,var_rmse_paired_cohens_d
0.0,-1.147171902965064,0.27564998480398045,-0.3311600034918275
0.3,-0.856629477577381,0.409923476451697,-0.2472876297375347
0.5,-2.2777421414614167,0.043709190560731755,-0.6575275192586518
0.9,-0.564692078393787,0.5836150345564746,-0.1630125617349511
0.95,-4.367525962367894,0.0011221502014721056,-1.2607961450328917
0.99,-4.666000306433755,0.0006869882409710826,-1.3469582664792026
