{
    "sampler": "DEMetro_Z",
    "value": 10,
    "means_array": [
        [
            0.0,
            0.0
        ]
    ],
    "case": "Posterior Samples",
    "dim": 2,
    "samples": [
        [
            -2.4149562516395746,
            -1.7915846845868013
        ],
        [
            0.19327136272737458,
            0.11548384813293164
        ],
        [
            1.1935889629310852,
            0.9744256549152359
        ],
        [
            -1.5084979232737405,
            -0.7938316980817061
        ]
    ]
}