{
    "sampler": "HMC",
    "value": 4,
    "means_array": [
        0,
        4
    ],
    "case": "Posterior Samples",
    "dim": 1,
    "samples": [
        -0.7092496194996001,
        2.945058517466873,
        2.770680107177327,
        3.61312379068809
    ]
}