mu,ws_t_stat,ws_p_value,ws_paired_cohens_d
"(-20, 0, 0, 0, 0)",-4.179057062722058,0.0002455293214573194,-0.7629879407847177
