run_id,mu,sampler,wasserstein_distance,mmd_rff,r_hat,ess,runtime
17,"(5.0, 0.0)",HMC,0.45067027202929083,0.06553361070628068,1.0262913620937675,96.18215749825877,3.899284601211548
17,"(5.0, 10.0)",HMC,2.0938936761822835,0.2294013101792252,1.7335666161743155,6.114282139817885,2.925379514694214
17,"(5.0, 20.0)",HMC,2.7857228129763745,0.17090489514947937,1.74854563280011,6.14695366102824,3.253701686859131
17,"(5.0, 40.0)",HMC,5.086079296792921,0.21832262315579778,1.733571126656797,6.10670555425087,2.953153371810913
17,"(5.0, 5.0)",HMC,0.5443118463255263,0.09410734343370533,1.664391434504744,6.383272187122693,3.299304485321045
