{
    "sampler": "Metro",
    "value": 10,
    "means_array": [
        [
            0.0,
            0.0,
            0.0,
            0.0,
            0.0,
            0.0,
            0.0,
            0.0,
            0.0,
            0.0
        ],
        [
            0.39673074385915813,
            3.842185223310814,
            -3.7552457402897534,
            5.891827927842863,
            -3.4543527990938108,
            11.669858156087797,
            7.022149215331236,
            -18.637122975268156,
            -16.21455815249953,
            -5.346189241237643
        ]
    ],
    "case": "Posterior Samples",
    "dim": 10,
    "samples": [
        [
            1.6322578437594935,
            -0.36507006285771526,
            0.017508411590687167,
            -0.35280053995220695,
            0.20888009874750946,
            0.9284519772545723,
            0.3640908513393728,
            -1.1884570716954272,
            -0.0482598326749919,
            0.7220169922333386
        ],
        [
            -0.46616306551581266,
            -0.33390197564898244,
            -1.3338257815916088,
            -0.976086588540802,
            -0.31612229880329795,
            -1.2110006660823234,
            0.5709224608620191,
            -2.377142782858977,
            -0.48809258890315377,
            0.5067965094653402
        ],
        [
            -0.07191219500640633,
            4.326770352503858,
            -3.726738888518696,
            4.0968029539951845,
            -2.8686775656463968,
            12.309481282289777,
            7.002662561267876,
            -18.474595906094137,
            -14.657014474969849,
            -6.215816425863535
        ],
        [
            0.5210809382041648,
            4.0249767327929,
            -1.3882616959173535,
            5.333101346177395,
            -2.430872077941291,
            11.322498548982727,
            6.773305961024187,
            -18.471190142486673,
            -16.257928241130703,
            -2.769692646340877
        ]
    ]
}