{
    "sampler": "Metro",
    "value": 0.995,
    "means_array": [
        [
            0.0,
            0.0
        ]
    ],
    "case": "Posterior Samples",
    "dim": 2,
    "samples": [
        [
            -0.779896320863498,
            -0.800345798453627
        ],
        [
            -0.535803266518319,
            -0.5057798006103109
        ],
        [
            2.1876671539622716,
            2.206628719680628
        ],
        [
            -1.6885053518784598,
            -1.7370855755622605
        ]
    ]
}