run_id,dimension_corr,sampler,wasserstein_distance,mmd_rff,r_hat,ess,runtime
29,2,SMC,0.013453855541740247,0.009817119672972866,1.000131229466518,7839.690993924549,2.206463575363159
29,5,SMC,0.018867079234710604,0.01627046581667229,1.0011079909065146,7565.840086146375,4.095731496810913
29,10,SMC,0.021394369956181058,0.01561713776128981,1.0004164270762823,7711.894980677492,3.8742175102233887
29,15,SMC,0.02114734534344929,0.016327387328717382,1.000569592380941,7383.030822585695,5.825445890426636
29,20,SMC,0.020520243276078015,0.01617123889882265,1.0003011404843303,7397.726470791456,6.243212699890137
