dimension,mmd_rff_t_stat,mmd_rff_p_value,mmd_rff_paired_cohens_d
2,1.9196683553759344,0.19488830370301397,1.108321041731102
4,1.728591280474668,0.2260233037366163,0.9980026411008894
8,2.0046799452277164,0.18286804671897017,1.1574025060162665
30,4.2074307203725,0.05211292782235895,2.429161259003764
