dimension,ws_t_stat,ws_p_value,ws_paired_cohens_d
2,25.296279157962456,0.0015590862122548082,14.604813581345544
4,4.7518149221742805,0.04154698026692756,2.7434616244566015
8,66.87377103358659,0.00022353355967738193,38.60958970796662
30,29.10678291094744,0.001178266381692189,16.804808948879504
