run_id,mu,sampler,wasserstein_distance,mmd_rff,r_hat,ess,runtime
54,"(5.0, 0.0)",SMC,0.06870127867642632,0.020346537254780167,1.0002011069750414,3990.898925587476,1.61614990234375
54,"(5.0, 10.0)",SMC,0.07051346503249534,0.017075120361334437,1.0006076961328678,3721.011053692967,2.695734977722168
54,"(5.0, 20.0)",SMC,0.12119441734101026,0.01774943256840137,1.0005230027168046,3390.1516279478096,2.888145685195923
54,"(5.0, 40.0)",SMC,0.3896549131404336,0.025068959215716453,1.0019851535197666,2426.7646183959105,2.884423017501831
54,"(5.0, 5.0)",SMC,0.06887831680034268,0.024280301860265197,1.0016210890238193,3467.0197440126644,2.3650317192077637
