{
    "run_id": 1,
    "case": "multimodal",
    "dim": 2,
    "means_array": [
        [
            -7.5,
            0.0
        ],
        [
            7.5,
            0.0
        ]
    ],
    "min_mode": [
        -7.5,
        0.0
    ],
    "max_mode": [
        7.5,
        0.0
    ],
    "border": [
        61.308123743699376,
        125.47230947778513
    ],
    "low": [
        -96.44084233490291,
        -147.86679288250826
    ],
    "high": [
        87.48352889619522,
        228.55013555084713
    ],
    "samples": [
        {
            "posterior": [
                81.6217053506008,
                160.23378786437826
            ]
        },
        {
            "posterior": [
                56.5704407066619,
                -14.665831765074103
            ]
        },
        {
            "posterior": [
                -72.56466161014306,
                64.11882198216713
            ]
        },
        {
            "posterior": [
                -1.0539612397469682,
                209.3934020186461
            ]
        }
    ]
}