{
    "sampler": "Metro",
    "value": 20,
    "means_array": [
        [
            0.0,
            0.0,
            0.0,
            0.0,
            0.0,
            0.0,
            0.0,
            0.0,
            0.0,
            0.0,
            0.0,
            0.0,
            0.0,
            0.0,
            0.0,
            0.0,
            0.0,
            0.0,
            0.0,
            0.0
        ]
    ],
    "case": "Warmup Samples",
    "dim": 20,
    "samples": [
        [
            -22.00991917353727,
            1.3391622904183853,
            -11.105356670776,
            31.07555891862995,
            43.46679467132293,
            -97.34532528655285,
            -38.531891913590336,
            16.896345200681104,
            46.06183512386707,
            48.215101293446295,
            -34.97684418605986,
            -8.108309380775893,
            -63.275043913173555,
            -29.36003228854645,
            -26.20211842433497,
            47.32412950393945,
            -54.490573153014,
            -82.6595438302288,
            -52.00207317728437,
            0.2931258096142244
        ],
        [
            -17.39735650974717,
            -71.5865558826995,
            59.3334248725138,
            -8.7191645564791,
            -92.02875844085987,
            35.87442942367977,
            -90.40424753928421,
            59.78874841658387,
            -72.99679960554249,
            45.47219459257986,
            13.79539001345529,
            -4.571185150946832,
            80.87424537004102,
            -28.28313995453243,
            -85.14748122978466,
            45.954135896818684,
            43.41060498288539,
            -75.78423483928191,
            56.87516695198809,
            54.40046296251569
        ],
        [
            91.79891378404375,
            42.76382757058174,
            -53.71735996652661,
            -50.80496358433728,
            -76.836693797666,
            -52.607141298607424,
            17.027294550306536,
            60.87336817998901,
            5.44543191608355,
            -60.92053875734905,
            -16.233624634814333,
            -72.79821447395223,
            -23.547771830629543,
            -13.6012655795888,
            15.85087115178943,
            1.5655533691119246,
            78.09112594506163,
            64.85134459163476,
            74.09040503379197,
            94.64271095124386
        ],
        [
            20.47067154552131,
            33.005506090325895,
            -54.228332317855504,
            31.286445031886473,
            0.8376764124913336,
            14.560712598310715,
            11.164694883593995,
            61.530049058396315,
            -26.08380304896052,
            11.475561520322316,
            51.86097162744965,
            -61.01681155474214,
            -79.31036289061373,
            -97.6371318062498,
            29.431956587215893,
            -97.03285170580148,
            -51.27715490903159,
            86.75574863394326,
            41.15405006675131,
            61.61888856421149
        ]
    ]
}