{
    "sampler": "Metro",
    "value": [
        -5,
        0,
        5
    ],
    "means_array": [
        [
            -5,
            0,
            5
        ]
    ],
    "case": "Warmup Samples",
    "dim": 3,
    "samples": [
        [
            -5.074454337477862,
            -0.24330428746933183,
            4.520641391247896
        ],
        [
            -4.739510281442279,
            0.7230875699770617,
            5.237804568667537
        ],
        [
            -5.667600540212329,
            0.2099318925338604,
            5.300463808472038
        ],
        [
            -6.160120036944107,
            0.7601377046585109,
            4.877868864890487
        ],
        [
            -4.944255895294795,
            -0.042443924386342424,
            5.008390103005504
        ]
    ]
}