{
    "sampler": "Metro",
    "value": [
        -5,
        0,
        5
    ],
    "means_array": [
        [
            -5,
            0,
            5
        ]
    ],
    "case": "Posterior Samples",
    "dim": 3,
    "samples": [
        [
            -4.931919950832814,
            0.18115697363247868,
            5.3721423817663565
        ],
        [
            -5.495975614090024,
            -0.6939195687076286,
            4.052332041454223
        ],
        [
            -5.748880419723059,
            -0.4183919571899657,
            4.3990880744258245
        ],
        [
            -5.342240092402444,
            -0.25492945414770424,
            4.684624996740306
        ],
        [
            -4.952316798729119,
            0.3063329620387589,
            4.859977693278565
        ]
    ]
}