run_id,mu,sampler,wasserstein_distance,mmd_rff,swd_zscore,r_hat,ess,runtime
7,8,HMC,1.1544269538534837,0.15394662164342435,29.938831608505534,1.2526511406322478,17.346843454861762,2.384575128555298
7,10,HMC,3.6267786565081197,0.38990826997256955,49.3984289306486,1.6136644164972345,9.982668249536797,2.1341545581817627
7,12,HMC,6.487025589795008,0.5950519000339476,125.46383979722701,1.3774019582304289,13.201823601562298,2.413538694381714
7,14,HMC,5.135707012242635,0.3942900821040765,72.28721377148642,1.6155329314840225,9.998265655420688,2.115233898162842
7,16,HMC,0.3822973504739408,0.02490100284108319,3.0084014588230388,1.6151467389448706,9.996012609046897,2.0765976905822754
7,18,HMC,6.5568584590734345,0.39077311718829333,84.27644966174401,1.6159771363034579,10.026526202875797,2.3565118312835693
7,20,HMC,7.376313744862441,0.3940685892609646,61.10285559818093,1.6135959018352541,10.078038018530869,2.130002737045288
7,22,HMC,8.020567779553787,0.4082273414924926,73.4427098708293,1.6144114800371412,10.027962497838574,2.3829452991485596
