run_id,mu,sampler,wasserstein_distance,mmd_rff,r_hat,ess,runtime
43,"(10, 10)",SMC,0.08900095282850012,0.01847499243921944,1.0007896546088337,3820.2911936017567,2.5349175930023193
43,"(2, 2)",SMC,0.07347271562340922,0.015338950815021974,0.9999635984930035,3834.3506478186637,2.1421830654144287
43,"(20, 20)",SMC,0.14603306279845174,0.018364311323374155,0.9998909029498178,4022.0728812124157,4.61463189125061
43,"(40, 40)",SMC,0.47646801736090055,0.018881287970981465,1.001402097187859,4021.3203926861215,3.6037468910217285
43,"(5, 5)",SMC,0.24664159104081468,0.023625248127869574,1.0011937822755588,3944.2468672810687,4.101682662963867
