{
    "sampler": "Metro",
    "value": 4,
    "means_array": [
        [
            0.0,
            0.0,
            0.0,
            0.0,
            0.0,
            0.0,
            0.0,
            0.0,
            0.0,
            0.0,
            0.0,
            0.0,
            0.0,
            0.0,
            0.0,
            0.0,
            0.0,
            0.0,
            0.0,
            0.0,
            0.0,
            0.0,
            0.0,
            0.0,
            0.0,
            0.0,
            0.0,
            0.0,
            0.0,
            0.0
        ]
    ],
    "case": "Warmup Samples",
    "dim": 30,
    "samples": [
        [
            16.25316289845578,
            -0.3978603780258679,
            -29.899113770319982,
            -17.620058882245107,
            -25.887248141164772,
            24.818053982975787,
            0.24209493694192674,
            -29.839511973428337,
            15.899922919696875,
            27.13026066601012,
            25.854489464621807,
            26.64322594245706,
            36.77642139544992,
            -41.01245656956665,
            21.716703945281914,
            -13.289993898486243,
            -10.317560482386636,
            23.187100963153718,
            18.45899825573817,
            -19.42948203014903,
            -14.555933338632173,
            -6.3450804638535185,
            30.8137726113014,
            9.752457418197913,
            12.729744737078398,
            -24.308687876131604,
            21.34460110294022,
            24.799313077756782,
            -30.042741866148734,
            -13.832886126414019
        ],
        [
            -4.420687689411313,
            18.433895644292132,
            57.07149175756032,
            -33.66198219698474,
            -37.43041776400682,
            4.233082596688192,
            40.84833764908916,
            9.03190782183538,
            20.233335133301484,
            21.342516563855497,
            -30.169870580166627,
            -2.626440439342952,
            13.764962626852101,
            -32.37740949312345,
            19.018524411906963,
            -30.302821720376535,
            -28.319436400893288,
            -14.904124483018341,
            18.779262586935637,
            -20.24772555063127,
            -36.47225573166769,
            23.10935271381083,
            23.249371667745343,
            10.69415172527983,
            -4.032697131466602,
            22.98730132522488,
            -31.688118763726816,
            17.081020499934972,
            19.50506339571113,
            16.949480255188874
        ],
        [
            20.93929943429735,
            3.9557382031323076,
            -33.300818612215,
            -15.4767106036789,
            23.639768396523966,
            -45.25368779868864,
            -33.222224355609946,
            29.247050250158928,
            -2.50852584509454,
            -11.415292861812585,
            -25.928401610400016,
            -35.76387270333399,
            18.376447231938993,
            -42.82557997050842,
            -33.05302397613609,
            14.694216852033499,
            -20.478225023250666,
            17.50013236858821,
            -9.495464642263322,
            56.061873391080795,
            -28.959205126498347,
            6.5300291880018895,
            17.0966321572478,
            8.484243565825237,
            -30.261116307392843,
            -2.0114205987578524,
            -17.13811323692984,
            12.997999759660788,
            45.33466426937273,
            0.6703661205790139
        ],
        [
            -17.883261832829458,
            -16.729250644850918,
            55.1065313742824,
            -0.7793733264415392,
            -21.27587862253153,
            -29.033611455035377,
            -14.801979318727122,
            -14.9274322111204,
            20.790961698666198,
            9.217944654390251,
            -3.8209282578939536,
            -34.673592188709705,
            21.845819833372268,
            -52.062202535569725,
            29.2920290870342,
            4.047543305991332,
            28.221576636155735,
            3.2792312566692496,
            33.89679180745948,
            -3.0535724322393465,
            -16.841147019042214,
            22.578358741648998,
            38.94302460026562,
            27.646434190171803,
            25.406939421570772,
            12.990958238655955,
            41.40493429852439,
            20.598038322243536,
            22.133726727728043,
            -12.810154502054784
        ]
    ]
}