mu,ws_t_stat,ws_p_value,ws_paired_cohens_d
"(0.0, 0.0, 0.0, -5.059644)",5.766504566336432,3.027955408653808e-06,1.0528148763130032
