{
    "sampler": "DEMetro_Z",
    "value": 0.995,
    "means_array": [
        [
            0.0,
            0.0
        ]
    ],
    "case": "Warmup Samples",
    "dim": 2,
    "samples": [
        [
            -21.88687705416011,
            2.720099354076119
        ],
        [
            -16.853413202196123,
            28.824293481569573
        ],
        [
            21.18730580023373,
            3.270147781679583
        ],
        [
            15.96672689504387,
            -19.27021579071193
        ]
    ]
}