run_id,mu,sampler,wasserstein_distance,mmd_rff,swd_zscore,r_hat,ess,runtime
2,"(10, 10)",DEMetro,2.461129782288066,0.21924601501627783,58.114955480469646,1.0125693211569475,578.3390407938778,3.519996166229248
2,"(20, 20)",DEMetro,1.0411662187661077,0.0564390167096612,10.769609028704291,1.0460040486372986,111.12086330223536,3.5876247882843018
2,"(5, 5)",DEMetro,0.11822813658790707,0.03326432113587391,4.118841014686684,1.0177674218652926,283.6511559227324,3.722851514816284
2,"(50, 10)",DEMetro,1.5590993967370712,0.06129988666340801,10.751594256984529,1.4948786240839205,11.403793152266338,3.292463541030884
