weights,sampler,wasserstein_distance,r_hat,ess,chain_seeds
"(1, 1)",HMC,3.1065167602637005,1.501486498998058,11.03688535970729,"[649673, 553103, 961522, 654102]"
"(1, 2)",HMC,4.392749312347619,0.9997767782208473,167.03175598824274,"[649673, 553103, 961522, 654102]"
"(5, 1)",HMC,1.982705300603366,1.0312675006866923,103.10450439605819,"[649673, 553103, 961522, 654102]"
