run_id,mu,sampler,wasserstein_distance,mmd_rff,r_hat,ess,runtime
36,"(5.0, 0.0)",HMC,0.4513068413996462,0.05950357461748681,1.027700426163743,108.69336706154995,3.6580350399017334
36,"(5.0, 10.0)",HMC,2.484652889322133,0.29349690071813167,1.5301051434390456,7.18057791979814,3.25957989692688
36,"(5.0, 20.0)",HMC,1.9628416507297484,0.10621331153350573,2.406941976149571,4.901107179337068,2.9008994102478027
36,"(5.0, 40.0)",HMC,8.942978976543628,0.24276430766495788,1.73295716621047,6.108894852915986,3.249673366546631
36,"(5.0, 5.0)",HMC,0.8886259215610889,0.12811226509784707,1.5742105187164877,6.904499337400972,3.2973175048828125
