{
    "sampler": "HMC",
    "value": 0.3,
    "means_array": [
        [
            0.0,
            0.0
        ],
        [
            13,
            0
        ]
    ],
    "case": "Warmup Samples",
    "dim": 2,
    "samples": [
        [
            8.317145760177048,
            -13.578072731879582
        ],
        [
            26.058498267614045,
            -13.943494340910963
        ],
        [
            -8.360205334491914,
            -1.240884427646771
        ],
        [
            -3.833304497732094,
            1.2917366794672522
        ]
    ]
}