{
    "sampler": "Metro",
    "value": [
        -20,
        0,
        0,
        0,
        0
    ],
    "means_array": [
        [
            -20,
            0,
            0,
            0,
            0
        ],
        [
            -12,
            0,
            0,
            0,
            0
        ],
        [
            -4,
            0,
            0,
            0,
            0
        ],
        [
            4,
            0,
            0,
            0,
            0
        ],
        [
            12,
            0,
            0,
            0,
            0
        ],
        [
            20,
            0,
            0,
            0,
            0
        ]
    ],
    "case": "Warmup Samples",
    "dim": 5,
    "samples": [
        [
            -4.512229877642194,
            1.8022286358922195,
            3.1285735148113005,
            8.549549714845766,
            -8.031808342068363
        ],
        [
            -18.801099180990757,
            6.963024693668337,
            -4.881799135834525,
            7.78019846204033,
            -6.787899446083109
        ],
        [
            2.8404231353590212,
            7.137681284510222,
            4.049554306672463,
            7.816044755345753,
            -7.193168625282935
        ],
        [
            -14.20605499643943,
            0.827492377408506,
            -9.347860496334437,
            6.373353324805516,
            2.141726461214896
        ]
    ]
}