{
    "sampler": "Metro",
    "value": 4,
    "means_array": [
        0
    ],
    "case": "Warmup Samples",
    "dim": 1,
    "samples": [
        -0.3224238542236934,
        94.29445584380282,
        -43.434728554112006,
        50.12307668079366
    ]
}