run_id,mu,sampler,wasserstein_distance,mmd_rff,r_hat,ess,runtime
22,8,HMC,3.2592196570522742,0.43861572602404414,1.3541089015585561,9.916156396081394,1.6282050609588623
22,10,HMC,4.577929097734668,0.48965727369215273,1.5334502315745273,7.221455351941655,1.2935853004455566
22,12,HMC,5.264875798984953,0.47831807945710086,1.5291737318504492,7.194011204320972,1.316032886505127
22,14,HMC,0.7394564729554519,0.06528604283994613,1.5294292017595323,7.29070191818715,1.5758965015411377
22,16,HMC,0.9955684524395216,0.06493503648995022,1.5293264166779201,7.224365114689377,1.3148670196533203
22,18,HMC,8.140297774702697,0.49013855357623093,1.528829413571531,7.311871785983584,1.3259360790252686
22,20,HMC,3.7756663484117667,0.2035984566822213,1.7328591421378734,6.180287588738905,1.6327571868896484
22,22,HMC,1.2604856720024102,0.06285814085673258,1.5306293718047812,7.377978089074147,1.295844316482544
22,40,HMC,2.3552936558199344,0.06452453591715178,1.5280949900033587,7.24045905196634,1.3049063682556152
