{
    "sampler": "DEMetro_Z",
    "value": 0.5,
    "means_array": [
        [
            0.0,
            0.0
        ]
    ],
    "case": "Warmup Samples",
    "dim": 2,
    "samples": [
        [
            71.2131578240709,
            -97.128920582902
        ],
        [
            64.50177466849019,
            23.3060618516125
        ],
        [
            -83.57359392606094,
            -88.62448114361979
        ],
        [
            -21.681791571347944,
            67.71820965466691
        ]
    ]
}