{
    "sampler": "DEMetro",
    "value": 2,
    "means_array": [
        2
    ],
    "case": "Warmup Samples",
    "dim": 1,
    "samples": [
        10.339973944874727,
        2.9593418836842806,
        9.129122207505265,
        3.651010803291826,
        3.574695836694428,
        -1.9995041892364194
    ]
}