{
    "sampler": "HMC",
    "value": 2,
    "means_array": [
        [
            0.0,
            0.0
        ]
    ],
    "case": "Posterior Samples",
    "dim": 2,
    "samples": [
        [
            2.090228794551715,
            -1.2019607959323069
        ],
        [
            0.18629470835504566,
            -0.8751679194441472
        ],
        [
            0.5210026491018399,
            -0.618218232086509
        ],
        [
            -0.060698831588638764,
            1.410261672425606
        ]
    ]
}