{
    "sampler": "HMC",
    "value": 5,
    "means_array": [
        [
            0.0,
            0.0,
            0.0,
            0.0,
            0.0,
            0.0,
            0.0,
            0.0,
            0.0,
            0.0,
            0.0,
            0.0,
            0.0,
            0.0,
            0.0,
            0.0,
            0.0,
            0.0,
            0.0,
            0.0,
            0.0,
            0.0,
            0.0,
            0.0,
            0.0,
            0.0,
            0.0,
            0.0,
            0.0,
            0.0
        ]
    ],
    "case": "Warmup Samples",
    "dim": 30,
    "samples": [
        [
            -38.55568836159369,
            -18.49351006105678,
            -2.110611460172627,
            -91.90683944735139,
            -82.97691023293832,
            -1.1615637497912188,
            -23.805755342675628,
            51.04139364852789,
            62.81191712054601,
            1.2511476536060295,
            20.659410509561113,
            -16.61671722977582,
            -26.46115057565966,
            -57.351232359230444,
            14.860760401046191,
            -43.612015486942404,
            21.233843990729895,
            82.32955869027187,
            70.83227361873547,
            2.65090644129136,
            55.544467866631415,
            37.161837157725415,
            71.93426799512135,
            -44.89637828994194,
            -58.108024059931694,
            -41.55580902817991,
            28.24996995235034,
            -77.87418182569739,
            59.33581473077351,
            -54.4946069971954
        ],
        [
            76.51073555315041,
            -74.42154741459042,
            -50.542015002958465,
            -15.580489795571248,
            -8.188248087352086,
            45.824983213565346,
            39.17805517470844,
            14.440813348441694,
            -72.03190339196284,
            91.92606381533281,
            -23.125939648058843,
            -58.719949199111916,
            58.168373340668175,
            -14.951776777938743,
            72.3934970900384,
            -9.806650595776878,
            -7.852165626176143,
            -68.48638854815125,
            -85.27538327539746,
            -4.795768013873835,
            56.3655106645066,
            -15.497546836905002,
            -69.64840414869079,
            -7.4453106005971055,
            82.81400568388113,
            -67.06528049929618,
            -77.13191128188707,
            -52.470168013212934,
            -77.1427035265519,
            83.30237731290454
        ],
        [
            65.59017292984679,
            -42.52701175710675,
            14.733547582248166,
            -53.237350361244914,
            -73.45395717760354,
            -0.9071882236639048,
            -35.859766381749566,
            -15.551777972131843,
            46.66781376479743,
            34.64551014206468,
            -51.12050608336148,
            122.60344760694214,
            42.621791664099604,
            -8.983466265690664,
            -77.42364596332176,
            27.78718009527348,
            -16.791339362063795,
            -31.7649073805097,
            57.39477129159707,
            -16.003575348695477,
            31.62409505190828,
            2.0706058489772925,
            -48.96797882520339,
            -55.374829244255515,
            48.65221217839172,
            16.594866958694702,
            -59.34679952664685,
            -54.58981326427006,
            43.99968324386466,
            45.069749901389386
        ],
        [
            73.47128473508265,
            15.157790536979691,
            75.46362055042168,
            0.7809211315849739,
            -28.5979583187871,
            0.5609174274121989,
            -75.74912101325184,
            -57.02722538915701,
            18.35200170300193,
            -54.686344037982856,
            100.63578513496128,
            7.92664393393519,
            91.19862643141107,
            -37.3952697356808,
            14.62678404450675,
            58.27756823416239,
            60.862919439726156,
            -36.59667018169592,
            21.941382053293573,
            -9.724248198523597,
            -46.561785042209564,
            -84.37491985557598,
            73.39200613395175,
            -56.346274722419444,
            10.516152119319965,
            -9.502159105126882,
            -95.1485093232238,
            -57.44431431135545,
            -86.25372376679535,
            -16.90475347241038
        ]
    ]
}