{
    "sampler": "DEMetro_Z",
    "value": 4,
    "means_array": [
        [
            0.0,
            0.0
        ],
        [
            16,
            0
        ]
    ],
    "case": "Posterior Samples",
    "dim": 2,
    "samples": [
        [
            -0.626221696921901,
            -4.048927784448389
        ],
        [
            25.625858478938113,
            -3.686375251172901
        ],
        [
            15.973380498433519,
            1.8605520223538399
        ],
        [
            0.3038980051067612,
            1.2163535717000824
        ]
    ]
}