run_id,mu,sampler,wasserstein_distance,mmd_rff,swd_zscore,r_hat,ess,runtime
8,"(10, 20)",DEMetro,0.034741926073687444,0.018559244356616513,1.132304402052308,1.0091261824297384,603.1667473312757,2.3763427734375
