{
    "run_id": 1,
    "case": "multimodal",
    "dim": 3,
    "means_array": [
        [
            0.0,
            0.0,
            0.0
        ],
        [
            -10.945398747848895,
            -1.5037531464504301,
            -6.85105632184762
        ]
    ],
    "min_mode": [
        -10.945398747848895,
        -1.5037531464504301,
        -6.85105632184762
    ],
    "max_mode": [
        0.0,
        0.0,
        0.0
    ],
    "border": [
        20.0,
        20.0,
        20.0
    ],
    "low": [
        -35.48087774959069,
        -30.733414716625937,
        -33.61932036988914
    ],
    "high": [
        24.51912225040931,
        29.266585283374063,
        26.380679630110862
    ],
    "samples": [
        {
            "posterior": [
                24.08115048972605,
                27.177094925294604,
                -10.31700771838248
            ]
        },
        {
            "posterior": [
                -27.202329402494257,
                12.124787812314793,
                -27.2667720970405
            ]
        },
        {
            "posterior": [
                -12.657541971073702,
                -28.752896884583656,
                -2.328209874212334
            ]
        },
        {
            "posterior": [
                7.534390906527179,
                -9.968327153287326,
                26.091514106897357
            ]
        }
    ]
}