run_id,mu,sampler,wasserstein_distance,mmd_rff,r_hat,ess,runtime
19,"(10.0, 0.0)",SMC,0.12016126585216962,0.018425339064757722,1.0006384663844747,7001.526856905902,9.641323328018188
