{
    "sampler": "DEMetro_Z",
    "value": [
        4,
        0
    ],
    "means_array": [
        [
            0.0,
            0.0
        ],
        [
            4,
            0
        ]
    ],
    "case": "Warmup Samples",
    "dim": 2,
    "samples": [
        [
            -3.045805670196359,
            8.601882796327528
        ],
        [
            -5.706559343439667,
            1.298932549526036
        ],
        [
            12.844002787314288,
            -1.7305792317374864
        ],
        [
            3.5294661136985788,
            2.999626327729999
        ]
    ]
}