{
    "sampler": "DEMetro_Z",
    "value": 1.5,
    "means_array": [
        0
    ],
    "case": "Warmup Samples",
    "dim": 1,
    "samples": [
        237.17409290827325,
        -25.25710780058214,
        146.0209693320023,
        162.84944514544543
    ]
}