run_id,mu,sampler,wasserstein_distance,mmd_rff,r_hat,ess,runtime
24,8,Metro,0.7515441786201901,0.10234970127023439,1.0723107590583747,36.20010381459573,1.1100187301635742
24,10,Metro,0.6377518850992436,0.07423094432516525,1.3490330799041423,9.222795241746791,1.1213691234588623
24,12,Metro,5.340534327406581,0.5030113069130178,1.5373765371019459,7.2897208193877026,1.3941338062286377
24,14,Metro,0.6654779084159101,0.053622930217138626,1.5336119701526263,7.325471359297975,1.1199278831481934
24,16,Metro,3.1337340806294574,0.22666790271497092,1.736933465868211,6.187788342709956,1.066934585571289
24,18,Metro,3.610480725123694,0.23260770856537014,1.7406684145711104,6.169937650346369,1.446554183959961
24,20,Metro,9.039047155834899,0.5100941628300867,1.5377831651435008,7.294063392753143,1.1165711879730225
24,22,Metro,1.3349186056063986,0.07382067422649223,1.5311197098558027,7.4197702583605345,1.1177783012390137
24,40,Metro,8.430087371579646,0.23452451215972525,1.737350657643572,6.21020394335868,1.1819415092468262
