mu,sampler,wasserstein_distance,swd_zscore,r_hat,ess,runtime
2,DEMetro,0.017733510098322046,-0.6661193564963652,1.0040888248405138,2518.2197573493836,8.322239637374878
3,DEMetro,0.029513071340064367,1.528672239276913,1.0030194024378563,2368.2571250310157,8.619617462158203
4,DEMetro,0.01845784390589468,0.9310213728967419,1.0035300678941017,2325.550196320103,10.47554612159729
