mu,sampler,wasserstein_distance,swd_zscore,r_hat,ess,runtime
2,Metro,0.04355205435681672,3.8410273613333903,1.0034655918633748,2529.905685612624,4.729478597640991
3,Metro,0.021695531789257216,0.39693949057991074,1.0034655918633748,2529.905685612624,4.785654306411743
4,Metro,0.019171397407001085,1.1003535124092103,1.0034655918633748,2529.905685612624,4.818862199783325
