{
    "run_id": 1,
    "case": "multimodal",
    "dim": 30,
    "means_array": [
        [
            -2.000000001,
            0.0,
            0.0,
            0.0,
            0.0,
            0.0,
            0.0,
            0.0,
            0.0,
            0.0,
            0.0,
            0.0,
            0.0,
            0.0,
            0.0,
            0.0,
            0.0,
            0.0,
            0.0,
            0.0,
            0.0,
            0.0,
            0.0,
            0.0,
            0.0,
            0.0,
            0.0,
            0.0,
            0.0,
            0.0
        ],
        [
            2.000000001,
            0.0,
            0.0,
            0.0,
            0.0,
            0.0,
            0.0,
            0.0,
            0.0,
            0.0,
            0.0,
            0.0,
            0.0,
            0.0,
            0.0,
            0.0,
            0.0,
            0.0,
            0.0,
            0.0,
            0.0,
            0.0,
            0.0,
            0.0,
            0.0,
            0.0,
            0.0,
            0.0,
            0.0,
            0.0
        ]
    ],
    "min_mode": [
        -2.000000001,
        0.0,
        0.0,
        0.0,
        0.0,
        0.0,
        0.0,
        0.0,
        0.0,
        0.0,
        0.0,
        0.0,
        0.0,
        0.0,
        0.0,
        0.0,
        0.0,
        0.0,
        0.0,
        0.0,
        0.0,
        0.0,
        0.0,
        0.0,
        0.0,
        0.0,
        0.0,
        0.0,
        0.0,
        0.0
    ],
    "max_mode": [
        2.000000001,
        0.0,
        0.0,
        0.0,
        0.0,
        0.0,
        0.0,
        0.0,
        0.0,
        0.0,
        0.0,
        0.0,
        0.0,
        0.0,
        0.0,
        0.0,
        0.0,
        0.0,
        0.0,
        0.0,
        0.0,
        0.0,
        0.0,
        0.0,
        0.0,
        0.0,
        0.0,
        0.0,
        0.0,
        0.0
    ],
    "border": [
        53.58813358066658,
        92.59138628453022,
        106.61726020368562,
        86.5220009923934,
        81.77269518801063,
        82.15843508378939,
        68.01015583541124,
        73.34793017836961,
        70.40355012666434,
        61.377524559110654,
        76.911474798927,
        70.7515346813367,
        67.50033721468866,
        95.6996127913354,
        96.99149866173916,
        91.70958067655036,
        78.76402199907425,
        89.4123639421448,
        74.70675867985373,
        82.19424698350997,
        49.12266382414966,
        64.04392246228619,
        72.8854271261819,
        78.8567522267781,
        64.56884348627143,
        83.89480766931064,
        96.7963721033448,
        75.5480074412179,
        60.53465878025772,
        91.26200324160116
    ],
    "low": [
        -90.85940591535655,
        -152.0516439059237,
        -141.47876807707166,
        -128.594707375114,
        -114.16022807745392,
        -121.10781896742421,
        -114.28012795333507,
        -113.24647088169291,
        -104.1960940721515,
        -99.50497838722355,
        -105.75929076013217,
        -91.95915911927801,
        -109.22110733245637,
        -125.08938016006994,
        -143.44451319310937,
        -147.18547522234107,
        -108.91370956412055,
        -130.2054624323269,
        -123.08807256496434,
        -130.42861596786975,
        -76.04030498746367,
        -108.72838842043373,
        -102.93091635149932,
        -114.98992669399841,
        -99.34635051878213,
        -137.90852409088617,
        -168.36148312695036,
        -120.5224312115194,
        -90.61563690758211,
        -141.64202295524666
    ],
    "high": [
        69.90499482664319,
        125.72251494766695,
        178.37301253398522,
        130.97129560206622,
        131.15785748657797,
        125.36748628394395,
        89.75033955289867,
        106.7973196534159,
        107.01455630784153,
        84.62759529010842,
        124.97513363664882,
        120.29544492473205,
        93.2799043116096,
        162.00945821393626,
        147.5299827921081,
        127.94326680731001,
        127.37835643310218,
        138.03162939410748,
        101.03220347459687,
        116.15412498266016,
        71.32768648498532,
        83.40337896642484,
        115.72536502704637,
        121.5803299863359,
        94.36017994003217,
        113.77589891704574,
        122.02763318308402,
        106.12159111213431,
        90.98833943319104,
        132.14398676955685
    ],