run_id,alpha,sampler,wasserstein_distance,mmd_rff,r_hat,ess,runtime
59,0,HMC,0.027164591870531253,0.008677129194962628,1.0007293952588152,1847.7582635272602,1.2757086753845215
59,2,HMC,0.029247532681794933,0.019230739969064607,1.0020754004524939,1315.4731211648486,1.3897793292999268
59,4,HMC,0.024088062237616427,0.01223971251264093,1.0029140077602787,945.8130650987868,1.3879752159118652
59,6,HMC,0.021697629732706777,0.011607435660056752,1.0045495304082903,1039.0388629116526,1.4227561950683594
59,8,HMC,0.03505351738143573,0.020189187791740643,1.0005569226709032,1117.2541237635419,1.4377365112304688
59,10,HMC,0.024811328624384538,0.016022664764705652,1.0025800078307086,862.4078520220658,1.4436719417572021
59,80,HMC,0.05517085578371593,0.035454948953926695,1.0151139053166123,433.0279825037855,1.634249210357666
59,100,HMC,0.03046843686826597,0.01799345381199001,1.0153153012594365,374.6450482389674,1.6375315189361572
