{
    "sampler": "HMC",
    "value": 30,
    "means_array": [
        [
            0.0,
            0.0,
            0.0,
            0.0,
            0.0,
            0.0,
            0.0,
            0.0,
            0.0,
            0.0,
            0.0,
            0.0,
            0.0,
            0.0,
            0.0,
            0.0,
            0.0,
            0.0,
            0.0,
            0.0,
            0.0,
            0.0,
            0.0,
            0.0,
            0.0,
            0.0,
            0.0,
            0.0,
            0.0,
            0.0
        ]
    ],
    "case": "Warmup Samples",
    "dim": 30,
    "samples": [
        [
            9.006263897632756,
            71.35739650258347,
            34.78362678194461,
            54.71945535838156,
            60.89311609176396,
            71.14007281341185,
            49.68342188976007,
            -20.186239292714166,
            -66.97171249058486,
            -11.24845207496319,
            7.9393988886821685,
            44.35881891584378,
            23.570452694015895,
            -68.19410480876083,
            -1.3635931798814886,
            54.35368698678151,
            34.876518830434705,
            38.83256180479342,
            -90.27021788218,
            15.308822277735105,
            -16.73188270080935,
            -27.533580543370558,
            96.81252178322146,
            -4.933995979143592,
            -75.57341435760286,
            -73.97742902893589,
            -108.45980431349857,
            -49.66939360217428,
            -33.93746670443364,
            -84.10131950281698
        ],
        [
            3.37934181961187,
            23.298517751555508,
            95.36884098025084,
            49.072133308580774,
            -34.083688685246756,
            -44.562579219441254,
            39.165962876907386,
            65.51352108019657,
            94.1065250323582,
            63.885910189603955,
            60.03942908707577,
            -51.142279784035125,
            78.63995193110054,
            -36.436085187301224,
            -83.73419182695949,
            -48.85693535192896,
            -18.470153358631165,
            71.52959526837238,
            63.17119833370816,
            -69.1698040939671,
            -86.48326682657289,
            8.520057698475389,
            61.55523718019879,
            -3.9818942489619706,
            -15.450166642366135,
            56.386813739798995,
            -22.955796503658664,
            35.897624894030805,
            -62.66966897630104,
            -81.53788011951498
        ],
        [
            -44.136810756016445,
            53.812159342478004,
            -85.12897640134261,
            66.28434241673452,
            -26.361443336246467,
            -35.675892578193455,
            -85.05170447307442,
            -59.313573990797465,
            79.43538559940332,
            67.58896164088759,
            -80.00254131090877,
            52.37010037776693,
            86.74106042317365,
            11.87241507046325,
            63.59451744133061,
            72.99164754660416,
            61.02204139361141,
            1.268641439008318,
            -99.66746754952882,
            46.314092693565016,
            86.08731189941598,
            -11.25590785131265,
            -73.62999841766481,
            58.92435019379855,
            -80.02996069480285,
            -22.797478210872207,
            75.15524953441987,
            -60.570261535020336,
            47.55631118103676,
            -44.09476487721802
        ],
        [
            -64.56082400026618,
            -74.87819439404794,
            82.86713120142025,
            61.20927328254195,
            4.877020877861727,
            55.69375078898792,
            -76.29850315759204,
            79.45363775530959,
            -78.87010658336898,
            -54.207879561444976,
            94.20308907987807,
            21.034481912791627,
            49.20423488983821,
            -9.202883534593143,
            41.13532497178185,
            -19.269139719977975,
            9.000229611549221,
            18.60089258183634,
            23.494840029232485,
            -80.69003920148198,
            103.7566432497203,
            -23.76409326959212,
            27.358169361402624,
            87.68601774455655,
            62.94221639980411,
            39.852024931719164,
            -95.23154438670221,
            -41.93643301460922,
            -18.130043381001695,
            -39.77563492992702
        ]
    ]
}