run_id,mu,sampler,wasserstein_distance,mmd_rff,swd_zscore,r_hat,ess,runtime
11,5,DEMetro,0.16098591812328397,0.029415177622085648,2.3934239039553105,1.0088119850087676,629.5380615956775,2.6395695209503174
11,10,DEMetro,0.21041572504538536,0.033702251585745115,1.3957009699100924,1.0197630321307563,375.6733944404444,2.0180044174194336
11,20,DEMetro,3.5733142469113046,0.15448782705206793,35.8213388536918,1.1023328941099917,45.65756641226855,2.2803151607513428
