{
    "sampler": "HMC",
    "value": [
        20,
        20,
        20
    ],
    "means_array": [
        [
            0,
            0,
            0
        ],
        [
            20,
            20,
            20
        ]
    ],
    "case": "Posterior Samples",
    "dim": 3,
    "samples": [
        [
            19.124282867016404,
            17.767518813723044,
            20.705787351782973
        ],
        [
            18.329070509431773,
            21.318158786807007,
            19.43307509849408
        ],
        [
            -1.4081873949897237,
            -1.1711523194672149,
            -1.7851452136822188
        ],
        [
            20.1878814896706,
            20.29471454827361,
            21.17686865121036
        ],
        [
            19.28981689500789,
            19.090475047909717,
            21.851644035953928
        ],
        [
            18.917857236772814,
            20.132349644407537,
            17.456378883560603
        ]
    ]
}