run_id,alpha,sampler,wasserstein_distance,mmd_rff,r_hat,ess,runtime
38,0,SMC,0.20424042242050824,0.1335167952163072,1.0467551824986505,84.70672100013917,0.7574453353881836
38,2,SMC,0.21740810511888856,0.14549674873976193,1.114016039764086,74.25406649569915,1.5296742916107178
38,4,SMC,0.28217500524770345,0.19251695755108342,1.1095217086663722,49.94943209961816,0.8048012256622314
38,6,SMC,0.3319613701194165,0.23722259555396968,1.1669561029095734,37.14869882383624,0.7877347469329834
38,8,SMC,0.33741635256210223,0.2475666550857082,1.2744379396213321,21.287820614924108,0.7846651077270508
38,10,SMC,0.3185015271545658,0.24191616598475862,1.2548182235082852,17.22340618251275,0.8216540813446045
38,80,SMC,0.39939012622557296,0.3007639151304713,1.2397096651347081,14.027003116543487,0.8077652454376221
38,100,SMC,0.40666787545657657,0.2996629091020855,1.1986542282794188,14.324339827352988,0.7815821170806885
