run_id,mu,sampler,wasserstein_distance,mmd_rff,r_hat,ess,runtime
16,"(10, 10)",Metro,0.8344861566288317,0.08875670039311385,1.6671395677129837,6.433856746936316,2.7722389698028564
16,"(2, 2)",Metro,0.5421597728565195,0.09702481868290641,1.1504467024110876,18.241722050073076,2.4884192943573
16,"(20, 20)",Metro,1.422987473218126,0.06901131222160485,1.6952302892033644,6.32106598519685,3.129451036453247
16,"(40, 40)",Metro,5.422905008055657,0.15750744772523406,1.780034853633029,5.956300813943155,2.516176462173462
16,"(5, 5)",Metro,1.4212635924408037,0.13784989666163236,1.4422283494831216,7.879631133940843,2.7620179653167725
