run_id,circle_modes,sampler,wasserstein_distance,mmd_rff,r_hat,ess,runtime
2,4,HMC,5.947994375064925,0.5223467969519014,1.0020583487607877,3983.034146286211,7.280256509780884
2,6,HMC,3.991885300558692,0.3052103915822145,1.3801883573243257,8.698554916579463,7.617173194885254
2,8,HMC,0.6457261175018765,0.08008509703250649,1.8645782284096704,5.8032853174478305,10.321927547454834
2,10,HMC,1.049007169134101,0.06702662584867324,1.1958877347176335,15.735449227854717,12.808095693588257
2,12,HMC,0.5939033010692214,0.04079036474900574,1.0172138724808388,158.3909041781098,53.476977586746216
