{
    "sampler": "Metro",
    "value": 4,
    "means_array": [
        [
            0.0,
            0.0
        ],
        [
            16,
            0
        ]
    ],
    "case": "Warmup Samples",
    "dim": 2,
    "samples": [
        [
            12.045424831254671,
            16.197357121322042
        ],
        [
            4.0761030685531585,
            7.84559794196363
        ],
        [
            -24.28688775577572,
            2.105209333631584
        ],
        [
            -12.741270312838997,
            -12.369915666851853
        ]
    ]
}