{
    "sampler": "Metro",
    "value": 3,
    "means_array": [
        [
            0.0,
            0.0,
            0.0
        ]
    ],
    "case": "Warmup Samples",
    "dim": 3,
    "samples": [
        [
            87.16753331161232,
            -103.00890232562242,
            80.94224566315394
        ],
        [
            -39.39603346307058,
            163.95939134620244,
            -68.96878343578466
        ],
        [
            -99.88236539996593,
            -106.73962604159071,
            90.06214919786655
        ],
        [
            -93.85009402569534,
            -170.87787791688248,
            -191.35650540958866
        ]
    ]
}