mu,var_rmse_t_stat,var_rmse_p_value,var_rmse_paired_cohens_d
"(0, 0)",5.254155517976622,1.2516214094328661e-05,0.9592731659453455
