{
    "run_id": 1,
    "case": "unimodal",
    "dim": 2,
    "low": [
        -193.04196706321605,
        -196.36696773788626
    ],
    "high": [
        148.4235239025345,
        180.82675148342437
    ],
    "means_array": [
        [
            0.0,
            0.0
        ]
    ],
    "samples": [
        {
            "posterior": [
                75.53133278362154,
                -114.01417337812745
            ]
        },
        {
            "posterior": [
                87.28345014876086,
                -163.0384384884379
            ]
        },
        {
            "posterior": [
                146.85791165938164,
                -69.47914443212532
            ]
        },
        {
            "posterior": [
                -180.20826928237074,
                -81.42449942129063
            ]
        }
    ]
}