{
    "run_id": 1,
    "case": "multimodal",
    "dim": 2,
    "means_array": [
        [
            -2.5,
            0.0
        ],
        [
            2.5,
            0.0
        ]
    ],
    "min_mode": [
        -2.5,
        0.0
    ],
    "max_mode": [
        2.5,
        0.0
    ],
    "border": [
        80.00803033252316,
        98.0584147135477
    ],
    "low": [
        -123.43305898442418,
        -144.15472261216667
    ],
    "high": [
        116.59103201314531,
        150.02052152847645
    ],
    "samples": [
        {
            "posterior": [
                76.72406057771235,
                20.46159919408197
            ]
        },
        {
            "posterior": [
                -85.07344664377533,
                61.04012491068249
            ]
        },
        {
            "posterior": [
                -65.81536666323728,
                53.90223144367465
            ]
        },
        {
            "posterior": [
                38.40214641096736,
                -69.60646510574011
            ]
        }
    ]
}