run_id,alpha,sampler,wasserstein_distance,mmd_rff,r_hat,ess,runtime
1,0,SMC,0.08917326345068272,0.023835937698807236,1.093263781702242,136.5027168646592,0.7688493728637695
1,2,SMC,0.1083846021315146,0.01954234189044173,1.1859052892732294,116.35367987482984,0.7718837261199951
1,4,SMC,0.09828335701520308,0.014989725204318507,1.1753290464059114,57.80674363197447,0.7642302513122559
1,6,SMC,0.10201538836838513,0.020926641942996368,1.1857137421070956,47.97651661394716,0.7634155750274658
1,8,SMC,0.09556402983280005,0.020693918719175447,1.1897904976499032,46.98943438265501,0.7716257572174072
1,10,SMC,0.10601079246280945,0.014334038784707109,1.251862784095753,45.1282608599531,0.7619459629058838
1,80,SMC,0.11021477520785897,0.060619335169399546,1.2664616787756644,42.49268288517812,0.7681207656860352
1,100,SMC,0.11099578710556515,0.058772329046835416,1.2612250986299345,39.031763061991676,0.76289963722229
