{
    "sampler": "HMC",
    "value": 0.99,
    "means_array": [
        [
            0.0,
            0.0,
            0.0,
            0.0,
            0.0,
            0.0,
            0.0,
            0.0,
            0.0,
            0.0,
            0.0,
            0.0,
            0.0,
            0.0,
            0.0,
            0.0,
            0.0,
            0.0,
            0.0,
            0.0,
            0.0,
            0.0,
            0.0,
            0.0,
            0.0,
            0.0,
            0.0,
            0.0,
            0.0,
            0.0
        ]
    ],
    "case": "Posterior Samples",
    "dim": 30,
    "samples": [
        [
            3.507739396579195,
            3.3130380731879505,
            3.3532564986650497,
            3.4936545285699325,
            3.195308047380499,
            3.2049397538087407,
            3.3770543635124635,
            3.637350772764261,
            3.5046804988255245,
            3.0868848203963966,
            3.7184560545025573,
            3.6196353205764287,
            3.2911735203225634,
            3.4828846128177173,
            3.468554654281781,
            3.3679084142489537,
            3.5454197785626445,
            3.3354843403413477,
            3.512523625257281,
            3.5435655929715724,
            3.2288690777952582,
            3.710218704437567,
            2.8475423256995005,
            3.607884774094334,
            3.423858594402777,
            3.5502037931013737,
            3.606175887006961,
            3.1387520774684696,
            3.224077291275609,
            3.0685680121294086
        ],
        [
            -0.41723954136548724,
            -0.8892622936349645,
            -0.18410271426122518,
            -0.4780991967470315,
            -0.45112458146964385,
            -0.2018693729953514,
            -0.7221236218279675,
            -0.6123696640963504,
            -0.24204240421954976,
            -0.7091630998035169,
            -0.5524079029732064,
            -0.6699550277552386,
            -0.2903170025427255,
            -1.0883199074801226,
            -0.3043872995702938,
            -0.7136081907708638,
            -0.6986344728146877,
            -0.42071626684601066,
            -0.6289941997116185,
            -0.6936741681366878,
            -0.376229086765417,
            -0.3902077748796913,
            -0.534965344592456,
            -0.024760321811806967,
            -0.43535693283580024,
            -0.6452054515640167,
            -0.3623042377843344,
            -0.7167606441325612,
            -0.6654590036343478,
            -0.6097457505384694
        ],
        [
            0.46590026133913,
            0.45108469979495985,
            0.5916245085830747,
            0.47326767380305484,
            0.3895617384785356,
            0.4096363182419282,
            0.5366384090011282,
            0.43986885301899226,
            0.48919400563410376,
            0.4249222469066783,
            0.5903466119692726,
            0.4730458869158696,
            0.39300214025187397,
            0.37239303563259984,
            0.36059775327193117,
            0.5759529323314163,
            0.6208458864421108,
            0.44098389951600364,
            0.44172162292801737,
            0.5245489533855765,
            0.5402748622870303,
            0.3485047243038269,
            0.4541064780961727,
            0.3320316687232955,
            0.5601026850401795,
            0.4713726938568992,
            0.5489928325154932,
            0.642331919618228,
            0.43236482948209815,
            0.47519621447755367
        ],
        [
            -1.1235503809616618,
            -0.8712140844445196,
            -1.2015285578364159,
            -0.9994191597130555,
            -1.0419730092178712,
            -1.1619103989444493,
            -1.352085573839088,
            -0.966201557470844,
            -1.161633560664414,
            -0.9862920127212552,
            -1.0373059459703513,
            -1.1661676565907761,
            -1.1102039551315024,
            -1.1750488173985494,
            -1.0007851801174077,
            -1.131660021104924,
            -1.1965346680305713,
            -1.1535931592730437,
            -0.9298003102053028,
            -1.1373840110560385,
            -0.842784886145519,
            -1.2702397229623767,
            -1.1756324568125167,
            -0.9942698601679498,
            -1.231923145561373,
            -1.1411363698893986,
            -1.0810714786091,
            -1.222765504375661,
            -1.021369311166352,
            -1.191958439430545
        ]
    ]
}