run_id,mu,sampler,wasserstein_distance,mmd_rff,r_hat,ess,runtime
68,"(10.0, 0.0)",Metro,3.330087204244523,0.27034008083173217,2.4661432334126,4.855734153743998,4.9267637729644775
