run_id,mu,sampler,wasserstein_distance,mmd_rff,swd_zscore,r_hat,ess,runtime
5,"(10, 10, 10)",Metro,3.661796728898821,0.22875912539197674,86.10843067300623,1.6230638525849799,9.980897286935345,3.163520336151123
5,"(20, 20, 20)",Metro,7.180708516680227,0.21010703990084018,70.58394790657299,1.622619169461916,10.004440200386092,3.6202497482299805
5,"(3, 3, 3)",Metro,0.04378844729475927,0.020888308922520304,1.0446862593618345,1.0164680011922127,281.3197764397618,3.4926846027374268
5,"(6, 6, 6)",Metro,3.2532993565326795,0.31418721463093147,107.1735298608073,1.303298135897504,15.312388252294113,3.5119454860687256
