run_id,mu,sampler,wasserstein_distance,mmd_rff,r_hat,ess,runtime
68,"(0, 0, 0, 0, 0)",Metro,0.25260689282043175,0.08550108160261755,1.1800258978051479,15.745449318318592,1.3089039325714111
