mode_means,sampler,wasserstein_distance,r_hat,ess,chain_seeds,mode_distance
"(0, 8)",HMC,1.0377657318710278,1.5329084851392072,7.330379115517086,"[891245, 939574, 211957, 172986]",8
"(0, 10)",HMC,3.760128178238597,1.7333494691145783,6.272224459122253,"[891245, 939574, 211957, 172986]",10
"(0, 15)",HMC,6.033086313834301,1.736514425072313,6.295143516704095,"[891245, 939574, 211957, 172986]",15
"(0, 20)",HMC,7.787059619254305,1.7353675826860364,6.22591998012484,"[891245, 939574, 211957, 172986]",20
