{
    "sampler": "DEMetro",
    "value": 0.5,
    "means_array": [
        2
    ],
    "case": "Warmup Samples",
    "dim": 1,
    "samples": [
        0.9585918745395371,
        -2.4464677025019093,
        3.2430944052449098,
        -0.17423387270620516,
        -1.5298951044304347,
        2.0125864722092595
    ]
}