{
    "sampler": "HMC",
    "value": 10,
    "means_array": [
        [
            0.0,
            0.0,
            0.0,
            0.0,
            0.0,
            0.0,
            0.0,
            0.0,
            0.0,
            0.0,
            0.0,
            0.0,
            0.0,
            0.0,
            0.0,
            0.0,
            0.0,
            0.0,
            0.0,
            0.0,
            0.0,
            0.0,
            0.0,
            0.0,
            0.0,
            0.0,
            0.0,
            0.0,
            0.0,
            0.0
        ],
        [
            10.0,
            0.0,
            0.0,
            0.0,
            0.0,
            0.0,
            0.0,
            0.0,
            0.0,
            0.0,
            0.0,
            0.0,
            0.0,
            0.0,
            0.0,
            0.0,
            0.0,
            0.0,
            0.0,
            0.0,
            0.0,
            0.0,
            0.0,
            0.0,
            0.0,
            0.0,
            0.0,
            0.0,
            0.0,
            0.0
        ]
    ],
    "case": "Warmup Samples",
    "dim": 30,
    "samples": [
        [
            39.16319850954542,
            41.62179856911097,
            12.188894940402967,
            76.09348362113647,
            -15.160270807314427,
            55.948833993575185,
            -36.23969292680868,
            -55.46236427017622,
            44.938968761155934,
            -17.03020608843185,
            64.10538020020054,
            -105.91192143018618,
            83.20285530376974,
            45.67449099156609,
            7.125977897225637,
            79.42454048742812,
            -17.514726065165977,
            60.535343430067364,
            18.903418024863445,
            -85.46143377148043,
            -4.618993564000767,
            63.81093215690543,
            -39.25789923385513,
            -90.81752351256931,
            105.0449591962735,
            -48.386284422864286,
            -18.332887987496303,
            -42.63758311898811,
            -52.333473792163396,
            -26.539311132924514
        ],
        [
            -4.4466736519318655,
            29.557753132233284,
            -72.02312492713831,
            -17.778901531963125,
            100.86230557664074,
            82.5210184235633,
            -47.58574880565363,
            79.76287124577651,
            24.8769857943982,
            -55.900036176321784,
            83.61996386716366,
            -104.53298811860525,
            85.79904529574863,
            37.907658929137355,
            -42.1108015377103,
            -53.42498677031238,
            -16.719978069801453,
            -44.44690879792522,
            -66.48190112391767,
            34.30563860882784,
            36.532076473741924,
            -17.758524773425805,
            56.82645451287804,
            18.45086094205524,
            -71.38274432366293,
            -50.94072709458938,
            -1.5156002418021037,
            -78.24788940540614,
            -36.31646932225345,
            -25.14261615921196
        ],
        [
            78.23330321622343,
            66.6495464718253,
            59.27989858855881,
            -31.189210495029652,
            -46.10012804684782,
            74.51503185389177,
            -84.72006189789599,
            -24.311013385064303,
            88.15207176752229,
            -2.9837682104141057,
            83.23811488806098,
            20.29004434043767,
            3.9863636639315567,
            -8.952306014990985,
            -29.81084922601458,
            -87.76448225824248,
            0.5287627452631652,
            15.555387916705595,
            -55.37099432384969,
            -60.45000384862158,
            -11.266282390660228,
            -3.5990377693307054,
            26.868871894883892,
            -48.85546218368713,
            -9.693874058002457,
            -21.372744927987988,
            -1.8581359102137158,
            7.796844529166821,
            32.75362716502998,
            42.556843222761195
        ],
        [
            -71.71261734267037,
            70.10332763440374,
            -78.23848432262494,
            92.68242159094123,
            10.03857141047887,
            -23.285049759584794,
            -9.702322324235864,
            39.6637141599124,
            112.77480402479193,
            55.127808919586,
            -49.828696095778795,
            -4.739550376458265,
            -2.773687533403375,
            18.738790925198227,
            4.452065045061268,
            -24.041121985668756,
            8.061587038915512,
            44.99205613298621,
            -46.160129763020194,
            -100.89589940920395,
            -73.06393062491397,
            -81.3216386692456,
            -36.5477403840917,
            31.678420651667327,
            -16.19355722879682,
            -11.741983508989891,
            -23.473147841239875,
            22.055938749586943,
            -19.94623581032133,
            -30.73078133854313
        ]
    ]
}