mu,global_median_wasserstein_distance,global_median_runtime,global_median_ess,global_median_ess_per_sec,global_median_r_hat,global_median_mmd_rff,global_q25_wasserstein_distance,global_q25_runtime,global_q25_ess,global_q25_ess_per_sec,global_q25_r_hat,global_q25_mmd_rff,global_q75_wasserstein_distance,global_q75_runtime,global_q75_ess,global_q75_ess_per_sec,global_q75_r_hat,global_q75_mmd_rff,ws_mcmc_mean,ws_iid_mean,ws_iid_std,mmd_rff_mcmc_mean,mmd_rff_iid_mean,mmd_rff_iid_std,ws_glass_delta,ws_t_stat,ws_p_value,mmd_rff_glass_delta,mmd_rff_t_stat,mmd_rff_p_value
"(-16, 0, 0, 0)",1.4146226900020915,3.977341055870056,7.031560225928592,1.7971780233985917,1.57057186678091,0.18365638168218906,0.8738967313301025,3.938595235347748,6.109142944941584,1.5082195642119738,1.4451007719340188,0.11989332486603366,2.049874716723091,4.0224263072013855,7.99051343812743,2.041033842300409,1.7374909246710435,0.26139234934142164,1.5268902031461589,0.1154913131251822,0.04136305922210906,0.19853159838343573,0.01388154319589312,0.006474674070198064,34.1222075098973,9.230327416374768,3.7554724285721255e-10,28.518818582306498,9.177455351942456,4.179604469793664e-10
