{
    "run_id": 1,
    "case": "unimodal",
    "dim": 2,
    "low": [
        -100.0,
        -100.0
    ],
    "high": [
        100.0,
        100.0
    ],
    "means_array": [
        [
            0.0,
            0.0
        ]
    ],
    "samples": [
        {
            "posterior": [
                -72.84161102903188,
                -0.6079595764438182
            ]
        },
        {
            "posterior": [
                -33.337175886544614,
                -25.973293695516375
            ]
        },
        {
            "posterior": [
                -63.44216378227083,
                66.65422372931152
            ]
        },
        {
            "posterior": [
                76.04681477718012,
                28.394479493986893
            ]
        }
    ]
}