{
    "sampler": "Metro",
    "value": 2.1,
    "means_array": [
        [
            0.0,
            0.0,
            0.0,
            0.0,
            0.0,
            0.0,
            0.0,
            0.0,
            0.0,
            0.0,
            0.0,
            0.0,
            0.0,
            0.0,
            0.0,
            0.0,
            0.0,
            0.0,
            0.0,
            0.0,
            0.0,
            0.0,
            0.0,
            0.0,
            0.0,
            0.0,
            0.0,
            0.0,
            0.0,
            0.0
        ]
    ],
    "case": "Warmup Samples",
    "dim": 30,
    "samples": [
        [
            -43.33518670075284,
            -31.57498652564929,
            -61.65998861952879,
            -17.967518967678902,
            -6.977017616277033,
            -11.978124851456156,
            -27.91082951400937,
            -20.53906514975042,
            -65.4811072979049,
            15.576082549660887,
            -24.90356265351789,
            -8.958905599910977,
            15.891657207699547,
            -47.38116289258597,
            -26.095335864158102,
            20.012194037547296,
            -20.361954479477657,
            -47.747000534408706,
            -25.14451711534989,
            22.39450530251149,
            44.2493127531482,
            19.132294425799774,
            19.411704089625797,
            -35.637723851147825,
            36.2551370069905,
            118.72509066625733,
            0.2858742804883052,
            -5.357193596814719,
            51.86833116935764,
            -4.709911727839672
        ],
        [
            -88.00071221792533,
            -40.598192601232526,
            -33.41020908332455,
            -6.81157256134896,
            6.559009069248523,
            -20.623598488694004,
            -14.033085420399015,
            31.5629336750413,
            -60.04690197279777,
            -22.117191660332125,
            22.76060814561796,
            -27.794130631491367,
            -11.733859862044637,
            -10.17386397688045,
            31.845744670495915,
            -34.56334907186267,
            -12.158944819486583,
            -63.44443983452454,
            -8.03778377325167,
            19.035809363542768,
            -11.698940287716638,
            11.08604481095842,
            -5.434070318783152,
            -3.805983108547919,
            -13.356829132765172,
            112.19140821731425,
            24.28925131324891,
            21.7298627498713,
            30.499759144872595,
            41.599055641319765
        ],
        [
            47.152102739952774,
            32.441515416443636,
            8.196400763506581,
            46.21692579928057,
            19.44322878079126,
            35.489734572352845,
            -14.304644397175476,
            2.666514173004221,
            -20.875483939648326,
            63.99372201687125,
            5.433660761113269,
            -2.874043618329112,
            10.006573901503817,
            -17.735501559563033,
            -2.412059716325188,
            -7.402398250061439,
            -30.720348908244972,
            21.34000576614526,
            -0.09993049063529733,
            -5.361179234637992,
            80.40572259525813,
            39.615064092010876,
            -39.08208125143167,
            11.864562650123151,
            -54.77720490348825,
            -21.460035262547223,
            44.218200784523546,
            -11.689028897470381,
            -31.142211194679174,
            6.502375538189565
        ],
        [
            -70.37162171817332,
            -0.7769689361764587,
            -47.77854199249595,
            2.03013918039434,
            -20.996028564479268,
            38.38467094455514,
            -2.751897808656849,
            62.13591199913413,
            64.08873715088136,
            39.885832365170934,
            -8.334684309856536,
            -27.398406290672888,
            45.38035175348584,
            19.907805547663468,
            4.642299008304796,
            -30.1956176613912,
            33.972224680122466,
            25.201936795935627,
            -24.523104903553275,
            -30.78184946442397,
            58.29928795775365,
            51.128126690029106,
            -9.610125642761377,
            -21.98430227337103,
            -37.79404774064599,
            -54.94297526114809,
            -22.647088929299667,
            -104.60771573321605,
            11.420695310065549,
            -29.936955584769695
        ]
    ]
}