run_id,dimension_corr,sampler,wasserstein_distance,mmd_rff,r_hat,ess,runtime
11,2,HMC,0.013349365455999544,0.0072466252108901,0.9999790499078831,8372.850061090347,1.9229395389556885
11,5,HMC,0.01755093980616645,0.015040834736417734,1.0010553033750793,13097.566030261216,2.0777688026428223
11,10,HMC,0.0206309934727901,0.015157609327146266,1.0010328306837244,8468.579322193616,2.325730085372925
11,15,HMC,0.020465133670679873,0.016792577651458696,1.0015969716950914,11573.424647066653,2.5986328125
11,20,HMC,0.02005482659694213,0.014935708453425964,1.0018063999908307,16202.390052920371,2.6746633052825928
