run_id,mu,sampler,wasserstein_distance,mmd_rff,r_hat,ess,runtime
64,8,Metro,0.4278995196487072,0.057647135183880774,1.0733941936369946,59.19654547727635,1.088747501373291
64,10,Metro,0.03973765089253658,0.012900262103553757,1.3075529626284694,10.364881009560522,1.134915828704834
64,12,Metro,5.284952336350105,0.48023103291537406,1.5313239377703776,7.3613803305274566,1.4253811836242676
64,14,Metro,2.9162208207520384,0.22596165030007304,1.7387453754265794,6.168216087954444,1.1362252235412598
64,16,Metro,6.912393339384547,0.4638904147076942,1.5330601643590118,7.299704087942363,1.103083848953247
64,18,Metro,3.3824288825167437,0.2117495645599692,1.733851889125529,6.2030556181043215,1.3705322742462158
64,20,Metro,3.72998276141154,0.1947840252378152,1.7354182699621579,6.162694280666781,1.104576826095581
64,22,Metro,9.723859951152914,0.47453476824372737,1.5304906998739027,7.383481883213115,1.1171746253967285
64,40,Metro,7.782832802302799,0.21564276527433432,1.7349499908771873,6.21716428452751,1.3749020099639893
