nu,sampler,wasserstein_distance,swd_zscore,r_hat,ess,runtime
1,DEMetro,3.605846432380723,-0.26251385124288557,1.0232378222230845,127.54101199848013,4.77418851852417
2,DEMetro,0.6210280826921979,6.080007002350899,1.0222953540710387,149.69874098476882,3.1890928745269775
5,DEMetro,0.7108076149691518,12.547478122467798,1.0115790641204994,164.02369262527668,3.3897571563720703
10,DEMetro,0.8106877151853098,9.241732552923466,1.0373468700107427,163.2832000017789,3.6137242317199707
