nu,sampler,wasserstein_distance,swd_zscore,r_hat,ess,runtime
1,Metro,4.061194372786754,-0.21024609318472076,1.0385527753346533,100.86048658828146,2.5407514572143555
2,Metro,0.6610687118299252,6.705426907065679,1.0306170271471908,114.06275192736135,2.720982551574707
5,Metro,0.22535217300156943,2.524246448436489,1.0211539892021064,130.0843984963718,2.1638259887695312
10,Metro,0.13864628515070554,0.1235451243980887,1.0336171621560506,137.47795188332725,3.206589698791504
