mode_means,sampler,wasserstein_distance,r_hat,ess,chain_seeds,mode_distance
"(0, 8)",DEMetro,0.8704943022187226,1.007266941324545,73.45399102562439,"[101898, 253844, 517019, 163562]",8
"(0, 10)",DEMetro,4.735217856289358,1.007647360429999,403.95326009837504,"[101898, 253844, 517019, 163562]",10
"(0, 15)",DEMetro,2.5365081050599776,1.1301233872875698,32.70263934533314,"[101898, 253844, 517019, 163562]",15
"(0, 20)",DEMetro,1.9913961366854445,1.2210361677764259,35.64297539273524,"[101898, 253844, 517019, 163562]",20
