{
    "run_id": 1,
    "case": "multimodal",
    "dim": 2,
    "means_array": [
        [
            0.0,
            0.0
        ],
        [
            12.0,
            0.0
        ]
    ],
    "min_mode": [
        0.0,
        0.0
    ],
    "max_mode": [
        12.0,
        0.0
    ],
    "border": [
        88.54658594947654,
        136.66708601358795
    ],
    "low": [
        -141.87214126599403,
        -233.27355731980455
    ],
    "high": [
        123.76761658243558,
        176.72770072095932
    ],
    "samples": [
        {
            "posterior": [
                86.8698658257706,
                -176.16575987779282
            ]
        }
    ]
}