{
    "sampler": "Metro",
    "value": 0,
    "means_array": [
        [
            -0.0,
            0.0
        ],
        [
            0.0,
            0.0
        ]
    ],
    "case": "Posterior Samples",
    "dim": 2,
    "samples": [
        [
            -1.391535055677584,
            1.0778444957630897
        ],
        [
            -0.3792338995751052,
            0.0005362919236269192
        ],
        [
            -1.3863245025517448,
            0.9100370538821827
        ],
        [
            -0.9542086833540042,
            0.7616474283479776
        ]
    ]
}