alpha,sampler,wasserstein_distance,swd_zscore,r_hat,ess,runtime
2,HMC,3.28528448762009,-0.8363410138227798,1.0077372903962625,1977.9247636634668,7.767383575439453
