{
    "sampler": "Metro",
    "value": 0.3,
    "means_array": [
        [
            0.0,
            0.0
        ]
    ],
    "case": "Warmup Samples",
    "dim": 2,
    "samples": [
        [
            -29.487339470367726,
            -68.63530187599477
        ],
        [
            81.93275046833075,
            -100.0734306983733
        ],
        [
            47.32624653676093,
            -71.6857382233187
        ],
        [
            84.23532310493637,
            85.41966836309051
        ]
    ]
}