dimension,global_median_wasserstein_distance,global_median_r_hat,global_median_ess,global_median_runtime,global_median_mmd_rff,global_q25_wasserstein_distance,global_q25_r_hat,global_q25_ess,global_q25_runtime,global_q25_mmd_rff,global_q75_wasserstein_distance,global_q75_r_hat,global_q75_ess,global_q75_runtime,global_q75_mmd_rff,ws_mcmc_mean,ws_iid_mean,ws_iid_std,mmd_rff_mcmc_mean,mmd_rff_iid_mean,mmd_rff_iid_std,ws_dist_glass_delta,mmd_rff_glass_delta
2,0.1864190887207107,,,2.339931011199951,0.040957072022778804,0.15223502805633937,,,2.145709753036499,0.03443313532836769,0.2353137355998155,,,2.4732444286346436,0.05214982329157409,0.22138807616244793,0.12525602249196574,0.038504441731797054,0.04793121038731538,0.01450220320117204,0.004779233475979745,2.4966484215013596,6.994637812560597
5,8.645286863687378,,,2.398198366165161,0.4676612089356891,6.289770042608572,,,2.094555139541626,0.45597604632344296,10.301465730444939,,,2.849731206893921,0.494468670442491,8.40574079432928,0.11699356047337889,0.019475673086832908,0.4771807040202852,0.014277492904858176,0.0025274469712065323,425.5949048282058,183.15051369582247
10,21.142901468357973,,,2.2875165939331055,0.46163820832592095,19.907167653563246,,,2.140463352203369,0.4515460323609682,21.649273889391523,,,2.611084222793579,0.46955794958063896,20.135718809240842,0.11653296067801236,0.017906557684649597,0.46314206234038674,0.015584030270360497,0.0031028250140547717,1117.980697413679,144.24211163785785
15,25.131604235964193,,,2.59587025642395,0.4398064366499127,23.309811091251543,,,2.4624481201171875,0.43386186970905644,25.470948757564862,,,2.966732978820801,0.4483094756489776,24.54696404274051,0.12045836962686801,0.019743823200117364,0.44154712106559946,0.015142009707579996,0.002059261104321404,1237.1720221323924,207.06704480709078
18,26.828938823953315,,,2.6184680461883545,0.4268886868410912,26.359452100102068,,,2.552680730819702,0.4207675636077157,26.981039970664497,,,2.8351340293884277,0.4345828152249556,26.556084393101887,0.1253140135826448,0.059198256355950614,0.426960765689405,0.014756087996743071,0.0016695811522428436,446.4788662117819,246.89107033756574
30,29.03996911231404,,,4.142092704772949,0.41169276571355135,28.671727302680974,,,3.9413483142852783,0.40191536622822804,29.251963078123282,,,4.261122703552246,0.41536620470663577,29.119467196726273,0.11434643159423102,0.022654455798945244,0.4093322204259791,0.015086944026594877,0.0011386698715836554,1280.3274120794583,346.2331675212151
