{
    "sampler": "DEMetro_Z",
    "value": 1.8,
    "means_array": [
        0
    ],
    "case": "Warmup Samples",
    "dim": 1,
    "samples": [
        85.57693074589204,
        44.14189874877283,
        -7.074992224925627,
        53.76597064126466
    ]
}