nu,sampler,wasserstein_distance,reference_swd,relative_swd,swd_zscore,r_hat,ess,runtime
1,DEMetro,6.823843052806177,4.80068673086402,2.0231563219421576,0.25317616317312536,1.0146878984732282,340.3882811473416,3.9163777828216553
2,DEMetro,0.23305859097396278,0.1624712665978962,0.07058732437606657,1.3954317641437968,1.0318678436867719,329.9741559754499,4.79594349861145
5,DEMetro,0.5142748421079151,0.08807081875215447,0.4262040233557606,8.127863660432872,1.0262666193544547,225.0396172126774,5.455791473388672
10,DEMetro,0.5699457055521419,0.0782772867797368,0.4916684187724051,9.070880457887815,1.0314210335963243,239.45097412251206,4.407348871231079
