mu,ws_t_stat,ws_p_value,ws_paired_cohens_d
"(0, 0)",-1.0573140559214953,0.401213488813547,-0.6104405548042504
