mu,ws_t_stat,ws_p_value,ws_paired_cohens_d
"(0, 0)",1.3962838512759554,0.29741853938314855,0.8061448573993003
