mu,mmd_rff_t_stat,mmd_rff_p_value,mmd_rff_paired_cohens_d
"(0, 0)",-2.6840451665078002,0.1152935532343506,-1.5496341994003924
