run_id,alpha,sampler,wasserstein_distance,mmd_rff,r_hat,ess,runtime
25,0,Metro,0.02378902565285659,0.00783750908604209,1.0067130152864354,944.9351934769699,1.0139377117156982
25,2,Metro,0.03584456126760405,0.01902340129132021,1.0091400650128663,845.5765669143279,1.142749547958374
25,4,Metro,0.027567492404997,0.017736758429448655,1.0105015128721089,694.7162732870783,1.0953214168548584
25,6,Metro,0.022970242170167618,0.013124096373962096,1.003936180693874,773.6116777756868,1.173321008682251
25,8,Metro,0.020942422057063564,0.010698209748273667,1.0034323349270957,765.8748806858032,1.154893398284912
25,10,Metro,0.027182762446596703,0.01780845236882413,1.0063703441354974,775.2445934211028,1.1374177932739258
25,80,Metro,0.018085921308672044,0.007833739871709012,1.007927561850146,610.6363766881345,1.1786506175994873
25,100,Metro,0.02008823862998112,0.013248743421474597,1.0075682478475074,675.7368380279677,1.1666738986968994
