{
    "run_id": 1,
    "case": "multimodal",
    "dim": 2,
    "means_array": [
        [
            0,
            0
        ],
        [
            10,
            10
        ]
    ],
    "min_mode": [
        0,
        0
    ],
    "max_mode": [
        10,
        10
    ],
    "border": [
        2.5,
        2.5
    ],
    "low": [
        -2.5,
        -2.5
    ],
    "high": [
        12.5,
        12.5
    ],
    "samples": [
        {
            "posterior": [
                -1.9612266787385457,
                6.757242757345093
            ]
        },
        {
            "posterior": [
                5.758289917103703,
                2.83723985546892
            ]
        },
        {
            "posterior": [
                3.9748636377593236,
                -2.3485631796824773
            ]
        },
        {
            "posterior": [
                5.938457245143562,
                4.063846865677048
            ]
        }
    ]
}