{
    "run_id": 1,
    "case": "multimodal",
    "dim": 30,
    "means_array": [
        [
            0.0,
            0.0,
            0.0,
            0.0,
            0.0,
            0.0,
            0.0,
            0.0,
            0.0,
            0.0,
            0.0,
            0.0,
            0.0,
            0.0,
            0.0,
            0.0,
            0.0,
            0.0,
            0.0,
            0.0,
            0.0,
            0.0,
            0.0,
            0.0,
            0.0,
            0.0,
            0.0,
            0.0,
            0.0,
            0.0
        ],
        [
            8.0,
            0.0,
            0.0,
            0.0,
            0.0,
            0.0,
            0.0,
            0.0,
            0.0,
            0.0,
            0.0,
            0.0,
            0.0,
            0.0,
            0.0,
            0.0,
            0.0,
            0.0,
            0.0,
            0.0,
            0.0,
            0.0,
            0.0,
            0.0,
            0.0,
            0.0,
            0.0,
            0.0,
            0.0,
            0.0
        ]
    ],
    "min_mode": [
        0.0,
        0.0,
        0.0,
        0.0,
        0.0,
        0.0,
        0.0,
        0.0,
        0.0,
        0.0,
        0.0,
        0.0,
        0.0,
        0.0,
        0.0,
        0.0,
        0.0,
        0.0,
        0.0,
        0.0,
        0.0,
        0.0,
        0.0,
        0.0,
        0.0,
        0.0,
        0.0,
        0.0,
        0.0,
        0.0
    ],
    "max_mode": [
        8.0,
        0.0,
        0.0,
        0.0,
        0.0,
        0.0,
        0.0,
        0.0,
        0.0,
        0.0,
        0.0,
        0.0,
        0.0,
        0.0,
        0.0,
        0.0,
        0.0,
        0.0,
        0.0,
        0.0,
        0.0,
        0.0,
        0.0,
        0.0,
        0.0,
        0.0,
        0.0,
        0.0,
        0.0,
        0.0
    ],
    "border": [
        66.72050585856647,
        59.37619585928088,
        68.14412573777301,
        66.7639210014015,
        53.98096793270412,
        70.37839084621595,
        91.19170636979037,
        56.24449512590875,
        88.01563210043557,
        74.30612094490546,
        76.79568151867059,
        70.8423678401949,
        76.97345923143229,
        65.83167829331092,
        50.53289180105624,
        96.09787356491762,
        49.612617587967634,
        63.25819018018555,
        56.983279082156464,
        87.50447367783735,
        93.70968096802994,
        60.16100203026453,
        54.26462509155711,
        84.82354009702274,
        51.36475678948328,
        60.268752245801096,
        45.738429123675935,
        83.10658294972787,
        73.54147840333147,
        56.634201051314214
    ],
    "low": [
        -86.5132668258399,
        -90.7255906702517,
        -105.06851415560887,
        -110.27381459438269,
        -76.18358261917332,
        -109.61375315265575,
        -150.71655422896987,
        -73.77557644827954,
        -119.37413611371393,
        -116.836791738009,
        -109.01879430443208,
        -106.192374467205,
        -126.34719847463191,
        -105.23518881253156,
        -71.38300352965013,
        -152.1163410041807,
        -75.50074207092936,
        -100.07088779471721,
        -86.5705776891441,
        -143.57830321671594,
        -121.35223414960245,
        -89.78984786680158,
        -74.10891348890891,
        -120.76128090384744,
        -70.18431085738777,
        -85.57188582673133,
        -66.2532578422311,
        -138.6836023465337,
        -108.08823601984085,
        -79.06675753402713
    ],
    "high": [
        113.6482507498595,
        87.40299690759093,
        99.36386305771016,
        90.01794840982181,
        85.75932117893903,
        101.5214193859921,
        122.85856488040122,
        94.95790892944672,
        144.67276018759276,
        106.08157109670736,
        121.3682502515797,
        106.33472905337968,
        104.57317921966495,
        92.25984606740118,
        80.21567187351857,
        136.17727969057216,
        73.33711069297352,
        89.70368274583944,
        84.3792595573253,
        118.93511781679614,
        159.77680875448738,
        90.693158223992,
        88.68496178576243,
        133.70933938722078,
        83.90995951106207,
        95.23437091067196,
        70.9620295287967,
        110.63614650264991,
        112.53619919015354,
        90.83584561991552
    ],