{
    "sampler": "DEMetro",
    "value": 22,
    "means_array": [
        0,
        22
    ],
    "case": "Warmup Samples",
    "dim": 1,
    "samples": [
        16.824077634310704,
        22.776009174532525,
        -5.0415587141225195,
        4.512998757147669,
        19.064735646414615,
        -5.583261032121868
    ]
}