run_id,mu,sampler,wasserstein_distance,mmd_rff,r_hat,ess,runtime
24,"(0, 0, 0, 0, 0)",HMC,0.042952222390405324,0.025581151616230393,1.0059647265008547,699.488740801902,2.422595977783203
