run_id,mu,sampler,wasserstein_distance,mmd_rff,r_hat,ess,runtime
24,"(0, 0, 0, 0, 0)",Metro,0.1799594955332167,0.10406551323202728,1.170138344141962,18.929293151307423,1.317115306854248
