run_id,mu,sampler,wasserstein_distance,mmd_rff,swd_zscore,r_hat,ess,runtime
20,"(10, 10)",DEMetro,2.386651637176344,0.22473153630899215,56.29369450735208,1.0134860311041487,732.3776634162477,3.2189204692840576
20,"(20, 20)",DEMetro,11.243748750882919,0.5326954823524185,135.8360987849916,1.0090884609478257,727.4430933882496,3.706911325454712
20,"(5, 5)",DEMetro,0.24423218913117928,0.057879094005856814,11.417737018524587,1.0218256785575108,272.74388807129935,3.4837968349456787
20,"(50, 10)",DEMetro,16.926980781639354,0.3952249270388412,135.37254584657782,1.3924296448552436,13.337953571252875,3.726430654525757
