run_id,mu,sampler,wasserstein_distance,mmd_rff,swd_zscore,r_hat,ess,runtime
14,"(10, 10, 10)",Metro,6.2681797485548145,0.3626150990771596,148.78529699519115,1.0066403064946745,1273.3228507132085,3.454709768295288
14,"(20, 20, 20)",Metro,9.940587412648332,0.29456688519267493,98.28029483060448,1.3839484372947901,13.222568056165278,3.2148845195770264
14,"(3, 3, 3)",Metro,0.3275570533860152,0.06657213096644335,34.5314029018934,1.0448125357744467,144.07341367942183,3.470090866088867
14,"(6, 6, 6)",Metro,0.3320371804660756,0.04662320708051769,9.149989527602376,1.56304525269636,10.461962517815014,3.4319565296173096
