{
    "run_id": 1,
    "case": "unimodal",
    "dim": 30,
    "low": [
        -100.0,
        -100.0,
        -100.0,
        -100.0,
        -100.0,
        -100.0,
        -100.0,
        -100.0,
        -100.0,
        -100.0,
        -100.0,
        -100.0,
        -100.0,
        -100.0,
        -100.0,
        -100.0,
        -100.0,
        -100.0,
        -100.0,
        -100.0,
        -100.0,
        -100.0,
        -100.0,
        -100.0,
        -100.0,
        -100.0,
        -100.0,
        -100.0,
        -100.0,
        -100.0
    ],
    "high": [
        100.0,
        100.0,
        100.0,
        100.0,
        100.0,
        100.0,
        100.0,
        100.0,
        100.0,
        100.0,
        100.0,
        100.0,
        100.0,
        100.0,
        100.0,
        100.0,
        100.0,
        100.0,
        100.0,
        100.0,
        100.0,
        100.0,
        100.0,
        100.0,
        100.0,
        100.0,
        100.0,
        100.0,
        100.0,
        100.0
    ],
    "means_array": [
        [
            0.0,
            0.0,
            0.0,
            0.0,
            0.0,
            0.0,
            0.0,
            0.0,
            0.0,
            0.0,
            0.0,
            0.0,
            0.0,
            0.0,
            0.0,
            0.0,
            0.0,
            0.0,
            0.0,
            0.0,
            0.0,
            0.0,
            0.0,
            0.0,
            0.0,
            0.0,
            0.0,
            0.0,
            0.0,
            0.0
        ]
    ],
    "samples": [
        {
            "posterior": [
                73.04533216649688,
                -57.44427411155202,
                74.43444351828137,
                -3.667157068883384,
                -78.77019056514298,
                36.76269097591768,
                76.55872829435052,
                12.051633669463627,
                -14.05165751977971,
                -15.00198215111044,
                64.76380287654965,
                -93.62871520717775,
                -63.55156811520084,
                -82.78193333203012,
                30.756685309176532,
                9.7189718772632,
                -95.3128268910621,
                89.26670333956454,
                54.27732302030853,
                -45.535255677137634,
                -69.0368785109027,
                -45.48323914690408,
                96.03182197081304,
                50.5613662739313,
                47.33741443818181,
                -29.055706548179955,
                46.372204447515884,
                -4.386454819232057,
                -45.433778140982994,
                -37.95529108202906
            ]
        },
        {
            "posterior": [
                -66.12754401676524,
                -88.52921354251842,
                74.52646537936513,
                55.03435299435097,
                -97.06756214722161,
                45.37255199226868,
                -83.8300182104049,
                19.466987311103992,
                -49.32936240256935,
                -90.90851305999198,
                -94.34403456398964,
                72.8395191261493,
                74.10988693814733,
                -87.32644636309952,
                93.29540499444485,
                -45.831689768942766,
                -55.62839686943744,
                24.163997378735118,
                23.051521618807328,
                41.13516736180918,
                71.29989153595344,
                -53.434476106662984,
                94.519523840261,
                36.91710855180733,
                47.304204587210904,
                43.50168614502218,
                -14.617960743660731,
                42.46947440739507,
                98.2962189693271,
                75.40546923866594
            ]
        },
        {
            "posterior": [
                -48.26975371071225,
                12.36114195507318,
                49.51778526879315,
                10.744253456287822,
                -74.53007927103513,
                11.041007699595596,
                -49.25808115719439,
                -69.161065097506,
                -72.97814321676532,
                47.83221124182532,
                -54.02280326031159,
                -12.561540274444582,
                -49.45310872235631,
                -31.459713875230094,
                59.74382227035406,
                -0.044045272242684064,
                -5.273701023138642,
                -69.76222093470143,
                85.33089086224538,
                -9.477110365561089,
                66.52097342666369,
                -10.842882484420443,
                -72.60917465837244,
                -89.05035080401369,
                3.146180479027791,
                76.79785745158799,
                12.908377762930215,
                -54.48052267243353,
                -6.465736118779702,
                -34.197783264766656
            ]
        },
        {
            "posterior": [
                16.37518353124652,
                -32.177760662783044,
                -61.02991792346464,
                20.228221624411958,
                -1.8430721465238804,
                -48.228813148907726,
                40.535018585262094,
                87.63256759456308,
                49.68190382472329,
                -21.56858217206603,
                -89.06921952532913,
                87.0569240507495,
                -14.99481090801018,
                14.584596174024284,
                8.650457047944286,
                94.85170712414805,
                97.48310348732787,
                -2.6448120216421103,
                -47.883677403762114,
                -9.122538667378251,
                -41.692908086245126,
                -76.2583041774689,
                -53.78909798474947,
                -84.07955515260217,
                -27.41674335051829,
                59.52768497308608,
                42.82061379841346,
                92.43109916980922,
                -0.23003772083704632,
                12.18524695917938
            ]
        }
    ]
}