{
    "run_id": 1,
    "case": "multimodal",
    "dim": 2,
    "means_array": [
        [
            0.0,
            0.0
        ],
        [
            13.0,
            0.0
        ]
    ],
    "min_mode": [
        0.0,
        0.0
    ],
    "max_mode": [
        13.0,
        0.0
    ],
    "border": [
        20.0,
        20.0
    ],
    "low": [
        -23.421721711434046,
        -29.983730183235295
    ],
    "high": [
        36.578278288565954,
        30.016269816764705
    ],
    "samples": [
        {
            "posterior": [
                -12.590949781411137,
                -1.4158099761572487
            ]
        },
        {
            "posterior": [
                6.916259758060168,
                -0.5232107259207908
            ]
        },
        {
            "posterior": [
                19.915706133790344,
                10.742446780279444
            ]
        },
        {
            "posterior": [
                -18.839838462615493,
                -2.7638412243525643
            ]
        }
    ]
}