{
    "sampler": "HMC",
    "value": 15,
    "means_array": [
        [
            0.0,
            0.0,
            0.0,
            0.0,
            0.0,
            0.0,
            0.0,
            0.0,
            0.0,
            0.0,
            0.0,
            0.0,
            0.0,
            0.0,
            0.0
        ]
    ],
    "case": "Warmup Samples",
    "dim": 15,
    "samples": [
        [
            -5.0565189406282265,
            -6.360592367650284,
            -4.43711129910143,
            -4.477921156225246,
            -6.649637485411983,
            -5.775917159158309,
            -7.432240316689206,
            -4.917153307983242,
            -6.7651520930611575,
            -5.6496986117582795,
            -6.168850142516721,
            -4.657038668410402,
            -4.344508357302674,
            -4.883862224274505,
            -4.4595300359707215
        ],
        [
            -6.476644567447104,
            -27.03882881212369,
            15.441850805527565,
            13.554995994640915,
            -16.695576780383057,
            -23.138787273294984,
            -13.635573860605284,
            15.785423318213512,
            7.928188687812446,
            -0.81756682530053,
            -6.479681975577655,
            22.204635517953044,
            -7.462564234250505,
            23.87723132899513,
            -7.22512591247419
        ],
        [
            9.345359543147191,
            5.386724442826291,
            -3.5519001743731033,
            -7.869270769316348,
            -9.499612659418611,
            1.94939727440349,
            1.9875246594125935,
            -10.733214069126278,
            2.974225500097277,
            -10.710651465029787,
            2.1553187709694677,
            7.417161174800416,
            3.7452308948460398,
            -3.0409188050688334,
            -6.038873252242572
        ],
        [
            8.813746895665211,
            -14.759710347754984,
            -15.409582280145903,
            -20.936810513939733,
            11.948740529935726,
            -11.377946699454595,
            10.216573434645007,
            2.397249831557999,
            4.00606383021412,
            -1.0625851213168027,
            5.664855894285995,
            10.658075769947045,
            -16.55336817944651,
            -4.820992178599506,
            -15.848462521046423
        ]
    ]
}