run_id,mu,sampler,wasserstein_distance,mmd_rff,r_hat,ess,runtime
21,"(0, 0, 0, 0, 0)",SMC,0.03090852737900172,0.023250329799594974,1.0006479417892986,3664.580604977203,1.891906976699829
