{
    "sampler": "DEMetro_Z",
    "value": 8,
    "means_array": [
        [
            0.0,
            0.0,
            0.0,
            0.0,
            0.0,
            0.0,
            0.0,
            0.0
        ]
    ],
    "case": "Posterior Samples",
    "dim": 8,
    "samples": [
        [
            -6.818247245839505,
            -3.47968504691574,
            -2.5800662902996727,
            5.198266385368841,
            -7.929856371821328,
            -2.783280280224237,
            -2.385382523605567,
            -17.04396107008197
        ],
        [
            31.907463621099904,
            7.873428177132813,
            20.07017997115776,
            6.440632843217536,
            1.4344128357341979,
            -1.3480084660240403,
            -7.224016062369593,
            -0.934223685278124
        ],
        [
            -32.555870683157046,
            3.175907352285938,
            -12.381836326986894,
            -12.952847171257398,
            -9.173809005552936,
            -4.0493751174790935,
            0.6586700813793657,
            -7.826797865676603
        ],
        [
            -5.747150064437332,
            -6.150871727873429,
            22.101985255796674,
            0.10700310478964055,
            4.384755758365865,
            23.181731557678813,
            3.8644767757610223,
            -2.5241154931072716
        ]
    ]
}