nu,var_rmse_t_stat,var_rmse_p_value,var_rmse_paired_cohens_d
2.1,-12.285848561438467,0.0065599395339310815,-7.093237974169476
2.5,-3.7896684588818386,0.06311021507532144,-2.1879661048748638
3.0,-25.61056982330736,0.0015211418036112344,-14.786269381586212
4.0,-5.352723002848007,0.03317496719706995,-3.0903960665917993
10.0,-3.6209860113938164,0.06852224259995106,-2.0905772484100895
50.0,-3.974222071207071,0.05787190432524131,-2.2945181826307546
