nu,mean_rmse_t_stat,mean_rmse_p_value,mean_rmse_paired_cohens_d
2.1,-0.8232381148634627,0.49691333289820117,-0.47529674722358023
2.5,-3.442616870846153,0.07500677740052174,-1.9875957770997736
3.0,2.260011299618066,0.1522895032930402,1.3048181322060863
4.0,-12.015161813913746,0.006855776704954801,-6.936956907620014
10.0,0.5523037113350522,0.6362200273450953,0.31887269641372173
50.0,-1.2139925910152327,0.34864911828800216,-0.7008989492168559
