nu,ws_t_stat,ws_p_value,ws_paired_cohens_d
2.1,-3.4498257584452627,0.07472785604971148,-1.9917578302956773
2.5,-2.4839764858059077,0.13097403454769907,-1.4341244927407415
3.0,-5.154700442846948,0.035635548775675936,-2.9760676882695685
4.0,-4.5711750089837055,0.044674334190461885,-2.6391691219496325
10.0,-8.652012031537142,0.013096887986862047,-4.99524147543985
50.0,-2.469189350449817,0.1322490188809246,-1.425587136162359
