run_id,mu,sampler,wasserstein_distance,mmd_rff,r_hat,ess,runtime
11,8,SMC,0.08622044130980162,0.022459315747325927,1.0000674025160328,7837.437865483605,1.3851191997528076
11,10,SMC,0.1488656331383194,0.018429086852877287,1.0001497986520171,8203.946617477322,1.0281376838684082
11,12,SMC,0.060172393784415794,0.010883329613760826,1.0002447585533307,8135.085294933895,1.0172626972198486
11,14,SMC,0.14285188521132203,0.015397391834565163,0.9998565905254411,8132.890775634863,0.9481368064880371
11,16,SMC,0.09252465061174349,0.00950424336661747,0.9997151581076207,7854.033192472148,0.834265947341919
11,18,SMC,0.07352251447794712,0.009911536649465084,0.9997735739206296,7699.05677937032,1.0435428619384766
11,20,SMC,0.045432165926742214,0.010077252333580452,0.9998586664011697,7863.308983995742,0.9661424160003662
11,22,SMC,0.12497649368018049,0.010309334178457804,0.9997344921280753,8203.715814205485,1.3493375778198242
11,40,SMC,0.3133090917420243,0.010988811260247078,1.000215349966653,7266.552191339653,1.5194597244262695
