run_id,mu,sampler,wasserstein_distance,mmd_rff,r_hat,ess,runtime
60,8,SMC,0.048666199959026324,0.014986715174263733,1.0002724197119455,3762.8697003629845,0.8703076839447021
60,10,SMC,0.22747564246386553,0.022241067260544933,1.0000960427858905,4023.472693084494,0.8979301452636719
60,12,SMC,0.3168638049214622,0.0289514599718879,0.999923611830961,3778.5821297452108,1.065885066986084
60,14,SMC,0.05240029351681558,0.013522131679905198,0.9996702242664146,3834.6823178433106,1.0559186935424805
60,16,SMC,0.07698528223815926,0.01669043557391825,1.000788083741673,4123.3039538691955,0.9790632724761963
60,18,SMC,0.20113990651857808,0.014483040803266354,1.0014505852736628,3703.182986171088,1.0819756984710693
60,20,SMC,0.44123662177203743,0.024005383014826024,1.0001631529006936,4140.25655679339,1.0419502258300781
60,22,SMC,0.11152219352439209,0.010794962605782322,1.0002292174584977,3665.119029725373,1.0539133548736572
60,40,SMC,0.5872448103821349,0.022897830892306584,1.0005500905644726,3743.07275718544,0.9600179195404053
