{
    "sampler": "HMC",
    "value": 8,
    "means_array": [
        [
            -4.0,
            0.0
        ],
        [
            4.0,
            0.0
        ]
    ],
    "case": "Warmup Samples",
    "dim": 2,
    "samples": [
        [
            -107.12106296929826,
            51.25224771064702
        ],
        [
            138.82575912502878,
            9.559603500160724
        ],
        [
            3.4002609208349415,
            93.03296960688274
        ],
        [
            -112.39864650464116,
            -77.71000844194866
        ]
    ]
}