{
    "sampler": "Metro",
    "value": 15,
    "means_array": [
        [
            0.0,
            0.0,
            0.0,
            0.0,
            0.0,
            0.0,
            0.0,
            0.0,
            0.0,
            0.0,
            0.0,
            0.0,
            0.0,
            0.0,
            0.0
        ]
    ],
    "case": "Posterior Samples",
    "dim": 15,
    "samples": [
        [
            20.191506692249803,
            13.409799358254288,
            17.508820517317865,
            15.931535444451878,
            13.711722539458139,
            21.643590512787547,
            19.101478188148878,
            18.5239103758696,
            14.000704853349541,
            13.672765921852458,
            10.341714944352583,
            17.601996688988372,
            13.330435858130269,
            17.294227517975248,
            17.708203549681492
        ],
        [
            29.2292490103962,
            25.46671160736825,
            22.17358873288205,
            32.05278937097205,
            30.424909441648406,
            30.073565042009278,
            32.50840120500479,
            27.918059242432378,
            29.443916528415897,
            27.05843084534152,
            26.601654659823218,
            24.301802058517364,
            28.44777178252254,
            27.288954518510305,
            29.80073315641405
        ],
        [
            -4.817910970285313,
            -3.6952307298381752,
            -5.801066768671788,
            -4.459660822475767,
            -3.1934464432441536,
            -4.218152857747784,
            -6.053267709815775,
            -1.8690995594330575,
            -7.224637449374232,
            -9.667562565762447,
            -5.8698854158731555,
            -3.4996987518391074,
            -3.5213708928464444,
            -4.257222836129538,
            -1.676836640447699
        ],
        [
            -5.717330058797537,
            -5.4218505212713275,
            -5.482983752592646,
            -7.775021513727277,
            -6.542452604303648,
            -5.033278720534039,
            -2.625161724199668,
            -6.470091329284961,
            -5.891727184372433,
            -8.46374211111938,
            -5.667894831193174,
            -4.786774116145607,
            -4.151159883228894,
            -8.264541031651767,
            -4.372443294237017
        ]
    ]
}