{
    "sampler": "HMC",
    "value": 0.99,
    "means_array": [
        [
            0.0,
            0.0
        ]
    ],
    "case": "Warmup Samples",
    "dim": 2,
    "samples": [
        [
            40.457249679204836,
            -62.55067495721036
        ],
        [
            75.41130481703496,
            29.127297854056792
        ],
        [
            4.805769372744464,
            -12.662700727032657
        ],
        [
            -83.77465404627272,
            -6.257715151188009
        ]
    ]
}