run_id,nu,sampler,wasserstein_distance,mmd_rff,r_hat,ess,runtime
35,0.5,HMC,116340.17612484709,0.12670046297385684,1.1253771151184657,163.74290491202052,9.923238039016724
35,1.0,HMC,3.994775107183477,0.011749132983441863,1.0047344653192172,1642.6259613603997,1.895838975906372
35,2.0,HMC,0.1710434189933016,0.02361678994719746,1.0015022307173451,2782.3224034287086,1.2746734619140625
35,5.0,HMC,0.03057609182453834,0.006729657136875255,1.001793378436742,3213.408025387251,1.2558605670928955
35,10.0,HMC,0.031557555132951845,0.012959974712402685,1.0000237530385148,3368.27724938647,1.225435495376587
35,30.0,HMC,0.05683544559318565,0.03226850477794162,1.0004930905840996,3510.578630791875,1.1603825092315674
35,100.0,HMC,0.06902416830076183,0.03537192383911312,1.0010217224823843,3414.6884981776693,1.1312966346740723
35,500.0,HMC,0.025276104042728634,0.008507643010849903,1.000500107570319,3699.6274190849695,1.1773872375488281
