run_id,nu,sampler,wasserstein_distance,mmd_rff,r_hat,ess,runtime
35,0.5,SMC,112824.62286112212,0.03257815400060601,1.0102202528710038,2094.7802693053027,1.5109930038452148
35,1.0,SMC,3.7223457443172716,0.022947303129605568,1.018820606114737,1199.3530856839182,0.716087818145752
35,2.0,SMC,0.14684899275831864,0.03492788586128454,1.0209006063743522,673.9132832540345,0.7096986770629883
35,5.0,SMC,0.07326765374409983,0.02489465776628376,1.0275826171585696,417.8242994275067,1.495344877243042
35,10.0,SMC,0.07032526066868233,0.026810907370559866,1.0349727780525704,366.9999030753099,0.7614083290100098
35,30.0,SMC,0.07291319430071666,0.029091891737734056,1.0369820388064401,322.85547392658935,0.7022871971130371
35,100.0,SMC,0.0619542144651037,0.022689100103430258,1.0351503809231388,331.255079827195,1.4731581211090088
35,500.0,SMC,0.0742609554988707,0.032326748392128166,1.0334730470408655,322.9996490726392,0.7430100440979004
