mu,mmd_rff_t_stat,mmd_rff_p_value,mmd_rff_paired_cohens_d
"(0, 0)",6.292816925033658,7.156132417131413e-07,1.1489059266970767
