run_id,mu,sampler,wasserstein_distance,mmd_rff,swd_zscore,r_hat,ess,runtime
9,"(10, 10)",DEMetro,0.6614711487749054,0.06087463101773111,14.10676986796635,1.0310396475397041,360.1082985135352,3.532599687576294
9,"(20, 20)",DEMetro,1.2719691410824567,0.061324504933514636,13.598864389171327,1.2222045001533093,28.30312809327143,3.559807062149048
9,"(5, 5)",DEMetro,0.05884229890236748,0.024918658725986833,0.6788639296743118,1.0187991861103494,423.06639316656936,3.592158079147339
9,"(50, 10)",DEMetro,4.797189796497832,0.1055745533705458,37.00985958611131,1.3918497805296082,13.55396553861995,3.440359115600586
