{
    "run_id": 1,
    "case": "multimodal",
    "dim": 30,
    "means_array": [
        [
            -2.8751811565851333,
            0.0,
            0.0,
            0.0,
            0.0,
            0.0,
            0.0,
            0.0,
            0.0,
            0.0,
            0.0,
            0.0,
            0.0,
            0.0,
            0.0,
            0.0,
            0.0,
            0.0,
            0.0,
            0.0,
            0.0,
            0.0,
            0.0,
            0.0,
            0.0,
            0.0,
            0.0,
            0.0,
            0.0,
            0.0
        ],
        [
            2.8751811565851333,
            0.0,
            0.0,
            0.0,
            0.0,
            0.0,
            0.0,
            0.0,
            0.0,
            0.0,
            0.0,
            0.0,
            0.0,
            0.0,
            0.0,
            0.0,
            0.0,
            0.0,
            0.0,
            0.0,
            0.0,
            0.0,
            0.0,
            0.0,
            0.0,
            0.0,
            0.0,
            0.0,
            0.0,
            0.0
        ]
    ],
    "min_mode": [
        -2.8751811565851333,
        0.0,
        0.0,
        0.0,
        0.0,
        0.0,
        0.0,
        0.0,
        0.0,
        0.0,
        0.0,
        0.0,
        0.0,
        0.0,
        0.0,
        0.0,
        0.0,
        0.0,
        0.0,
        0.0,
        0.0,
        0.0,
        0.0,
        0.0,
        0.0,
        0.0,
        0.0,
        0.0,
        0.0,
        0.0
    ],
    "max_mode": [
        2.8751811565851333,
        0.0,
        0.0,
        0.0,
        0.0,
        0.0,
        0.0,
        0.0,
        0.0,
        0.0,
        0.0,
        0.0,
        0.0,
        0.0,
        0.0,
        0.0,
        0.0,
        0.0,
        0.0,
        0.0,
        0.0,
        0.0,
        0.0,
        0.0,
        0.0,
        0.0,
        0.0,
        0.0,
        0.0,
        0.0
    ],
    "border": [
        115.43774709728525,
        95.53892562405869,
        105.96242314564955,
        116.96691422619645,
        71.96929121945219,
        125.8714964511833,
        104.45220380865287,
        139.77295593867888,
        132.16436867907456,
        106.25346009385524,
        93.56046491420511,
        103.60076990934479,
        95.72681718606631,
        115.78150351629483,
        110.62935026014311,
        99.73954494079727,
        137.02773111568655,
        134.62844648981036,
        104.5682622679131,
        98.78542435880453,
        123.27843523268211,
        98.4365589598574,
        140.2497553516252,
        104.84616391987727,
        119.96904676797001,
        114.6542810975069,
        76.50335997308918,
        123.2672570643877,
        105.16392165387626,
        124.53081110250116
    ],
    "low": [
        -173.63236845251114,
        -142.33678284955135,
        -160.10619277422788,
        -178.88910555882464,
        -117.9998137668926,
        -201.8594663261487,
        -155.20213011622238,
        -234.883666408898,
        -223.4046565575208,
        -172.7257277990442,
        -138.41543380497956,
        -164.88832424912974,
        -142.4659569341727,
        -191.32146456481013,
        -172.75148499005383,
        -173.11164029401994,
        -191.4017119299773,
        -216.5597821919273,
        -175.35203442559398,
        -163.78022268263504,
        -210.0627958763746,
        -149.91639153838767,
        -222.8438059307934,
        -165.42429590414326,
        -186.8119406941607,
        -174.95365711464248,
        -114.98557494477407,
        -198.22420069341166,
        -173.1550225257236,
        -209.25377530478954
    ],
    "high": [
        172.6808728393446,
        144.27999402262472,
        157.78107666272078,
        172.0116371197647,
        97.90805989146398,
        175.75502302740122,
        158.1544813097362,
        184.43520140713863,
        173.08844947970286,
        146.03465248252155,
        142.26596093763575,
        145.91398547890464,
        144.71449462402626,
        156.02304598407437,
        159.1365657903755,
        126.1069945283719,
        219.68148141708235,
        187.32555727750378,
        138.3527523781453,
        132.57605039377853,
        159.77250982167175,
        145.39328534118448,
        197.90546012408223,
        149.11419585548853,
        173.09519960974933,
        169.0091861778782,
        114.52450497449345,
        171.57757049975146,
        142.33674243590517,
        164.3386580027139
    ],
    "samples": [
        {
            "posterior": [
                154.52466067820453,
                -62.99408003964305,
                -129.9403921034509,
                160.9961782526656,
                39.32490386253639,
                96.14469610876685,
                25.734689799612084,
                90.00509141035295,
                -181.15362704980137,
                -45.70463377083475,
                -50.88980719474209,
                113.69397835890746,
                10.71915244784114,
                -52.238471255666894,
                -96.40809287300371,
                -121.69225235876726,
                52.40355870942619,
                -123.38897280146905,
                -110.36522849424422,
                120.11420594507672,
                -195.4300485251249,
                108.63870914585183,
                115.22717163470315,
                -20.767177623122535,
                -50.085469661311606,
                75.35564853505673,
                104.58436134806144,
                63.31885115530093,
                41.92223988993197,
                -197.76200166698413
            ]
        }
    ]
}