{
    "sampler": "Metro",
    "value": 4,
    "means_array": [
        [
            0.0,
            0.0
        ]
    ],
    "case": "Warmup Samples",
    "dim": 2,
    "samples": [
        [
            -27.278235539155418,
            13.603642160039222
        ],
        [
            -24.373941577307992,
            11.978953549377271
        ],
        [
            -29.24296916159715,
            23.365282556205816
        ],
        [
            -6.113246780507084,
            -14.570345701539244
        ]
    ]
}