run_id,mu,sampler,wasserstein_distance,mmd_rff,swd_zscore,r_hat,ess,runtime
6,"(10, 10, 10)",HMC,3.1429818880529554,0.17670362588647506,73.63225653419764,1.6141166327682273,9.931864793451545,4.894206523895264
6,"(20, 20, 20)",HMC,6.340903859385616,0.19769367947626973,62.156215381486966,1.6144252895641384,9.920290543838124,4.916590452194214
6,"(3, 3, 3)",HMC,0.0559018638527246,0.017503216276179984,2.474155690237101,1.0071469484349704,921.9650208829521,5.340717315673828
6,"(6, 6, 6)",HMC,0.8781193233591845,0.08382678953956284,27.473885752213338,1.5381345678476874,10.625740174026225,4.698794603347778
