mode_means,global_avg_ws,global_avg_ws_std,global_avg_rhat,global_avg_rhat_std,global_avg_ess,global_avg_ess_std
8,1.2168213515249822,,1.5513076598695228,,10.354149239387947,
10,3.59281673980789,,1.7268065989991133,,8.966414900903406,
15,5.778401013988776,,1.716378853672763,,9.048025423476371,
20,7.927771004228981,,1.742419405372789,,8.967896482280784,
