{
    "sampler": "HMC",
    "value": 0.95,
    "means_array": [
        [
            0.0,
            0.0
        ]
    ],
    "case": "Posterior Samples",
    "dim": 2,
    "samples": [
        [
            -1.0460091277432821,
            -0.8257439221756913
        ],
        [
            1.8997262328658984,
            1.964006383079974
        ],
        [
            0.04597795344352546,
            0.03713676860440437
        ],
        [
            -0.3061652505724719,
            -0.5210231153858749
        ]
    ]
}