run_id,mu,sampler,wasserstein_distance,swd_zscore,r_hat,ess,runtime
1,"(10, -10)",DEMetro,4.883674978504127,61.73252685358607,1.1497818631958578,21.154767431978787,4.2560484409332275
1,"(20, 20)",DEMetro,3.4717126769011513,74.17044194031519,1.022573459515347,208.03518971570946,4.16667914390564
1,"(5, 5)",DEMetro,0.29804144674000493,7.539839987818799,1.2638917459530377,12.254378781978636,4.4836649894714355
1,"(50, -50)",DEMetro,6.542934525927935,25.365171503302633,1.7877233989552208,5.956534723537297,4.962543725967407
