run_id,mu,sampler,wasserstein_distance,swd_zscore,r_hat,ess,runtime
1,"(10, -10)",HMC,7.928115833410489,101.71441321477351,1.0022437485133862,3757.7394006600143,4.497647762298584
1,"(20, 20)",HMC,7.755093727366642,169.30531256591863,1.0024296683701643,2605.0889984140786,4.801072835922241
1,"(5, 5)",HMC,3.1722676487676518,110.86730760237862,1.0409532966455939,100.14237997185427,4.596760034561157
1,"(50, -50)",HMC,26.340419696298323,110.54936553586057,1.0009758665980026,3562.3316887943215,4.481707572937012
