run_id,mu,sampler,wasserstein_distance,swd_zscore,r_hat,ess,runtime
1,"(10, -10)",Metro,3.763888992268271,47.02665533751446,1.5344877659957405,7.29044329315967,4.016088247299194
1,"(20, 20)",Metro,5.573494896314426,120.85150467353758,1.005072189046648,576.2060277989104,3.849720001220703
1,"(5, 5)",Metro,3.7610170293537863,132.03265029972445,1.0524088416578534,55.84555813276661,3.8496973514556885
1,"(50, -50)",Metro,26.709657359388245,112.13811342308487,1.0089105964489378,790.8109460104959,3.4192187786102295
