{
    "sampler": "Metro",
    "value": 15,
    "means_array": [
        [
            0.0,
            0.0,
            0.0,
            0.0,
            0.0,
            0.0,
            0.0,
            0.0,
            0.0,
            0.0,
            0.0,
            0.0,
            0.0,
            0.0,
            0.0
        ]
    ],
    "case": "Warmup Samples",
    "dim": 15,
    "samples": [
        [
            -42.39610811558123,
            -47.22688233659462,
            -17.676665720753988,
            -37.32386098591963,
            -15.46844712449673,
            -4.003401932984318,
            87.09475031680218,
            -64.25858380861719,
            66.71943576495907,
            97.13288089295736,
            -54.485581492536795,
            -32.81893486421757,
            -97.1662234297191,
            -47.341036709895135,
            -15.95039683366106
        ],
        [
            -21.924879672386027,
            15.960865381484401,
            51.14414414144733,
            47.17007166054955,
            -66.6398866786836,
            -31.734115736759435,
            14.6783796309022,
            -42.92953909085344,
            -35.946000898750704,
            48.99982716640619,
            -16.100202901707235,
            73.17525485150617,
            34.10293763358581,
            -3.1859893770636845,
            -84.32399233782215
        ],
        [
            80.02770221763834,
            -8.20986068241213,
            38.473675240646,
            -84.20116527665431,
            71.71574439000895,
            -31.356378314072742,
            -62.17549652857204,
            -9.11520131544662,
            96.45479690166674,
            -1.9184949870326,
            14.044502148705782,
            77.49719087976533,
            81.97369094925483,
            -56.88556676540546,
            43.520831769271375
        ],
        [
            89.18763426749429,
            24.74623970504601,
            4.185063589417084,
            94.64476991817503,
            -16.87458826528392,
            6.600476390386824,
            63.451505844320046,
            -84.27568809430095,
            -4.7351429835013885,
            20.9856453517582,
            -46.5609681591344,
            -73.98990261104834,
            45.14506121580135,
            -58.40142384914935,
            -38.248933412881065
        ]
    ]
}