{
    "sampler": "HMC",
    "value": [
        6,
        0
    ],
    "means_array": [
        [
            0.0,
            0.0
        ],
        [
            6,
            0
        ]
    ],
    "case": "Posterior Samples",
    "dim": 2,
    "samples": [
        [
            6.883872062838855,
            0.8684773699779733
        ],
        [
            -0.16810044536970412,
            0.045952870664831745
        ],
        [
            6.364754312664787,
            0.6965413877284226
        ],
        [
            -0.8306243839458646,
            -1.1854719285044253
        ]
    ]
}