{
    "run_id": 1,
    "case": "unimodal",
    "dim": 1,
    "low": [
        -100
    ],
    "high": [
        100
    ],
    "means_array": [
        [
            0
        ]
    ],
    "samples": [
        {
            "posterior": 27.25699886778858
        },
        {
            "posterior": -1.9783690012677795
        },
        {
            "posterior": 63.25802238489439
        },
        {
            "posterior": 48.89622647182284
        }
    ]
}