{
    "sampler": "Metro",
    "value": 10,
    "means_array": [
        [
            -5.0,
            0.0
        ],
        [
            5.0,
            0.0
        ]
    ],
    "case": "Posterior Samples",
    "dim": 2,
    "samples": [
        [
            -3.775170181460312,
            -1.7739335657957478
        ],
        [
            -6.842115676739585,
            -1.2270164138087656
        ],
        [
            -4.5057985242951375,
            -0.6336559049742923
        ],
        [
            4.325511924043269,
            -0.853472501615415
        ]
    ]
}