{
    "sampler": "DEMetro_Z",
    "value": [
        0.0,
        0.0,
        0.0,
        -5.059644
    ],
    "means_array": [
        [
            0.0,
            0.0,
            0.0,
            -5.059644
        ],
        [
            -3.810317,
            2.528724,
            1.756997,
            1.264911
        ],
        [
            -0.181444,
            -4.600403,
            1.674328,
            1.264911
        ],
        [
            -0.181444,
            -0.035591,
            -4.895489,
            1.264911
        ],
        [
            4.173205,
            2.10727,
            1.464164,
            1.264911
        ]
    ],
    "case": "Posterior Samples",
    "dim": 4,
    "samples": [
        [
            -1.5270931910867012,
            -4.551094361107204,
            2.344112982541155,
            3.8109493550663465
        ],
        [
            -1.379355630525116,
            -5.873801376114875,
            3.2318048314056895,
            1.8477124200270296
        ],
        [
            -1.5000341409688738,
            0.13807129729953216,
            -4.663271244168819,
            1.4126025476241042
        ],
        [
            -5.404463475312519,
            3.1161118428371113,
            2.9581734019522594,
            0.030698765369534094
        ]
    ]
}