dimension,mean_rmse_t_stat,mean_rmse_p_value,mean_rmse_paired_cohens_d
2,-0.3050115222158996,0.789171990423194,-0.17609848445728718
3,0.039756844850183826,0.9718987674639823,0.02295362507638382
10,-13.733436142212465,0.005260224634339483,-7.9290030536049025
30,-13.461807931382344,0.0054728875644129964,-7.772178432962636
50,-17.24957644854283,0.003343955404720633,-9.959047605973232
