dimension,mean_rmse_t_stat,mean_rmse_p_value,mean_rmse_paired_cohens_d
2,30.218775392402858,0.0010932855604694688,17.44681810738463
3,-0.004862087076026963,0.996562005576215,-0.0028071272821675675
10,1.7181545738918493,0.22790721040916198,0.991977005745846
30,-0.9725191222487127,0.4333733406927295,-0.5614841770223529
50,-1.7940309441469182,0.21466468213431744,-1.0357842485377418
