dimension,mmd_rff_t_stat,mmd_rff_p_value,mmd_rff_paired_cohens_d
2,-0.2371945903142821,0.834588526008395,-0.13694436056827378
3,-0.0008643573550208403,0.9993888071670539,-0.0004990369515973151
10,-5.474257777980617,0.03178697828447346,-3.1605642017305122
30,-4.992191078016307,0.0378611138512253,-2.8822428627387633
50,-7.171494396534047,0.018894461188166685,-4.140464220330825
