mu,global_median_wasserstein_distance,global_median_runtime,global_median_ess,global_median_ess_per_sec,global_median_r_hat,global_median_mmd_rff,global_q25_wasserstein_distance,global_q25_runtime,global_q25_ess,global_q25_ess_per_sec,global_q25_r_hat,global_q25_mmd_rff,global_q75_wasserstein_distance,global_q75_runtime,global_q75_ess,global_q75_ess_per_sec,global_q75_r_hat,global_q75_mmd_rff,ws_mcmc_mean,ws_iid_mean,ws_iid_std,mmd_rff_mcmc_mean,mmd_rff_iid_mean,mmd_rff_iid_std,ws_glass_delta,ws_t_stat,ws_p_value,mmd_rff_glass_delta,mmd_rff_t_stat,mmd_rff_p_value
0,0.04014110007664741,0.7262893915176392,878.9017481685668,1193.877210565891,1.0046195588140607,0.017937865058764164,0.03141935409092853,0.7142629027366638,803.183646114587,1092.327857525745,1.0029656753154228,0.014234023860511688,0.05149467390630332,0.7540127038955688,924.9391505369989,1282.5135383057361,1.0074666269784216,0.027014255846039226,0.044557958955969416,0.026551579976458392,0.007594288828769848,0.020414637806881606,0.012535595699992205,0.004965408254890962,2.37104215885186,4.573733980931101,5.2069397713411506e-05,1.5867863632619714,3.8035015808800114,0.00045585316786590405
