mu,mmd_rff_t_stat,mmd_rff_p_value,mmd_rff_paired_cohens_d
0,3.402324760196337,0.001968543664411888,0.6211766730392962
