mu,ws_t_stat,ws_p_value,ws_paired_cohens_d
0,-4.114285157952363,0.00029308293067986787,-0.7511622630064049
