mu,ws_t_stat,ws_p_value,ws_paired_cohens_d
0,-0.05276502827393729,0.9582809285953535,-0.009633532077677778
