mode_means,sampler,wasserstein_distance,r_hat,ess,chain_seeds,mode_distance
"(0, 3)",HMC,0.35285883778833316,1.1679241784356276,20.389359226618517,"[507116, 732413, 809219, 440088]",3
"(0, 10)",HMC,2.7390646082161716,1.5030822904106307,10.737276753882865,"[507116, 732413, 809219, 440088]",10
"(0, 20)",HMC,4.232519897970715,1.5326101215037133,10.4664251723439,"[507116, 732413, 809219, 440088]",20
