{
    "sampler": "DEMetro",
    "value": [
        3,
        3,
        3
    ],
    "means_array": [
        [
            0,
            0,
            0
        ],
        [
            3,
            3,
            3
        ]
    ],
    "case": "Warmup Samples",
    "dim": 3,
    "samples": [
        [
            3.277118246572941,
            1.5691552368535981,
            2.6257594348965436
        ],
        [
            -0.0915402705191335,
            0.7318893562474997,
            2.8575797123502342
        ],
        [
            2.969949178895785,
            -0.11574535281292886,
            -0.5744096484831336
        ],
        [
            -0.8400548726401653,
            0.6902330908337413,
            1.918012657770394
        ],
        [
            0.6918994947133497,
            2.058389242026705,
            1.8041878350185034
        ],
        [
            0.48718384192827546,
            0.15330384837659183,
            1.2828714177686416
        ]
    ]
}