{
    "sampler": "HMC",
    "value": 0.9,
    "means_array": [
        [
            0.0,
            0.0,
            0.0,
            0.0,
            0.0,
            0.0,
            0.0,
            0.0,
            0.0,
            0.0,
            0.0,
            0.0,
            0.0,
            0.0,
            0.0,
            0.0,
            0.0,
            0.0,
            0.0,
            0.0,
            0.0,
            0.0,
            0.0,
            0.0,
            0.0,
            0.0,
            0.0,
            0.0,
            0.0,
            0.0
        ]
    ],
    "case": "Posterior Samples",
    "dim": 30,
    "samples": [
        [
            -1.567287920372437,
            1.3149658152071186,
            1.4356305584195925,
            -1.1126520448563983,
            5.879071719738388,
            5.838142493891044,
            1.808197988300874,
            1.1677259443246013,
            2.2715715880784213,
            1.4372222099570746,
            0.9458959479629615,
            2.4227516025453544,
            2.5033054145877562,
            -0.3768344521948161,
            1.2567414542361661,
            -1.0391169268677138,
            2.586124110241696,
            -2.387069013210631,
            1.8853266303945486,
            -1.69092238473254,
            4.778293208148325,
            -3.2778629591009287,
            -1.6482611846118016,
            3.293672566731856,
            -0.5272950529853637,
            -3.5390720024731572,
            1.5165881399050298,
            5.278919968412484,
            -0.3695681016261878,
            -1.9411845317678713
        ],
        [
            2.1395342781170794,
            1.9175328192073164,
            2.021346693998887,
            2.8999477332061385,
            2.750365823375136,
            2.42257031431855,
            1.90511258531469,
            1.8595432122352251,
            2.3467866590701263,
            1.5548049581009276,
            1.88125656646921,
            1.92772519141029,
            1.5023586899725123,
            1.8126067296157855,
            2.014373199318288,
            1.2162577025478034,
            2.2043565825109925,
            2.573742008057186,
            1.708254347357072,
            1.8481121206048257,
            0.9536856693164305,
            2.505382976271572,
            2.7014200279531178,
            2.225816544475229,
            2.5502881442369865,
            1.951090194880379,
            1.8025297542288838,
            1.9670893456135106,
            1.7457223956193575,
            2.041727396598643
        ],
        [
            -0.71300050192351,
            -0.44279864029494076,
            -0.18923937452722073,
            -0.32210415911298845,
            -0.6524123336446674,
            -1.226471764176201,
            -0.6521319699271039,
            -0.6773060165470735,
            -0.31108630130301856,
            -0.41119387052235834,
            -2.0720995928872052,
            -1.1609374717377419,
            -0.09722982372255687,
            -1.6050001916272012,
            -0.9534542351754458,
            0.4091343543978802,
            0.3399491544618165,
            -0.9108455633163205,
            -1.5789128516361428,
            -1.6939838163414767,
            -1.599676664372463,
            -0.5237053480174128,
            -0.71082624548815,
            -1.3046522462204513,
            -1.1747650172399846,
            -0.3106619099442313,
            -0.4551804143067794,
            -1.1412043680564863,
            -1.514314881641874,
            -1.2210580437845906
        ],
        [
            0.3166924480019314,
            -2.456008541212227,
            0.5277374960675939,
            -2.186629001343524,
            -1.9040901319319423,
            -1.127569906551113,
            -2.3635931152905756,
            -1.4940736048809893,
            -1.699553862212766,
            0.1043176951890742,
            -2.4737066673607098,
            -1.578925877752734,
            -1.7700203998284605,
            -2.6630209561914104,
            -2.40963937069931,
            -1.58561425546854,
            -1.9683974133926716,
            -2.7061569953234685,
            -0.8661319565160568,
            -1.0461480219097017,
            -0.9503090782001591,
            -1.4100930966488918,
            -1.4969655642205395,
            -1.1455159626988927,
            -0.5439616427570042,
            0.6824791385203205,
            -1.3128829190962963,
            -0.9293142105648468,
            -1.167002141857237,
            -2.2419286081498493
        ]
    ]
}