{
    "sampler": "HMC",
    "value": 0.9,
    "means_array": [
        [
            0.0,
            0.0,
            0.0,
            0.0,
            0.0,
            0.0,
            0.0,
            0.0,
            0.0,
            0.0,
            0.0,
            0.0,
            0.0,
            0.0,
            0.0,
            0.0,
            0.0,
            0.0,
            0.0,
            0.0,
            0.0,
            0.0,
            0.0,
            0.0,
            0.0,
            0.0,
            0.0,
            0.0,
            0.0,
            0.0
        ]
    ],
    "case": "Warmup Samples",
    "dim": 30,
    "samples": [
        [
            -277.72376903159096,
            -261.3976307742995,
            -320.62954035640485,
            187.18246159960532,
            -300.0049664366264,
            144.98587030316114,
            -206.90683753703073,
            24.324001190321578,
            -239.43584244780536,
            337.73029494148534,
            -86.46079620722718,
            -513.3707162659539,
            366.11042154179904,
            32.51153394888063,
            -56.751574041823545,
            292.15996432248625,
            -197.36123259551974,
            -105.78893968529792,
            160.25251917740547,
            294.26303089500135,
            227.30834321602092,
            -92.80046298840153,
            -479.4587044766044,
            -95.74287301617267,
            29.83543841864296,
            -22.113464117082547,
            -99.06756561848123,
            -286.75668807228493,
            -345.7596295195765,
            -148.77775075720965
        ],
        [
            -194.94667509749618,
            144.97605837714968,
            -64.17413387706974,
            -317.85624150829983,
            -328.98044334381245,
            268.83798728492104,
            -501.19272738206047,
            213.95568292882635,
            -186.57421289733674,
            260.46945200858056,
            -41.565990951359474,
            213.30699651012287,
            -117.31097255595999,
            -157.15049521451687,
            57.18327574307473,
            224.08721755828142,
            -216.5065479599733,
            -439.113623516773,
            -460.35263769283637,
            -408.1932619655489,
            65.30568511216462,
            -408.0773904768547,
            -194.54977167744659,
            237.75732293645572,
            152.43930045044257,
            30.32743736463886,
            -457.6793145753626,
            -158.9542098445461,
            162.3127073032635,
            278.46965836927933
        ],
        [
            -260.93168977830857,
            194.0346299015404,
            262.40355638792767,
            154.52428950737252,
            -118.10368988025935,
            -218.73570022939643,
            245.44849265703505,
            321.99142802061453,
            -214.9074652089163,
            -183.0572807680326,
            -215.45943436820124,
            -364.37028909799596,
            31.3513702850129,
            -217.87734150270234,
            -211.37509242254615,
            -204.15005411575342,
            -466.8308003484102,
            302.791196227476,
            272.086841552247,
            28.580655114887346,
            128.26283924808283,
            -534.575568421178,
            -529.3254636864561,
            -136.93632317751135,
            262.47617672109436,
            157.47828167349542,
            -252.57221863694502,
            -124.56058082561862,
            -126.25509414552221,
            83.88307609644744
        ],
        [
            -211.42296090645917,
            144.28610059174468,
            42.693479541642155,
            -445.68743402423803,
            66.80831662380453,
            46.95584403402888,
            -450.9938751631275,
            359.30369110916035,
            -193.66814689055397,
            368.1870951217594,
            -235.08968566926995,
            -191.78501133539444,
            384.9873569004998,
            339.87020043791745,
            145.60479092769995,
            -406.2156394644963,
            207.31657909386917,
            278.9557574560053,
            331.5807427769456,
            -531.6090398431421,
            -142.3910245662199,
            379.73991558437655,
            -390.81142262036616,
            -95.78015509787795,
            151.61577834247683,
            -205.82498055336345,
            328.624431478649,
            59.57323243968152,
            226.3279495208265,
            232.74652870505577
        ]
    ]
}