nu,mmd_rff_t_stat,mmd_rff_p_value,mmd_rff_paired_cohens_d
2.1,-1.6730084394702334,0.10508117786972877,-0.30544815373145434
3.0,-0.36838840965648023,0.7152592421441584,-0.06725821396410273
4.0,-4.393466976326623,0.000136241462270432,-0.8021336561960357
5.0,-4.896345208498432,3.38353765598986e-05,-0.8939462400089757
30.0,-21.30762311522224,2.930198659803207e-19,-3.890221942341906
