nu,ws_t_stat,ws_p_value,ws_paired_cohens_d
2.1,-20.149418111676464,1.341759366792382e-18,-3.6787636067894494
3.0,-15.754988599325696,9.401379381522966e-16,-2.8764542163624682
4.0,-15.91981255665402,7.165809049232891e-16,-2.9065468161777988
5.0,-16.50750203825527,2.770982290210357e-16,-3.0138437448049733
30.0,-18.089923642624978,2.4468655287202807e-17,-3.3027530808705743
