run_id,circle_radius,sampler,wasserstein_distance,mmd_rff,r_hat,ess,runtime
3,4,HMC,0.08216163662887098,0.025623524162096335,1.0071175761111875,1166.3192953083767,19.980467081069946
3,6,HMC,0.19705008082787104,0.031731113461920805,1.0117530912197503,261.01090138042684,16.818026542663574
3,8,HMC,0.6750554960240597,0.05514885387212172,1.2286234292007572,13.205980816182713,17.63887882232666
3,10,HMC,1.1098711356233755,0.104361338128904,1.8726942386570924,5.789160620135531,19.809759378433228
3,12,HMC,3.7330829349813843,0.2260856488286704,2.118015772884746,5.236683896695269,13.185827493667603
