{
    "sampler": "DEMetro_Z",
    "value": 4,
    "means_array": [
        [
            0.0,
            0.0,
            0.0,
            0.0,
            0.0,
            0.0,
            0.0,
            0.0,
            0.0,
            0.0,
            0.0,
            0.0,
            0.0,
            0.0,
            0.0,
            0.0,
            0.0,
            0.0,
            0.0,
            0.0,
            0.0,
            0.0,
            0.0,
            0.0,
            0.0,
            0.0,
            0.0,
            0.0,
            0.0,
            0.0
        ],
        [
            13.0,
            0.0,
            0.0,
            0.0,
            0.0,
            0.0,
            0.0,
            0.0,
            0.0,
            0.0,
            0.0,
            0.0,
            0.0,
            0.0,
            0.0,
            0.0,
            0.0,
            0.0,
            0.0,
            0.0,
            0.0,
            0.0,
            0.0,
            0.0,
            0.0,
            0.0,
            0.0,
            0.0,
            0.0,
            0.0
        ]
    ],
    "case": "Warmup Samples",
    "dim": 30,
    "samples": [
        [
            -12.163259751598245,
            -16.647340667714428,
            10.224817150577328,
            -26.035958231508058,
            -26.221075589405487,
            -27.57505827925771,
            18.197898961838757,
            -28.310184154410543,
            4.772536263864292,
            27.02860358282326,
            7.51553299313068,
            -19.88563209170066,
            2.1438423722015547,
            13.739900920942782,
            -3.670440541213127,
            -9.144769339316088,
            -12.49665547870128,
            -13.612780961789854,
            -2.1583060409930703,
            20.601016116267225,
            25.673601354658953,
            26.92080479866113,
            -17.386061950458547,
            9.265195616688503,
            -26.154414653346052,
            6.05951259862229,
            -14.780353077486568,
            13.184349562723227,
            -0.31722964540157034,
            -2.926865926670858
        ],
        [
            10.154375198211879,
            -22.69126380041039,
            -14.48913011887881,
            19.71027997619009,
            16.22903042827564,
            -4.539451247632651,
            -2.3298242254709542,
            -2.280816034762683,
            -23.16687108225519,
            26.634642968536827,
            -20.06973675368698,
            -21.334228791597134,
            4.101998601399535,
            -24.23530349934044,
            15.934751164467729,
            5.9304644003657145,
            0.6933063447606532,
            25.904056352130898,
            8.234766263055326,
            -7.547497587205204,
            -0.27336153222442683,
            -23.00948844697227,
            -26.583560678061428,
            8.856765352930367,
            -8.647950884628294,
            17.9811090619085,
            2.0776854400481164,
            20.312668778299937,
            7.647405837644643,
            -20.161398297187404
        ],
        [
            24.984599174613077,
            18.06747983136081,
            1.7122455622257005,
            10.46051726250337,
            -6.060500578114319,
            -2.6900648465425845,
            4.742201776941825,
            -0.4285118059269779,
            26.78106378722268,
            -29.76925347984382,
            13.294747324336969,
            -7.670158172517485,
            -11.891453051442928,
            10.052951082210162,
            7.0814784799313655,
            -19.70812300744462,
            0.7832860689126954,
            10.053199888282537,
            -2.177953964816158,
            -17.186799103233934,
            19.902820392146786,
            -20.40305593636632,
            -10.815942189570364,
            -7.072663765076929,
            25.078362599534117,
            -18.74392795019819,
            29.123461038847505,
            29.00649849234537,
            18.65936243051761,
            6.2196138828262315
        ],
        [
            -15.83140348255657,
            -26.987266946413797,
            0.8840713564248909,
            23.221458023730634,
            4.862473148721066,
            -24.987693996968883,
            11.38038175266964,
            -0.6692713706510752,
            7.3113342897569344,
            13.511504338499728,
            24.431427069923423,
            -17.800761388910516,
            -11.157096054047665,
            22.428177212574766,
            23.68320406563215,
            -9.349769594294585,
            -12.833355799832129,
            -16.29596854620913,
            17.657354583994504,
            -13.40416575171676,
            12.135576292646185,
            0.9860944324144868,
            1.1031478522815774,
            10.850887856306029,
            -26.81810915204836,
            10.30449960385823,
            25.785657687272824,
            -6.021772180105325,
            2.3789272018759666,
            -22.774249657227486
        ]
    ]
}