{
    "sampler": "HMC",
    "value": 1,
    "means_array": [
        0
    ],
    "case": "Posterior Samples",
    "dim": 1,
    "samples": [
        0.9053059511710191,
        1.482348539122303,
        0.9285079503568856,
        0.30590229244940875,
        0.07395800380576739,
        -0.2723361161326511
    ]
}