{
    "sampler": "DEMetro",
    "value": 1,
    "means_array": [
        0
    ],
    "case": "Posterior Samples",
    "dim": 1,
    "samples": [
        -0.12124418912313467,
        -0.47512383725254603,
        0.09307706564656307,
        3.1866460267957564
    ]
}