mu,global_avg_wasserstein_distance,global_avg_swd_zscore,global_avg_r_hat,global_avg_ess,global_avg_runtime,global_avg_wasserstein_distance_std,global_avg_swd_zscore_std,global_avg_r_hat_std,global_avg_ess_std,global_avg_runtime_std
2,0.02707541190561672,0.9646976890922145,1.004447352918659,2324.239250861121,5.722728204727173,0.009412587613241371,1.6431566761688252,0.0023271684825029015,154.1874773151705,1.4189680593331793
3,0.02535932555831294,0.9273410786965084,1.0044471972219278,2324.239250861121,6.016584992408752,0.00969650995584618,1.403748301339213,0.0023272774135543466,154.1874773151705,2.243067350414971
4,0.025008197524674404,2.4854743902407312,1.0044471972219278,2324.239250861121,5.891171669960022,0.007510127271988632,1.7822152326418694,0.0023272774135543466,154.1874773151705,2.9256962916832987
