mu,global_avg_wasserstein_distance,global_avg_swd_zscore,global_avg_r_hat,global_avg_ess,global_avg_runtime,global_avg_wasserstein_distance_std,global_avg_swd_zscore_std,global_avg_r_hat_std,global_avg_ess_std,global_avg_runtime_std
2,0.021860982505717812,0.05441405265609843,1.0016658923094393,4329.5439966333815,7.7836318731307985,0.0036259958105488476,0.632990572696703,0.000797792237702174,178.63366540273068,3.0921467971175858
3,0.022087189890947857,0.45363921011379943,1.0016659584309477,4329.5439966333815,8.45958116054535,0.011981861213561321,1.734594962724514,0.0007980066548647387,178.63366540273068,4.5332890289787695
4,0.02321309123759633,2.0594808413731363,1.0016656384813074,4329.5439966333815,7.811578392982483,0.0106818240987596,2.534885086730281,0.0007979139546627939,178.63366540273068,3.4270755295145228
