{
    "sampler": "HMC",
    "value": [
        0,
        0,
        0
    ],
    "means_array": [
        [
            0,
            0,
            0
        ]
    ],
    "case": "Warmup Samples",
    "dim": 3,
    "samples": [
        [
            0.08300906252300207,
            -0.3136164519272597,
            -0.22121163877325076
        ],
        [
            0.2917059553198787,
            -0.14669466152745872,
            0.5281483293397526
        ],
        [
            -0.5747588315287597,
            -0.7768718749970873,
            0.06500502778023959
        ],
        [
            -0.822918316754626,
            -1.3601734355840913,
            -1.1058082506169027
        ]
    ]
}