run_id,mu,sampler,wasserstein_distance,mmd_rff,r_hat,ess,runtime
67,"(0, 0, 0, 0, 0)",HMC,0.05346293490041769,0.03196291187358841,1.0044222708400885,588.8319116852258,2.1465518474578857
