run_id,mu,sampler,wasserstein_distance,mmd_rff,r_hat,ess,runtime
67,"(0, 0, 0, 0, 0)",SMC,0.027256840214613547,0.01880820834957372,1.000447799542435,3843.964274634039,2.235168933868408
