{
    "sampler": "HMC",
    "value": 10,
    "means_array": [
        [
            0.0,
            0.0,
            0.0,
            0.0,
            0.0,
            0.0,
            0.0,
            0.0,
            0.0,
            0.0
        ]
    ],
    "case": "Warmup Samples",
    "dim": 10,
    "samples": [
        [
            88.62815550955108,
            -43.15733527880552,
            24.659542236115268,
            86.01657335531097,
            105.56575899353139,
            -25.54848716027834,
            55.41891776928842,
            -59.750073793665834,
            -67.0070080842853,
            -0.7759064388804815
        ],
        [
            -8.807285633934521,
            45.555274264328546,
            -5.032686308091948,
            -36.87382490597302,
            25.06995707626593,
            9.106993486842144,
            19.309193767643947,
            52.78864052272996,
            126.89453761342716,
            -62.040344242460904
        ],
        [
            -20.430187192446684,
            -72.77051961882945,
            49.71548085635541,
            -83.05305171546793,
            63.74246417641915,
            43.59207266641841,
            -55.22236220555055,
            18.974828286067343,
            -68.88190267535245,
            -77.69542417511552
        ],
        [
            -61.815875818799576,
            -72.5824328390008,
            81.09086481440525,
            7.9219784339925425,
            24.05178988837965,
            -35.03403589307134,
            -67.75601827432172,
            -83.51937842548315,
            -10.027474322096683,
            57.03127051381947
        ]
    ]
}