{
    "sampler": "DEMetro_Z",
    "value": 10,
    "means_array": [
        [
            0.0,
            0.0,
            0.0,
            0.0,
            0.0,
            0.0,
            0.0,
            0.0,
            0.0,
            0.0
        ],
        [
            0.10579486502910883,
            1.024582726216217,
            -1.0013988640772675,
            1.5711541140914302,
            -0.9211607464250162,
            3.1119621749567457,
            1.8725731240883297,
            -4.969899460071508,
            -4.323882173999875,
            -1.425650464330038
        ]
    ],
    "case": "Posterior Samples",
    "dim": 10,
    "samples": [
        [
            -1.7020618345062417,
            -1.449165484821315,
            4.187103980278193,
            -18.853940828556052,
            -0.1635558816268106,
            -6.51381429316951,
            7.9657023596262615,
            17.894790644954927,
            2.990942266891051,
            6.708831711252765
        ],
        [
            -11.693223725132563,
            -12.487636276987788,
            12.541087066368537,
            7.992213697099629,
            10.307448812182376,
            -11.526439649359098,
            0.7138344084632977,
            0.07878094532887348,
            18.517670061490477,
            5.419919766949677
        ],
        [
            -7.884539353385484,
            14.506028372476417,
            9.80318457117545,
            -22.94893428555542,
            11.780276076575724,
            -0.6112886611578535,
            24.678570335355772,
            -19.826173806676778,
            -3.0423884418352602,
            -7.504120474716961
        ],
        [
            -3.088970028967429,
            6.5071783549692315,
            6.147944798008604,
            6.133565460726651,
            19.37433077136706,
            8.98203987726895,
            10.04884591534238,
            -18.81378646627028,
            -4.359550003235519,
            6.126494746973188
        ]
    ]
}