{
    "sampler": "HMC",
    "value": 0.0,
    "means_array": [
        [
            0.0,
            0.0,
            0.0,
            0.0,
            0.0,
            0.0,
            0.0,
            0.0,
            0.0,
            0.0,
            0.0,
            0.0,
            0.0,
            0.0,
            0.0,
            0.0,
            0.0,
            0.0,
            0.0,
            0.0,
            0.0,
            0.0,
            0.0,
            0.0,
            0.0,
            0.0,
            0.0,
            0.0,
            0.0,
            0.0
        ]
    ],
    "case": "Warmup Samples",
    "dim": 30,
    "samples": [
        [
            62.681423184368875,
            -45.25333568686092,
            -75.71922345603372,
            99.43084779572902,
            -21.257184547885117,
            4.02403683927868,
            75.37675654755192,
            99.45273869470091,
            88.74788106286235,
            94.25642834024836,
            59.839389525987436,
            3.5511589287029754,
            86.3142630378426,
            -66.9938049856588,
            76.34822858345572,
            23.125036018227128,
            32.87104066635174,
            -71.51159824082879,
            87.52554083697032,
            98.5647097967675,
            74.41235123029567,
            -32.99528226716611,
            15.351337154722765,
            -28.013423819885624,
            76.13017807577113,
            -63.01043875920871,
            -79.08664619030786,
            -10.796597916365153,
            25.174368332259963,
            29.650231243106475
        ],
        [
            -42.953483323996906,
            -68.7686021509801,
            80.56999661448475,
            26.588555079782413,
            -79.54346777419062,
            2.56534850013406,
            -74.06670780718576,
            50.17666832194553,
            -92.36390275628013,
            59.92896219676229,
            -77.49477611428843,
            63.33996871505339,
            8.372344127623805,
            -54.38421082497236,
            -0.6592510179418857,
            -12.735711669110941,
            -35.636007481821274,
            -88.92774236401911,
            -28.978293634436668,
            57.50662458809781,
            -79.09079584221189,
            -70.43279896930092,
            38.22089121896324,
            -68.22446334770953,
            60.093004598884825,
            -5.6508212540139064,
            -42.201573433830426,
            79.71475047667613,
            -46.15078509426264,
            15.028119101777266
        ],
        [
            0.015683849532733295,
            -46.194823002229455,
            -8.343481015033019,
            -31.686972914058156,
            -81.24443914400996,
            74.76806464668638,
            80.64881863889916,
            -54.60997958451902,
            -30.839588448435926,
            40.78373460466082,
            -32.348681877825506,
            -112.12298190777072,
            4.686798287525406,
            -26.913482058700858,
            48.27646270645988,
            -104.96041719851628,
            9.449058231182791,
            19.532933666050138,
            12.19461223632595,
            -101.54362194858489,
            -16.213108213257744,
            -5.748155444824395,
            76.91039082233897,
            -9.479452710054678,
            8.231223273434573,
            57.17925366906386,
            -1.6894357726665592,
            5.741570739261542,
            98.42471194985123,
            69.717348515414
        ],
        [
            -55.16227604984238,
            -48.51857415642859,
            -86.17008946491242,
            -80.5331238036734,
            -3.1864779086103474,
            42.44443128144983,
            -86.48660095497736,
            5.529747109350054,
            2.05084207309331,
            -93.83659513944424,
            109.64936067270952,
            -51.660442261549726,
            -59.09299085373765,
            23.587886498127364,
            40.395623050986934,
            85.96803265901106,
            54.165303829401765,
            -2.2396305317214646,
            -54.28181246204279,
            -82.83395108948159,
            70.12903486850719,
            -20.045300340557148,
            -64.08562273357039,
            -10.913469637071325,
            61.23572975214374,
            84.49450015819136,
            42.760588826712215,
            75.19234556767915,
            29.23982596371714,
            -2.304260557382883
        ]
    ]
}