run_id,mu,sampler,wasserstein_distance,mmd_rff,r_hat,ess,runtime
43,"(0, 0, 0, 0, 0)",Metro,0.036919561072626284,0.031657282354697655,1.0111923047642104,259.8290302123406,1.295217514038086
