run_id,circle_modes,sampler,wasserstein_distance,mmd_rff,r_hat,ess,runtime
3,4,SMC,0.20909590878129083,0.02195999409040774,1.000468572619835,3608.9146467878213,15.185101509094238
3,6,SMC,0.1401849560662157,0.02245038370270302,1.0000929075027398,3702.0383081598516,7.6742942333221436
3,8,SMC,0.1451794188406918,0.02026545987086318,1.0005797445320355,3526.236406641368,15.978894710540771
3,10,SMC,0.13889563018823825,0.023596729256479914,1.0003618842405357,3706.953799025165,12.795623540878296
3,12,SMC,0.13909908443273913,0.019962695919790968,1.0010947130033034,3796.2686606621683,10.424033880233765
