run_id,mu,sampler,wasserstein_distance,mmd_rff,r_hat,ess,runtime
59,"(0, 0, 0, 0, 0)",HMC,0.024277421248687602,0.020860611058593402,1.0015538731760127,1872.1439198666126,1.7979490756988525
