run_id,mu,sampler,wasserstein_distance,mmd_rff,r_hat,ess,runtime
59,"(0, 0, 0, 0, 0)",SMC,0.03206877784104471,0.023631826863394642,1.0006423364963153,3680.9591561636025,3.527238130569458
