{
    "sampler": "Metro",
    "value": 30,
    "means_array": [
        0
    ],
    "case": "Posterior Samples",
    "dim": 1,
    "samples": [
        0.26933924619869637,
        0.7264799613803208,
        -0.31013452534029434,
        -0.018699915886490504
    ]
}