run_id,mu,sampler,wasserstein_distance,mmd_rff,swd_zscore,r_hat,ess,runtime
17,0,HMC,0.21014021092251964,0.022522987191003988,0.14260346818533237,1.0249777761276901,473.8676992698075,4.61728310585022
17,3,HMC,0.6243897623844392,0.03281516545017802,11.601035151631129,1.0014324824328695,984.6407286838772,4.035171031951904
17,6,HMC,0.22142848130640763,0.028361776591037082,0.8937191339783676,1.0055774265044328,942.4082894047857,4.180588960647583
17,10,HMC,0.1877560136391504,0.011049729397655843,0.004554091313049958,1.0041894933787086,1118.2024491539407,4.448880910873413
