{
    "sampler": "HMC",
    "value": [
        0.0,
        0.0,
        0.0,
        -5.059644
    ],
    "means_array": [
        [
            0.0,
            0.0,
            0.0,
            -5.059644
        ],
        [
            -3.810317,
            2.528724,
            1.756997,
            1.264911
        ],
        [
            -0.181444,
            -4.600403,
            1.674328,
            1.264911
        ],
        [
            -0.181444,
            -0.035591,
            -4.895489,
            1.264911
        ],
        [
            4.173205,
            2.10727,
            1.464164,
            1.264911
        ]
    ],
    "case": "Posterior Samples",
    "dim": 4,
    "samples": [
        [
            0.24521613293325428,
            -2.480043646434921,
            1.5837389282340613,
            2.561556181995085
        ],
        [
            -0.8042634968018632,
            -1.17148009548369,
            -1.7319534844877011,
            2.6550706914095574
        ],
        [
            -0.10405935980899839,
            0.9396437357404634,
            -4.932129214272898,
            1.1816951004289002
        ],
        [
            1.871208987981484,
            -4.891191073589311,
            1.5317344387390466,
            1.0285552425251685
        ]
    ]
}