mu,ws_t_stat,ws_p_value,ws_paired_cohens_d
"(-16, 0, 0, 0)",12.181641446238848,6.284553487935981e-13,2.224053269181624
