{
    "sampler": "Metro",
    "value": 5,
    "means_array": [
        [
            0.0,
            0.0,
            0.0,
            0.0,
            0.0
        ]
    ],
    "case": "Posterior Samples",
    "dim": 5,
    "samples": [
        [
            -1.349694654821098,
            -0.6099899315825126,
            -0.06585546643321333,
            -1.3114286164002071,
            0.16119849778173423
        ],
        [
            0.40525981977985137,
            0.005662803775510983,
            1.6547020988087877,
            -0.8370376355188887,
            -0.48373976029923776
        ],
        [
            -0.8171830086799687,
            0.9873673893372354,
            0.8629109379889287,
            1.478377412746982,
            0.1982642787991924
        ],
        [
            1.6191174243414324,
            -0.5376211616781026,
            5.2260237951938535,
            1.122969732877257,
            0.9308891456407385
        ]
    ]
}