{
    "sampler": "HMC",
    "value": 0.3,
    "means_array": [
        [
            0.0,
            0.0,
            0.0,
            0.0,
            0.0,
            0.0,
            0.0,
            0.0,
            0.0,
            0.0,
            0.0,
            0.0,
            0.0,
            0.0,
            0.0,
            0.0,
            0.0,
            0.0,
            0.0,
            0.0,
            0.0,
            0.0,
            0.0,
            0.0,
            0.0,
            0.0,
            0.0,
            0.0,
            0.0,
            0.0
        ]
    ],
    "case": "Warmup Samples",
    "dim": 30,
    "samples": [
        [
            -0.05012326341139931,
            -56.451105546238445,
            -16.613005955149188,
            123.91788117107062,
            -21.678026389073175,
            91.89689170607812,
            52.15143630483249,
            88.92423506457511,
            50.46976449590534,
            -83.26789675294634,
            94.91155493973729,
            105.55427199402216,
            79.30023581040186,
            23.915663817578974,
            41.09465698288141,
            -62.30912743554226,
            -12.25568875030421,
            -9.044005480533677,
            -83.42633461089129,
            16.01115562426931,
            -69.53192915268902,
            -69.67518564703633,
            -13.152184341392331,
            -38.30213216267273,
            -69.24493918325189,
            28.90217942750816,
            -40.38807843663209,
            -2.338776885247894,
            50.058088386964656,
            73.92248878213931
        ],
        [
            -7.325773163293825,
            -56.237381925570126,
            -62.367336664148446,
            31.490151217119134,
            11.571637125418901,
            -44.10565211567363,
            43.93057265933366,
            29.770323707570657,
            -73.32621060615008,
            0.568593884117932,
            63.167017974242334,
            -48.57139190542218,
            -91.15249657620372,
            53.47205930496934,
            74.64571388506872,
            27.553865026838743,
            -8.117266072215545,
            -26.239180616367392,
            -24.84182329401018,
            -71.46083937080476,
            16.153832233623838,
            102.52784596552023,
            103.56989955173859,
            -93.65509429451743,
            -62.04548203207661,
            72.26520032118373,
            23.54327842660034,
            26.171487304963467,
            -61.190791314609,
            72.75722109817981
        ],
        [
            -3.863857052858735,
            80.67648016750621,
            31.659439932798588,
            85.29716135365196,
            27.789926978995336,
            17.125783096308076,
            -31.807260691971162,
            73.01966635979774,
            -29.2469632119524,
            37.70488142007701,
            -107.4078190084278,
            70.21255326815874,
            -1.40345337818336,
            11.931039351356748,
            -24.517003888234534,
            -49.63141962126823,
            104.81948873833683,
            -41.42840486573152,
            20.977106709454343,
            48.584938144585024,
            -72.11425493660289,
            68.97748879584775,
            111.35485822315701,
            -32.74121872355678,
            -35.02775279263294,
            -95.66388829480962,
            -65.88111261857155,
            -90.53036094389513,
            42.21319786887959,
            61.56304015541933
        ],
        [
            -48.38787769567468,
            99.90426504648032,
            74.44584348258331,
            92.27353509344856,
            7.606087109108239,
            -25.223473699085304,
            78.64976326377958,
            -16.59012112142958,
            -13.470389878538214,
            -65.1339157715775,
            -82.36595158063948,
            19.656588235857637,
            22.08059971893866,
            4.146205130454688,
            9.061888962531782,
            26.70278860807711,
            106.94534955219095,
            -42.94633934955114,
            74.13899710504698,
            -54.01203259955871,
            53.06523015555162,
            43.310549418431464,
            98.89956298340715,
            -65.87137020093928,
            5.099256288668558,
            -43.047660884961765,
            67.46891911993826,
            26.42528227208764,
            -7.3412014565356625,
            101.62578828337142
        ]
    ]
}