{
    "run_id": 1,
    "case": "multimodal",
    "dim": 2,
    "means_array": [
        [
            0.0,
            0.0
        ],
        [
            13.0,
            0.0
        ]
    ],
    "min_mode": [
        0.0,
        0.0
    ],
    "max_mode": [
        13.0,
        0.0
    ],
    "border": [
        20.024636995543144,
        20.0
    ],
    "low": [
        -23.2664498504388,
        -30.258898376251523
    ],
    "high": [
        36.80746113619063,
        29.741101623748477
    ],
    "samples": [
        {
            "posterior": [
                -3.7948519794292572,
                -21.326051723358187
            ]
        },
        {
            "posterior": [
                -3.3740430712779634,
                -26.90914028776151
            ]
        },
        {
            "posterior": [
                9.042354078200685,
                -20.388548856984322
            ]
        },
        {
            "posterior": [
                6.556755361521706,
                -3.325637299813689
            ]
        }
    ]
}