{
    "sampler": "Metro",
    "value": 0.95,
    "means_array": [
        [
            0.0,
            0.0
        ]
    ],
    "case": "Posterior Samples",
    "dim": 2,
    "samples": [
        [
            1.5038621508571417,
            1.3689530663292877
        ],
        [
            0.1628801922328152,
            0.19614364063944645
        ],
        [
            0.08981995699147838,
            -0.09308473167897258
        ],
        [
            -0.518429523502713,
            0.03172183781326621
        ]
    ]
}