{
    "sampler": "HMC",
    "value": [
        0,
        0
    ],
    "means_array": [
        [
            0,
            0
        ]
    ],
    "case": "Warmup Samples",
    "dim": 2,
    "samples": [
        [
            0.9784076129496279,
            1.7480430842077535
        ],
        [
            0.5316325602429061,
            -0.5659485125180846
        ],
        [
            0.7749580579263402,
            0.3733776304395043
        ],
        [
            -1.4681122937837188,
            0.8521561506486793
        ]
    ]
}