b,global_avg_wasserstein_distance,global_avg_mmd_rff,global_avg_swd_zscore,global_avg_r_hat,global_avg_ess,global_avg_runtime,global_avg_wasserstein_distance_std,global_avg_mmd_rff_std,global_avg_swd_zscore_std,global_avg_r_hat_std,global_avg_ess_std,global_avg_runtime_std,ws_dist_cohens_d,ws_dist_glass_delta,mmd_rff_cohens_d,mmd_rff_glass_delta
0.5,0.03540290520364725,0.01775852893743661,1.8368572400888834,1.0032526581103105,1307.4538535919087,0.9522576689720154,0.013884901071276847,0.009243114711507216,1.9617379469017604,0.0015509347913485853,123.23671558387811,0.1301049742863255,1.1797513271023483,1.8368572400888838,1.0504116446157619,1.6228155815298244
1.0,0.0718100543389438,0.020425430795056446,2.3179540981734497,1.0034593422882918,1268.8590366961344,0.9616543889045716,0.029508751438113354,0.006562981826233616,2.325736425829603,0.00148553805377515,164.56033891801007,0.14117004206981093,1.2948605574403207,2.317954098173451,0.8772829512802093,0.9614473677127797
2.0,0.15049147822175452,0.024306151870089356,1.806788474875328,1.0038786399210078,1316.4911488286705,0.9585822939872741,0.05447442904393498,0.006713889477881057,1.7035995754011999,0.0018971196491162298,168.85569362384717,0.10824814741686115,1.2934947805238604,1.806788474875327,0.7213048728634456,0.7361937563308719
5.0,0.3116833521353545,0.02272729854917173,0.6598611012002757,1.003080291637176,1341.369447551319,0.9488126397132873,0.10772094846403421,0.004132476177802861,1.280548233063702,0.0011612172837910109,142.5118566258885,0.08013015679993245,0.5743567142163448,0.6598611012002757,0.09381101852004745,0.08465216855282957
