{
    "sampler": "DEMetro_Z",
    "value": 20,
    "means_array": [
        [
            0.0,
            0.0,
            0.0,
            0.0,
            0.0,
            0.0,
            0.0,
            0.0,
            0.0,
            0.0,
            0.0,
            0.0,
            0.0,
            0.0,
            0.0,
            0.0,
            0.0,
            0.0,
            0.0,
            0.0
        ]
    ],
    "case": "Posterior Samples",
    "dim": 20,
    "samples": [
        [
            -5.412464797872388,
            -6.136387231508401,
            0.6727042674827794,
            1.245964936322384,
            1.1698825857109851,
            -2.3058754613111083,
            0.958165144825061,
            0.5508577726504746,
            4.598206647604714,
            3.873008570132475,
            5.597124557520475,
            -8.119203483365116,
            -0.8528630749773581,
            -4.593035454986199,
            2.0478257527765016,
            -8.712937976438814,
            7.073941788328312,
            -7.765647031379095,
            1.4857729163038518,
            -5.679341527304158
        ],
        [
            -0.5722414312476373,
            3.303883197577687,
            -2.0509684670249673,
            3.1421225415162044,
            -5.102127455468896,
            0.040632741396159425,
            -0.3186852263394985,
            -0.6490512924292717,
            5.522769100426523,
            3.0950830510834746,
            0.8206557847586089,
            2.056093905385917,
            -0.9639355448158979,
            1.1342512130891687,
            -4.363120539404724,
            0.5350328802160655,
            -5.978400390030612,
            -5.4916740823064805,
            -3.0214725541155993,
            -7.519598598873093
        ],
        [
            1.3910948646993289,
            -4.90656742109228,
            4.16472993847259,
            0.9986569398549037,
            -3.8247051655983526,
            0.8010259891934464,
            -2.3003178783690594,
            4.102212887558172,
            -0.13735295176926807,
            -1.3790189460864024,
            5.050399520487554,
            -3.776182881373461,
            -3.7223934930238896,
            2.53432415610778,
            -3.9765129869267852,
            -0.29420675952373504,
            6.78038491422325,
            1.8593764034476918,
            -1.1366943439757968,
            -3.947501100705297
        ],
        [
            -0.35429539942395244,
            -0.501163454836233,
            2.5344163108652196,
            -3.8310972810797206,
            0.5880018747687976,
            6.158426351612832,
            2.8666400608652,
            -1.0791394972202533,
            2.1187959531733696,
            -0.724967515977502,
            1.502812534509783,
            4.730727732601358,
            0.2959977174108401,
            -4.204972819714373,
            -4.401950950701622,
            -0.7778756267018765,
            5.187778043965046,
            2.749051747930772,
            4.830014156366048,
            -2.163639085917325
        ]
    ]
}