{
    "sampler": "HMC",
    "value": 2,
    "means_array": [
        0
    ],
    "case": "Posterior Samples",
    "dim": 1,
    "samples": [
        0.423421522776057,
        0.7099915483651852,
        2.0253809449528855,
        0.2711005136644084
    ]
}