{
    "sampler": "DEMetro_Z",
    "value": 0.99,
    "means_array": [
        [
            0.0,
            0.0,
            0.0,
            0.0,
            0.0,
            0.0,
            0.0,
            0.0,
            0.0,
            0.0,
            0.0,
            0.0,
            0.0,
            0.0,
            0.0,
            0.0,
            0.0,
            0.0,
            0.0,
            0.0,
            0.0,
            0.0,
            0.0,
            0.0,
            0.0,
            0.0,
            0.0,
            0.0,
            0.0,
            0.0
        ]
    ],
    "case": "Warmup Samples",
    "dim": 30,
    "samples": [
        [
            53.536745783141804,
            -11.595449310134478,
            -87.57405736413011,
            -58.431576927726475,
            22.412669412548702,
            -17.323973109323706,
            -26.366392970586134,
            -4.507760834911508,
            49.30400872840459,
            -3.4073115900834465,
            45.61685121244271,
            13.77891827449559,
            60.29432090089149,
            -7.525517846662899,
            88.61615381285822,
            98.53090369098018,
            73.25639228987988,
            -73.05708646559175,
            19.697386593775878,
            -67.48974535044277,
            7.533772165907379,
            -48.53369315331775,
            60.80185320865218,
            -19.511251481681903,
            45.53912575850066,
            -81.05553225867042,
            -77.24049561548946,
            -98.48356160604348,
            10.459727415325629,
            -38.39265967329931
        ],
        [
            -4.1308129987341715,
            95.8141812473896,
            35.6790359506839,
            81.38722770079704,
            -52.195531297131545,
            -27.556703760669876,
            30.425631176701216,
            -52.61185518625746,
            -35.26956309453078,
            -41.619034353827985,
            -43.36922756019641,
            -21.999079336847416,
            -60.17459678786323,
            -69.94921702765771,
            -71.7854460237605,
            -58.29999255766645,
            -20.791050702780666,
            42.83739813563258,
            44.58970620236775,
            98.60319356524752,
            75.40895203378977,
            -56.46201694893777,
            -71.27525996836232,
            49.2110146428204,
            -66.91150301228868,
            -76.89090620127637,
            -94.94670169670098,
            -0.13218835565844245,
            28.633669958222242,
            48.37147853682919
        ],
        [
            74.60879583915832,
            86.1955503527997,
            19.99272387487263,
            66.86194882788,
            11.1465197592678,
            -30.780350392708307,
            61.196254371912445,
            87.04830049318109,
            -7.047727245871773,
            -28.414099048551424,
            -56.04188977041172,
            -64.90376140028515,
            -64.12643198284718,
            -68.5103738169511,
            -33.65429661657258,
            -87.94968574605787,
            -8.757163108203901,
            -99.91588329274269,
            -12.67056529772097,
            -25.740259869826154,
            -95.5787789951964,
            -92.5833852304714,
            -72.45611028628892,
            -72.94033437449838,
            82.12441747759522,
            -82.03040560691488,
            47.97477472491216,
            -82.03847262430712,
            -87.6979653127903,
            91.96000164070063
        ],
        [
            -75.8519336421408,
            32.96674467661091,
            53.59357399976814,
            -48.99911681072311,
            27.91485171053548,
            52.90170341832967,
            97.61680781048844,
            55.75253732056271,
            90.16602814319567,
            -23.312389765492167,
            40.1490350026591,
            -45.46799141129748,
            -71.70291202461719,
            -59.11908394268424,
            25.3463500473283,
            43.948907709813525,
            73.17594037473145,
            -13.19026955798056,
            52.6252711330694,
            20.38933994381312,
            -82.61672423499006,
            -90.44593058845264,
            30.61214848156136,
            -42.75056380633561,
            -24.936142560567426,
            47.68740053594149,
            53.34852568928542,
            -52.99377169548901,
            27.91210503618613,
            60.9711270311836
        ]
    ]
}