{
    "sampler": "HMC",
    "value": 5,
    "means_array": [
        [
            0.0,
            0.0
        ],
        [
            5.0,
            0.0
        ]
    ],
    "case": "Posterior Samples",
    "dim": 2,
    "samples": [
        [
            6.249928116986364,
            1.0843476941716614
        ],
        [
            -0.17293307676840916,
            -0.9729179279404271
        ],
        [
            0.26338768306855503,
            0.6239618368803628
        ],
        [
            -0.5761944013725213,
            0.6639914112494605
        ]
    ]
}