{
    "sampler": "Metro",
    "value": 4,
    "means_array": [
        [
            -0.6244998059327167,
            0.0
        ],
        [
            0.6244998059327167,
            0.0
        ]
    ],
    "case": "Warmup Samples",
    "dim": 2,
    "samples": [
        [
            164.93291980202474,
            -22.947157496127165
        ],
        [
            152.48465645017498,
            57.31367364675866
        ],
        [
            -6.15576590739625,
            78.76632501000759
        ],
        [
            -90.9224839581489,
            -83.33242765635572
        ]
    ]
}