run_id,mu,sampler,wasserstein_distance,mmd_rff,r_hat,ess,runtime
36,"(10.0, 0.0)",Metro,5.1326622232681585,0.4105967349081416,1.4412635082365457,8.038078500874674,5.695520401000977
