{
    "sampler": "Metro",
    "value": 15,
    "means_array": [
        0,
        15
    ],
    "case": "Warmup Samples",
    "dim": 1,
    "samples": [
        8.1532593477495,
        1.4193603876657725,
        23.045135615959715,
        16.002263697986443
    ]
}