mm,var_rmse_t_stat,var_rmse_p_value,var_rmse_paired_cohens_d
5,0.7970085731266588,0.5090307027782277,0.46015311424111605
20,366.96514958808183,7.42583883387988e-06,211.86742789789034
