mm,mmd_rff_t_stat,mmd_rff_p_value,mmd_rff_paired_cohens_d
5,2.95158727665433,0.09817341339152685,1.704099708713052
20,54.48004938261352,0.0003367484456342618,31.454071176516024
