mm,mean_rmse_t_stat,mean_rmse_p_value,mean_rmse_paired_cohens_d
5,3.7645374025436107,0.06387635207423284,2.173456682732968
20,66.80991242556487,0.00022396093837283843,38.572720923435206
