mm,ws_t_stat,ws_p_value,ws_paired_cohens_d
5,-0.5868041817549183,0.6167492793203289,-0.3387915522978002
20,-3.573784786883226,0.07015692279890554,-2.06332560873282
