mm,mmd_rff_t_stat,mmd_rff_p_value,mmd_rff_paired_cohens_d
5,3.9064617096645686,0.059719127365796335,2.2553967196538047
20,54.065541020935555,0.0003419291307380516,31.214754662319898
