mm,mmd_rff_t_stat,mmd_rff_p_value,mmd_rff_paired_cohens_d
5,0.47920410623743837,0.679075043655579,0.2766686197329591
20,28.57522501044495,0.001222429360889424,16.49791385193452
