{
    "sampler": "Metro",
    "value": 0.3,
    "means_array": [
        [
            0.0,
            0.0
        ]
    ],
    "case": "Warmup Samples",
    "dim": 2,
    "samples": [
        [
            -111.04150383025438,
            -28.57909543353915
        ],
        [
            115.80468824138173,
            -37.70344050239971
        ],
        [
            -94.91234776301856,
            -62.05591625282309
        ],
        [
            133.58936275617708,
            63.30053555791641
        ]
    ]
}