run_id,mu,sampler,wasserstein_distance,mmd_rff,r_hat,ess,runtime
62,8,HMC,1.1598585314219025,0.16413591483353196,1.2869692281284184,10.574978252951832,1.3435640335083008
62,10,HMC,7.04074173404571,0.7531249752217135,1.0014736233999246,1732.4609335167268,1.622267246246338
62,12,HMC,5.289925470587018,0.4635567996839315,1.5310423555874872,7.201743946992731,1.3534448146820068
62,14,HMC,9.599009928586717,0.7595233000507031,1.0010333048138,1618.8997676473716,1.3224997520446777
62,16,HMC,0.7395645870375288,0.053215452776569735,1.5293021959247934,7.213475166666357,1.3446722030639648
62,18,HMC,3.503992805685067,0.214467248005845,1.7365630196187356,6.152420827192354,1.3156535625457764
62,20,HMC,0.9778711980520541,0.052131058689995805,1.5317147968151383,7.249677167853849,1.3053443431854248
62,22,HMC,4.360195957537181,0.20546965090260755,1.7329943095900344,6.151456424263777,1.3238155841827393
62,40,HMC,7.85144781202818,0.22151672967958627,1.7344576959365197,6.168514164664903,1.314756155014038
