run_id,mu,sampler,wasserstein_distance,mmd_rff,swd_zscore,r_hat,ess,runtime
5,0,HMC,0.36755640175102744,0.02334547853084378,2.4886347707268315,1.0126251238054103,568.2121376016304,4.590242385864258
5,3,HMC,0.2371012220041432,0.017276524961747718,1.7503499776723404,1.0073083824385716,874.739269514373,4.017566442489624
5,6,HMC,0.5564046926354322,0.026500051533030103,6.715408756898321,1.0021212027030726,917.0541918295545,4.136102914810181
5,10,HMC,0.31942316366842094,0.0147356385680121,1.895436730040221,1.0045465861897291,1232.0734791163413,4.051764726638794
