run_id,dimension_corr,sampler,wasserstein_distance,mmd_rff,r_hat,ess,runtime
18,2,HMC,0.022651520820989136,0.00852680883477479,1.0040461500392952,1138.4179473994122,1.9754581451416016
18,5,HMC,0.050909124640129935,0.023551954850651112,1.0055554150394943,684.0666936104384,2.1280879974365234
18,10,HMC,0.05999815808220779,0.025795986039708032,1.0093252543430105,442.26578822814514,2.2400379180908203
18,15,HMC,0.0284390205760196,0.022774839866195433,1.0264050451856845,215.42545352678238,2.4795098304748535
18,20,HMC,0.07934571195836465,0.028511341904848088,1.0129881576323072,277.148479928856,2.749969720840454
