run_id,mu,sampler,wasserstein_distance,mmd_rff,r_hat,ess,runtime
41,"(0, 0, 0, 0, 0)",HMC,0.02441844819422364,0.019028753085388955,1.0026342097872027,5603.226058409643,1.7204322814941406
