run_id,mu,sampler,wasserstein_distance,mmd_rff,r_hat,ess,runtime
70,8,Metro,0.4537048190224443,0.06305300909026763,1.197519594482538,14.873713223879813,1.060088872909546
70,10,Metro,2.8806832870332215,0.3335800483487285,1.5954543036340108,6.765058871025769,1.3988077640533447
70,12,Metro,5.352274289027286,0.484744678861085,1.5292880596913851,7.283722289286067,1.0876049995422363
70,14,Metro,6.15395628545901,0.463549446139764,1.5288728331827055,7.339100326318042,1.1151299476623535
70,16,Metro,3.3357712422412016,0.22042573967497278,1.739400042207913,6.139052465727981,1.4103028774261475
70,18,Metro,8.189998374390692,0.484484894106529,1.5304921605265396,7.233367174271731,1.094208002090454
70,20,Metro,6.0208193906738545,0.31753670400129264,1.0028069075899089,930.8285875691013,1.0652985572814941
70,22,Metro,4.664069292707322,0.22627196413510672,1.7381163153996386,6.140509000321107,1.1716811656951904
70,40,Metro,18.21181046353995,0.4622580464219975,1.5412087827303764,7.2358672937939605,1.0879795551300049
