{
    "sampler": "HMC",
    "value": 14,
    "means_array": [
        0,
        14
    ],
    "case": "Warmup Samples",
    "dim": 1,
    "samples": [
        -2.402287919126265,
        15.851663837568863,
        -0.39067010506673905,
        13.849416814261003
    ]
}