num_samples,sampler,wasserstein_distance,r_hat,ess,runtime
100,Metro,1.2015179204170443,1.673080680851354,9.420624154739267,1.4453494548797607
200,Metro,0.6974755145405604,1.545548198268394,8.049576980405833,1.446293592453003
300,Metro,0.7176712675159076,1.298918696883516,10.901091357045734,2.6637163162231445
