{
    "sampler": "HMC",
    "value": 12,
    "means_array": [
        0,
        12
    ],
    "case": "Warmup Samples",
    "dim": 1,
    "samples": [
        0.054924036354355055,
        12.165022643956435,
        10.267052276783563,
        5.575328402595583,
        7.561635397770341,
        -1.4338804233146398
    ]
}