{
    "sampler": "HMC",
    "value": 0.5,
    "means_array": [
        [
            0.0,
            0.0
        ]
    ],
    "case": "Warmup Samples",
    "dim": 2,
    "samples": [
        [
            8.94571394468041,
            24.36639190351856
        ],
        [
            25.148872781323835,
            7.223435493347686
        ],
        [
            16.475228461340937,
            15.470500176722991
        ],
        [
            2.6226138571610385,
            -9.45517401955248
        ]
    ]
}