run_id,dimension_corr,sampler,wasserstein_distance,mmd_rff,r_hat,ess,runtime
67,2,Metro,0.06050723503056171,0.04446447648563683,1.0196475561425666,110.54526303322483,1.4923317432403564
67,5,Metro,0.0637442609293175,0.06304333125822269,1.1681353700546993,18.49129185560502,1.3649225234985352
67,10,Metro,0.1652514723021145,0.0986666074584214,1.82768956358729,5.9316253385730375,1.6341195106506348
67,15,Metro,0.20349909024290455,0.05452235296703349,1.4030735241545997,8.422414323443443,1.9630186557769775
67,20,Metro,0.22515983645824872,0.062289363960174204,1.6356127506921312,6.607286184342597,2.577636957168579
