dimension,mmd_rff_t_stat,mmd_rff_p_value,mmd_rff_paired_cohens_d
2,-4.646418208632926,6.77063214966822e-05,-0.8483160214903328
5,-7.494034616621899,2.9291477790689444e-08,-1.3682172687494645
10,-9.843812608065642,9.421314472334531e-11,-1.7972260724304376
15,-12.352721599640713,4.4678908010813783e-13,-2.255288088901506
18,-16.021002429818452,6.07226873743754e-16,-2.925021474885548
30,-17.063608645375382,1.1562344172139078e-16,-3.1153744558374226
