run_id,nu,sampler,wasserstein_distance,swd_zscore,r_hat,ess,runtime
2,1,Metro,1.9749467235545226,-0.9152918489004964,1.044987054023398,69.91331407178892,2.0137016773223877
2,2,Metro,0.8229888892731271,12.422637966655689,1.118664931284623,23.925790933848134,2.4657371044158936
2,5,Metro,0.4035194448274261,7.638068579955332,1.0983545007178535,30.642880500695057,2.6093571186065674
2,10,Metro,0.49888525032580305,10.835438897988212,1.1208082284320868,24.320084394073763,3.0513274669647217
