{
    "run_id": 1,
    "case": "unimodal",
    "dim": 2,
    "low": [
        -31.048301873042558,
        -29.816419170962433
    ],
    "high": [
        32.3833939594205,
        30.183580829037567
    ],
    "means_array": [
        [
            0.0,
            0.0
        ]
    ],
    "samples": [
        {
            "posterior": [
                -29.191494169999046,
                12.288673740031264
            ]
        },
        {
            "posterior": [
                -26.021343873184776,
                12.275885734976711
            ]
        },
        {
            "posterior": [
                -28.342156649700428,
                24.225849757284003
            ]
        },
        {
            "posterior": [
                -7.115084441614627,
                -14.364011234065421
            ]
        }
    ]
}