run_id,alpha,sampler,wasserstein_distance,mmd_rff,r_hat,ess,runtime
21,0,Metro,0.05324962362544249,0.02619180813276633,1.0018673634840318,1642.2469490690285,1.06488037109375
21,2,Metro,0.03541460873723137,0.022730193851825134,1.0011029393923043,1722.6023217876943,1.2129974365234375
21,4,Metro,0.028544199817638963,0.01929047474646417,1.0013220389164208,1557.8487570914206,1.205195665359497
21,6,Metro,0.03278698309903436,0.023669678496594716,1.002868462300644,1358.8277492461505,1.199577808380127
21,8,Metro,0.015148091251589745,0.009656665123553171,1.002724956759669,1405.812144632222,1.204343318939209
21,10,Metro,0.03442822106682346,0.025380093770040777,1.000584464112003,1453.159537638329,1.181725263595581
21,80,Metro,0.029879851128976846,0.02191265052671458,1.0063762515977905,1143.4407856243738,1.2596378326416016
21,100,Metro,0.035049127977229255,0.02581135304909743,1.0043463442552427,1200.309877594188,1.519148588180542
