mm,mmd_rff_t_stat,mmd_rff_p_value,mmd_rff_paired_cohens_d
5,-1.0629839531358147,0.3105685920722418,-0.3068570357436076
8,1.7652180803202842,0.10523421651351347,0.5095745669256553
10,-0.6026708944852438,0.5589473030341685,-0.17397610158190405
12,1.0232908405410317,0.32814806628738646,0.29539862112282156
15,-0.4123099197056648,0.6880334791531808,-0.11902362156580928
18,-0.3072900573139313,0.764362028803342,-0.08870699865474688
