mm,ws_t_stat,ws_p_value,ws_paired_cohens_d
5,2.6032144870461726,0.024552849721470385,0.7514832924272207
8,2.062177885753515,0.0636259488232009,0.5952994787283427
10,1.698755097721321,0.11743616837491105,0.4903883564783269
12,-0.6380522075730359,0.536496227420908,-0.18418980689966363
15,0.08008657996113329,0.9376068641782151,0.023119004249518398
18,2.111349980544884,0.05843996333884888,0.6094942398105501
