mm,mmd_rff_t_stat,mmd_rff_p_value,mmd_rff_paired_cohens_d
5,5.392024597127335,0.0002193036127477067,1.5565434263142752
8,4.7642193984307495,0.0005861086906855917,1.3753116760812152
10,4.209159553933928,0.0014628346500132929,1.2150797007629193
12,5.085340795556539,0.00035202564229536425,1.468011438617777
15,3.9816336316035517,0.0021527808762974165,1.1493986245103889
18,4.03535481977846,0.001963975370591989,1.1649065957373739
