mm,var_rmse_t_stat,var_rmse_p_value,var_rmse_paired_cohens_d
5,1.052499173694531,0.3151419771599286,0.3038303406271981
8,1.560891786098105,0.1468400837088889,0.4505906464398084
10,-0.742773998081024,0.4731830549605256,-0.21442038386956688
12,1.228852595332793,0.24476774551758254,0.35473918835487916
15,-0.6071813877539277,0.5560564102935153,-0.17527816883333036
18,0.6463157073684579,0.5313280106429339,0.1865752738153313
