{
    "sampler": "Metro",
    "value": 7,
    "means_array": [
        0,
        7
    ],
    "case": "Warmup Samples",
    "dim": 1,
    "samples": [
        10.449857796333788,
        -0.3253137939173838,
        11.634608494544175,
        -2.5591900774864733
    ]
}