run_id,dimension_corr,sampler,wasserstein_distance,mmd_rff,r_hat,ess,runtime
19,2,Metro,0.07045508583062776,0.04123582716190283,1.0299858568906994,208.0141000611426,1.3474116325378418
19,5,Metro,0.22711846692381002,0.10208392990289923,1.0741839995163946,49.887368969370364,1.5884037017822266
19,10,Metro,0.36194366081265117,0.13593863543965934,1.051430042334956,49.58979561672336,2.327904462814331
19,15,Metro,0.0408972540452755,0.03314260951644129,1.4831871019452245,7.675902647309198,2.544341802597046
19,20,Metro,0.21382920307415013,0.056420201207249956,1.4868469313375043,7.653486249442369,3.2975802421569824
