run_id,dimension_corr,sampler,wasserstein_distance,mmd_rff,r_hat,ess,runtime
19,2,SMC,0.01825516798151428,0.008848005715887987,1.0012204822118307,7437.106566469775,2.1158032417297363
19,5,SMC,0.02160118586661381,0.016830778264338698,1.000557375474024,7994.164869466841,3.96814227104187
19,10,SMC,0.012920496776350479,0.014028049124323263,1.0001129222458682,7858.348581669269,4.560317516326904
19,15,SMC,0.02149090914170815,0.015520487886011885,1.0005108635701554,8062.570456856807,6.497005224227905
19,20,SMC,0.018849923629238766,0.014273419718504618,1.0004825505775958,7873.734563412309,8.896231412887573
