run_id,dimension_corr,sampler,wasserstein_distance,mmd_rff,r_hat,ess,runtime
16,2,Metro,0.023504068778270756,0.018353756512248076,1.0016453709780735,1670.244714865902,1.3475208282470703
16,5,Metro,0.024530570071159864,0.01680418501066103,1.0040185751356705,1346.5141950125453,1.5711970329284668
16,10,Metro,0.027933865953682132,0.017516298226698954,1.005218030078312,1580.3369658729157,2.0233352184295654
16,15,Metro,0.030164060357812775,0.017419646284583312,1.0038702808832065,1515.6508910172702,2.4722378253936768
16,20,Metro,0.032383139070984245,0.016152279637958917,1.005685408772174,1546.1702749913138,2.9041030406951904
