run_id,mu,sampler,wasserstein_distance,mmd_rff,r_hat,ess,runtime
23,"(0, 0, 0, 0, 0)",HMC,0.04726790337526045,0.021340571222276956,1.012838010332617,645.7233332808735,2.0800745487213135
