mu,global_avg_wasserstein_distance,global_avg_r_hat,global_avg_ess,global_avg_runtime,global_avg_wasserstein_distance_std,global_avg_r_hat_std,global_avg_ess_std,global_avg_runtime_std
1,0.7143978316447274,1.015871982891821,163.43594870260614,2.809950590133667,0.5390972272132843,0.00800626298452074,21.270366833145044,0.30918624610282586
10,0.7104258172189464,1.0350398425759528,175.22488462255453,2.995934247970581,0.37310651458495125,0.0027585923252413215,43.07248250078329,0.28158579229958774
