{
    "sampler": "DEMetro_Z",
    "value": 0.99,
    "means_array": [
        [
            0.0,
            0.0
        ]
    ],
    "case": "Posterior Samples",
    "dim": 2,
    "samples": [
        [
            0.06878547903496039,
            0.020749743131819345
        ],
        [
            -1.4156857937490974,
            -1.3442081138475739
        ],
        [
            1.0009087356160093,
            0.8895917743950955
        ],
        [
            3.6638802923100804,
            3.6146958317378273
        ]
    ]
}