run_id,dimension_corr,sampler,wasserstein_distance,mmd_rff,r_hat,ess,runtime
20,2,Metro,0.035496007094569404,0.0185196712441163,1.004953771118949,853.8313071601132,1.5037729740142822
20,5,Metro,0.02956091616430718,0.025021868206890133,1.0063338538488846,789.0986772018128,1.3451721668243408
20,10,Metro,0.04871383256324954,0.023564669690533904,1.0081521655149495,736.8778124412388,1.9006681442260742
20,15,Metro,0.040344518673840764,0.0238017760684421,1.0116116214083108,684.3768855198011,1.9131953716278076
20,20,Metro,0.04100137311957102,0.02215870408321571,1.0124632282604669,662.6945644114835,2.520670175552368
