{
    "sampler": "DEMetro_Z",
    "value": 0.9,
    "means_array": [
        [
            0.0,
            0.0,
            0.0,
            0.0,
            0.0,
            0.0,
            0.0,
            0.0,
            0.0,
            0.0,
            0.0,
            0.0,
            0.0,
            0.0,
            0.0,
            0.0,
            0.0,
            0.0,
            0.0,
            0.0,
            0.0,
            0.0,
            0.0,
            0.0,
            0.0,
            0.0,
            0.0,
            0.0,
            0.0,
            0.0
        ]
    ],
    "case": "Warmup Samples",
    "dim": 30,
    "samples": [
        [
            15.35946242403963,
            12.300003510843394,
            -20.50171460920364,
            -7.354210748334174,
            -23.381797904024094,
            -10.405973372955474,
            -7.830218074149062,
            16.044409273001293,
            -18.046748041510565,
            -27.967879409267127,
            -19.761766317068112,
            17.425974435978183,
            28.134129236186823,
            -21.15953191403706,
            8.168633299474356,
            18.858969081766094,
            -12.030888721905587,
            -26.887579298610955,
            23.502935274857464,
            -22.060153819803833,
            4.31322158630883,
            -2.0386121649758553,
            -1.6538406570609827,
            -7.924464185528479,
            -8.186387374729646,
            9.563419638543829,
            6.691777975137847,
            -13.674264168130705,
            -16.472851400648548,
            21.862537927211257
        ],
        [
            10.268465353330186,
            19.068516774732085,
            -22.896620155444744,
            28.262260763590803,
            2.35500705881984,
            -22.59754964313551,
            23.75764237142313,
            21.315926730207956,
            4.495030720893141,
            6.664398648811421,
            24.5685953219255,
            22.98802008698649,
            -0.5039764249796264,
            -12.182820122744666,
            -25.45212558104426,
            -14.2276066863462,
            14.793367140949783,
            -16.80018295862797,
            20.28299388242621,
            8.33977409636595,
            -17.861587707424068,
            15.2191721833643,
            -22.757365516827836,
            9.842487577599165,
            -17.442622312754906,
            -13.226192873455123,
            -13.576189982689375,
            15.955446075790931,
            29.660834527614462,
            6.860319849304354
        ],
        [
            27.11593507383484,
            12.744708756679897,
            -8.892319406264383,
            -3.8424817640510334,
            -28.833527805324316,
            23.080129949313825,
            -27.09865611704802,
            -6.13976015486836,
            -11.84170558405999,
            -9.970312124482057,
            -26.29653719528763,
            -27.990112685849585,
            24.382023751401587,
            -24.39223216532504,
            -10.929997317415316,
            6.325962564486534,
            27.220607962153046,
            -9.241829416654653,
            27.621623417640517,
            19.2295912639384,
            13.459781038870013,
            -20.617247006652047,
            -14.260807496216538,
            9.092670110688108,
            16.033652548804604,
            -13.569787438587415,
            27.295037394557735,
            25.296689398709642,
            29.63907727178765,
            25.546128254149863
        ],
        [
            22.513470014699557,
            -23.423293721636345,
            -7.864716270261226,
            4.061861173378524,
            17.012842134029267,
            11.220327421329372,
            -29.21247865634957,
            -15.253380743620394,
            27.09081538988565,
            -1.0873479565325397,
            -18.998076303269144,
            -12.95396441054763,
            14.216747898560943,
            11.640147454982404,
            12.918609085862936,
            -27.222043949716024,
            -20.489067987757565,
            0.4244500927589385,
            1.0935375910403842,
            -15.23009611706853,
            15.951792343267726,
            15.865654911631921,
            4.424534993570376,
            -15.987179692792113,
            -28.794898532826352,
            -12.488410011333862,
            -28.256529748921093,
            16.263210497194038,
            -13.448872514788398,
            -0.9768508152583131
        ]
    ]
}