{
    "sampler": "HMC",
    "value": 4,
    "means_array": [
        0,
        4
    ],
    "case": "Warmup Samples",
    "dim": 1,
    "samples": [
        4.428024834577529,
        -7.060468077306769,
        13.334542816307183,
        14.811153943066099
    ]
}