run_id,mu,sampler,wasserstein_distance,mmd_rff,swd_zscore,r_hat,ess,runtime
18,"(10, -10)",DEMetro,0.6737515128747862,0.07972260084049744,14.426798217854955,1.0629347384090861,110.23549663696895,3.45127272605896
18,"(20, 20)",DEMetro,0.5709817134941485,0.03387640709863801,5.005898449763554,1.046826157795532,94.75300512386055,3.5365383625030518
18,"(5, 5)",DEMetro,0.10254053589132255,0.032641395646219484,3.357773790425938,1.0211296151393634,313.08961596635515,3.602402448654175
18,"(50, 10)",DEMetro,5.006956435204924,0.11822706839036286,38.10392204159814,1.4024693601057374,13.037867866362026,3.456901788711548
18,"(80, 0)",DEMetro,21.116220935379456,0.3064651932771127,86.94310638005855,1.6771583329590336,10.022503166432037,3.964350938796997
