{
    "sampler": "Metro",
    "value": 5,
    "means_array": [
        0
    ],
    "case": "Warmup Samples",
    "dim": 1,
    "samples": [
        87.26652622443721,
        38.50938665098389,
        -74.59024045084794,
        -97.77038871091665
    ]
}