{
    "sampler": "HMC",
    "value": [
        20,
        20
    ],
    "means_array": [
        [
            0,
            0
        ],
        [
            -5,
            -5
        ],
        [
            20,
            20
        ]
    ],
    "case": "Warmup Samples",
    "dim": 2,
    "samples": [
        [
            -7.00365320118995,
            -4.4072317075549545
        ],
        [
            24.49456318140463,
            9.762564812997827
        ],
        [
            17.596797360103462,
            -9.13743904325081
        ],
        [
            20.196340035580512,
            28.151602888275036
        ]
    ]
}