run_id,mu,sampler,wasserstein_distance,mmd_rff,swd_zscore,r_hat,ess,runtime
3,"(10, 10, 10, 10, 10, 20, 20, 20, 20, 20, 30, 30, 30, 30, 30, 40, 40, 40, 40, 40)",DEMetro,3.1348257308391028,0.3944850984183274,1548.7823738051518,,6.048387096774194,2.0770983695983887
