{
    "run_id": 1,
    "case": "unimodal",
    "dim": 15,
    "low": [
        -148.7726824456381,
        -97.66657695940361,
        -87.27792359647462,
        -89.7614711387341,
        -85.28927586881012,
        -120.8774022619523,
        -88.50389386203953,
        -113.67815429641578,
        -103.08556504794522,
        -116.05794873909335,
        -107.81422053145052,
        -109.95174454801764,
        -94.27256184698436,
        -90.45112009604867,
        -128.55796607033983
    ],
    "high": [
        217.74402236151153,
        110.48369547042495,
        104.88923971216073,
        96.85913270668479,
        102.80918275370118,
        163.3980381478588,
        117.3104846588912,
        132.5398446177136,
        104.93551279476647,
        153.5996076144109,
        144.23008445089187,
        149.8846590803483,
        106.06611553284955,
        123.26157798182027,
        133.5129821454336
    ],
    "means_array": [
        [
            0.0,
            0.0,
            0.0,
            0.0,
            0.0,
            0.0,
            0.0,
            0.0,
            0.0,
            0.0,
            0.0,
            0.0,
            0.0,
            0.0,
            0.0
        ]
    ],
    "samples": [
        {
            "posterior": [
                111.89464289950371,
                -18.89967402921451,
                72.56068775431565,
                -12.391832147868598,
                -67.37491293765162,
                -24.391492501077863,
                115.85934116938718,
                28.363200571726765,
                89.82342079395143,
                -100.25137340798815,
                -37.29459125822153,
                53.780493621489455,
                90.46323788892693,
                83.90028114937212,
                113.7550591813442
            ]
        },
        {
            "posterior": [
                -71.92415288640602,
                91.73758542243212,
                23.545269459532022,
                15.858145431603049,
                -52.34042839040445,
                -116.05758200611312,
                -63.3339581432624,
                -69.62352189987894,
                22.03547347054456,
                -30.49393181046382,
                12.066271542103905,
                -72.99058501729414,
                78.07206515040792,
                52.887967017146764,
                1.975084450143072
            ]
        },
        {
            "posterior": [
                132.92623120732986,
                -70.9783924426392,
                57.24356057712386,
                -12.410973650990158,
                91.78237719055316,
                140.32451457137734,
                -69.03282896271466,
                87.52606467834647,
                30.604618981181474,
                -86.5753155977253,
                -3.782147851120314,
                -103.37088641060038,
                -6.44863193658415,
                -88.16102520093277,
                94.20476127071834
            ]
        },
        {
            "posterior": [
                67.8476511147567,
                -46.95372730992733,
                95.47088028918107,
                4.115942158139674,
                -6.828929528823792,
                -106.66213379773602,
                33.548341748019695,
                60.29392636954245,
                -61.13113015986086,
                136.12623327654921,
                -26.615243532394274,
                16.6932410029803,
                -88.17626302866971,
                -29.531133614680087,
                6.441014421164681
            ]
        }
    ]
}