{
    "run_id": 1,
    "case": "multimodal",
    "dim": 30,
    "means_array": [
        [
            0.0,
            0.0,
            0.0,
            0.0,
            0.0,
            0.0,
            0.0,
            0.0,
            0.0,
            0.0,
            0.0,
            0.0,
            0.0,
            0.0,
            0.0,
            0.0,
            0.0,
            0.0,
            0.0,
            0.0,
            0.0,
            0.0,
            0.0,
            0.0,
            0.0,
            0.0,
            0.0,
            0.0,
            0.0,
            0.0
        ],
        [
            -2.666102703953018,
            4.0342325707384035,
            3.1286313116577444,
            0.5767088783291028,
            1.3082809683863745,
            3.596929023397607,
            -0.38413228650301284,
            2.976155741222917,
            3.0522100968940884,
            -2.01319585593518,
            -1.9001790657642275,
            -1.3348098939412254,
            8.149441587795268,
            -0.20078013960595908,
            -2.1711085032197137,
            2.8612178845877536,
            2.9157128236410057,
            -0.4563500223674205,
            4.05498157395101,
            0.5850608488819669,
            2.4178674615910314,
            -0.25315568046947073,
            0.2670338576284905,
            2.7096798626334992,
            -1.1001258384559112,
            -0.602416576238525,
            -4.198722111290403,
            0.6367802677023637,
            2.102391535453333,
            -2.622862095451767
        ]
    ],
    "min_mode": [
        -2.666102703953018,
        0.0,
        0.0,
        0.0,
        0.0,
        0.0,
        -0.38413228650301284,
        0.0,
        0.0,
        -2.01319585593518,
        -1.9001790657642275,
        -1.3348098939412254,
        0.0,
        -0.20078013960595908,
        -2.1711085032197137,
        0.0,
        0.0,
        -0.4563500223674205,
        0.0,
        0.0,
        0.0,
        -0.25315568046947073,
        0.0,
        0.0,
        -1.1001258384559112,
        -0.602416576238525,
        -4.198722111290403,
        0.0,
        0.0,
        -2.622862095451767
    ],
    "max_mode": [
        0.0,
        4.0342325707384035,
        3.1286313116577444,
        0.5767088783291028,
        1.3082809683863745,
        3.596929023397607,
        0.0,
        2.976155741222917,
        3.0522100968940884,
        0.0,
        0.0,
        0.0,
        8.149441587795268,
        0.0,
        0.0,
        2.8612178845877536,
        2.9157128236410057,
        0.0,
        4.05498157395101,
        0.5850608488819669,
        2.4178674615910314,
        0.0,
        0.2670338576284905,
        2.7096798626334992,
        0.0,
        0.0,
        0.0,
        0.6367802677023637,
        2.102391535453333,
        0.0
    ],
    "border": [
        20.0,
        20.0,
        20.0,
        20.0,
        20.0,
        20.0,
        20.0,
        20.0,
        20.0,
        20.0,
        20.0,
        20.0,
        20.0,
        20.0,
        20.0,
        20.0,
        20.0,
        20.0,
        20.0,
        20.0,
        20.0,
        20.0,
        20.0,
        20.0,
        20.0,
        20.0,
        20.0,
        20.0,
        20.0,
        20.0
    ],
    "low": [
        -31.546553290709166,
        -28.17325696592004,
        -28.63514277013639,
        -29.576134050889724,
        -29.53868947150248,
        -28.107396924057323,
        -29.97582515012609,
        -28.74534576145205,
        -28.46763331085832,
        -31.44879816862565,
        -30.67600410643421,
        -30.630506642064645,
        -25.98965543173471,
        -29.781527497071714,
        -31.020817109430705,
        -28.598422825557847,
        -28.5688409258886,
        -30.079271247566755,
        -27.99532642292604,
        -29.96650533269645,
        -28.788010522024575,
        -30.041791695837002,
        -29.854902279810634,
        -29.03391155189466,
        -30.355530269821525,
        -30.28895957404375,
        -31.955754836717418,
        -29.950305807040678,
        -28.661549317257535,
        -31.449814263338126
    ],
    "high": [
        28.453446709290834,
        31.82674303407996,
        31.36485722986361,
        30.423865949110276,
        30.46131052849752,
        31.892603075942677,
        30.02417484987391,
        31.25465423854795,
        31.53236668914168,
        28.55120183137435,
        29.32399589356579,
        29.369493357935355,
        34.01034456826529,
        30.218472502928286,
        28.979182890569295,
        31.401577174442153,
        31.4311590741114,
        29.920728752433245,
        32.00467357707396,
        30.03349466730355,
        31.211989477975425,
        29.958208304162998,
        30.145097720189366,
        30.96608844810534,
        29.644469730178475,
        29.71104042595625,
        28.044245163282582,
        30.049694192959322,
        31.338450682742465,
        28.550185736661874
    ],
    "samples": [
        {
            "posterior": [
                19.845510999534074,
                18.405711473777032,
                -0.7390439186861144,
                0.7773132558558018,
                -3.857819648960948,
                19.865408830005354,
                -5.204641291269542,
                0.5879243935865368,
                -1.4978279483284034,
                6.970031218199793,
                28.508997462116252,
                -25.584296875180566,
                3.85581915644039,
                -25.21170177775727,
                20.727488779497175,
                28.548248560855683,
                17.580846118941658,
                -0.683104614181957,
                30.81073823423649,
                26.328800995034115,
                -0.6754373913852589,
                -2.1471829210073565,
                17.89956799956023,
                -9.01750170096819,
                24.988744178228853,
                10.682184913619068,
                -20.261293118395944,
                22.04357274246835,
                -28.28012365003574,
                9.090797383958588
            ]
        }
    ]
}