{
    "run_id": 1,
    "case": "unimodal",
    "dim": 5,
    "low": [
        -29.926980388918636,
        -29.756823879100423,
        -29.930557103480965,
        -30.036251330582793,
        -29.997367590657767
    ],
    "high": [
        30.073019611081364,
        30.243176120899577,
        30.069442896519035,
        29.963748669417207,
        30.002632409342233
    ],
    "means_array": [
        [
            0.0,
            0.0,
            0.0,
            0.0,
            0.0
        ]
    ],
    "samples": [
        {
            "posterior": [
                -27.44246569620498,
                12.774811732477175,
                -22.346102004308246,
                23.673079244234835,
                18.578140221205466
            ]
        },
        {
            "posterior": [
                -12.180545249986594,
                5.861840900860123,
                16.092248847324512,
                12.774681394627741,
                29.495890208589813
            ]
        },
        {
            "posterior": [
                24.833406737981456,
                13.906408874234259,
                -17.380202693099726,
                1.0906370097827853,
                -21.66177936127766
            ]
        },
        {
            "posterior": [
                9.57341867150869,
                -14.71875809231878,
                27.224842404256535,
                -4.498389149769803,
                -26.224276860155737
            ]
        }
    ]
}