run_id,dimension_corr,sampler,wasserstein_distance,mmd_rff,r_hat,ess,runtime
45,2,Metro,0.04139029186588675,0.025469623824298102,1.0096797656719816,805.2974967383826,1.169055461883545
45,5,Metro,0.0436593520393237,0.028772365491784864,1.0046129543583282,654.6706088312408,1.6490740776062012
45,10,Metro,0.04025123566903309,0.024580967695150745,1.0069097112186294,758.7472811525771,1.6253390312194824
45,15,Metro,0.04486879293090919,0.02381935397285107,1.010170621006599,759.7365490172526,1.8876357078552246
45,20,Metro,0.03703692908308967,0.023055419659421185,1.013506674566895,689.5450707224836,2.2357425689697266
