{
    "run_id": 1,
    "case": "unimodal",
    "dim": 2,
    "low": [
        -37.74025987505632,
        -39.3089893466517
    ],
    "high": [
        52.348637795521455,
        55.15110509113829
    ],
    "means_array": [
        [
            0.0,
            0.0
        ]
    ],
    "samples": [
        {
            "posterior": [
                -23.711720274724367,
                24.53077390631411
            ]
        }
    ]
}