{
    "sampler": "Metro",
    "value": 3,
    "means_array": [
        0
    ],
    "case": "Warmup Samples",
    "dim": 1,
    "samples": [
        -5.512908889490878,
        -15.906460824699415,
        14.362851031997357,
        -16.609405471210586
    ]
}