{
    "sampler": "HMC",
    "value": [
        5.0,
        0.0
    ],
    "means_array": [
        [
            0.0,
            0.0
        ],
        [
            10.0,
            0.0
        ],
        [
            5.0,
            0.0
        ]
    ],
    "case": "Warmup Samples",
    "dim": 2,
    "samples": [
        [
            14.443271529715734,
            -4.793296587348831
        ],
        [
            15.934096580073907,
            -3.5932605458861633
        ],
        [
            -6.18028486040978,
            6.243591444851408
        ],
        [
            -7.937079854677146,
            -3.3864471759449035
        ]
    ]
}