{
    "sampler": "Metro",
    "value": 0.9,
    "means_array": [
        [
            -1.7435595857211195,
            0.0
        ],
        [
            1.7435595857211195,
            0.0
        ]
    ],
    "case": "Warmup Samples",
    "dim": 2,
    "samples": [
        [
            26.72264463939164,
            -8.08355578905023
        ],
        [
            8.976787109515032,
            0.2376790683929535
        ],
        [
            23.219338357069866,
            -8.384705435402553
        ],
        [
            5.54199842675191,
            -24.11778555348159
        ]
    ]
}