run_id,dimension_corr,sampler,wasserstein_distance,mmd_rff,r_hat,ess,runtime
35,2,HMC,0.02431817171229892,0.013667162843080574,1.0007480714567647,8644.602737599684,1.918128490447998
35,5,HMC,0.015127169205635258,0.01391198286073717,1.001632792160875,11639.348113796726,2.069628953933716
35,10,HMC,0.018833143958880413,0.016638836271126188,1.0008900731390016,9339.232781128452,2.3824760913848877
35,15,HMC,0.021894324031486168,0.015640799274878093,1.001009402406672,12730.52763656721,2.5851757526397705
35,20,HMC,0.022363943893374764,0.016293421825369504,1.0018012047849356,14369.893356564213,2.7101938724517822
