dimension,mmd_rff_t_stat,mmd_rff_p_value,mmd_rff_paired_cohens_d
2,-8.240635422254053,4.374884806851306e-09,-1.5045273029815516
5,-25.625207910886274,1.8073351720401355e-21,-4.678501471184082
10,-49.657783869081186,1.308831911482843e-29,-9.066229460270643
15,-38.171443146502455,2.405729705685723e-26,-6.96912015462179
18,-32.97190434290885,1.5316345865447028e-24,-6.019818590837909
30,-27.83575102179079,1.796186304919632e-22,-5.082089579910765
