dimension,mmd_rff_t_stat,mmd_rff_p_value,mmd_rff_paired_cohens_d
2,-9.517017637886404,2.0044247832658763e-10,-1.737561746814972
5,-6.80121226921857,1.8162003973382008e-07,-1.2417257927439698
10,4.553872440956491,8.748260953757245e-05,0.8314195533043276
15,9.557325734174217,1.824822736015849e-10,1.7449209646772805
18,9.000690439253418,6.798631766000091e-10,1.6432937289000598
30,12.967233571494283,1.347122779021872e-13,2.367482111848566
