{
    "run_id": 1,
    "case": "unimodal",
    "dim": 2,
    "low": [
        -100.0,
        -100.0
    ],
    "high": [
        100.0,
        100.0
    ],
    "means_array": [
        [
            0.0,
            0.0
        ]
    ],
    "samples": [
        {
            "posterior": [
                -89.90198486696565,
                -22.612481229324672
            ]
        },
        {
            "posterior": [
                -11.975738570417477,
                -53.50532437894495
            ]
        },
        {
            "posterior": [
                -13.81489275176419,
                -23.799620423505544
            ]
        },
        {
            "posterior": [
                -82.45079958960645,
                -39.55810823604353
            ]
        }
    ]
}