{
    "sampler": "Metro",
    "value": 15,
    "means_array": [
        [
            -0.9257045187777929,
            0.0,
            0.0,
            0.0,
            0.0,
            0.0,
            0.0,
            0.0,
            0.0,
            0.0,
            0.0,
            0.0,
            0.0,
            0.0,
            0.0
        ],
        [
            0.9257045187777929,
            0.0,
            0.0,
            0.0,
            0.0,
            0.0,
            0.0,
            0.0,
            0.0,
            0.0,
            0.0,
            0.0,
            0.0,
            0.0,
            0.0
        ]
    ],
    "case": "Posterior Samples",
    "dim": 15,
    "samples": [
        [
            -3.29200619688371,
            -2.186671204112702,
            -2.1858590692219737,
            -1.5622877447938528,
            -2.122418954279616,
            -1.4054319709314957,
            -1.8395169463692527,
            -1.607242452302759,
            -1.836195278387299,
            -1.8538211276747043,
            -1.8058043683935143,
            -1.936644510158889,
            -2.3644366371686294,
            -2.145564902361761,
            -1.724101853644737
        ],
        [
            -2.629706020916183,
            -3.211365822078084,
            -3.000985032265806,
            -3.456410328239725,
            -3.6654470541728554,
            -3.3128351587996687,
            -3.243931351934906,
            -3.3015870662917806,
            -3.440904013883156,
            -3.381932079813007,
            -3.0025722546592317,
            -3.273104402663134,
            -3.180064148981519,
            -3.460509068368081,
            -2.87941951371815
        ],
        [
            3.4720103296816145,
            2.495871887186575,
            2.5582069767913476,
            3.0025501223652213,
            2.74082823062603,
            2.531061776301193,
            2.638522136669926,
            2.960173777561678,
            2.319125841956076,
            2.5230034653326627,
            2.9949437208992524,
            2.6447943713819457,
            2.769324760978056,
            2.3081824824652495,
            2.4728110786632307
        ],
        [
            -1.2996009425226316,
            -0.46645387799435667,
            -0.3116876896945896,
            -0.4681910128335724,
            -0.35954692759941587,
            -0.48418897349822815,
            -0.3832300114858983,
            -0.3564038140248509,
            -0.36663505736771057,
            -0.3646710015730602,
            -0.4293635811169395,
            -0.19929387137152643,
            -0.32376217087477366,
            -0.6424015553447695,
            -0.5341252451260046
        ]
    ]
}