run_id,mu,sampler,wasserstein_distance,mmd_rff,r_hat,ess,runtime
15,"(10, 10)",Metro,1.8358673725342962,0.11917681328810728,1.921606211187874,5.583639904388494,2.277818202972412
15,"(2, 2)",Metro,0.09260905815946016,0.042553048377826384,1.4845703055501314,7.7027618167415115,2.608010768890381
15,"(20, 20)",Metro,3.8105349868316405,0.13337519736524425,2.0198017159817203,5.388496079366553,2.5599758625030518
15,"(40, 40)",Metro,14.013973326992001,0.23849180526781905,1.39863532157579,8.487600673302968,2.2757039070129395
15,"(5, 5)",Metro,0.6939095079905558,0.07751475143187944,1.5443442877904079,7.215785756829909,2.5954692363739014
