{
    "sampler": "HMC",
    "value": 3,
    "means_array": [
        [
            0.0,
            0.0
        ],
        [
            16,
            0
        ]
    ],
    "case": "Warmup Samples",
    "dim": 2,
    "samples": [
        [
            4.240129657079031,
            25.500430084303737
        ],
        [
            3.62236137221343,
            20.995818810626446
        ],
        [
            46.26330195281491,
            -42.50099788196711
        ],
        [
            45.41431917827025,
            4.809791845547005
        ]
    ]
}