{
    "sampler": "HMC",
    "value": 3,
    "means_array": [
        [
            0.0,
            0.0
        ],
        [
            16,
            0
        ]
    ],
    "case": "Posterior Samples",
    "dim": 2,
    "samples": [
        [
            -0.6549872375178525,
            -0.6123143623111974
        ],
        [
            -0.5571369399848229,
            -1.854628771666302
        ],
        [
            0.6465999530796506,
            -0.3891765141051643
        ],
        [
            0.005016637382711972,
            1.7700105838662559
        ]
    ]
}