{
    "sampler": "HMC",
    "value": [
        -8,
        0
    ],
    "means_array": [
        [
            -8,
            0
        ],
        [
            0,
            0
        ],
        [
            8,
            0
        ]
    ],
    "case": "Warmup Samples",
    "dim": 2,
    "samples": [
        [
            7.7030187444353535,
            -5.151367272375229
        ],
        [
            -5.485838720491496,
            2.7250579158642667
        ],
        [
            -7.617443751168087,
            7.894747990121235
        ],
        [
            -6.796586094862391,
            1.427163413400344
        ]
    ]
}