mu,sampler,wasserstein_distance,r_hat,ess,runtime
"(-10, 10)",HMC,0.019320975517288314,1.0002391720427266,39699.28525019308,9.936949491500854
"(0, 0)",HMC,0.011718376503408932,1.0002390371582706,39699.28525019308,9.582005500793457
"(20, -20)",HMC,0.012799508606106855,1.0002391720427266,39699.28525019308,10.227215766906738
"(50, -50)",HMC,0.016701190565962122,1.0002391720427266,39699.28525019308,10.180082082748413
