run_id,mu,sampler,wasserstein_distance,mmd_rff,swd_zscore,r_hat,ess,runtime
14,"(10, -10)",Metro,1.7733335741487843,0.145575183750631,41.36079043546817,1.7152674581484746,9.321097915359363,3.2660317420959473
14,"(20, 20)",Metro,9.544328370489485,0.39763503539579925,115.62759421569247,1.3812744816009643,13.327686035532935,3.3053407669067383
14,"(5, 5)",Metro,0.21210053855592106,0.040829050591096976,9.945250451768016,1.1333180011486752,35.20490728778041,3.291189432144165
14,"(50, 10)",Metro,1.2930146386661658,0.04139000507370429,8.42374787038036,1.63010402232548,9.924578805479971,3.1813647747039795
14,"(80, 0)",Metro,17.10664253763212,0.24792190097107716,70.17191347718415,1.6252285795628767,9.936779527840399,3.215200901031494
