{
    "sampler": "DEMetro_Z",
    "value": 8,
    "means_array": [
        [
            -4.0,
            0.0
        ],
        [
            4.0,
            0.0
        ]
    ],
    "case": "Warmup Samples",
    "dim": 2,
    "samples": [
        [
            -1.3687735640168164,
            -18.47611331974596
        ],
        [
            -1.8520808291403075,
            3.8875771355853552
        ],
        [
            -19.525011048622506,
            17.50012781797524
        ],
        [
            6.345394732256659,
            26.359482976545916
        ]
    ]
}