b,sampler,wasserstein_distance,r_hat,ess,runtime
0.5,HMC,0.011112595316954351,1.0009715310910927,12572.97601632085,7.384893894195557
1.0,HMC,0.013700816136897465,1.0007860579923673,12490.150446810396,6.859811782836914
2.0,HMC,0.02341747972749169,1.0013033418740374,13161.602880283535,7.549771070480347
5.0,HMC,0.10699749367699751,1.0012820421835131,12913.192877114368,7.904632806777954
