run_id,circle_radius,sampler,wasserstein_distance,mmd_rff,r_hat,ess,runtime
2,4,SMC,0.07461242691000669,0.024069242667574493,1.0013385395707148,3663.8927495512894,7.374652862548828
2,6,SMC,0.07817869404255179,0.01998970249537545,1.000270871477666,3998.0421138273773,7.976530313491821
2,8,SMC,0.09529511211066405,0.023246844263144016,1.0003609043487263,3485.1916109488257,9.666652202606201
2,10,SMC,0.099805921726876,0.018559186429160594,0.9999641434928501,3758.2073480456984,11.91067385673523
2,12,SMC,0.186973464321655,0.022978785938650246,1.000925937348303,3395.0399608721054,14.61609148979187
