correlation,mmd_rff_t_stat,mmd_rff_p_value,mmd_rff_paired_cohens_d
0.0,-3.3300537914999677,0.00671061364808257,-0.9613037264692202
0.3,-3.10511003876116,0.010012433664449602,-0.8963680583710826
0.5,-4.863812082214339,0.0004996178626008905,-1.4040616074771015
0.9,-3.823032708566044,0.002828268257266536,-1.1036144817056748
0.99,-5.7742236723011136,0.00012388262089254435,-1.6668747957820789
