correlation,mmd_rff_t_stat,mmd_rff_p_value,mmd_rff_paired_cohens_d
0.0,-3.053310627312401,0.010982373652291905,-0.8814148562991799
0.3,-3.600960773498756,0.004162917105626282,-1.0395078359603949
0.5,-6.097131668774225,7.76897329371692e-05,-1.7600903051256958
0.9,-2.2218470385299285,0.04820935379919025,-0.6413919928967136
0.99,-3.3740029573013754,0.006208093500353171,-0.9739907578222713
