correlation,var_rmse_t_stat,var_rmse_p_value,var_rmse_paired_cohens_d
0.0,-1.0609929383599466,0.31143319653424356,-0.30628227928520363
0.3,0.23594088900914012,0.8178139790383143,0.06811026789113334
0.5,-0.9822826939088847,0.3470721795654945,-0.2835605888743027
0.9,3.8943694114714957,0.0025006984448297095,1.1242076140184563
0.99,0.08949569691471106,0.9302966891668023,0.025835182352510797
