correlation,var_rmse_t_stat,var_rmse_p_value,var_rmse_paired_cohens_d
0.0,-3.5367751659983147,0.004659037754818004,-1.0209790470761553
0.3,0.36063747026793536,0.7252003526417202,0.10410707026952908
0.5,-3.009239186638109,0.011882012074688673,-0.8686925272307414
0.9,-0.9378847214069241,0.3684401362968801,-0.2707439981865624
0.99,1.2552806852804719,0.2353886390200512,0.36236832077760917
