correlation,ws_t_stat,ws_p_value,ws_paired_cohens_d
0.0,-4.757389345827088,0.0005925916633055835,-1.3733400097265633
0.3,-2.2820566163889078,0.04337911815145357,-0.6587730008890512
0.5,-0.5104835910614994,0.6198007643001756,-0.14736391935812176
0.9,-3.9711813678469063,0.002191658404698673,-1.146381315863619
0.99,-7.617314101896247,1.0377952248328603e-05,-2.1989291736158654
