correlation,mean_rmse_t_stat,mean_rmse_p_value,mean_rmse_paired_cohens_d
0.0,-3.135695963394569,0.009480875677337009,-0.9051974542813388
0.3,-1.8361971941770585,0.0934795126643515,-0.5300644721716802
0.5,-1.3981356943009613,0.18962485121713393,-0.4036070097341422
0.9,-3.0684348781073685,0.01068974583249906,-0.885780851433063
0.99,-4.413103630978411,0.0010403383716009456,-1.2739532846535504
