correlation,mmd_rff_t_stat,mmd_rff_p_value,mmd_rff_paired_cohens_d
0.0,-1.3612576478732576,0.20066496965668085,-0.39296123471803107
0.3,-1.0249626694989376,0.32739304240840705,-0.2958812365722645
0.5,0.513845875026398,0.6175240525029417,0.14833452713423484
0.9,3.145172181429602,0.009322056399223188,0.9079330027980517
0.99,5.091226170260348,0.00034879923732757275,1.4697103999525398
