correlation,ws_t_stat,ws_p_value,ws_paired_cohens_d
0.0,5.487932273159781,0.0001896542576700147,1.5842295876016173
0.3,2.4957683492808367,0.029729121838059452,0.7204662641461196
0.5,1.7009177145118939,0.11701996088911688,0.4910126501714225
0.9,6.143631955246266,7.272678795294956e-05,1.7735137815817095
0.99,6.5880118005012465,3.92716408379583e-05,1.901795193221913
