run_id,mu,sampler,wasserstein_distance,mmd_rff,r_hat,ess,runtime
46,8,Metro,0.3680281050570474,0.05603297910340164,1.2014907933505699,14.116774365628954,1.4018361568450928
46,10,Metro,0.8130876943989654,0.08610208031453703,1.4136814220195257,8.310033777950176,1.1274785995483398
46,12,Metro,0.5185123734215793,0.054579183678951565,1.5322733270739386,7.255490022037621,1.083491325378418
46,14,Metro,6.331295843607481,0.4803692723735719,1.5327434168259897,7.317710802079145,1.3789722919464111
46,16,Metro,7.294619374678755,0.4760615259449123,1.5303160458206169,7.258884191626846,1.0846655368804932
46,18,Metro,8.020248696392716,0.46364209168833964,1.5285002982342504,7.2239441830362345,1.134204387664795
46,20,Metro,5.861197713094992,0.31771695545083145,1.0011942321463339,999.4123773758411,1.4269609451293945
46,22,Metro,4.610992662415796,0.22528920493685498,1.7352898608327476,6.18783937231181,1.0665991306304932
46,40,Metro,18.39711637111039,0.49496413451352744,1.5300075216219566,7.226268251752917,1.1280910968780518
