run_id,mu,sampler,wasserstein_distance,mmd_rff,r_hat,ess,runtime
18,"(10.0, 0.0)",Metro,3.482318094359517,0.21600830926966058,1.9653445221562138,5.519528813090262,5.70276403427124
