mu,sampler,wasserstein_distance,r_hat,ess,runtime
"(-10, 10)",HMC,0.012089694688030528,1.002332794279764,7761.873332665156,16.718076705932617
"(0, 0)",HMC,0.01816487466300958,1.0018481812476812,7546.472787492873,15.859068393707275
"(20, -20)",HMC,0.033494402980150884,1.00133301441935,7708.903658961933,17.107195615768433
"(50, -50)",HMC,0.013254016679290843,1.0016485030426885,7454.510878858468,17.3096706867218
