std_of_modes,global_avg_ws,global_avg_ws_std,global_avg_rhat,global_avg_rhat_std,global_avg_ess,global_avg_ess_std,global_avg_time,global_avg_time_std
"(1, 1)",0.8574219462018794,0.7867658470787632,1.5834505494845708,0.25199362993970426,10.223783088343792,1.9749852174091702,1.8330730199813843,0.08493753227964032
"(1, 4)",1.7560297801917213,0.7421883194841585,1.5834505494845708,0.25199362993970426,10.223783088343792,1.9749852174091702,1.9452068805694582,0.0636832137503847
"(2, 1)",0.7874333205948058,0.05894455205023332,1.5834505494845708,0.25199362993970426,10.223783088343792,1.9749852174091702,2.3969979286193848,0.8648212998386773
