{
    "sampler": "Metro",
    "value": [
        50,
        10
    ],
    "means_array": [
        [
            0,
            0
        ],
        [
            50,
            10
        ]
    ],
    "case": "Posterior Samples",
    "dim": 2,
    "samples": [
        [
            48.09809237141123,
            10.802357092602193
        ],
        [
            -1.2035785786268136,
            -0.03506153632737505
        ],
        [
            0.6866499380466649,
            0.12453218550718281
        ],
        [
            0.26052268474808216,
            -0.9872095402499115
        ],
        [
            -0.9008007283678292,
            -1.4961389731516428
        ],
        [
            -2.673084099623274,
            -2.7089444213564895
        ]
    ]
}