{
    "run_id": 1,
    "case": "unimodal",
    "dim": 30,
    "low": [
        -100.0,
        -100.0,
        -100.0,
        -100.0,
        -100.0,
        -100.0,
        -100.0,
        -100.0,
        -100.0,
        -100.0,
        -100.0,
        -100.0,
        -100.0,
        -100.0,
        -100.0,
        -100.0,
        -100.0,
        -100.0,
        -100.0,
        -100.0,
        -100.0,
        -100.0,
        -100.0,
        -100.0,
        -100.0,
        -100.0,
        -100.0,
        -100.0,
        -100.0,
        -100.0
    ],
    "high": [
        100.0,
        100.0,
        100.0,
        100.0,
        100.0,
        100.0,
        100.0,
        100.0,
        100.0,
        100.0,
        100.0,
        100.0,
        100.0,
        100.0,
        100.0,
        100.0,
        100.0,
        100.0,
        100.0,
        100.0,
        100.0,
        100.0,
        100.0,
        100.0,
        100.0,
        100.0,
        100.0,
        100.0,
        100.0,
        100.0
    ],
    "means_array": [
        [
            0.0,
            0.0,
            0.0,
            0.0,
            0.0,
            0.0,
            0.0,
            0.0,
            0.0,
            0.0,
            0.0,
            0.0,
            0.0,
            0.0,
            0.0,
            0.0,
            0.0,
            0.0,
            0.0,
            0.0,
            0.0,
            0.0,
            0.0,
            0.0,
            0.0,
            0.0,
            0.0,
            0.0,
            0.0,
            0.0
        ]
    ],
    "samples": [
        {
            "posterior": [
                -58.9185322755438,
                -74.80819488665969,
                55.78458556141328,
                33.9194568878398,
                87.97423040008383,
                23.409286221799675,
                18.798373568792243,
                -99.66196957752595,
                -92.37516273179551,
                -8.388379063581425,
                91.74886712074257,
                56.624063854344,
                6.700752882561673,
                -53.833977840831324,
                66.86332877550362,
                -46.584501277237564,
                36.44332815157421,
                14.217359854062607,
                -0.7783179434715919,
                65.63160543337727,
                17.921133622448494,
                17.538103549409698,
                61.26804097693491,
                -45.703090783652115,
                -73.61408514101926,
                -65.87285940508849,
                -59.20512855287357,
                23.190565909294207,
                -83.38883478679824,
                30.54352240910154
            ]
        }
    ]
}