run_id,mu,sampler,wasserstein_distance,mmd_rff,r_hat,ess,runtime
45,"(10, 10)",HMC,2.4473631346955798,0.14366049597838146,1.955143330659577,5.497821058927481,3.413294792175293
45,"(2, 2)",HMC,1.2862578244377385,0.1916769090676711,1.09007113058749,38.37965142091254,3.6061244010925293
45,"(20, 20)",HMC,1.78968412198257,0.14160480619653673,1.67872129516831,6.352465989381278,3.0903825759887695
45,"(40, 40)",HMC,3.4352510988515546,0.19356637294400159,1.7867974735637253,5.936018144645762,3.3953137397766113
45,"(5, 5)",HMC,0.9231193343881404,0.11942902900755134,1.667871750764439,6.387713111032935,3.224926471710205
