{
    "run_id": 1,
    "case": "unimodal",
    "dim": 1,
    "low": [
        -36.32242970899291
    ],
    "high": [
        35.59112000493654
    ],
    "means_array": [
        [
            0
        ]
    ],
    "samples": [
        {
            "posterior": -25.46344988260897
        }
    ]
}