run_id,mu,sampler,wasserstein_distance,mmd_rff,swd_zscore,r_hat,ess,runtime
17,5,DEMetro,0.21850406930835492,0.03569614644343907,4.323144916791492,1.0105074703766581,703.4693398191456,2.058908224105835
17,10,DEMetro,0.15914357092611509,0.02236966440531646,0.47939051805767174,1.0295730519091777,266.40839494540944,2.162484884262085
17,20,DEMetro,1.0756207231892982,0.048791783044244294,9.463999627099591,1.1446882778728897,48.54112549042646,2.316732168197632
