run_id,dimension_corr,sampler,wasserstein_distance,mmd_rff,r_hat,ess,runtime
26,2,SMC,0.03374096139674922,0.024368275252947758,0.9997826787498117,4021.5231892749,1.353684663772583
26,5,SMC,0.024614381149506964,0.021071352002197452,0.9999932910021877,3772.0708576630054,2.4645166397094727
26,10,SMC,0.02048169803073507,0.021343949716331082,0.999799892914447,3768.4867441946194,2.662586212158203
26,15,SMC,0.017355629073378512,0.01976896656140388,1.0021952684331872,3134.5343196729914,4.307194948196411
26,20,SMC,0.04138293791531324,0.02252795514527931,1.0004301686520412,3813.686565802937,3.923297882080078
