{
    "sampler": "DEMetro_Z",
    "value": 3,
    "means_array": [
        [
            -4.000000002,
            0.0,
            0.0,
            0.0,
            0.0,
            0.0,
            0.0,
            0.0,
            0.0,
            0.0,
            0.0,
            0.0,
            0.0,
            0.0,
            0.0,
            0.0,
            0.0,
            0.0,
            0.0,
            0.0,
            0.0,
            0.0,
            0.0,
            0.0,
            0.0,
            0.0,
            0.0,
            0.0,
            0.0,
            0.0
        ],
        [
            4.000000002,
            0.0,
            0.0,
            0.0,
            0.0,
            0.0,
            0.0,
            0.0,
            0.0,
            0.0,
            0.0,
            0.0,
            0.0,
            0.0,
            0.0,
            0.0,
            0.0,
            0.0,
            0.0,
            0.0,
            0.0,
            0.0,
            0.0,
            0.0,
            0.0,
            0.0,
            0.0,
            0.0,
            0.0,
            0.0
        ]
    ],
    "case": "Posterior Samples",
    "dim": 30,
    "samples": [
        [
            -15.411358006938634,
            2.7344662871435297,
            0.7262631124190937,
            -11.277304276289904,
            -0.8266870073713455,
            2.0535028424482626,
            -2.6546696962087664,
            9.931167359142501,
            21.5622644975678,
            9.846655449783553,
            3.1625455607166284,
            -1.804200170226931,
            -20.333122136770136,
            3.287451675495709,
            4.212771346285217,
            -5.3526881791692364,
            2.0315917586390664,
            -23.28610062522528,
            10.654737607444725,
            12.08507246463029,
            -7.912656601456604,
            7.860017700835084,
            -13.584161078536901,
            14.495366542203367,
            10.760020136539433,
            1.7990796288420001,
            -8.263103881000823,
            14.197097932652026,
            -12.098045649649277,
            9.268575818741272
        ],
        [
            37.40373126739675,
            35.626075620843096,
            18.987522758319034,
            -3.073780553059475,
            8.360935056117583,
            10.451343677178219,
            12.84356551610363,
            -12.272441508038051,
            -11.839320554742951,
            -2.176504416842163,
            17.819480178646632,
            -7.202593668508535,
            9.535020337049918,
            -18.579517669036115,
            -8.212094830199009,
            -15.050976392296063,
            -1.6304670441678577,
            -7.335296114924954,
            1.2312718598513979,
            -10.576353217356433,
            9.211310269424489,
            13.668125484804248,
            -7.529274308107906,
            -11.970297931189336,
            7.069230651736387,
            2.279528522153393,
            -2.6510389329682873,
            -13.442186387708588,
            6.509529324012514,
            -3.4090885039014136
        ],
        [
            -7.35057354917515,
            -19.716993531722636,
            18.270764031493872,
            22.003859668779263,
            26.508070862679638,
            -21.317497109173786,
            -8.636102681097,
            -9.892665393445354,
            -11.139288515235547,
            1.9428938928881088,
            12.747171129263519,
            -11.561035749441702,
            -24.275947811999032,
            8.210508520823158,
            9.425449586456693,
            -19.796839518809655,
            20.752401324211174,
            5.930675203504887,
            14.778815132628694,
            12.159254732295052,
            -11.77175949017643,
            19.71010749244432,
            13.003845654606387,
            -0.7690690372723822,
            2.168387008775209,
            -13.269769261150214,
            24.097329239583317,
            -21.553040027733488,
            -11.293363576279441,
            -12.332801994967603
        ],
        [
            -3.059411938505043,
            33.93879397951011,
            17.707844933786347,
            -0.8788716199438031,
            9.571806459012423,
            9.743019678819328,
            -32.07736880377075,
            -6.653332577293822,
            26.78136546263233,
            -21.45897316086984,
            -10.26259020524476,
            -8.60513326684797,
            -25.183072652427143,
            -25.711279997828473,
            3.1592713758561706,
            -2.113153157300225,
            -41.6678864619247,
            4.499594894260943,
            -21.960566318917426,
            37.15827221506139,
            38.801170327863495,
            55.84485680593919,
            -47.066076051659685,
            22.93483902108345,
            -19.591732106558286,
            -16.69794722238882,
            21.37936785559304,
            -2.207429560376109,
            1.361661444535619,
            17.082317319695214
        ]
    ]
}