{
    "sampler": "HMC",
    "value": 5,
    "means_array": [
        [
            -6.0,
            0.0,
            0.0,
            0.0,
            0.0
        ],
        [
            6.0,
            0.0,
            0.0,
            0.0,
            0.0
        ]
    ],
    "case": "Warmup Samples",
    "dim": 5,
    "samples": [
        [
            29.279349135993517,
            -9.963367334260916,
            3.149401001257699,
            19.89436774762171,
            -9.529676489399371
        ],
        [
            -21.272141483498533,
            2.166747824987504,
            -12.068108645483798,
            -9.679305206227315,
            -25.510845770055802
        ],
        [
            14.915798093417262,
            -22.383326865401255,
            10.870621885990593,
            -14.91016964263467,
            18.476336795834538
        ],
        [
            16.986341432555015,
            12.500787966991222,
            10.954028101346802,
            -18.097875790684995,
            26.219722537525666
        ]
    ]
}