{
    "run_id": 1,
    "case": "unimodal",
    "dim": 3,
    "low": [
        -30.118346799747254,
        -30.144439430665436,
        -30.080467587465865
    ],
    "high": [
        29.881653200252746,
        29.855560569334564,
        29.919532412534135
    ],
    "means_array": [
        [
            0.0,
            0.0,
            0.0
        ]
    ],
    "samples": [
        {
            "posterior": [
                27.175266525301293,
                1.7552966697276204,
                13.824281686872947
            ]
        },
        {
            "posterior": [
                -23.778418762004044,
                11.863146336641556,
                7.224928270323897
            ]
        },
        {
            "posterior": [
                -25.341706766478005,
                -2.0822867088601953,
                -25.568585908841047
            ]
        },
        {
            "posterior": [
                -19.75631468982452,
                9.079912613944849,
                18.942415543746815
            ]
        }
    ]
}