{
    "run_id": 1,
    "case": "multimodal",
    "dim": 15,
    "means_array": [
        [
            -6.0,
            0.0,
            0.0,
            0.0,
            0.0,
            0.0,
            0.0,
            0.0,
            0.0,
            0.0,
            0.0,
            0.0,
            0.0,
            0.0,
            0.0
        ],
        [
            6.0,
            0.0,
            0.0,
            0.0,
            0.0,
            0.0,
            0.0,
            0.0,
            0.0,
            0.0,
            0.0,
            0.0,
            0.0,
            0.0,
            0.0
        ]
    ],
    "min_mode": [
        -6.0,
        0.0,
        0.0,
        0.0,
        0.0,
        0.0,
        0.0,
        0.0,
        0.0,
        0.0,
        0.0,
        0.0,
        0.0,
        0.0,
        0.0
    ],
    "max_mode": [
        6.0,
        0.0,
        0.0,
        0.0,
        0.0,
        0.0,
        0.0,
        0.0,
        0.0,
        0.0,
        0.0,
        0.0,
        0.0,
        0.0,
        0.0
    ],
    "border": [
        20.0,
        20.0,
        20.0,
        20.0,
        20.0,
        20.0,
        20.0,
        20.0,
        20.0,
        20.0,
        20.0,
        20.0,
        20.0,
        20.0,
        20.0
    ],
    "low": [
        -30.06858666321984,
        -30.08503532225309,
        -29.85716370380187,
        -30.100271914514153,
        -30.194681774230688,
        -29.94726848296878,
        -30.184269168202945,
        -30.025692722861955,
        -29.858297101608663,
        -30.510631768422353,
        -29.50866807187397,
        -30.111951697953543,
        -29.879623954500545,
        -30.12280365995096,
        -30.16572159292334
    ],
    "high": [
        29.93141333678016,
        29.91496467774691,
        30.14283629619813,
        29.899728085485847,
        29.805318225769312,
        30.05273151703122,
        29.815730831797055,
        29.974307277138045,
        30.141702898391337,
        29.489368231577647,
        30.49133192812603,
        29.888048302046457,
        30.120376045499455,
        29.87719634004904,
        29.83427840707666
    ],
    "samples": [
        {
            "posterior": [
                13.611519426753468,
                1.250939483260538,
                -25.75983712279912,
                -24.785733614476065,
                19.017171047567068,
                -13.018468388344019,
                3.485681003260723,
                -8.043448265749479,
                29.157110827598487,
                -29.74121480048487,
                -23.88662627967347,
                -26.032974527720363,
                -28.128541449645795,
                5.281208186340031,
                -27.969387299164048
            ]
        },
        {
            "posterior": [
                -11.986621428682394,
                11.882875854658785,
                -24.372524719530606,
                7.029607001505234,
                19.613387391773614,
                -11.81175468442579,
                -15.822045003787645,
                26.75409776687885,
                -20.4377642911454,
                -19.6454903149966,
                5.361674212836768,
                29.820534087506942,
                -17.244178617126533,
                -15.668702857329745,
                -10.780841822587163
            ]
        },
        {
            "posterior": [
                21.076414174735035,
                -23.270385431099417,
                18.26636471188751,
                16.75971620646599,
                -1.5465911080447192,
                -2.6872549667151624,
                -24.855209779059443,
                15.425149510349833,
                -1.061791784818059,
                29.002420816115357,
                -9.006321624694511,
                25.32848357431145,
                29.95445272947334,
                23.913817438990478,
                -16.6761097506733
            ]
        },
        {
            "posterior": [
                28.170863886403723,
                -3.6466069693592758,
                21.289482168062225,
                -12.950715577399507,
                -9.670736239689706,
                7.362631385762839,
                5.03377560189751,
                4.912897751434954,
                25.680718504609793,
                21.00239811597073,
                -10.509474741519167,
                19.30986518247773,
                -29.22897301431132,
                18.19295874400877,
                11.570116311506439
            ]
        }
    ]
}