run_id,mu,sampler,wasserstein_distance,mmd_rff,r_hat,ess,runtime
33,"(10, 10)",SMC,0.06067761586079592,0.015420687259692985,0.9998823744826624,7357.734262742889,3.5418665409088135
33,"(2, 2)",SMC,0.11817370858106893,0.026722727836868604,0.9999864068780107,7774.986729707276,2.496216297149658
33,"(20, 20)",SMC,0.2970071471804933,0.015838504822747783,1.0001986944420047,7894.58581897449,4.484888076782227
33,"(40, 40)",SMC,0.24189048492212037,0.013136008650908538,1.0005088012133487,7685.427548512761,6.199613332748413
33,"(5, 5)",SMC,0.11611150955475011,0.016087453535271475,1.0001015169357335,8068.295865836043,3.163846731185913
