{
    "sampler": "HMC",
    "value": 2.1,
    "means_array": [
        [
            0.0,
            0.0,
            0.0,
            0.0,
            0.0,
            0.0,
            0.0,
            0.0,
            0.0,
            0.0,
            0.0,
            0.0,
            0.0,
            0.0,
            0.0,
            0.0,
            0.0,
            0.0,
            0.0,
            0.0,
            0.0,
            0.0,
            0.0,
            0.0,
            0.0,
            0.0,
            0.0,
            0.0,
            0.0,
            0.0
        ]
    ],
    "case": "Warmup Samples",
    "dim": 30,
    "samples": [
        [
            39.12580657826575,
            60.211692348551374,
            -53.063533730006505,
            65.01319204029109,
            94.35762643034718,
            45.69316218258473,
            -38.36661004273723,
            94.34246050622872,
            -18.275239983107195,
            -59.64586463611555,
            -91.11003793408794,
            -49.82129895104178,
            -4.383291984782335,
            30.69808744895861,
            -4.640859195337583,
            33.57634140243923,
            66.41076033898398,
            -87.01752565051603,
            -24.80910569669758,
            -40.89931152142659,
            -101.75447566433971,
            50.32185648111416,
            -64.79511452841703,
            -2.1497244188889026,
            80.35467008321285,
            26.84348311456177,
            12.747120754932942,
            -71.05465233756348,
            -63.75170311387989,
            -58.206407430683974
        ],
        [
            -16.377767678554232,
            82.20022257520581,
            -44.5775816008844,
            -29.190662916387637,
            -32.911717041573475,
            18.991073813162167,
            -79.06727329891433,
            16.03354675551871,
            39.49513710741669,
            -89.33416722329437,
            70.38715305087574,
            27.48993220358648,
            -24.791119506669833,
            103.19463192241274,
            2.84424879718873,
            30.147823551300494,
            -39.62723780896338,
            -0.9930015708577095,
            -70.91356139931331,
            45.2536960837323,
            77.52142928212979,
            7.672027410727381,
            37.847906307065,
            -48.43534322524052,
            28.283453976389943,
            -18.592207861696927,
            -46.43491711838436,
            -28.988283287212205,
            17.71241924112592,
            21.120446887098538
        ],
        [
            10.099597532131767,
            -20.371036984671584,
            -85.20729431277135,
            -27.215906873625304,
            85.9472036220657,
            -105.28575350510184,
            -52.78627356516435,
            32.73109285909137,
            57.20037377621467,
            3.6593290790081503,
            14.869490392247762,
            -1.2721546430457877,
            72.87974305746121,
            63.55274029259302,
            -72.57112936737083,
            60.034498563132445,
            -42.94998668592585,
            55.893792547052904,
            -55.34488868378918,
            -99.7218422618303,
            25.769848788402413,
            13.193931319204424,
            48.03061785641339,
            90.64351696936623,
            70.5406794722194,
            3.9560412324639485,
            11.618054020871314,
            87.06967898496914,
            55.27606881195118,
            -28.12429466733369
        ],
        [
            84.86720162142068,
            -76.28345729887592,
            75.3076649313587,
            26.64336651871525,
            56.44386660521088,
            85.6557148948224,
            54.28558908323948,
            34.85537240467875,
            25.71400149969591,
            -52.44345260292806,
            47.7724029760552,
            3.7047010816326256,
            -49.97647699840329,
            87.27712907752574,
            21.480214947481453,
            -57.94605252097351,
            71.01266499273653,
            -85.40136814452558,
            -32.884907006411666,
            -20.571599929842264,
            -5.437340923781957,
            36.55522264067706,
            -81.43969012034312,
            -24.664771750750884,
            -0.838035700136865,
            72.45893189958029,
            88.16743424342233,
            -87.75390439358544,
            -56.99418543516105,
            40.54344734352584
        ]
    ]
}