run_id,alpha,sampler,wasserstein_distance,mmd_rff,r_hat,ess,runtime
4,0,HMC,0.017007658542857976,0.005809865799287616,1.0004665224044433,3653.6543681715025,1.1818583011627197
4,2,HMC,0.02776384395182489,0.018384087120803853,1.000940634052998,3653.330635247233,1.4266002178192139
4,4,HMC,0.013809333744047464,0.007699208416546936,1.0013645784091652,2043.4451522190577,1.4557273387908936
4,6,HMC,0.00861709441502323,0.0030547745268265157,1.0021853586178264,1661.2481882374848,1.575993537902832
4,8,HMC,0.0127189899389115,0.007467635710070133,1.0014059507057418,1832.1210635409961,1.8637785911560059
4,10,HMC,0.01084476300906233,0.00453302379947059,1.0015339374222234,1386.9988821692018,1.5802290439605713
4,80,HMC,0.010672140690596653,0.006809427400737447,1.0107622723043077,606.7063678552884,2.2974939346313477
4,100,HMC,0.020798913929075395,0.014649705573670414,1.0020194547333576,1139.770644970528,1.8962173461914062
