{
    "sampler": "HMC",
    "value": 2.1,
    "means_array": [
        0
    ],
    "case": "Warmup Samples",
    "dim": 1,
    "samples": [
        -42.00687245591103,
        19.85752128239879,
        -53.568278494829705,
        92.3058869400039
    ]
}