a,global_avg_wasserstein_distance,global_avg_r_hat,global_avg_ess,global_avg_runtime,global_avg_wasserstein_distance_std,global_avg_r_hat_std,global_avg_ess_std,global_avg_runtime_std
1,0.3826990810992347,1.0048795376147812,226.7976066911452,1.562390923500061,0.037301807044556504,0.005031560478736613,31.13675492980462,0.029386637243129798
2,0.37634588352703924,1.0365758367773992,184.6107469059258,2.4009339809417725,0.04734121526387536,0.019526899996359346,13.582834346997744,0.08913249240562647
