{
    "run_id": 1,
    "case": "unimodal",
    "dim": 18,
    "low": [
        -100.0,
        -100.0,
        -100.0,
        -100.0,
        -100.0,
        -100.0,
        -100.0,
        -100.0,
        -100.0,
        -100.0,
        -100.0,
        -100.0,
        -100.0,
        -100.0,
        -100.0,
        -100.0,
        -100.0,
        -100.0
    ],
    "high": [
        100.0,
        100.0,
        100.0,
        100.0,
        100.0,
        100.0,
        100.0,
        100.0,
        100.0,
        100.0,
        100.0,
        100.0,
        100.0,
        100.0,
        100.0,
        100.0,
        100.0,
        100.0
    ],
    "means_array": [
        [
            0.0,
            0.0,
            0.0,
            0.0,
            0.0,
            0.0,
            0.0,
            0.0,
            0.0,
            0.0,
            0.0,
            0.0,
            0.0,
            0.0,
            0.0,
            0.0,
            0.0,
            0.0
        ]
    ],
    "samples": [
        {
            "posterior": [
                32.48458278543549,
                -62.01806585072283,
                -52.13876812768567,
                -74.86795993705728,
                98.85907473696469,
                63.701387963263244,
                -53.76899789494516,
                37.78641425007186,
                67.96230879553556,
                52.353502269454225,
                -6.5594246116413615,
                -53.889227548546394,
                -51.08782221827817,
                79.38356254736479,
                8.702508842322004,
                30.14847367897815,
                78.8239654881389,
                -35.35635450425467
            ]
        },
        {
            "posterior": [
                28.586430351490606,
                -71.76094459808641,
                -1.9896923744549468,
                -17.713399692831587,
                67.6148698360341,
                22.37348197092163,
                62.962544974149836,
                15.150835636849848,
                29.55656085141726,
                -50.32037867218489,
                59.92709476696325,
                13.026048695448083,
                0.11437941090778736,
                -0.9297649194691076,
                -28.120266493394723,
                17.6107387787453,
                29.216916562068207,
                -71.84521956182161
            ]
        },
        {
            "posterior": [
                -86.78127042741738,
                -36.01243783823777,
                -99.96650044494821,
                -57.07608053045477,
                73.5520748735174,
                92.71599267456608,
                -19.103097789414306,
                99.76924289550385,
                11.95398379436783,
                -22.319518090772576,
                -25.702052853986615,
                -4.078197283270882,
                -29.240646687363082,
                5.142587830038863,
                74.01167282685043,
                73.06752398302902,
                -6.727285773567758,
                -24.92723144085221
            ]
        },
        {
            "posterior": [
                -60.025571959131874,
                -20.74662916021623,
                -38.87407161389489,
                71.58701698763525,
                -68.28538094483669,
                91.53977534559561,
                -14.936977854936046,
                75.35229982011057,
                58.95984295484291,
                17.037849952064164,
                91.06516585083969,
                24.10543417416902,
                5.228417573701478,
                -0.6452113567346345,
                39.74835570168838,
                10.392323942590025,
                66.61885765673199,
                29.698843695869158
            ]
        }
    ]
}