{
    "sampler": "HMC",
    "value": 2.1,
    "means_array": [
        [
            0.0,
            0.0,
            0.0,
            0.0,
            0.0,
            0.0,
            0.0,
            0.0,
            0.0,
            0.0,
            0.0,
            0.0,
            0.0,
            0.0,
            0.0,
            0.0,
            0.0,
            0.0,
            0.0,
            0.0,
            0.0,
            0.0,
            0.0,
            0.0,
            0.0,
            0.0,
            0.0,
            0.0,
            0.0,
            0.0
        ]
    ],
    "case": "Warmup Samples",
    "dim": 30,
    "samples": [
        [
            45.075976998927494,
            57.816810862027495,
            -19.425942560217102,
            81.95299360095808,
            -70.94746247345623,
            -90.78244332122232,
            -31.172321104641384,
            -78.6055082982145,
            46.84799109688863,
            -69.38014213968776,
            61.48878358478028,
            36.16235614417947,
            29.814169736747793,
            53.7769750965069,
            28.17837779997259,
            -29.63728437611566,
            14.625451440159653,
            2.5306854401357555,
            83.2483744598503,
            -47.80945190142943,
            -94.23136195166812,
            -42.301939205871584,
            18.55277848593186,
            11.687433181188217,
            -110.9221976210791,
            -81.64572216846429,
            63.78367868998836,
            67.89296972882907,
            -50.73680519562072,
            -3.6727406427469003
        ],
        [
            25.642672429927167,
            16.960156547717123,
            64.18162131247938,
            21.161968438635185,
            27.242341014224113,
            -69.69865082661974,
            86.82365391434533,
            -34.90172323132872,
            -5.226695864765051,
            -57.17068735616102,
            34.056242175654944,
            -57.69326119837739,
            -41.46727820928586,
            -85.00238017675558,
            66.0814921882931,
            75.89016218692723,
            22.13981480156383,
            63.09536343942633,
            -67.87695863133739,
            -46.881630945954825,
            -71.42453412972719,
            30.850203197839672,
            41.68940322091991,
            43.760551687096985,
            -58.65685318659176,
            73.65304138835927,
            83.44694484726796,
            -29.037182997227976,
            47.19609498830788,
            25.265215926283084
        ],
        [
            -16.558592262518673,
            -73.96239705880062,
            -3.1814065858031486,
            9.004254388615822,
            -39.17020607568808,
            -3.5809763006301396,
            58.46299310995126,
            40.06018911087535,
            23.920052010862573,
            82.55149963805071,
            -40.28375219202745,
            62.0332179983427,
            -29.62603215211177,
            -60.982060673461866,
            67.04139079713404,
            48.94602732626994,
            11.750121608093329,
            -32.04024495388232,
            -6.779944060050035,
            -34.81584963289808,
            -6.241903986012256,
            56.09767896831517,
            103.36731871807146,
            13.833702835451424,
            45.98915475387932,
            88.54669126300858,
            21.108845699469153,
            73.86311563791078,
            1.0920629727290998,
            43.73239136467473
        ],
        [
            28.770489719962924,
            61.94047985591273,
            -78.82960021860357,
            -70.41947031601619,
            24.371909017874966,
            -75.21689799103122,
            -95.55860417562609,
            -10.120531524946982,
            -92.07265769859838,
            44.946373126830665,
            87.01470536848299,
            4.111156124873245,
            -32.00795273186867,
            -2.1853168659536406,
            39.11551649464957,
            67.49875228169373,
            -38.096680593280446,
            -87.30922058776842,
            -70.95833156245781,
            76.46543671957413,
            19.147586723342993,
            -15.135610181079974,
            -15.446074638726227,
            -34.93346161532344,
            30.20060737715282,
            56.07672410628977,
            -7.340678894941849,
            -42.50335252401377,
            -39.57100677042669,
            -95.02517664167314
        ]
    ]
}