{
    "sampler": "HMC",
    "value": 10,
    "means_array": [
        [
            0.0,
            0.0
        ],
        [
            16,
            0
        ]
    ],
    "case": "Warmup Samples",
    "dim": 2,
    "samples": [
        [
            10.988681028340459,
            11.49082053573947
        ],
        [
            0.6399668279787057,
            -10.99816227566699
        ],
        [
            -19.680966088047715,
            -14.451981465203183
        ],
        [
            -13.89821890794767,
            8.016044825486212
        ]
    ]
}