mu,sampler,wasserstein_distance,relative_swd,swd_zscore,r_hat,ess,runtime
0,Metro,0.21901936591090954,0.0625990406787083,2.486023621360461,1.0037173859880901,788.8733895191596,3.817322015762329
3,Metro,0.24509567340205898,0.0531961320408004,0.6928204791755265,1.00369149950361,828.9076087214602,4.286360263824463
6,Metro,0.2376221755599442,0.08809143736426142,1.4630738926851383,1.0053947914793924,856.5645708939329,5.630242824554443
10,Metro,0.24576626255578365,0.08200700817156384,1.8437200354458114,1.0049996220368211,776.7108954178666,5.218311786651611
