run_id,mu,sampler,wasserstein_distance,mmd_rff,r_hat,ess,runtime
22,"(10.0, 0.0)",Metro,4.0370446907618485,0.26021867375774466,2.5298259255812896,4.807087243868309,5.2365899085998535
