dimension,ws_t_stat,ws_p_value,ws_paired_cohens_d
2,5.190248137189363,1.4948275275165674e-05,0.9476053279292608
10,16.084147506251153,5.478472160188534e-16,2.9365501358047403
15,20.90276428274284,4.945479682512331e-19,3.816305170623849
20,24.31650515527816,7.741630466966997e-21,4.439566131078837
25,33.07081909800936,1.4072600629626032e-24,6.037877871717459
30,40.0365335168733,6.183867821810872e-27,7.309637510501048
40,40.99816817808636,3.1430519534526464e-27,7.485207175842793
60,53.320727898006155,1.6979939870818417e-30,9.734988484110996
100,97.13238039958854,5.242141036855027e-38,17.733865269675768
