dimension,mmd_rff_t_stat,mmd_rff_p_value,mmd_rff_paired_cohens_d
2,5.823332997749897,2.5888798466005547e-06,1.0631902809105997
10,10.948559913069783,8.123476159254515e-12,1.9989244121950402
15,10.24987719760319,3.758995469104447e-11,1.8713629842617014
20,14.812151825595063,4.647276477576728e-15,2.7043165600232477
25,15.958568820968,6.724785562218863e-16,2.9136227095809324
30,19.343033007030474,4.051233077121709e-18,3.5315385028391915
40,19.513739961016338,3.1957078996698103e-18,3.562705185979543
60,23.848922311689503,1.3246457099159982e-20,4.354197574100198
100,26.4759107518708,7.278433273997233e-22,4.8338178497644
