{
    "sampler": "HMC",
    "value": 100,
    "means_array": [
        [
            0.0,
            0.0,
            0.0,
            0.0,
            0.0,
            0.0,
            0.0,
            0.0,
            0.0,
            0.0,
            0.0,
            0.0,
            0.0,
            0.0,
            0.0,
            0.0,
            0.0,
            0.0,
            0.0,
            0.0,
            0.0,
            0.0,
            0.0,
            0.0,
            0.0,
            0.0,
            0.0,
            0.0,
            0.0,
            0.0,
            0.0,
            0.0,
            0.0,
            0.0,
            0.0,
            0.0,
            0.0,
            0.0,
            0.0,
            0.0,
            0.0,
            0.0,
            0.0,
            0.0,
            0.0,
            0.0,
            0.0,
            0.0,
            0.0,
            0.0,
            0.0,
            0.0,
            0.0,
            0.0,
            0.0,
            0.0,
            0.0,
            0.0,
            0.0,
            0.0,
            0.0,
            0.0,
            0.0,
            0.0,
            0.0,
            0.0,
            0.0,
            0.0,
            0.0,
            0.0,
            0.0,
            0.0,
            0.0,
            0.0,
            0.0,
            0.0,
            0.0,
            0.0,
            0.0,
            0.0,
            0.0,
            0.0,
            0.0,
            0.0,
            0.0,
            0.0,
            0.0,
            0.0,
            0.0,
            0.0,
            0.0,
            0.0,
            0.0,
            0.0,
            0.0,
            0.0,
            0.0,
            0.0,
            0.0,
            0.0
        ]
    ],
    "case": "Warmup Samples",
    "dim": 100,
    "samples": [
        [
            4.138694583725912,
            -23.805146241532157,
            -9.298658478994597,
            3.632295009095224,
            -3.738250058293816,
            -4.2465897676586755,
            -18.52389545654245,
            -6.210117641581599,
            -25.542704538489133,
            -25.186718174786982,
            -21.88370171643058,
            21.10164985439898,
            20.498850422319677,
            -21.815624427320955,
            12.999344057361848,
            -19.93053901535907,
            -1.197032239750006,
            9.97324834725188,
            9.803382827097348,
            11.754120857382754,
            11.923091760839137,
            -24.80946346211677,
            17.956782771197407,
            -27.212049621031596,
            -4.52981541810354,
            5.997991975793507,
            -8.422682310902315,
            -27.531993726607993,
            -1.3236797355544343,
            -21.09121664747065,
            -27.864046129395224,
            5.348454607201372,
            -4.51635883667116,
            3.9668270637688603,
            -28.18225707313266,
            -11.064659476702616,
            -19.89216000161175,
            27.717856301072842,
            21.006271057284167,
            -11.446421742434783,
            4.355032634579957,
            0.647947399672691,
            -6.38668342381492,
            6.793226046240443,
            -1.0387619035766118,
            16.612595133800205,
            -24.320413916657742,
            13.596896976737218,
            -16.134293125619028,
            -5.087463093004724,
            -6.477643801500665,
            -8.789165470522518,
            -12.300814073496689,
            22.76377243790656,
            27.529694916438125,
            15.7751442578187,
            13.342207766949112,
            16.271766056540443,
            6.3169740434745245,
            8.302533046133135,
            6.184457000245968,
            10.495910819560589,
            -20.552368161294645,
            3.560565222958074,
            -20.34170500599004,
            -11.682293246546198,
            -5.436417381818963,
            -15.563528211255512,
            1.6935610602725257,
            -22.439731435059855,
            8.806707641961816,
            -26.618900288242408,
            28.221217367506366,
            9.341923780537549,
            -11.804997340916811,
            23.38728615861799,
            13.775007347288119,
            -15.400032939048494,
            10.365753222470994,
            -29.020753599221578,
            17.07852922182738,
            -15.02459682111484,
            -16.866188974308997,
            -17.154538306503312,
            4.08160195925337,
            16.419683483075637,
            -5.210927270620899,
            -6.472969370247354,
            -12.751476884527797,
            -20.07345292284958,
            -22.649601532711255,
            -11.208397717681219,
            11.080281546598952,
            11.821563647441566,
            -16.38185568450793,
            -26.974603254251207,
            0.7271553068529071,
            9.322134659909509,
            9.110387025463687,
            -19.62678345106612
        ],
        [
            -24.628577204473704,
            -22.88115533182899,
            17.77416637272879,
            -10.394440632969383,
            9.173848464059706,
            19.600841880434746,
            -15.193288545920572,
            3.2737110134980196,
            27.93290460401884,
            24.64709434034827,
            22.844522607293147,
            -4.040089255198533,
            21.262537378088446,
            28.856668929838627,
            -8.610126442913872,
            20.4021900350689,
            -12.522119343905239,
            9.848079215196691,
            -3.2694711663349953,
            14.698980583486293,
            -14.133686775251379,
            19.639494097781984,
            -7.963013920114255,
            -13.078059158529726,
            10.714873340496835,
            13.15068505675969,
            2.5476177753425198,
            11.045980259111701,
            -22.390321926100402,
            6.178564957857091,
            19.111096591628606,
            -28.83011027861498,
            20.501796154455675,
            -17.118687835888963,
            18.853303862061477,
            -29.74844327521666,
            16.854258027032223,
            17.544571481628562,
            23.644965389475423,
            -27.415923734558937,
            -21.47773100329006,
            20.550467356562752,
            -9.746591613618884,
            24.898249535649576,
            9.78690049044913,
            11.53438907677013,
            -13.806716074363326,
            16.38426597887383,
            24.353696204992325,
            -16.93137255158617,
            -16.302347091214347,
            -22.72017621200265,
            -22.722598907433454,
            -22.985357347746042,
            -0.5367286641376362,
            5.724407074391723,
            5.612689853903207,
            8.449991993098418,
            16.630695951965073,
            9.809341507441946,
            11.229227717555096,
            10.550306871070488,
            9.922778077125926,
            -13.425807045695612,
            -10.374667667883278,
            -22.042666850733045,
            -12.570364067235689,
            -17.284577949134032,
            0.2259349335055466,
            -18.77958631122197,
            20.007809440567847,
            13.28383981724278,
            -23.54274582915831,
            -26.807470023830824,
            -16.84671374135829,
            -17.392711634812123,
            -26.222862600018118,
            27.050686122320258,
            -5.090744711377684,
            -15.740488917732412,
            -10.408915839400503,
            -12.773674485038601,
            -22.069390697899443,
            18.16319846809608,
            2.862884730122157,
            -3.259203945129609,
            -26.213488330381285,
            23.149723986276307,
            -12.85112671676956,
            10.738570536246932,
