{
    "sampler": "HMC",
    "value": 100,
    "means_array": [
        [
            0.0,
            0.0,
            0.0,
            0.0,
            0.0,
            0.0,
            0.0,
            0.0,
            0.0,
            0.0,
            0.0,
            0.0,
            0.0,
            0.0,
            0.0,
            0.0,
            0.0,
            0.0,
            0.0,
            0.0,
            0.0,
            0.0,
            0.0,
            0.0,
            0.0,
            0.0,
            0.0,
            0.0,
            0.0,
            0.0,
            0.0,
            0.0,
            0.0,
            0.0,
            0.0,
            0.0,
            0.0,
            0.0,
            0.0,
            0.0,
            0.0,
            0.0,
            0.0,
            0.0,
            0.0,
            0.0,
            0.0,
            0.0,
            0.0,
            0.0,
            0.0,
            0.0,
            0.0,
            0.0,
            0.0,
            0.0,
            0.0,
            0.0,
            0.0,
            0.0,
            0.0,
            0.0,
            0.0,
            0.0,
            0.0,
            0.0,
            0.0,
            0.0,
            0.0,
            0.0,
            0.0,
            0.0,
            0.0,
            0.0,
            0.0,
            0.0,
            0.0,
            0.0,
            0.0,
            0.0,
            0.0,
            0.0,
            0.0,
            0.0,
            0.0,
            0.0,
            0.0,
            0.0,
            0.0,
            0.0,
            0.0,
            0.0,
            0.0,
            0.0,
            0.0,
            0.0,
            0.0,
            0.0,
            0.0,
            0.0
        ]
    ],
    "case": "Posterior Samples",
    "dim": 100,
    "samples": [
        [
            0.8093189292753248,
            -1.2478317776671244,
            0.2556768390756614,
            0.4423114539448392,
            0.5844329823486831,
            -1.383721880018473,
            0.8074824677010665,
            0.5346338070212459,
            -2.2054326916489426,
            -0.08228723080477401,
            -1.2151838010815463,
            -0.5886806359023281,
            0.9214707352946663,
            0.3881506768475801,
            -0.6892176877386281,
            0.4858459074228795,
            -0.17281134546177587,
            0.337527877057843,
            -1.9815017528507641,
            -0.21822455212275685,
            -0.3773897927718909,
            0.46965057123387244,
            -0.4543339598828501,
            -0.881899783134661,
            -0.35921669702464926,
            -3.1340935893970396,
            -0.05652767816980117,
            0.8991271877498414,
            -1.6061422612233593,
            0.3918289478399234,
            -1.0003052322256152,
            0.6535254585345623,
            -0.09926586828803365,
            -0.8058964196077884,
            -0.8621168336096103,
            -1.7319713538668775,
            -0.4503602071966171,
            0.8571518885782469,
            0.8948375149035566,
            0.054353465544727676,
            1.2418340351234496,
            -0.9923169609223195,
            0.3752630156952197,
            1.7214528978258468,
            0.37219290508721986,
            0.3914422207978141,
            -1.0982837385758273,
            0.9909739911504082,
            0.47489000751485677,
            -0.12236912780575043,
            0.6688661648034282,
            -2.095895567317854,
            -0.9352399536709392,
            0.27282707288112856,
            -2.831478040602316,
            1.0846927376466617,
            1.2943915049745292,
            -2.3517786026813456,
            -0.3214688545174878,
            -1.6909306978524057,
            -0.014608201672664991,
            -0.5165252093739491,
            0.0012821835914764838,
            -0.7451834093708887,
            1.4065278116252944,
            -1.0824933002786783,
            -0.34472338684387616,
            0.7854111485536479,
            0.4152713648629353,
            1.4488426362826106,
            -0.8858616578086306,
            1.644703956640102,
            0.0895917575941073,
            -0.8507165691699179,
            -0.7556513539082889,
            1.843451308126216,
            -2.067485778665193,
            -2.0708904763929152,
            1.0327217095203693,
            0.4226811006395606,
            -0.3066214882442164,
            0.3830913484335508,
            -0.14612738686987536,
            -0.7752710334609921,
            0.1960056647302622,
            0.8691616432573851,
            -1.2054998087250925,
            -0.7112677141651801,
            1.5976243463175028,
            0.12910444341963156,
            0.9256155524870104,
            3.203039737688378,
            1.1040440336596988,
            0.7947348601469268,
            -0.7114314725165227,
            0.7325212428321372,
            -2.345147004548323,
            1.2049854069801742,
            -0.9660702045716877,
            0.32089774679645133
        ],
        [
            -0.6838697193839377,
            -1.0128554689745795,
            -0.20598479650323767,
            -0.3605422547664544,
            -1.5912687190085593,
            1.982305549764551,
            0.31929210747853626,
            -1.7956579618601123,
            -1.306908070334978,
            0.411819157805123,
            -0.27327419202481906,
            0.5748068325865214,
            -0.07975427164183196,
            -0.6383601108185001,
            0.29710959393772746,
            -0.7410140569355586,
            1.3493496862131458,
            0.4690253877345123,
            -0.8183735001989108,
            0.6527142843628911,
            1.221060667091004,
            0.08911623587733301,
            0.5823014826214397,
            1.219530546141601,
            1.9553039841234192,
            0.8924502393303618,
            1.875771701894668,
            -0.6013191783764325,
            -1.39708693616898,
            -0.6130783878582695,
            0.04193683577545693,
            0.3245556489940296,
            1.5325880032179113,
            0.5087561529227866,
            0.42935235039764647,
            -0.8515162332210552,
            0.1264379187458275,
            -3.228496856676581,
            0.47579890361015825,
            1.5289134728811162,
            -0.028910436147433976,
            -1.5153292589799696,
            -1.7698213981761808,
            1.044756637567579,
            1.6662765268206428,
            -0.895292665131562,
            -1.050737710772568,
            0.07499551961061304,
            0.015419824460817504,
            1.2873111417839003,
            -0.8425018747552803,
            -1.2162365647681292,
            -2.4946985834760493,
            0.7871657513495494,
            0.5320062952268882,
            0.050685460006797814,
            0.147399778090962,
            1.316390002509112,
            1.147799801991719,
            -0.9220007020636788,
            -0.7071981303083673,
            2.0233508586587963,
            -0.1502953915440472,
            0.34663111823974585,
            0.5700830002519474,
            0.5560924933455959,
            0.03324802808794171,
            -0.19770745176855944,
            -0.2987421221369891,
            -0.8908645126108782,
            0.6677902765614997,
            -0.2689835880553278,
            1.2062577642221826,
            2.6316999835696575,
            0.3910288020081092,
            0.07864245494931556,
            0.5916374889053246,
            1.1000201702550365,
            0.7569019029695432,
            -0.04388043954235956,
            -1.0010621150214334,
            -1.6847415501072989,
            0.05577404826956346,
            -1.3316875313487861,
            -1.5885302003748993,
            -0.3632075281336873,
            2.292020110670618,
