correlation,mmd_rff_t_stat,mmd_rff_p_value,mmd_rff_paired_cohens_d
0.0,-0.14382815179735625,0.88663099144527,-0.026259307714563074
0.8,5.156911572885966,1.6399414086620787e-05,0.94151893184303
0.9,5.059660264530505,2.1489756036176233e-05,0.9237633533986378
0.95,4.148094623380895,0.00026722816519032984,0.7573349986305375
0.98,5.889942677406578,2.1551205141837646e-06,1.0753514889426523
0.99,4.108230143214826,0.0002979666448083622,0.7500567736204797
0.995,4.211289795274023,0.00022478581978783202,0.7688728056876318
0.999,3.4051916024581033,0.0019538882927061657,0.6217000844311558
