{
    "sampler": "DEMetro_Z",
    "value": 2.1,
    "means_array": [
        0
    ],
    "case": "Posterior Samples",
    "dim": 1,
    "samples": [
        -0.8107705916522567,
        0.4290328304601939,
        0.20116176168808708,
        1.4982401625149864
    ]
}