{
    "sampler": "DEMetro_Z",
    "value": 10,
    "means_array": [
        [
            0.0,
            0.0,
            0.0,
            0.0,
            0.0,
            0.0,
            0.0,
            0.0,
            0.0,
            0.0
        ],
        [
            0.2718240998216898,
            2.6325122412127158,
            -2.5729447711414966,
            4.036845763984289,
            -2.3667849154981346,
            7.995721877938209,
            4.811296877835691,
            -12.769414154141954,
            -11.109569253282574,
            -3.6629958743296394
        ]
    ],
    "case": "Warmup Samples",
    "dim": 10,
    "samples": [
        [
            -15.592635579424302,
            -10.130963318760157,
            6.3122742398818295,
            -10.741015808808163,
            8.91856552464948,
            -25.906549595602623,
            23.654908958491774,
            0.015887304480184543,
            -1.2850910118451557,
            25.886584236065254
        ],
        [
            3.1591046954478377,
            -15.76195423088618,
            17.595971351543024,
            21.537723390745914,
            17.534036423724512,
            -3.5271106764868065,
            12.979140256534079,
            -15.492932098133945,
            12.345996048831353,
            -0.841753745086744
        ],
        [
            -20.789269308650674,
            1.9195940592995775,
            19.997505500812125,
            -16.17992151879232,
            13.639528126692603,
            -2.2182799820631947,
            28.760547837160875,
            -29.45343586467415,
            -0.43391909822219926,
            -8.960546700937826
        ],
        [
            -8.626811970075686,
            4.825667163784329,
            -30.91539128214143,
            7.447875094147657,
            28.809487317909724,
            -13.605425108005253,
            16.443312475097226,
            -32.27860797630039,
            -29.41222634879938,
            6.507206718305707
        ]
    ]
}