{
    "sampler": "DEMetro_Z",
    "value": 0.5,
    "means_array": [
        [
            0.0,
            0.0
        ],
        [
            13,
            0
        ]
    ],
    "case": "Warmup Samples",
    "dim": 2,
    "samples": [
        [
            26.687690459478787,
            7.076262372258475
        ],
        [
            21.108254151450517,
            -15.651764061890685
        ],
        [
            -6.358203495551829,
            -6.71717842738564
        ],
        [
            -5.58417734205266,
            -13.24997304220803
        ]
    ]
}