{
    "sampler": "HMC",
    "value": [
        50,
        -50
    ],
    "means_array": [
        [
            50,
            -50
        ]
    ],
    "case": "Warmup Samples",
    "dim": 2,
    "samples": [
        [
            48.738900149604675,
            -50.7348783309725
        ],
        [
            50.165063887138835,
            -49.6465469664798
        ],
        [
            50.16081251804369,
            -49.716752688813024
        ],
        [
            49.804218761890304,
            -49.93584713887463
        ]
    ]
}