{
    "sampler": "Metro",
    "value": 0.9,
    "means_array": [
        [
            0.0,
            0.0
        ]
    ],
    "case": "Warmup Samples",
    "dim": 2,
    "samples": [
        [
            12.40106280399757,
            13.5303693450361
        ],
        [
            -20.34770580656592,
            21.628883264083598
        ],
        [
            18.47248226081151,
            -22.65575514019556
        ],
        [
            4.309808285774003,
            2.960672778015449
        ]
    ]
}