{
    "run_id": 1,
    "case": "unimodal",
    "dim": 1,
    "low": [
        -10.223985775971906
    ],
    "high": [
        10.460325782483418
    ],
    "means_array": [
        [
            0
        ]
    ],
    "samples": [
        {
            "posterior": 0.9641345591193815
        },
        {
            "posterior": -2.9120438326324445
        },
        {
            "posterior": -9.951184103826948
        },
        {
            "posterior": 0.11454671913227976
        }
    ]
}