{
    "sampler": "Metro",
    "value": 15,
    "means_array": [
        [
            0.0,
            0.0,
            0.0,
            0.0,
            0.0,
            0.0,
            0.0,
            0.0,
            0.0,
            0.0,
            0.0,
            0.0,
            0.0,
            0.0,
            0.0
        ]
    ],
    "case": "Warmup Samples",
    "dim": 15,
    "samples": [
        [
            1.460372207043008,
            -9.863111377425078,
            3.97606552789442,
            14.784666216712841,
            -24.794543935701263,
            13.065566402089544,
            -7.578432207983237,
            -4.274713687427411,
            -27.015985886167293,
            20.283470154450626,
            24.124300319425146,
            6.180296984838861,
            18.050175422167513,
            -9.521441473441264,
            -24.141821760744495
        ],
        [
            -7.682080246518363,
            1.5453204907632483,
            23.795041305527057,
            -17.671357925277135,
            -26.11640794556451,
            22.97547383907217,
            27.97063866284036,
            -20.237878009070506,
            -21.22377319903097,
            16.142133960654096,
            -26.130494749709626,
            -16.26004952124833,
            -11.272332363625683,
            -23.353407033352962,
            -13.41775497352457
        ],
        [
            -9.817913678030106,
            7.602804089503533,
            2.0221330912423205,
            -0.18518914931633962,
            -26.99206297890943,
            18.726456760590843,
            -15.836485310138347,
            10.400184945491283,
            2.924599065344225,
            27.58503681738228,
            -7.327166181963868,
            -5.457871874244468,
            13.903947042818679,
            5.96148841356392,
            -12.520265647546612
        ],
        [
            1.0536093766722399,
            -4.638828881924423,
            -7.7528099845284855,
            5.48407738060008,
            -21.327572864276444,
            21.73136329243183,
            -25.4184981437581,
            -7.9867816256001625,
            -4.3043645862945565,
            -2.046777117990036,
            -18.314285945835437,
            -15.089626259726499,
            15.362943572845039,
            3.961445191218104,
            -11.939899412687677
        ]
    ]
}