{
    "run_id": 1,
    "case": "unimodal",
    "dim": 30,
    "low": [
        -29.775927006143146,
        -30.013457691887226,
        -29.879184388177464,
        -29.996169849701786,
        -30.088935297283577,
        -30.092053226174734,
        -29.863062334948054,
        -30.409221416848265,
        -29.874898818314175,
        -29.947764536206712,
        -29.962115482690322,
        -30.05721504808018,
        -30.102248797812248,
        -29.705836801576897,
        -30.073695444042492,
        -29.970561006957546,
        -29.89351540062949,
        -30.046653710581896,
        -30.40381424167868,
        -29.758034901193433,
        -29.812727515570014,
        -30.093903269001494,
        -29.873556747318375,
        -29.95895631906807,
        -30.231511480285626,
        -29.88429046773238,
        -30.35450710847057,
        -30.060707634502087,
        -30.10918381266136,
        -30.06065480644161
    ],
    "high": [
        30.224072993856854,
        29.986542308112774,
        30.120815611822536,
        30.003830150298214,
        29.911064702716423,
        29.907946773825266,
        30.136937665051946,
        29.590778583151735,
        30.125101181685825,
        30.052235463793288,
        30.037884517309678,
        29.94278495191982,
        29.897751202187752,
        30.294163198423103,
        29.926304555957508,
        30.029438993042454,
        30.10648459937051,
        29.953346289418104,
        29.59618575832132,
        30.241965098806567,
        30.187272484429986,
        29.906096730998506,
        30.126443252681625,
        30.04104368093193,
        29.768488519714374,
        30.11570953226762,
        29.64549289152943,
        29.939292365497913,
        29.89081618733864,
        29.93934519355839
    ],
    "means_array": [
        [
            0.0,
            0.0,
            0.0,
            0.0,
            0.0,
            0.0,
            0.0,
            0.0,
            0.0,
            0.0,
            0.0,
            0.0,
            0.0,
            0.0,
            0.0,
            0.0,
            0.0,
            0.0,
            0.0,
            0.0,
            0.0,
            0.0,
            0.0,
            0.0,
            0.0,
            0.0,
            0.0,
            0.0,
            0.0,
            0.0
        ]
    ],
    "samples": [
        {
            "posterior": [
                1.3822508952651837,
                -25.26307422579137,
                14.415120453630614,
                -19.58706345474343,
                -15.068073892610933,
                -11.605854407081807,
                0.9674776693026708,
                -9.480276362815054,
                18.780173860834413,
                16.405960488144267,
                24.795858048873114,
                -25.25476950141345,
                -16.56644333847511,
                26.998109248226566,
                -26.983425679416808,
                -4.393003619672271,
                -12.02829454649206,
                -19.121579729186124,
                11.62639502046816,
                -25.482079975395802,
                20.463347044073192,
                15.498085411765267,
                -25.195240806163486,
                21.615923089493638,
                -17.895935379898432,
                -1.4330019524051743,
                -27.52015075538664,
                8.158507839122393,
                23.851744147060433,
                -9.42791441666039
            ]
        },
        {
            "posterior": [
                -15.303276341817648,
                12.25788660451851,
                -13.603355482848876,
                -11.420603336942357,
                14.776654649517951,
                6.345578572476846,
                -1.0161551680852128,
                -6.493543923068895,
                25.0045772282182,
                -5.922598111252928,
                28.353366202334932,
                -0.08959106693390595,
                13.306541828156089,
                -21.08836187448827,
                -25.10753341432068,
                -12.196054077324934,
                -20.15004793513696,
                -8.36435617794232,
                23.285886833790784,
                21.05104577934786,
                -10.44055244088618,
                2.791292200368126,
                6.265448623153318,
                -7.0643772584122,
                26.410169014026778,
                -9.17732645461755,
                -26.3679476321477,
                -18.975421689020795,
                9.517770219695027,
                -4.268338762141838
            ]
        },
        {
            "posterior": [
                5.613552200746991,
                21.17497015745682,
                -24.699482518899604,
                4.842332735543991,
                -23.525925989050716,
                -2.524563773297718,
                -8.466969623482296,
                24.50840430112952,
                -16.674475003174393,
                -20.27788153194242,
                -8.56620397950591,
                -16.97186758918123,
                1.9931771820754953,
                -3.508572176894443,
                20.4249424216328,
                -0.20834334416461786,
                -11.95164630323156,
                -7.144264623594896,
                -16.64072452589258,
                -10.255736703615419,
                -7.2061700352757505,
                -29.655873039304883,
                -18.647888826142857,
                6.840267317123203,
                19.287226086801503,
                7.540017694636727,
                5.8114778649245835,
                -21.956924954472385,
                8.931025613964021,
                11.2293406480688
            ]
        },
        {
            "posterior": [
                10.173415759664802,
                -28.911811840536295,
                29.85954851635499,
                10.48302132689767,
                -27.13653898755767,
                28.152172580932664,
                22.71853794855604,
                -28.919882298255896,
                -9.17560029371607,
                -3.0405896102299756,
                -10.604506923865515,
                -22.858514210457805,
                21.86424384048666,
                27.827231844036024,
                0.8399346004976458,
                7.733420245306192,
                25.095610828812013,
                -12.520171576474738,
                -29.83080144200352,
                9.028595662060127,
                5.21594157416661,
                -7.288972403048149,
                -27.008699498848454,
                5.0869671425442355,
                15.438816574028834,
                -22.613672217193184,
                -22.907644011345795,
                0.8984025700086775,
                -27.741800857922588,
                9.314196853502324
            ]
        }
    ]
}