{
    "sampler": "DEMetro_Z",
    "value": 18,
    "means_array": [
        [
            0.0,
            0.0,
            0.0,
            0.0,
            0.0,
            0.0,
            0.0,
            0.0,
            0.0,
            0.0,
            0.0,
            0.0,
            0.0,
            0.0,
            0.0,
            0.0,
            0.0,
            0.0
        ]
    ],
    "case": "Posterior Samples",
    "dim": 18,
    "samples": [
        [
            21.452909146859746,
            16.42857967465775,
            -24.84593002012934,
            1.070767407167934,
            3.9534515068387637,
            25.322160349694613,
            -1.5792433215946131,
            10.413205751541017,
            1.759380168225161,
            17.18994560092542,
            -13.619819459945834,
            18.500926202266196,
            19.48358330535172,
            -0.542751570183011,
            3.8139336635111842,
            -3.7785591072881672,
            -12.303889879553628,
            -7.48862431735119
        ],
        [
            7.83171924547443,
            4.385527393907806,
            -1.9065966274058557,
            -5.358938662936885,
            10.987776181944012,
            8.479692403717696,
            12.102262159368776,
            4.8591852322806295,
            -6.923457376294537,
            14.036866282839513,
            8.537514480978647,
            5.14699240122657,
            8.812602849436995,
            13.780728334082342,
            2.356893450749692,
            -12.546418135642796,
            6.264411392427829,
            -0.5292925728110075
        ],
        [
            -12.036497037796982,
            33.13420037253955,
            22.065005486065957,
            -6.272906776235697,
            19.51287041822594,
            2.196860389173043,
            -10.77867081585758,
            -6.332725900624116,
            -15.562020167744631,
            4.7335186386706685,
            21.080631218669552,
            -13.690045666247354,
            0.6167731152913272,
            11.322869399243329,
            3.9976451420220576,
            16.8836852263021,
            -0.8732238091526954,
            19.838951210390462
        ],
        [
            -7.354271996588821,
            23.24036485409271,
            -12.29664806572825,
            7.873598548090506,
            -4.473180566311011,
            -3.9827339387202803,
            6.942432704292103,
            -9.127717203920547,
            -19.072269482761463,
            5.104857294799449,
            -16.287154108823753,
            9.992513187869564,
            -22.298749955415197,
            13.905035113899594,
            2.63538287934529,
            2.8936528977871148,
            3.659360737351177,
            9.32949480090354
        ]
    ]
}