{
    "sampler": "Metro",
    "value": 0.9,
    "means_array": [
        [
            0.0,
            0.0
        ]
    ],
    "case": "Warmup Samples",
    "dim": 2,
    "samples": [
        [
            -7.856594897262237,
            -10.290737352522406
        ],
        [
            -19.714582310285955,
            26.294775386574116
        ],
        [
            10.266141476326268,
            25.61801209926142
        ],
        [
            12.903099104024925,
            -28.08085556127353
        ]
    ]
}