{
    "sampler": "Metro",
    "value": 0.9,
    "means_array": [
        [
            0.0,
            0.0
        ]
    ],
    "case": "Posterior Samples",
    "dim": 2,
    "samples": [
        [
            -0.43338437374841987,
            -0.15583987420188603
        ],
        [
            -0.7606157315883632,
            -1.3585289242499499
        ],
        [
            0.6351328514764639,
            0.6673208917604054
        ],
        [
            -1.5487091315248347,
            -1.6308753793673245
        ]
    ]
}