a,sampler,wasserstein_distance,reference_swd,relative_swd,swd_zscore,r_hat,ess,runtime
1,HMC,0.3276925195885716,0.11514714449084192,0.2125453750977297,5.684388383780299,1.003179802099046,2575.7792016400786,4.035524606704712
2,HMC,0.13317373018943499,0.09811192493736381,0.03506180525207117,0.7899850205770301,1.0027977227647003,1628.4249253180217,4.7895426750183105
3,HMC,0.17570147499956384,0.12661002859604786,0.04909144640351598,0.7786437311815196,1.0027234296052017,1523.3275681116825,4.007410764694214
5,HMC,0.19984658794210652,0.19194259996589302,0.0079039879762135,0.12076353921697938,1.002990825616473,1239.5834622476752,4.004372835159302
