a,sampler,wasserstein_distance,reference_swd,relative_swd,swd_zscore,r_hat,ess,runtime
1,Metro,0.20892263453760762,0.11514714449084192,0.0937754900467657,2.5079647395763724,1.0021634165127802,981.8128167437192,2.831684112548828
2,Metro,0.22952307478379047,0.09811192493736381,0.13141114984642666,2.960852676270801,1.002455157683444,880.5802448549473,3.1539080142974854
3,Metro,0.3638122469108445,0.12661002859604786,0.23720221831479665,3.762285160535391,1.00444624355203,803.8932202279083,2.972860097885132
5,Metro,0.5684832822557792,0.19194259996589302,0.37654068228988613,5.753093955778881,1.005960949195738,619.6696734008973,2.943441390991211
