{
    "run_id": 1,
    "case": "unimodal",
    "dim": 15,
    "low": [
        -100.0,
        -100.0,
        -100.0,
        -100.0,
        -100.0,
        -100.0,
        -100.0,
        -100.0,
        -100.0,
        -100.0,
        -100.0,
        -100.0,
        -100.0,
        -100.0,
        -100.0
    ],
    "high": [
        100.0,
        100.0,
        100.0,
        100.0,
        100.0,
        100.0,
        100.0,
        100.0,
        100.0,
        100.0,
        100.0,
        100.0,
        100.0,
        100.0,
        100.0
    ],
    "means_array": [
        [
            0.0,
            0.0,
            0.0,
            0.0,
            0.0,
            0.0,
            0.0,
            0.0,
            0.0,
            0.0,
            0.0,
            0.0,
            0.0,
            0.0,
            0.0
        ]
    ],
    "samples": [
        {
            "posterior": [
                -47.684297223666896,
                73.39137549156044,
                -13.71726032753513,
                -31.94087342551167,
                -77.07555817256116,
                7.9509957779613245,
                81.74077885793832,
                58.392745098149874,
                -32.19784271041554,
                -49.761538966393545,
                7.9822208338161005,
                12.239108933683525,
                -25.17138254005549,
                -14.891353217169794,
                -94.75727937780395
            ]
        }
    ]
}