{
    "sampler": "DEMetro",
    "value": 2,
    "means_array": [
        0
    ],
    "case": "Posterior Samples",
    "dim": 1,
    "samples": [
        -0.198548229960211,
        1.4092288866432776,
        0.2969649259706419,
        2.387160544117291
    ]
}