{
    "run_id": 1,
    "case": "unimodal",
    "dim": 2,
    "low": [
        -30.08351204168737,
        -30.21456493936509
    ],
    "high": [
        29.91648795831263,
        29.78543506063491
    ],
    "means_array": [
        [
            0.0,
            0.0
        ]
    ],
    "samples": [
        {
            "posterior": [
                17.078075200308625,
                23.51533031669686
            ]
        },
        {
            "posterior": [
                10.806015972284527,
                -18.760814406646304
            ]
        },
        {
            "posterior": [
                -22.200112427294464,
                -9.755993296693067
            ]
        },
        {
            "posterior": [
                -19.424866665071605,
                14.894916466890415
            ]
        }
    ]
}