{
    "run_id": 1,
    "case": "unimodal",
    "dim": 2,
    "low": [
        -100.0,
        -100.0
    ],
    "high": [
        100.0,
        100.0
    ],
    "means_array": [
        [
            0.0,
            0.0
        ]
    ],
    "samples": [
        {
            "posterior": [
                -24.831902864601616,
                29.429108283115255
            ]
        },
        {
            "posterior": [
                25.04200716421778,
                36.68507454570579
            ]
        },
        {
            "posterior": [
                -11.505386143922976,
                -0.7763487114684153
            ]
        },
        {
            "posterior": [
                49.603850723843806,
                2.019048567280251
            ]
        }
    ]
}