{
    "run_id": 1,
    "case": "unimodal",
    "dim": 2,
    "low": [
        -29.881212854284556,
        -29.871190222391284
    ],
    "high": [
        30.118787145715444,
        30.128809777608716
    ],
    "means_array": [
        [
            0,
            0
        ]
    ],
    "samples": [
        {
            "posterior": [
                -2.9391091413797525,
                17.38857628168192
            ]
        }
    ]
}