{
    "sampler": "HMC",
    "value": 18,
    "means_array": [
        [
            0.0,
            0.0,
            0.0,
            0.0,
            0.0,
            0.0,
            0.0,
            0.0,
            0.0,
            0.0,
            0.0,
            0.0,
            0.0,
            0.0,
            0.0,
            0.0,
            0.0,
            0.0,
            0.0,
            0.0,
            0.0,
            0.0,
            0.0,
            0.0,
            0.0,
            0.0,
            0.0,
            0.0,
            0.0,
            0.0
        ],
        [
            -0.6552204734365146,
            0.09130337117634173,
            -8.126656912826228,
            2.492235320490473,
            1.5069888380573826,
            -2.788284946141015,
            3.6978828137709936,
            -1.7653440110010616,
            1.891324439487304,
            6.209417565441494,
            1.0806469981877351,
            -5.842794944913929,
            -0.6037250634325022,
            2.8245603481318944,
            -3.1567116694135047,
            2.697993685407146,
            -1.4155306362446485,
            2.7857145053564714,
            -2.0586256281506583,
            1.1458612840038904,
            -2.061253622268821,
            -0.21844429925392464,
            2.9166913349748116,
            4.903575902088791,
            1.9996838065746583,
            -6.7490907830919475,
            -3.4456954546205414,
            1.5288995964802496,
            -0.745624189504093,
            -2.2286360866848263
        ]
    ],
    "case": "Posterior Samples",
    "dim": 30,
    "samples": [
        [
            -2.39816977244707,
            1.367156954356016,
            -8.06302761404,
            3.8789174381473863,
            2.757233579936039,
            -2.5574969984743943,
            4.603618029586722,
            -3.1512254930724692,
            1.9154077493357662,
            4.3352152805591135,
            1.490438251674711,
            -5.864754862461448,
            -0.29284652382344795,
            1.6112368737176834,
            -2.291292415757602,
            3.4982886567197045,
            -2.47681472036243,
            2.7107207016138615,
            -2.524393895687658,
            0.9048790405306553,
            -1.2399034007360537,
            -0.489372539095968,
            1.5733439716539048,
            4.572076853328289,
            3.2418555351353864,
            -6.685103504996325,
            -2.551544410711247,
            0.7817608119337021,
            -2.0814022678892488,
            -3.4289028502208803
        ],
        [
            0.973456498071769,
            -0.25945704871071573,
            2.5748165492924864,
            0.1339715464417885,
            2.016950685362222,
            -0.24674262105205022,
            -0.14286504512987974,
            0.2550748370904084,
            -0.34993437444726583,
            -0.9529584360400166,
            -0.9076419991026666,
            -0.02994128165033246,
            0.09322121710450398,
            0.1355339682970801,
            0.23059567502353553,
            -0.08224078600479122,
            0.25966642190804246,
            0.7386263164188395,
            0.9650493956112514,
            -0.05180970573313459,
            0.5387566729996577,
            -0.10831336899459926,
            0.8422752652678216,
            -0.6861262380769368,
            1.1332404678155314,
            1.5606508189037118,
            -0.46396125880266403,
            -0.14148119242002077,
            -0.5411524296943327,
            -1.1589917874321878
        ],
        [
            -2.1503658169663287,
            0.2825543919517588,
            -8.347840646386347,
            1.8561928854831524,
            -0.41928323735673145,
            -2.7880928378865772,
            4.091886985545924,
            -2.0066263866980747,
            1.7092640948653002,
            6.31055808470921,
            0.4049692437263861,
            -5.75662486636747,
            -0.5857225767201879,
            2.0608187361565578,
            -4.372459553067709,
            1.6472738580072408,
            -2.139726831808476,
            3.2547207136602925,
            -1.1668933800024301,
            1.0066567006016625,
            -2.0537201356436543,
            -0.16562757970696285,
            3.2411266036088784,
            4.301224476608443,
            3.0588553617556573,
            -5.284071928380525,
            -2.99799881643926,
            -0.5891141953085641,
            -0.2899574180437057,
            -1.0474617143579859
        ],
        [
            -0.3276716474697984,
            -0.2021267825127853,
            -0.653167709156517,
            -3.0906404934938525,
            1.416767561657507,
            1.7178461350128256,
            1.226624041135236,
            1.4991531728073668,
            -0.6371851909689363,
            1.8502345099923843,
            0.8389221906195024,
            -0.10127625122150723,
            -1.6983466801872096,
            -0.4766296208747792,
            1.8163761613911815,
            -0.7039450960107894,
            -0.8149195941224916,
            -0.047419752530241444,
            1.2665052191685215,
            -0.7972338807615266,
            0.8129846061200886,
            0.4950238394630837,
            1.1287621077299628,
            -1.3819609084920654,
            0.4990924741347081,
            0.42126683467109416,
            0.08350367257616959,
            0.04941680434040163,
            0.7626818363962032,
            -0.18936714114695244
        ]
    ]
}