run_id,mu,sampler,wasserstein_distance,mmd_rff,r_hat,ess,runtime
6,"(10, 10)",HMC,1.705148499950977,0.12570831058154686,1.817726230494228,5.840650253743416,3.369133234024048
6,"(2, 2)",HMC,1.3882072178276414,0.15816064627625473,1.1633598815860577,16.734081524215814,3.4940497875213623
6,"(20, 20)",HMC,1.7393242076874176,0.11630292758028368,2.337194014991156,4.970488569748645,3.054673910140991
6,"(40, 40)",HMC,2.4295036378281636,0.06563886291503268,1.9754044231984778,5.472965758494259,3.37274169921875
6,"(5, 5)",HMC,0.3116098930691691,0.05683344045565384,1.7504893099627805,6.035361757785051,3.086658239364624
