run_id,mu,sampler,wasserstein_distance,mmd_rff,r_hat,ess,runtime
6,"(10, 10)",Metro,1.8004743670740764,0.1321979778884301,2.011230134368368,5.450407249001906,2.2527053356170654
6,"(2, 2)",Metro,1.731485428921144,0.22764283124551377,1.208394322251169,14.367521309554403,2.5581140518188477
6,"(20, 20)",Metro,1.8392539347955776,0.0736131612725215,1.849149255029282,5.779081492516792,2.5891709327697754
6,"(40, 40)",Metro,3.6025200163395477,0.15881562646479616,1.6703431389175611,6.513811087979087,2.259239673614502
6,"(5, 5)",Metro,1.1702742983780798,0.1498998932349109,1.626582537974912,6.610204155112727,2.57243013381958
