run_id,mu,sampler,wasserstein_distance,mmd_rff,swd_zscore,r_hat,ess,runtime
20,"(10, 10, 10, 20, 20, 30, 30, 30, 40, 40)",DEMetro,3.0672894708759406,0.4029747217963709,1248.0372634729404,18.845344715792542,6.066879601917515,2.239276647567749
