{
    "sampler": "Metro",
    "value": 0.0,
    "means_array": [
        [
            0.0,
            0.0,
            0.0,
            0.0,
            0.0,
            0.0,
            0.0,
            0.0,
            0.0,
            0.0,
            0.0,
            0.0,
            0.0,
            0.0,
            0.0,
            0.0,
            0.0,
            0.0,
            0.0,
            0.0,
            0.0,
            0.0,
            0.0,
            0.0,
            0.0,
            0.0,
            0.0,
            0.0,
            0.0,
            0.0
        ]
    ],
    "case": "Posterior Samples",
    "dim": 30,
    "samples": [
        [
            -1.5222023064752428,
            -0.1307701653250395,
            1.1631982142306079,
            0.5649603025039254,
            -2.4698383578176895,
            -0.7403645048792691,
            -0.8270366608796242,
            1.5582189751531423,
            1.0550950030643573,
            1.1938392520805485,
            0.039848669655943136,
            0.11129854797917926,
            1.3009289746041381,
            -0.8794126840947969,
            -0.32366729276965933,
            1.3072039983511317,
            0.663497413545737,
            0.927153847513973,
            0.17189707494836526,
            -0.26622763351205864,
            0.2606153293593827,
            0.8543711601637076,
            0.5935063553417254,
            0.3105620787609218,
            0.9714414484241103,
            -0.21835029112365323,
            0.3143355792703645,
            0.3815791302830832,
            0.4490573075522225,
            0.21280911295902727
        ],
        [
            1.7009084382249027,
            0.043978428267575254,
            -1.2177331059127035,
            -1.6628743621916446,
            -0.10563916617742197,
            0.39464573003005565,
            -1.4231753275538326,
            0.47979316713611203,
            -1.0548162567904382,
            -0.3478373807920093,
            -0.162508331198276,
            -1.1983842103382765,
            -0.30277613374262335,
            0.5897896138091725,
            -0.07904414974106361,
            -0.9468354387356775,
            -1.6152981413144765,
            -1.298382849190781,
            0.3015271464060819,
            -0.7287655561085153,
            -0.7180116591112775,
            -0.32790971882329467,
            -1.6380553777385445,
            -0.9549586957251236,
            -0.3824774382423282,
            0.603123732543914,
            0.8358425984416151,
            -1.2767166689016753,
            -0.12252931595412131,
            0.9401891917757563
        ],
        [
            -0.6866173341399915,
            -1.0493544689614709,
            1.3460587322913282,
            -1.0480666297368377,
            -2.078480399305853,
            -0.6815736244296031,
            0.18659545337514588,
            -0.654417977168205,
            1.2538599712813656,
            -1.2491872539755315,
            1.61755791866713,
            -0.10009349872963702,
            -0.24932404591291138,
            -0.1656306414333263,
            -1.9611760472153144,
            0.8708084682357065,
            -0.6485935005717605,
            0.5874569935805033,
            -0.6788429339373586,
            -0.4974638568756013,
            1.0682364263303388,
            0.1619597213975688,
            -1.4026085209019654,
            0.506455615819543,
            -0.0977660986607023,
            0.8834819019617686,
            1.7432329812757807,
            -2.2770514702390052,
            -1.058396428155148,
            0.8223364534191699
        ],
        [
            -0.06039822381477222,
            -0.8458340653776301,
            -0.3016379897228348,
            -0.022178394778037958,
            -0.3066111329619159,
            0.6116455135610577,
            0.2776913163639596,
            0.747256061632543,
            -1.0393888416527228,
            -0.9323593698106866,
            0.10462311877906938,
            0.32348609163785735,
            0.9568612888671112,
            0.21666494674136913,
            0.5598168652958933,
            1.3302419031287056,
            0.9050049809937726,
            -3.0584202165450867,
            -1.0259150733473508,
            0.7140812967583869,
            -1.3018483729428851,
            0.6860054807939598,
            0.1538709926056922,
            -0.08960084186500034,
            1.6342841221992117,
            1.4648643147380018,
            -0.7941026424728498,
            -0.0023223580570030655,
            1.4899996797861408,
            -1.3461099884468908
        ]
    ]
}