nu,sampler,wasserstein_distance,swd_zscore,r_hat,ess,runtime
1,HMC,1.9811929119539706,-0.44900200590169703,1.13216496814433,22.886798151220535,4.734253168106079
2,HMC,2.0290489062885424,28.072774556053588,1.043911994777634,108.00082982179265,10.284921646118164
5,HMC,0.3697792070250225,5.506241286403393,1.103396765251394,37.72819056627579,12.49893045425415
10,HMC,1.205518553024429,14.598755827207944,1.1849932726690298,15.062093062365411,5.967825889587402
