run_id,nu,sampler,wasserstein_distance,mmd_rff,r_hat,ess,runtime
28,0.5,HMC,1712.8559498761228,0.08288525409007452,1.0356685496677216,670.4421929194439,5.050423622131348
28,1.0,HMC,2.03625900093276,0.13739755685877056,1.2525841006264224,113.07089189720595,1.8088343143463135
28,2.0,HMC,0.25394322829731164,0.018945362441290022,1.0045235465457536,838.9807710827961,1.1509945392608643
28,5.0,HMC,0.049094155828059705,0.016685594720545063,1.001037148701391,1759.293419796875,1.1724095344543457
28,10.0,HMC,0.06197404895610012,0.023612681864233084,0.9999251237914267,1803.5326227235112,1.1209962368011475
28,30.0,HMC,0.029050102990360635,0.013580355152591992,1.0010869688373474,1909.7874510356457,1.0735867023468018
28,100.0,HMC,0.025508437632774727,0.00897125162336868,1.0016292147820636,1659.849322071421,1.0987694263458252
28,500.0,HMC,0.06655089405941114,0.035435330114491126,1.001381718870759,1604.751344324119,1.0952222347259521
