{
    "sampler": "Metro",
    "value": [
        0.0,
        0.0,
        -5.163978,
        0.0,
        0.0
    ],
    "means_array": [
        [
            0.0,
            0.0,
            -5.163978,
            0.0,
            0.0
        ],
        [
            0.688077,
            -0.084829,
            1.032796,
            -4.990158,
            0.466562
        ],
        [
            4.394785,
            0.327205,
            1.032796,
            1.714687,
            -1.799625
        ],
        [
            -2.468947,
            4.239863,
            1.032796,
            0.780392,
            -0.958567
        ],
        [
            -2.468947,
            -3.631096,
            1.032796,
            0.780392,
            -2.38965
        ],
        [
            -0.144968,
            -0.851142,
            1.032796,
            1.714687,
            4.681281
        ]
    ],
    "case": "Posterior Samples",
    "dim": 5,
    "samples": [
        [
            0.33363894381298853,
            -0.6275098709200955,
            -4.488740511112758,
            0.45857245816282266,
            -1.1359881398623237
        ],
        [
            -0.12425351207617474,
            0.4928070324901197,
            1.5962866849723854,
            -5.514259294613871,
            -0.41968209011666624
        ],
        [
            4.523732343670558,
            1.9066091076994587,
            0.0114321138013882,
            0.14882317877336038,
            -1.588594948242482
        ],
        [
            -1.1357855780240849,
            -0.9344149898416532,
            1.2304432514406554,
            2.853528111660074,
            4.521164556031764
        ]
    ]
}