run_id,dimension_corr,sampler,wasserstein_distance,mmd_rff,r_hat,ess,runtime
66,2,SMC,0.02332718982141865,0.011301153156919005,1.0005634717937575,3729.5194457131365,1.363889455795288
66,5,SMC,0.048940758104780054,0.020955803308829197,1.001015078832362,3534.92211469969,2.0221621990203857
66,10,SMC,0.017249783790462662,0.018970968980960085,1.0004596996395807,3725.063693767275,2.7381484508514404
66,15,SMC,0.02262716349207215,0.021882513240986872,1.000045176359131,3966.569455678937,3.6124188899993896
66,20,SMC,0.023747966357248428,0.021759966486312524,1.0008963615567958,3848.1032783986293,4.050364971160889
