{
    "sampler": "Metro",
    "value": 0.3,
    "means_array": [
        [
            0.0,
            0.0,
            0.0,
            0.0,
            0.0,
            0.0,
            0.0,
            0.0,
            0.0,
            0.0,
            0.0,
            0.0,
            0.0,
            0.0,
            0.0,
            0.0,
            0.0,
            0.0,
            0.0,
            0.0,
            0.0,
            0.0,
            0.0,
            0.0,
            0.0,
            0.0,
            0.0,
            0.0,
            0.0,
            0.0
        ]
    ],
    "case": "Warmup Samples",
    "dim": 30,
    "samples": [
        [
            16.40909489178199,
            -43.01405314316649,
            -17.19180193852803,
            98.47989605968328,
            -25.000271709124252,
            89.65593190923323,
            38.4803161180393,
            79.67169397536487,
            50.22876364787711,
            -72.10456282632246,
            89.90946019286189,
            92.67908483592433,
            55.28571835931779,
            0.7412844718323546,
            48.8086739518149,
            -51.58338139360298,
            2.670405659663783,
            -10.912043229650228,
            -80.70575724614496,
            21.648471945348973,
            -62.119572693670555,
            -80.61073761349715,
            -14.01116814206684,
            -36.40496095750745,
            -83.28414510086482,
            25.951123158050105,
            -57.190023176447276,
            10.216103747665764,
            33.866110245993134,
            84.62453711110662
        ],
        [
            -21.815644800543083,
            -79.00293236170532,
            -78.53351270003623,
            61.52350218691145,
            1.9725766708379335,
            -17.59564147061465,
            45.196457346464776,
            25.17875202198555,
            -81.22844272803195,
            0.5694699549571272,
            63.269113555767866,
            -53.03762983916917,
            -90.64896531944439,
            55.82046872022063,
            73.59375189725577,
            29.957816001560218,
            -1.926746997502082,
            -44.39794912210815,
            -41.645770317581594,
            -86.4710437065435,
            25.270489347355866,
            100.36716244350433,
            96.33806293652844,
            -97.76533235989027,
            -64.62417493280513,
            73.11168113282527,
            40.35719961012799,
            40.11794593513451,
            -70.91208332927845,
            83.03922392607485
        ],
        [
            -15.195447521500734,
            95.52166628665553,
            8.255367555785217,
            90.5520689663495,
            62.58278911623061,
            37.95084277974854,
            -37.192139732880676,
            51.5204326500272,
            -38.4818309073945,
            27.100861595299666,
            -99.5616278669533,
            66.20094708930809,
            -13.881589281541833,
            23.15540003518581,
            -36.3163365113653,
            -32.528583576481964,
            100.90609368034256,
            -31.66343349795803,
            -0.4963408223700674,
            51.1346004097589,
            -97.25183151329722,
            62.99547703608141,
            98.99569712351264,
            -45.95067430270393,
            -62.078026127375466,
            -85.37767073192587,
            -62.1660211851404,
            -57.155090086429546,
            54.092426120546705,
            68.49366911291587
        ],
        [
            -65.23376049087977,
            90.3270405148116,
            58.258013840624,
            75.77303761567627,
            3.679095760219357,
            -17.70565414295317,
            76.97508178805113,
            -2.7931321397364273,
            -13.613315677944264,
            -77.60661351620024,
            -85.91727825384528,
            21.944018105742867,
            29.363869842343682,
            -6.715731910046534,
            7.56942278751611,
            23.13640107469841,
            89.70949264026389,
            -48.29972431410779,
            85.89891763306711,
            -50.564847896132406,
            40.34692487232194,
            26.323926933137013,
            91.69033239182087,
            -60.532118253015085,
            10.799248536577482,
            -36.59188771518715,
            71.40804964792419,
            6.999201825822516,
            -9.853460242746387,
            90.44858031626809
        ]
    ]
}