run_id,dimension_corr,sampler,wasserstein_distance,mmd_rff,r_hat,ess,runtime
37,2,HMC,0.03503977896752078,0.020938464639738447,1.0046724431996674,2199.34734194422,2.4987385272979736
37,5,HMC,0.029194406224645784,0.012741414685826971,1.0045268625823347,1158.6663002142807,2.673842191696167
37,10,HMC,0.02351189263112041,0.018532689031357998,1.0097035671109131,732.3016613034387,2.876185894012451
37,15,HMC,0.059120384752333284,0.025655582696765072,1.0063599883635308,606.9079316185882,3.228609561920166
37,20,HMC,0.033199721562042664,0.01765195210756892,1.0076852405167072,419.925624036508,3.25740909576416
