run_id,dimension_corr,sampler,wasserstein_distance,mmd_rff,r_hat,ess,runtime
37,2,Metro,0.09978778467225854,0.04917446396137338,1.0518047466369607,136.45556755695696,1.3583669662475586
37,5,Metro,0.10019389669696156,0.04143298207636671,1.0436851112414685,71.14943028013968,1.8803317546844482
37,10,Metro,0.06866758393008893,0.0464571607054899,1.2266924073108594,12.912479431509343,2.0150389671325684
37,15,Metro,0.10797928535275975,0.05198703501259508,1.2266908839067385,12.91064836027917,2.805738687515259
37,20,Metro,0.22482036570776956,0.04702422869140308,1.3544177457126214,9.172477474837496,2.9269721508026123
