nu,ws_t_stat,ws_p_value,ws_paired_cohens_d
2.1,-1.8224015719216684,0.0787214302725411,-0.33272348325812373
3.0,-2.5330392590957795,0.016974539388815078,-0.4624675804176438
4.0,-2.8952957736194445,0.007128422078864318,-0.5286062686202468
5.0,-1.269948233963598,0.21419883226000902,-0.2318597648685703
30.0,-2.298451274815599,0.028936613959304854,-0.4196378701810031
