mu,sampler,wasserstein_distance,r_hat,ess,runtime
"(-10, 20, -30)",DEMetro,0.019376887770106672,1.0127996108051798,879.8271663703915,2.6367805004119873
"(-5, 0, 5)",DEMetro,0.04159867738418778,1.0178157834812969,609.40692828738,3.164027452468872
"(0, 0, 0)",DEMetro,0.03930223294566424,1.0120044283027465,869.9454203314054,2.665358066558838
"(50, -50, 100)",DEMetro,0.05477597326261032,1.0107144117350129,907.9034570232853,3.087667226791382
