{
    "sampler": "HMC",
    "value": 15,
    "means_array": [
        [
            -7.5,
            0.0
        ],
        [
            7.5,
            0.0
        ]
    ],
    "case": "Warmup Samples",
    "dim": 2,
    "samples": [
        [
            -25.88110779539807,
            15.102109564056617
        ],
        [
            -5.678918362176985,
            -17.06203963710804
        ],
        [
            21.832249349544004,
            4.08252776133683
        ],
        [
            4.274704176947038,
            -4.877089214396997
        ]
    ]
}