run_id,dimension_corr,sampler,wasserstein_distance,mmd_rff,r_hat,ess,runtime
14,2,Metro,0.03287270370259001,0.03070625849818631,1.0025568922665193,984.338127903292,1.170821189880371
14,5,Metro,0.049342639028390034,0.02855624607374132,1.012052419503179,914.3590366250933,1.6316685676574707
14,10,Metro,0.038984192215806915,0.024917775243001407,1.0093799831263985,785.1408475712313,1.6213264465332031
14,15,Metro,0.034126039729715785,0.022977570485470666,1.0153559586662397,514.3898766326251,2.239349842071533
14,20,Metro,0.0361773267031272,0.023012737877519212,1.0094258472578674,693.0030769914882,2.209879159927368
