run_id,dimension_corr,sampler,wasserstein_distance,mmd_rff,r_hat,ess,runtime
8,2,HMC,0.026684148260100193,0.018152922529117495,1.002993299527056,996.8631301913364,1.9563603401184082
8,5,HMC,0.017895790344127683,0.017281547360536827,1.0059871590618363,767.0177814752856,2.1270647048950195
8,10,HMC,0.019828163512393616,0.019096092191260714,1.018881533285316,347.9410305786993,2.2676117420196533
8,15,HMC,0.03336868869823924,0.027995952245726693,1.003237334697808,303.00036288188284,2.3956174850463867
8,20,HMC,0.07829987547072775,0.03234200169061779,1.0322718934755575,115.9062960290882,2.4303462505340576
