run_id,dimension_corr,sampler,wasserstein_distance,mmd_rff,r_hat,ess,runtime
8,2,Metro,0.0856106141518987,0.061177245661475796,1.0361800105057954,77.7727233112554,1.4581842422485352
8,5,Metro,0.05280618651461506,0.04299066244181961,1.0772097590181688,41.56605873998245,1.3307082653045654
8,10,Metro,0.24118952118778797,0.1380585129147927,1.2150302628894203,13.750791687876054,1.619560718536377
8,15,Metro,0.21988987946798333,0.09855505623779728,1.5394637063590462,7.194394137835934,1.9358747005462646
8,20,Metro,0.7310367639979435,0.10729519275308742,1.6015113535786811,6.841254145281607,2.707139730453491
