run_id,mu,sampler,wasserstein_distance,mmd_rff,r_hat,ess,runtime
28,"(0, 0, 0, 0, 0)",HMC,0.027034555667332195,0.02072549214069349,1.0026078003200563,1764.939870092723,1.8501229286193848
