alpha,sampler,wasserstein_distance,reference_swd,relative_swd,swd_zscore,r_hat,ess,runtime
2,HMC,8.300409706629166,12.128449846079672,-3.828040139450506,-0.4616799492181752,1.0075611234397903,666.808766487269,1.5914530754089355
