alpha,sampler,wasserstein_distance,reference_swd,relative_swd,swd_zscore,r_hat,ess,runtime
2,Metro,10.15656900535095,12.128449846079672,-1.9718808407287227,-0.23781826032331232,1.032666186352092,97.35895007260079,5.241707801818848
