run_id,mu,sampler,wasserstein_distance,mmd_rff,r_hat,ess,runtime
5,8,Metro,0.5916439784457962,0.07724670082660096,1.115783837225613,24.231576989645863,1.3851308822631836
5,10,Metro,1.7812997085005373,0.19277655581912626,1.1262920267813576,23.711528869292863,1.0660490989685059
5,12,Metro,2.499720306580799,0.23119584657073974,1.7371413804240934,6.165772775351218,1.123708724975586
5,14,Metro,2.849536722372013,0.23194063219254907,1.7368063297717633,6.145003414209142,1.4119393825531006
5,16,Metro,0.7133082959411092,0.04900949887021292,1.5390582106282094,7.256830231563003,1.0773260593414307
5,18,Metro,3.633626548359385,0.23130598513665054,1.7430679744761912,6.15397921708233,1.134856939315796
5,20,Metro,4.048535733912619,0.23668037449896467,1.7388708847022523,6.157868131497671,1.4069795608520508
5,22,Metro,6.5669631546815115,0.33977272102500067,1.0033562234722244,946.4827505296885,1.0971558094024658
5,40,Metro,7.897388381742871,0.21593875597428783,1.7393819445546321,6.166511255522637,1.1018898487091064
