run_id,mu,sampler,wasserstein_distance,mmd_rff,r_hat,ess,runtime
25,"(5.0, 0.0)",HMC,0.1749909446187418,0.04792595931691443,1.0621665526540442,66.83918307502972,3.666297674179077
25,"(5.0, 10.0)",HMC,1.2013604634902568,0.1295820211022856,2.4089286749726457,4.897300674132602,3.3103597164154053
25,"(5.0, 20.0)",HMC,3.219039922965884,0.24249112896495004,1.7353178768732704,6.114499423083016,2.9963583946228027
25,"(5.0, 40.0)",HMC,10.808315873950864,0.32502927582224195,1.5279482563242421,7.195274617021879,3.2501144409179688
25,"(5.0, 5.0)",HMC,1.3916486529314078,0.2325261390997823,1.37162254269695,9.142347775976251,3.2770750522613525
