run_id,mu,sampler,wasserstein_distance,mmd_rff,r_hat,ess,runtime
25,"(5.0, 0.0)",Metro,0.25715431403420497,0.034175557538608056,1.0446211193258421,118.55139515369233,2.4514732360839844
25,"(5.0, 10.0)",Metro,2.720525338982128,0.3221644057690987,1.528961737613768,7.291886338505116,2.1199393272399902
25,"(5.0, 20.0)",Metro,2.73941375346366,0.21842638497259795,1.7362119451548887,6.171417804778071,2.4197237491607666
25,"(5.0, 40.0)",Metro,9.114362095767655,0.32761563146547695,1.5294862721435032,7.2238166753958275,2.1161603927612305
25,"(5.0, 5.0)",Metro,0.3632949980348929,0.0656925268241606,1.3168912395861812,10.777712645692967,2.4989144802093506
