{
    "sampler": "Metro",
    "value": 2.5,
    "means_array": [
        0
    ],
    "case": "Warmup Samples",
    "dim": 1,
    "samples": [
        -67.89330382209022,
        21.92344421769899,
        85.53661384467199,
        11.623882590544323
    ]
}