mode_means,sampler,wasserstein_distance,r_hat,ess,chain_seeds,mode_distance
"(0, 8)",DEMetro,0.7640362133818264,1.09694166200771,30.677877578718917,"[952953, 82496, 310410, 376540]",8
"(0, 10)",DEMetro,4.855299887050799,1.0108452094465405,429.9594053324078,"[952953, 82496, 310410, 376540]",10
"(0, 15)",DEMetro,7.6589392868143396,1.010169741123789,296.66350034312757,"[952953, 82496, 310410, 376540]",15
"(0, 20)",DEMetro,0.33823018048109815,1.2260746975305166,12.818230940499703,"[952953, 82496, 310410, 376540]",20
