mode_means,sampler,wasserstein_distance,r_hat,ess,chain_seeds,mode_distance
"(0, 8)",HMC,1.028886588840529,1.359869967569641,9.575937599676415,"[952953, 82496, 310410, 376540]",8
"(0, 10)",HMC,2.5987941413598574,1.5285094651115854,7.196347761141286,"[952953, 82496, 310410, 376540]",10
"(0, 15)",HMC,3.9180703139967026,1.5289364548276088,7.193219249737832,"[952953, 82496, 310410, 376540]",15
"(0, 20)",HMC,5.049342578841772,1.5291161972468688,7.190808133407783,"[952953, 82496, 310410, 376540]",20
