mode_means,sampler,wasserstein_distance,r_hat,ess,chain_seeds,mode_distance
"(0, 8)",Metro,0.9001932652140388,1.0615904190296006,57.442572525127204,"[952953, 82496, 310410, 376540]",8
"(0, 10)",Metro,1.1556783075758927,1.6879548044214436,6.350778885129994,"[952953, 82496, 310410, 376540]",10
"(0, 15)",Metro,3.5411732083681273,1.534195232623275,7.354461814898995,"[952953, 82496, 310410, 376540]",15
"(0, 20)",Metro,4.96278496168846,1.5367831353804688,7.222314069358025,"[952953, 82496, 310410, 376540]",20
