{
    "sampler": "HMC",
    "value": 2,
    "means_array": [
        [
            0.0,
            0.0
        ]
    ],
    "case": "Posterior Samples",
    "dim": 2,
    "samples": [
        [
            1.4434532845562424,
            -1.2450653804806817
        ],
        [
            2.2783892124168426,
            1.156360876384742
        ],
        [
            -0.4992055153612299,
            -0.3675834625956649
        ],
        [
            -0.11470351954659816,
            -1.4082343161359887
        ]
    ]
}