run_id,nu,sampler,wasserstein_distance,mmd_rff,r_hat,ess,runtime
34,0.5,SMC,10808.61635437579,0.06693375890612836,1.0124488782290502,1871.5820248786683,0.6801514625549316
34,1.0,SMC,2.6799754986678175,0.03629881657477976,1.0143740759715905,997.8373308850004,0.6685211658477783
34,2.0,SMC,0.14467456139204127,0.032908478626032904,1.0157112520068807,609.0678648467566,1.4276220798492432
34,5.0,SMC,0.06945087147877005,0.0212507879257452,1.0160574409641467,409.6394440225083,0.741243839263916
34,10.0,SMC,0.06174486842779549,0.032705739965795864,1.019257310768099,343.2473164546632,0.7061886787414551
34,30.0,SMC,0.04522640162083014,0.01425894793084845,1.0146972781563741,308.06188492226977,1.4568724632263184
34,100.0,SMC,0.04910564031255781,0.019582138671989418,1.0189538526822859,288.91998038226455,0.7186324596405029
34,500.0,SMC,0.0538036460965721,0.022878479710574873,1.02313233616458,294.90798879594,0.7532854080200195
