{
    "sampler": "HMC",
    "value": 3,
    "means_array": [
        [
            0.0,
            0.0
        ],
        [
            16,
            0
        ]
    ],
    "case": "Posterior Samples",
    "dim": 2,
    "samples": [
        [
            15.785153911841304,
            0.2620744973021035
        ],
        [
            -1.3431398838616353,
            0.01682527609571625
        ],
        [
            14.306510928712825,
            1.8774928673979756
        ],
        [
            -2.0022403940504985,
            0.9283512002078623
        ]
    ]
}