mu,global_avg_wasserstein_distance,global_avg_r_hat,global_avg_ess,global_avg_runtime,global_avg_wasserstein_distance_std,global_avg_r_hat_std,global_avg_ess_std,global_avg_runtime_std
"(10, -30)",9.384546762697724,1.0308461790453198,212.65093170033805,3.864736318588257,1.1697573542235136,0.010932977408564937,17.597660460402672,1.142282770130383
"(20, 1000)",238.7749655521242,1.7841515261198824,6.138567698952333,3.3039625883102417,32.70678895847151,0.03912246546648703,0.15182593945492207,0.13694944074038873
