run_id,mu,sampler,wasserstein_distance,mmd_rff,swd_zscore,r_hat,ess,runtime
4,"(10, 10, 20, 30, 30)",HMC,0.03585632275972589,0.020508441738041394,3.863678938973225,1.0028491386362375,4331.273794668396,4.164699554443359
