mu,sampler,wasserstein_distance,reference_swd,relative_swd,swd_zscore,r_hat,ess,runtime
0,Metro,0.3169992827039766,0.16383220210080282,0.15316708060317377,4.333917121068137,1.004080228023693,948.3073715805915,4.672142505645752
3,Metro,0.24194699198473324,0.1548307443466413,0.08711624763809195,1.7445589341671524,1.0005132294709729,930.3327610253556,3.4516098499298096
6,Metro,0.22390298255673718,0.16979233047799108,0.0541106520787461,0.8258650736149412,1.00351932659313,1047.0164056894077,4.107078552246094
10,Metro,0.23851066904073756,0.15508441935772918,0.08342624968300838,1.0072134351770565,1.0035375630417922,933.9534207585606,3.9124937057495117
