{
    "run_id": 1,
    "case": "multimodal",
    "dim": 30,
    "means_array": [
        [
            0.0,
            0.0,
            0.0,
            0.0,
            0.0,
            0.0,
            0.0,
            0.0,
            0.0,
            0.0,
            0.0,
            0.0,
            0.0,
            0.0,
            0.0,
            0.0,
            0.0,
            0.0,
            0.0,
            0.0,
            0.0,
            0.0,
            0.0,
            0.0,
            0.0,
            0.0,
            0.0,
            0.0,
            0.0,
            0.0
        ],
        [
            13.0,
            0.0,
            0.0,
            0.0,
            0.0,
            0.0,
            0.0,
            0.0,
            0.0,
            0.0,
            0.0,
            0.0,
            0.0,
            0.0,
            0.0,
            0.0,
            0.0,
            0.0,
            0.0,
            0.0,
            0.0,
            0.0,
            0.0,
            0.0,
            0.0,
            0.0,
            0.0,
            0.0,
            0.0,
            0.0
        ]
    ],
    "min_mode": [
        0.0,
        0.0,
        0.0,
        0.0,
        0.0,
        0.0,
        0.0,
        0.0,
        0.0,
        0.0,
        0.0,
        0.0,
        0.0,
        0.0,
        0.0,
        0.0,
        0.0,
        0.0,
        0.0,
        0.0,
        0.0,
        0.0,
        0.0,
        0.0,
        0.0,
        0.0,
        0.0,
        0.0,
        0.0,
        0.0
    ],
    "max_mode": [
        13.0,
        0.0,
        0.0,
        0.0,
        0.0,
        0.0,
        0.0,
        0.0,
        0.0,
        0.0,
        0.0,
        0.0,
        0.0,
        0.0,
        0.0,
        0.0,
        0.0,
        0.0,
        0.0,
        0.0,
        0.0,
        0.0,
        0.0,
        0.0,
        0.0,
        0.0,
        0.0,
        0.0,
        0.0,
        0.0
    ],
    "border": [
        41.72729925876203,
        27.94275758621675,
        35.12541391659252,
        29.97135974640623,
        32.51264210397488,
        33.070160200728566,
        29.982482118166217,
        25.847565474230002,
        27.504538502242923,
        29.530963525073133,
        35.03596251352127,
        33.5230309476252,
        32.56307236446732,
        34.161303135868884,
        31.96911304199208,
        31.97467946328097,
        31.333860295710004,
        34.46767467825053,
        32.70289974903802,
        31.757223967177108,
        34.4733851440746,
        27.292036523641833,
        34.29330172125439,
        29.417294310603243,
        31.096476480241407,
        31.78560906014056,
        30.198729765048444,
        41.80096784311945,
        31.464668734424503,
        29.055034911036234
    ],
    "low": [
        -57.95997551396142,
        -41.616806269999586,
        -53.88007570173197,
        -42.22045004456143,
        -49.27827559281994,
        -47.123507097301825,
        -43.477479445894005,
        -37.10014817997383,
        -42.11315832871221,
        -43.852041589045214,
        -51.6368038570679,
        -50.935751872473034,
        -47.673486931808796,
        -53.68773811759701,
        -47.780429102105245,
        -47.49538661165131,
        -45.09406621960723,
        -54.11125646886857,
        -49.45611132835197,
        -44.848985680697155,
        -50.5156897071543,
        -39.96183222593325,
        -52.82018934303028,
        -42.6226167060437,
        -48.32983653604907,
        -48.708603158998166,
        -44.82809073505913,
        -65.7860703833698,
        -47.39310479369185,
        -43.86822636464639
    ],
    "high": [
        67.22192226232467,
        42.21146648865066,
        51.496166048045595,
        47.69362919465725,
        48.25965071910472,
        52.086973504883865,
        46.46996690860465,
        40.44254824271618,
        40.40045717801656,
        44.740848986174186,
        53.4710836834959,
        49.63334097040257,
        50.015730161593154,
        48.79617129000965,
        48.126910023871005,
        48.4286517781916,
        48.90751466752279,
        49.29176756588303,
        48.65258791876208,
        50.42268622083417,
        52.904465725069485,
        41.91427734499225,
        50.059715820732876,
        45.629266225766024,
        44.95959290467515,
        46.64822402142351,
        45.7680985600862,
        59.61683314598856,
        47.00090140958166,
        43.296878368462316
    ],
    "samples": [
        {
            "posterior": [
                3.1172163144367886,
                28.222709717634444,
                23.014570070533892,
                31.01452815477414,
                6.2474088145061515,
                31.358385232838813,
                31.182585493544067,
                6.208663229377983,
                -25.05113981559945,
                14.122382855256383,
                -27.7738223674713,
                -6.686836685863646,
                31.011715823809865,
                -4.005825101306584,
                20.781570494684686,
                42.13151946570622,
                -3.196505719906547,
                25.97744635161107,
                21.966976561719143,
                7.06666297862381,
                -2.757246474113522,
                -20.098819406530005,
                -6.748748151689625,
                -38.518467043925014,
                -21.157636572678665,
                28.6241151350086,
                31.786261928607423,
                -22.153549835809095,
                -26.905014477434865,
                -18.60268051658979
            ]
        }
    ]
}