{
    "sampler": "DEMetro_Z",
    "value": 5,
    "means_array": [
        [
            -2.5,
            0.0
        ],
        [
            2.5,
            0.0
        ]
    ],
    "case": "Posterior Samples",
    "dim": 2,
    "samples": [
        [
            1.5617702231504593,
            -1.5256525269717465
        ],
        [
            0.8975013517402445,
            -0.6798116080781013
        ],
        [
            1.9446869805861025,
            0.9263022339346545
        ],
        [
            -2.05291303151718,
            -1.6779908065553004
        ]
    ]
}