{
    "sampler": "Metro",
    "value": 10,
    "means_array": [
        [
            10,
            10,
            10,
            10,
            10,
            20,
            20,
            20,
            20,
            20
        ]
    ],
    "case": "Posterior Samples",
    "dim": 10,
    "samples": [
        [
            10.751550795744542,
            10.962497893686512,
            10.589754256604873,
            10.302685931093178,
            10.67218400797967,
            20.562649088400256,
            20.909930809778867,
            20.77107366497534,
            20.290012893438462,
            21.313375055680144
        ],
        [
            8.91806031880525,
            8.938534899965893,
            8.834513153187228,
            8.50541081947729,
            8.531247788441753,
            18.23942160994192,
            18.993644739227474,
            18.544099135319374,
            18.550064312116557,
            18.127355301227123
        ],
        [
            10.68084367580705,
            9.99370801985782,
            10.316681989876153,
            10.474282422137382,
            9.893437722227095,
            20.1881406008405,
            20.130151006408667,
            19.69705071036376,
            19.98232106316694,
            19.91608704750553
        ],
        [
            10.321677202804908,
            9.819727211616819,
            10.804230671963273,
            10.60103944396735,
            10.608240545943017,
            19.86045983662363,
            20.27895065712304,
            20.144064339034642,
            20.19701297708466,
            20.511987546289884
        ]
    ]
}