{
    "run_id": 1,
    "case": "multimodal",
    "dim": 30,
    "means_array": [
        [
            0.0,
            0.0,
            0.0,
            0.0,
            0.0,
            0.0,
            0.0,
            0.0,
            0.0,
            0.0,
            0.0,
            0.0,
            0.0,
            0.0,
            0.0,
            0.0,
            0.0,
            0.0,
            0.0,
            0.0,
            0.0,
            0.0,
            0.0,
            0.0,
            0.0,
            0.0,
            0.0,
            0.0,
            0.0,
            0.0
        ],
        [
            8.0,
            0.0,
            0.0,
            0.0,
            0.0,
            0.0,
            0.0,
            0.0,
            0.0,
            0.0,
            0.0,
            0.0,
            0.0,
            0.0,
            0.0,
            0.0,
            0.0,
            0.0,
            0.0,
            0.0,
            0.0,
            0.0,
            0.0,
            0.0,
            0.0,
            0.0,
            0.0,
            0.0,
            0.0,
            0.0
        ]
    ],
    "min_mode": [
        0.0,
        0.0,
        0.0,
        0.0,
        0.0,
        0.0,
        0.0,
        0.0,
        0.0,
        0.0,
        0.0,
        0.0,
        0.0,
        0.0,
        0.0,
        0.0,
        0.0,
        0.0,
        0.0,
        0.0,
        0.0,
        0.0,
        0.0,
        0.0,
        0.0,
        0.0,
        0.0,
        0.0,
        0.0,
        0.0
    ],
    "max_mode": [
        8.0,
        0.0,
        0.0,
        0.0,
        0.0,
        0.0,
        0.0,
        0.0,
        0.0,
        0.0,
        0.0,
        0.0,
        0.0,
        0.0,
        0.0,
        0.0,
        0.0,
        0.0,
        0.0,
        0.0,
        0.0,
        0.0,
        0.0,
        0.0,
        0.0,
        0.0,
        0.0,
        0.0,
        0.0,
        0.0
    ],
    "border": [
        78.643132885096,
        78.67694905080715,
        75.11046329952953,
        79.72750169020908,
        72.43996267291315,
        81.43214134089656,
        81.3211258181392,
        75.83933933371443,
        67.42409373565665,
        70.71555739841203,
        72.4045923217881,
        65.09402850620462,
        67.28388679244132,
        76.66783907019973,
        70.19604070159988,
        79.35236093911465,
        73.08366103864309,
        61.851676898748664,
        67.17951984641374,
        63.68731083631381,
        67.26620700263922,
        71.00504091755758,
        62.80237022302437,
        65.28176173508724,
        66.91128554133614,
        69.86856498967006,
        69.71712182784123,
        74.30837023938335,
        86.61691956690453,
        57.804097168597806
    ],
    "low": [
        -120.53366095294615,
        -125.56063164095002,
        -122.05906005051858,
        -129.393361589134,
        -116.37509683368168,
        -133.7534060461449,
        -129.04871801437582,
        -124.12695220379781,
        -107.01815815770124,
        -114.29302019925959,
        -113.78536454149287,
        -104.85597230280015,
        -107.74864145845052,
        -123.86755489526,
        -115.667382173002,
        -128.44129803204746,
        -117.4485737508052,
        -100.87675840582286,
        -108.69082016625687,
        -99.22123338645318,
        -106.56210016666074,
        -111.83778940498591,
        -101.82471158118562,
        -104.62681285358062,
        -106.35118301669415,
        -116.36299600752224,
        -112.16877908367408,
        -116.60647257764928,
        -139.41958963356245,
        -91.27002328904169
    ],
    "high": [
        115.39573770234185,
        110.47021551147144,
        103.27232984807,
        109.78914348149323,
        100.94479118505778,
        110.54301797654477,
        114.91465944004175,
        103.3910657973455,
        95.25412304926873,
        97.8536519959765,
        103.42841242387144,
        90.4261132158137,
        94.10301891887345,
        106.1359623153392,
        94.92073993179767,
        109.61578478529648,
        101.80240936512406,
        84.67827229042314,
        92.84773937298435,
        91.84069912248825,
        95.23652084125693,
        101.17733334768683,
        86.58239908788748,
        91.21847235168111,
        94.38267360731427,
        93.24269896148795,
        96.98258639984958,
        106.31863814050077,
        120.43116906715113,
        82.14226821675173
    ],