{
    "sampler": "Metro",
    "value": 5,
    "means_array": [
        0
    ],
    "case": "Posterior Samples",
    "dim": 1,
    "samples": [
        0.35157880687766435,
        -1.3728162434342241,
        -2.1585970594121493,
        -2.4177003109941957
    ]
}