mu,global_median_wasserstein_distance,global_median_r_hat,global_median_ess,global_median_runtime,global_median_mmd_rff,global_q25_wasserstein_distance,global_q25_r_hat,global_q25_ess,global_q25_runtime,global_q25_mmd_rff,global_q75_wasserstein_distance,global_q75_r_hat,global_q75_ess,global_q75_runtime,global_q75_mmd_rff,ws_mcmc_mean,ws_iid_mean,ws_iid_std,mmd_rff_mcmc_mean,mmd_rff_iid_mean,mmd_rff_iid_std,ws_dist_glass_delta,mmd_rff_glass_delta
"(0.0, 0.0, 0.0, -5.059644)",0.6833199030815515,,,3.391096830368042,0.16351034335562376,0.5500534873717354,,,3.3699347972869873,0.13136074883183527,0.8815271831131066,,,3.474034547805786,0.19757624798069606,0.7350160907179187,0.0690555819338997,0.014855431131633118,0.16428475374134488,0.01253837090837699,0.003826056450110512,44.829429915764905,39.66130265239157
