{
    "sampler": "Metro",
    "value": 20,
    "means_array": [
        [
            10,
            10,
            10,
            10,
            10,
            20,
            20,
            20,
            20,
            20,
            30,
            30,
            30,
            30,
            30,
            40,
            40,
            40,
            40,
            40
        ]
    ],
    "case": "Posterior Samples",
    "dim": 20,
    "samples": [
        [
            10.860536146991906,
            8.95857667313118,
            9.708566463656508,
            10.609062808689886,
            10.625335210143382,
            19.98243403445953,
            20.924005419905576,
            18.809145073883485,
            21.111266921290532,
            18.532618875377715,
            29.021672821912013,
            30.554132463677178,
            29.553398828109138,
            28.913744009535048,
            28.80833649813555,
            37.89292030967137,
            40.266515204375274,
            41.61108806176067,
            39.5270901322462,
            39.72406233366
        ],
        [
            9.097805959469136,
            11.344634346603813,
            9.229505102179392,
            12.026145809711075,
            10.28015477259819,
            18.919216948839125,
            20.818704472206726,
            20.003384817510025,
            20.72282786377725,
            20.689236792909153,
            30.209548688803867,
            30.230787535146924,
            28.001704026173954,
            29.35608078423371,
            29.64907321210825,
            39.667974396555856,
            40.090353328714045,
            41.214108096606765,
            40.68809142201074,
            39.69868391278054
        ],
        [
            10.712625876882434,
            9.18807920419992,
            9.145045470171919,
            9.966762092545837,
            10.560361644005535,
            21.181491733332987,
            20.091751386076403,
            20.54977563576398,
            19.236087664181298,
            20.800156793347117,
            29.922848933741786,
            30.38284270705806,
            29.72499931214533,
            29.53400169761363,
            28.30052365640436,
            39.61396254118655,
            39.73666949371815,
            42.22495824619395,
            39.9201832773517,
            38.015804440411856
        ],
        [
            8.927329790891902,
            10.068208550231763,
            7.5842057532222675,
            9.899926780597612,
            8.715971461898917,
            20.240084540499915,
            19.160852248911045,
            19.261219412419646,
            19.960837588897718,
            20.387370617571506,
            29.10765138118919,
            28.96620688474704,
            26.85736142300033,
            29.930275789334512,
            31.037966844433697,
            40.04124282098383,
            38.33112944750969,
            39.93769924718334,
            40.53511314211442,
            38.618865005854396
        ]
    ]
}