{
    "run_id": 1,
    "case": "multimodal",
    "dim": 5,
    "means_array": [
        [
            0.0,
            0.0,
            -5.163978,
            0.0,
            0.0
        ],
        [
            0.688077,
            -0.084829,
            1.032796,
            -4.990158,
            0.466562
        ],
        [
            4.394785,
            0.327205,
            1.032796,
            1.714687,
            -1.799625
        ],
        [
            -2.468947,
            4.239863,
            1.032796,
            0.780392,
            -0.958567
        ],
        [
            -2.468947,
            -3.631096,
            1.032796,
            0.780392,
            -2.38965
        ],
        [
            -0.144968,
            -0.851142,
            1.032796,
            1.714687,
            4.681281
        ]
    ],
    "min_mode": [
        -2.468947,
        -3.631096,
        -5.163978,
        -4.990158,
        -2.38965
    ],
    "max_mode": [
        4.394785,
        4.239863,
        1.032796,
        1.714687,
        4.681281
    ],
    "border": [
        10.0,
        10.0,
        10.0,
        10.0,
        10.0
    ],
    "low": [
        -9.31637425994873,
        -9.70710294914631,
        -11.856678656895099,
        -11.542932040922208,
        -8.989779737289542
    ],
    "high": [
        10.68362574005127,
        10.29289705085369,
        8.143321343104901,
        8.457067959077792,
        11.010220262710458
    ],
    "samples": [
        {
            "posterior": [
                3.0275612309366586,
                -4.050959949329693,
                2.5293658221437383,
                -7.8024339703951515,
                -6.100911797210214
            ]
        }
    ]
}