{
    "sampler": "HMC",
    "value": 0.99,
    "means_array": [
        [
            0.0,
            0.0
        ],
        [
            10,
            0
        ]
    ],
    "case": "Warmup Samples",
    "dim": 2,
    "samples": [
        [
            3.8939299555004148,
            -1.3657073403926994
        ],
        [
            12.98325820544073,
            7.7246755296265555
        ],
        [
            11.730624399342474,
            2.650563611815093
        ],
        [
            -3.102814859495883,
            4.846110014663607
        ]
    ]
}