{
    "sampler": "DEMetro_Z",
    "value": 14,
    "means_array": [
        0,
        14
    ],
    "case": "Warmup Samples",
    "dim": 1,
    "samples": [
        -12.54569397963044,
        -5.610780448943362,
        -17.956723426754937,
        1.6569895929461478
    ]
}