run_id,mu,sampler,wasserstein_distance,mmd_rff,swd_zscore,r_hat,ess,runtime
17,"(10, 10, 10, 20, 20, 30, 30, 30, 40, 40)",HMC,0.024522158506975214,0.019179973835945732,0.7443812849284858,1.001449664904079,5601.010850206553,5.632561922073364
