b,sampler,wasserstein_distance,r_hat,ess,runtime
2,DEMetro,0.25011974431574857,1.028038150105614,177.90461200606705,1.6825213432312012
20,DEMetro,2.1461137140412756,1.0754542767929403,127.20788476417052,2.1350021362304688
