{
    "sampler": "HMC",
    "value": 18,
    "means_array": [
        [
            0.0,
            0.0
        ],
        [
            -13.754511663506115,
            -11.61091765961994
        ]
    ],
    "case": "Warmup Samples",
    "dim": 2,
    "samples": [
        [
            -24.776197587759725,
            -27.761856401779823
        ],
        [
            0.7998398414797603,
            3.9483947409613576
        ],
        [
            -5.952294551317931,
            13.167281989146197
        ],
        [
            -5.744987028480988,
            14.748257022602903
        ]
    ]
}