{
    "sampler": "DEMetro_Z",
    "value": 0.5,
    "means_array": [
        [
            0.0,
            0.0
        ]
    ],
    "case": "Posterior Samples",
    "dim": 2,
    "samples": [
        [
            -0.2105101355240725,
            0.47764580073784413
        ],
        [
            0.5820955610451621,
            0.5878551953786012
        ],
        [
            -0.0017376504023121264,
            0.3950280509023909
        ],
        [
            0.08496581931491573,
            1.33203049613434
        ]
    ]
}