{
    "sampler": "HMC",
    "value": 10,
    "means_array": [
        [
            -5.0000000025,
            0.0
        ],
        [
            5.0000000025,
            0.0
        ]
    ],
    "case": "Posterior Samples",
    "dim": 2,
    "samples": [
        [
            3.926399405663413,
            -0.5130142134903489
        ],
        [
            -1.3350432502943015,
            0.16862524734014392
        ],
        [
            -5.0500347591139265,
            -0.6051512909662207
        ],
        [
            2.536529543933105,
            -0.19624860672308778
        ]
    ]
}