run_id,mu,sampler,wasserstein_distance,mmd_rff,r_hat,ess,runtime
66,"(5.0, 0.0)",Metro,0.17374307266618572,0.04307678455376306,1.0092938972232606,300.0315490131369,2.4423182010650635
66,"(5.0, 10.0)",Metro,1.4995732875416818,0.16346410147606963,1.7347923530673672,6.210416508590524,2.4348483085632324
66,"(5.0, 20.0)",Metro,2.3326969714745642,0.15499374647078498,2.043065667860472,5.366078920771528,2.128330707550049
66,"(5.0, 40.0)",Metro,3.8417645709374413,0.2572917090221023,1.5303772597347407,7.379274246532488,2.1353933811187744
66,"(5.0, 5.0)",Metro,0.5646515933320508,0.09662276483034687,1.6550521429910434,6.547022361825484,2.1303019523620605
