run_id,mu,sampler,wasserstein_distance,mmd_rff,r_hat,ess,runtime
66,"(5.0, 0.0)",SMC,0.08336937048966739,0.026454215125002258,1.0004785609235476,3885.5436761017536,1.690072774887085
66,"(5.0, 10.0)",SMC,0.12077219082949144,0.024555399383961122,1.001143127510494,3839.567133366548,3.924234390258789
66,"(5.0, 20.0)",SMC,0.22942706179401043,0.022157501433190736,1.000655450741841,3375.963473482013,2.9547910690307617
66,"(5.0, 40.0)",SMC,0.2828310195374258,0.02157507004940095,1.0006810018053927,2549.436850157257,3.108776807785034
66,"(5.0, 5.0)",SMC,0.04931168978219129,0.0213871207868088,1.0003382198916708,3899.0612719006904,2.4617624282836914
