{
    "sampler": "HMC",
    "value": 500,
    "means_array": [
        0
    ],
    "case": "Warmup Samples",
    "dim": 1,
    "samples": [
        -2.5280828464111496,
        81.46025785563519,
        -0.19191920126892437,
        49.8028581957865
    ]
}