correlation,global_median_wasserstein_distance,global_median_mmd_rff,global_median_r_hat,global_median_ess,global_median_runtime,global_q25_wasserstein_distance,global_q25_mmd_rff,global_q25_r_hat,global_q25_ess,global_q25_runtime,global_q75_wasserstein_distance,global_q75_mmd_rff,global_q75_r_hat,global_q75_ess,global_q75_runtime,ws_mcmc_mean,ws_iid_mean,ws_iid_std,mmd_mcmc_mean,mmd_iid_mean,mmd_iid_std,ws_dist_glass_delta,mmd_rff_glass_delta
0.0,3.2713721232556088,0.41617499957431126,,,2.5440722703933716,3.147307573593754,0.4056233650482204,,,2.521870255470276,3.3525956728173187,0.4244515555907809,,,2.560303747653961,3.1736092939638136,0.07407373039229491,0.033860192938616265,0.4014224608159396,0.019719910985309976,0.004673495634748947,91.5392174282804,81.6738860292386
0.3,3.1432458937824563,0.41665217707208574,,,2.6461434364318848,3.0593149451427943,0.4045750030851236,,,2.6260555386543274,3.3128697963018583,0.43096672761218036,,,2.7140597105026245,3.1651280211746604,0.07394467217811121,0.03158613059106516,0.41897698171949255,0.019289192529942326,0.004005301067342636,97.86521144413172,99.78969931834058
0.5,3.1807459969473744,0.4225923037190992,,,2.918459177017212,3.0233090205362183,0.40941082031249554,,,2.890100121498108,3.3636002339113484,0.43498808830959934,,,2.941880762577057,3.1922180652929266,0.08551695960006711,0.035746068854680464,0.4230891781376902,0.02126036182233936,0.004784353180278398,86.91028706744291,83.98811734295266
0.9,3.2081164053432523,0.45778931043450033,,,4.037271738052368,3.073196912793561,0.4479209329959615,,,3.9263925552368164,3.3310154180364404,0.4754566828087238,,,4.091969430446625,3.206151666943929,0.08426159054685141,0.03620739023741524,0.46082054558381397,0.02128090500802365,0.007160820614072184,86.2224550271796,61.38118300464377
0.99,3.1862656652646106,0.47141197843245175,,,7.178436875343323,3.060124562121448,0.4597219090358417,,,6.9084643721580505,3.2720982452912177,0.4794442674363084,,,7.24288809299469,3.1755090902490815,0.08156571651051098,0.04771819642993452,0.47053543986551116,0.020084911653181513,0.0062719808982089715,64.83781042063194,71.81949937713625
