{
    "sampler": "DEMetro_Z",
    "value": 0.99,
    "means_array": [
        [
            0.0,
            0.0,
            0.0,
            0.0,
            0.0,
            0.0,
            0.0,
            0.0,
            0.0,
            0.0,
            0.0,
            0.0,
            0.0,
            0.0,
            0.0,
            0.0,
            0.0,
            0.0,
            0.0,
            0.0,
            0.0,
            0.0,
            0.0,
            0.0,
            0.0,
            0.0,
            0.0,
            0.0,
            0.0,
            0.0
        ]
    ],
    "case": "Posterior Samples",
    "dim": 30,
    "samples": [
        [
            -4.743028367661906,
            18.581696741562027,
            44.80221656215165,
            18.537438308042812,
            -9.352402720907197,
            58.58920294782064,
            -20.045316331910954,
            52.7617858274861,
            -10.244478781679149,
            -36.171944371778274,
            -65.80694348430453,
            60.49658097764983,
            5.620485218252216,
            54.32827747867007,
            -39.159644419365705,
            -91.84052218413687,
            -11.409540745492647,
            14.859803359575654,
            56.60582784995849,
            -80.05603421302102,
            -29.349960305775824,
            35.269559201711274,
            77.0672820748937,
            9.136602200471051,
            41.734925654425155,
            16.558696696832715,
            72.81519144320127,
            -46.46331849851732,
            86.53458226931554,
            -8.543077962470058
        ],
        [
            9.243370475323061,
            -64.65569829471508,
            17.76048613448513,
            92.56280731518628,
            29.137461825634727,
            24.608557217373782,
            34.10940120466954,
            7.464585630289149,
            21.104303692264487,
            10.766110113949596,
            -12.55233054579252,
            -41.01624878659556,
            55.51603427652017,
            -76.14817465489004,
            -47.46555328850732,
            26.279360747334476,
            -0.9858072690846875,
            -72.7155935863581,
            -52.11634783140242,
            -0.9049471620799397,
            -70.3098618585521,
            25.56607566627829,
            41.79036317463911,
            -11.853272558314398,
            21.53098409503723,
            -17.24930236481208,
            -82.95992444777616,
            -2.207093573070035,
            -59.815453277171166,
            -15.00500109040715
        ],
        [
            -38.25142516028879,
            -88.44180840082261,
            -9.7858693966843,
            -58.07810737143406,
            23.15060090899557,
            -23.14078214896279,
            -66.78837560214653,
            23.858329521310363,
            -45.24825717490253,
            -22.347715396151255,
            4.209527055929038,
            -16.452385900135624,
            94.15395067274515,
            -22.532520193407123,
            34.251971820281135,
            7.078655643704996,
            25.865598436985817,
            -103.47880413921506,
            -5.432333523135586,
            -43.959137673519194,
            -17.592828431535484,
            -13.700706738643717,
            79.33698940949614,
            -50.40162259279606,
            80.55585309851821,
            11.764479481328856,
            -49.04365061873496,
            -90.74381582655073,
            -73.73480537827966,
            46.82633275730429
        ],
        [
            32.30628025322393,
            19.920809005787433,
            -49.7152406625964,
            86.02497994838929,
            -107.50796498605627,
            27.70493436659006,
            -0.5967278519236896,
            -21.20186804188489,
            -19.153878478689613,
            6.548217718986197,
            -31.344074458516985,
            -23.144956353812333,
            -13.176764904540024,
            -46.53345435083667,
            35.204749264834966,
            -76.96461111520367,
            -63.72148083678148,
            -19.51084742853622,
            52.522317098912225,
            9.081538508906373,
            -55.99560064007723,
            -19.89160553933511,
            -20.859215413892123,
            89.06242073682304,
            51.939770882071564,
            -20.26189467418444,
            -31.09093262844119,
            62.657768092207654,
            -35.570483760824544,
            -38.77365033038976
        ]
    ]
}