{
    "sampler": "DEMetro_Z",
    "value": 12,
    "means_array": [
        [
            0.0,
            0.0,
            0.0,
            0.0,
            0.0,
            0.0,
            0.0,
            0.0,
            0.0,
            0.0,
            0.0,
            0.0,
            0.0,
            0.0,
            0.0,
            0.0,
            0.0,
            0.0,
            0.0,
            0.0,
            0.0,
            0.0,
            0.0,
            0.0,
            0.0,
            0.0,
            0.0,
            0.0,
            0.0,
            0.0
        ],
        [
            0.6159805186248148,
            -0.19611402501084702,
            -0.5402797569770336,
            -2.3717740993417973,
            0.9676688320903608,
            -0.2840486974997805,
            -2.6157726923403692,
            -0.5699713396125299,
            -0.963363340123941,
            -0.608329675437101,
            -2.450175589686661,
            3.923316415225053,
            -1.7088962568514514,
            0.031932216342293394,
            0.257261157109443,
            4.256081096366631,
            2.621855013569757,
            2.6152011114738563,
            -3.1216252026630587,
            -3.4616838078369194,
            1.3368148255608607,
            3.1112821525290197,
            1.4548055736318215,
            0.5399872737839737,
            -3.179094739887856,
            -0.043828939143025374,
            -0.9070065671740156,
            -2.2127111164698525,
            -1.6174699583626093,
            -4.233805634982006
        ]
    ],
    "case": "Warmup Samples",
    "dim": 30,
    "samples": [
        [
            1.6466872269636235,
            28.63200019743711,
            7.81991509711763,
            -27.669127430962877,
            18.80296534809458,
            -15.317647856079898,
            -2.7388579996640097,
            -26.51123535889531,
            -3.3582086594412024,
            -23.81640365263981,
            2.057603272714767,
            -10.466548869177778,
            4.495412316922877,
            -29.405647170471752,
            14.546206899300007,
            2.160902780768841,
            -26.885036576361134,
            16.72264695062516,
            16.50027747234168,
            -31.012371532806164,
            -20.44197541140748,
            -14.614125086618586,
            9.10496072292437,
            3.435955141752778,
            17.43907120783136,
            -22.68858345581722,
            23.71729625894665,
            -13.805673075487721,
            -27.742497021788903,
            19.840807382337424
        ],
        [
            -4.126634423875334,
            -20.444805121650127,
            -12.373488274236452,
            19.431873291490124,
            -28.25442780144737,
            -14.470974093166616,
            5.494388723735641,
            10.396699375745394,
            25.705752684172882,
            4.763696219057954,
            -14.976847503411339,
            -26.676589022675326,
            -29.40279431586869,
            -13.974630874407573,
            -13.916272967010782,
            -27.251615812526484,
            -19.556115746254026,
            7.2790854838705075,
            -2.295460358223863,
            -20.330791067176566,
            -1.323772169599934,
            -22.828809523832312,
            17.84469822869408,
            5.141573154272513,
            -28.81196954658555,
            14.413737186984475,
            7.182746163705722,
            -21.346556968052756,
            21.955527621660963,
            -19.40969389387032
        ],
        [
            5.676801351879307,
            22.060914310966677,
            9.670803745891506,
            -13.867460287310841,
            26.676001894998564,
            -6.203789069414549,
            -24.389591033243075,
            2.6515420695217147,
            18.62604396121098,
            21.321001316322615,
            10.057218143242435,
            7.153972411581613,
            21.479151379538564,
            13.401154121396749,
            -17.277885499091504,
            -17.869545723737858,
            22.869220518885474,
            -18.929652943044825,
            25.90427355687783,
            18.211011500934518,
            7.8015601644933374,
            -0.7420414791372143,
            20.437999639439646,
            -27.420230760997715,
            9.861772167362489,
            -2.6855284055418744,
            -11.248938117059959,
            23.544717858079135,
            15.418111512756282,
            -0.4687144275080304
        ],
        [
            25.641937336266214,
            -20.630303206799287,
            -5.817647948283156,
            -28.354042080088153,
            -24.634852744446054,
            -22.178500822903715,
            20.82252985306461,
            -12.050579213056391,
            -25.178816897531267,
            -6.530619754083785,
            8.05407846449162,
            29.54809857238193,
            19.78639590432756,
            7.620850021409593,
            16.443267499746014,
            30.32956614930846,
            12.253541788817572,
            -4.946957021209375,
            26.246386351639497,
            0.7388469138999758,
            -14.347153392534807,
            29.216429980167543,
            18.632226543149585,
            26.946585347982218,
            -26.295405571494882,
            1.6043060870806771,
            -18.047686823752798,
            -17.8479058629552,
            15.37460780656153,
            25.353634029042773
        ]
    ]
}