{
    "sampler": "DEMetro_Z",
    "value": 5,
    "means_array": [
        [
            0.0,
            0.0,
            0.0,
            0.0,
            0.0
        ],
        [
            10.0,
            0.0,
            0.0,
            0.0,
            0.0
        ]
    ],
    "case": "Warmup Samples",
    "dim": 5,
    "samples": [
        [
            -8.557687923299511,
            5.453111812954401,
            7.4188489612108155,
            -8.102586918714994,
            -5.106026604167895
        ],
        [
            2.536980979418716,
            -1.449509926653311,
            -0.7580839840464528,
            -6.146794767187187,
            -7.84716702143457
        ],
        [
            16.816347108227095,
            -0.6028959316269528,
            -3.5977674020919963,
            -3.5549941593565904,
            3.7470291517614807
        ],
        [
            -1.5622940686890696,
            -1.7990907001458665,
            8.911205396541193,
            6.064501086490109,
            -8.892502291259314
        ]
    ]
}