{
    "sampler": "DEMetro_Z",
    "value": 10,
    "means_array": [
        [
            0.0,
            0.0
        ],
        [
            9.075850730695878,
            4.198682354516365
        ]
    ],
    "case": "Posterior Samples",
    "dim": 2,
    "samples": [
        [
            8.778932004871564,
            5.353185116406927
        ],
        [
            -0.33137930440658614,
            -0.8968184201109018
        ],
        [
            -0.5330371017596157,
            -1.3067684316660324
        ],
        [
            -1.062202436723082,
            -0.687595177881284
        ]
    ]
}