run_id,dimension_corr,sampler,wasserstein_distance,mmd_rff,r_hat,ess,runtime
62,2,HMC,0.06015059088437636,0.039807961254015,1.0016648554033472,1171.4911863555615,1.9983999729156494
62,5,HMC,0.022052309478914327,0.0226670052066589,1.0064478011310543,481.5110866697486,2.1864280700683594
62,10,HMC,0.040596273875948705,0.023698442569497314,1.0135742917185797,253.6422597409211,2.405411958694458
62,15,HMC,0.059881619170086706,0.027905616288987963,1.0279183894771342,239.09248199794496,2.5488076210021973
62,20,HMC,0.03983354135316857,0.023665710454752468,1.0091472691915393,192.2138369757452,2.7463676929473877
