{
    "sampler": "Metro",
    "value": 2,
    "means_array": [
        [
            0.0,
            0.0
        ]
    ],
    "case": "Posterior Samples",
    "dim": 2,
    "samples": [
        [
            1.8153209199301539,
            -0.04523182233668126
        ],
        [
            -0.7909760807613244,
            0.5012593913618731
        ],
        [
            -2.737217829731368,
            0.8890401964979657
        ],
        [
            -0.20491262878497044,
            -1.2159214013452697
        ]
    ]
}