{
    "sampler": "Metro",
    "value": 0.3,
    "means_array": [
        [
            0.0,
            0.0
        ]
    ],
    "case": "Posterior Samples",
    "dim": 2,
    "samples": [
        [
            1.1386202384814736,
            1.691809045158296
        ],
        [
            0.181791140850323,
            0.4519859137655636
        ],
        [
            0.556336583378513,
            1.8635049855321004
        ],
        [
            0.2081830134717837,
            -2.630269214589621
        ]
    ]
}