{
    "run_id": 1,
    "case": "unimodal",
    "dim": 15,
    "low": [
        -100.0,
        -100.0,
        -100.0,
        -100.0,
        -100.0,
        -100.0,
        -100.0,
        -100.0,
        -100.0,
        -100.0,
        -100.0,
        -100.0,
        -100.0,
        -100.0,
        -100.0
    ],
    "high": [
        100.0,
        100.0,
        100.0,
        100.0,
        100.0,
        100.0,
        100.0,
        100.0,
        100.0,
        100.0,
        100.0,
        100.0,
        100.0,
        100.0,
        100.0
    ],
    "means_array": [
        [
            0.0,
            0.0,
            0.0,
            0.0,
            0.0,
            0.0,
            0.0,
            0.0,
            0.0,
            0.0,
            0.0,
            0.0,
            0.0,
            0.0,
            0.0
        ]
    ],
    "samples": [
        {
            "posterior": [
                14.368283528559076,
                17.195863723418697,
                28.177000868185615,
                89.20028186130955,
                -9.693474117936034,
                29.72829185192694,
                88.16470102601028,
                -74.7325586708184,
                -69.66241586950855,
                50.98248022350532,
                34.63969090687732,
                7.789138895150828,
                57.89279127073638,
                41.63979352796386,
                51.26562039988454
            ]
        }
    ]
}