run_id,mu,sampler,wasserstein_distance,mmd_rff,r_hat,ess,runtime
4,"(0, 0, 0, 0, 0)",Metro,0.04211725317110633,0.02893977201697267,1.0055363085456466,727.9860719173823,1.2984917163848877
