run_id,mu,sampler,wasserstein_distance,mmd_rff,r_hat,ess,runtime
33,"(10, 10)",HMC,2.794559669848789,0.21536318286133185,1.7332362271756625,6.113415396258858,3.405057668685913
33,"(2, 2)",HMC,1.0682783021476303,0.14709300910476808,1.365291238554648,8.932405167548302,3.5481715202331543
33,"(20, 20)",HMC,3.0579912494816677,0.14560498975376468,1.868929720314051,5.689154517377209,3.09623122215271
33,"(40, 40)",HMC,6.1242612338769025,0.10746207793558152,2.1013496876511635,5.262273648575826,3.3490049839019775
33,"(5, 5)",HMC,2.530783530173362,0.23052665001728015,1.5752760594759614,6.8311136368221,3.166245460510254
