nu,var_rmse_t_stat,var_rmse_p_value,var_rmse_paired_cohens_d
4,-2.483806679795699,0.08896979524044059,-1.2419033398978494
10,1.052146294414229,0.3699970280056968,0.5260731472071145
