dimension,mmd_rff_t_stat,mmd_rff_p_value,mmd_rff_paired_cohens_d
2,0.6693846130007198,0.5721778181477961,0.38646938650735907
4,-3.336559422428053,0.079289640481714,-1.9263634807060186
8,-15.296582093590697,0.004246566526357271,-8.8314857894158
30,-29.044292597836407,0.0011833330337227969,-16.768730149783106
