{
    "sampler": "HMC",
    "value": 5,
    "means_array": [
        [
            0.0,
            0.0,
            0.0,
            0.0,
            0.0
        ]
    ],
    "case": "Posterior Samples",
    "dim": 5,
    "samples": [
        [
            -1.1886476159944697,
            -0.32091707273255965,
            -0.148936218454499,
            2.3184564355253983,
            1.6052694023155885
        ],
        [
            0.21648579764409798,
            -1.2981726060055185,
            0.11179907483466645,
            -1.5333852950620013,
            1.2200451616902692
        ],
        [
            -1.864680497922968,
            0.2312804272498015,
            -0.09980756952363379,
            1.0910247831921849,
            2.0566722784321074
        ],
        [
            -1.2927804743690356,
            1.9885832677315198,
            0.08732947754731746,
            0.2631884857847413,
            0.6421012704234337
        ]
    ]
}