{
    "sampler": "HMC",
    "value": 0.5,
    "means_array": [
        0
    ],
    "case": "Warmup Samples",
    "dim": 1,
    "samples": [
        39.83253316071314,
        25.33887816798173,
        -46.940763333951864,
        -27.42536105068921
    ]
}