run_id,mu,sampler,wasserstein_distance,mmd_rff,swd_zscore,r_hat,ess,runtime
6,"(10, 20)",Metro,0.03755938427532747,0.02493762088720175,1.9426881245198917,1.0052813400542409,1286.1300617791126,1.7168214321136475
