run_id,dimension_corr,sampler,wasserstein_distance,mmd_rff,r_hat,ess,runtime
40,2,HMC,0.02442752858305831,0.014565488131620678,1.0015200626701606,4144.536057548983,1.6008234024047852
40,5,HMC,0.026161122154728433,0.02264042638591133,1.0024578153387516,4921.933528262934,1.712226390838623
40,10,HMC,0.029069207150261248,0.02319224483910205,1.0011436824068756,4802.350201891557,1.9007596969604492
40,15,HMC,0.028980955057294467,0.022368101096380516,1.0043722923180205,5621.894787217257,2.3058600425720215
40,20,HMC,0.027285888348769164,0.02290377141149538,1.003724700567235,7632.115182172223,2.064035177230835
