dimension,mmd_rff_t_stat,mmd_rff_p_value,mmd_rff_paired_cohens_d
2,5.316152029693317,0.00024623655230848285,1.534640902698206
5,43.30992660706364,1.21252848902261e-13,12.502498892585564
10,30.1109849283075,6.40443954012511e-12,8.69229262696155
15,30.153774083190786,6.306265178946846e-12,8.70464479200668
30,51.78002210616768,1.714882875879285e-14,14.947604850820342
