dimension,mmd_rff_t_stat,mmd_rff_p_value,mmd_rff_paired_cohens_d
2,-4.829577513755569,0.0005277222382862401,-1.3941789388194707
5,-5.709823572841942,0.00013620039020054904,-1.6482840884027832
10,-4.273640479130272,0.0013126353355480227,-1.233693740522772
15,-7.271208353648897,1.600330815598132e-05,-2.0990170501565233
30,-4.151991953715144,0.0016110159822174098,-1.1985768360752993
