dimension,var_rmse_t_stat,var_rmse_p_value,var_rmse_paired_cohens_d
2,-4.2638628032730725,0.0013343323192964865,-1.2308711686286704
5,-3.9175759393443155,0.002402828783477739,-1.1309067615756208
10,-3.1247831094028573,0.00966717235349663,-0.9020471846864678
15,-4.280428928922181,0.001297788730600891,-1.2356533971801413
30,-3.6129159649856493,0.004076688588168904,-1.0429590024719806
