dimension,mmd_rff_t_stat,mmd_rff_p_value,mmd_rff_paired_cohens_d
2,5.99336174704522,9.011658812697178e-05,1.7301345090036817
5,7.352469874092342,1.443764783798691e-05,2.1224752305079138
10,4.8242338949343555,0.0005322573307713646,1.3926363689370336
15,8.489642525163157,3.697028217998432e-06,2.450748698613322
30,5.700070372918618,0.0001381767962890833,1.6454685821021875
