dimension,mean_rmse_t_stat,mean_rmse_p_value,mean_rmse_paired_cohens_d
2,-2.6982185753694847,0.020722603376417095,-0.7789086104110103
5,-5.988573518784181,9.073894529575161e-05,-1.7287522665659556
10,-13.045177303883472,4.908493766880885e-08,-3.7658183140117596
15,-13.366766366244773,3.810529537412748e-08,-3.858653079873128
30,-25.24915088444144,4.3312118123379195e-11,-7.2888020299708725
