{
    "run_id": 1,
    "case": "multimodal",
    "dim": 2,
    "means_array": [
        [
            0.0,
            0.0
        ],
        [
            16.0,
            0.0
        ]
    ],
    "min_mode": [
        0.0,
        0.0
    ],
    "max_mode": [
        16.0,
        0.0
    ],
    "border": [
        32.76397306922476,
        20.0
    ],
    "low": [
        -40.94362983295798,
        -30.630117486167514
    ],
    "high": [
        57.3482893747163,
        29.369882513832486
    ],
    "samples": [
        {
            "posterior": [
                -18.743535581982673,
                -8.345575814225022
            ]
        },
        {
            "posterior": [
                44.53011716338571,
                16.42638531705215
            ]
        },
        {
            "posterior": [
                -39.323019818148936,
                -22.70423055688996
            ]
        },
        {
            "posterior": [
                42.63306032476069,
                -26.55245309150828
            ]
        }
    ]
}