circle_modes,global_median_wasserstein_distance,global_median_mmd_rff,global_median_r_hat,global_median_ess,global_median_runtime,global_q25_wasserstein_distance,global_q25_mmd_rff,global_q25_r_hat,global_q25_ess,global_q25_runtime,global_q75_wasserstein_distance,global_q75_mmd_rff,global_q75_r_hat,global_q75_ess,global_q75_runtime,ws_dist_glass_delta,mmd_rff_glass_delta
4,5.5578236769370015,0.46706692599423294,1.0409313840775107,75.87785229110288,4.555596590042114,4.699954769785603,0.4213527756682771,1.0236610760026719,41.57317495218899,4.19359028339386,5.833360495836628,0.4839963948294937,1.2889968692155027,468.5907537403736,4.761650562286377,151.58717405109536,148.7913424566187
6,1.8294109302403754,0.1600495776343776,1.733613104784157,6.161569315721113,4.958566904067993,1.4065234573237086,0.14087283209012624,1.689277656567035,5.8821885339770175,4.915809988975525,2.0495032492026537,0.17564478122639887,1.8387082133226114,6.31237321192577,5.095764517784119,67.9381574757826,53.36413580676316
8,0.9499853355133712,0.07320810381286104,1.2299783922422205,14.911835277912322,6.116874694824219,0.8824765229979523,0.06906723089545742,1.2042339155631225,12.09386122939417,5.7937726974487305,0.976570015425124,0.08886954454518564,1.2890906130918665,15.804878097147434,6.4294785261154175,23.769174967181755,14.86553760167686
10,0.9855931497497646,0.058096276787292025,1.1642163830339571,18.906789053468724,6.599922180175781,0.6607755545733563,0.04912342337008285,1.160174976450394,16.09671730452755,6.441230416297913,1.0106266162435547,0.06488201007354526,1.199918772479439,18.951871657740682,7.043574929237366,19.982653070012432,17.183154160050503
12,1.2872753451422045,0.07142440048220923,1.1434794724170059,19.122110580553578,11.566624641418457,1.1906888570555587,0.0672738592499451,1.1155750461716107,16.527680904108713,10.289249062538147,1.2938431543409488,0.07559225256396587,1.1974992121765284,27.450975667178902,25.59807848930359,30.011193749908077,12.082877076161907
