{
    "sampler": "Metro",
    "value": 30,
    "means_array": [
        [
            0.0,
            0.0,
            0.0,
            0.0,
            0.0,
            0.0,
            0.0,
            0.0,
            0.0,
            0.0,
            0.0,
            0.0,
            0.0,
            0.0,
            0.0,
            0.0,
            0.0,
            0.0,
            0.0,
            0.0,
            0.0,
            0.0,
            0.0,
            0.0,
            0.0,
            0.0,
            0.0,
            0.0,
            0.0,
            0.0
        ]
    ],
    "case": "Posterior Samples",
    "dim": 30,
    "samples": [
        [
            -7.162119484538994,
            -0.5646933406814387,
            -13.13226756932387,
            -0.2544928234810051,
            9.967035075271239,
            11.708703749464316,
            1.4596775611433266,
            -17.044041472731244,
            -23.99519924734317,
            -1.547981243774963,
            -6.740824597020596,
            -4.416866256537556,
            -2.7277755680008546,
            -1.1261495022162293,
            0.9678373639275684,
            -31.019687145179077,
            -10.793751381404157,
            -9.750141468298857,
            -29.099178952713938,
            -1.6305193115066103,
            -3.1681344084504417,
            6.6848294546353735,
            -26.537883132379285,
            6.994689896449248,
            -5.0754976587000105,
            -38.753407886494614,
            -36.87047545126977,
            17.811119900397724,
            -26.93924677652207,
            -24.058737988604246
        ],
        [
            -69.1815256974682,
            -42.079770190941304,
            -78.43317202619221,
            -64.35056120179462,
            -58.083593783667865,
            -23.18591160791266,
            -81.24720081277229,
            -123.45861998891039,
            13.820711432828126,
            -69.83837209030953,
            -34.42424534659358,
            -103.22314947861696,
            -92.38641863581717,
            -94.43918622958213,
            -125.08891211151132,
            -64.61906076968626,
            -73.92793831819719,
            -47.20847455096322,
            -7.7261572763289,
            -55.73039496755753,
            -117.61397501860824,
            -102.30559134023326,
            -113.0904269103334,
            -102.83367877099602,
            -8.317198089180621,
            -53.418689890016616,
            -89.11279738475488,
            -51.878695981541966,
            -24.340984769420974,
            -91.85648888219664
        ],
        [
            68.02279734157153,
            114.68856440119008,
            90.72867820058893,
            104.85211174722535,
            71.94383755186138,
            53.739229283504955,
            75.38667280441139,
            63.8179830161142,
            75.36201314902057,
            74.50626165240367,
            47.6599274286156,
            79.84846584114679,
            92.92265270949386,
            86.02197066890211,
            62.09936716166578,
            80.13306472822414,
            83.59033985411075,
            84.57495944078396,
            72.76273350983229,
            80.66357180372793,
            72.82676264666082,
            76.91450182176038,
            113.80582890688103,
            60.050529247633925,
            76.92314978783982,
            74.60866016339955,
            66.49377698479913,
            77.61548445757919,
            62.72095090233245,
            113.97017698835306
        ],
        [
            136.35594693571917,
            14.324633516845392,
            49.04261417839624,
            70.92773687350663,
            -49.49043687567544,
            28.161181150422234,
            49.007583385252275,
            68.70906321118034,
            92.11434047754756,
            66.89452110464889,
            78.0573932938817,
            86.58487945451878,
            -17.957099872592437,
            -39.791639013884165,
            -18.917307595864926,
            190.8929514053293,
            98.17831217030239,
            73.56928633454253,
            52.53768699379248,
            112.6402116688648,
            164.1992259884093,
            34.064484711618896,
            39.0022021252423,
            54.8207532248326,
            111.33117630248657,
            53.59903265617294,
            -3.713731446882292,
            80.56344607969568,
            59.49953715902022,
            35.730896901064376
        ]
    ]
}