{
    "run_id": 1,
    "case": "unimodal",
    "dim": 30,
    "low": [
        -30.012389974207874,
        -30.009906386912782,
        -30.063219329892405,
        -30.14573742909475,
        -29.933848238500396,
        -30.22596278938488,
        -29.668167920953167,
        -29.942954625132266,
        -30.254213233958872,
        -29.360695595683037,
        -29.860157315195032,
        -29.278218178146403,
        -29.703185040865083,
        -29.923788237319123,
        -30.04826016830934,
        -29.94824469158963,
        -29.729530781782334,
        -29.92998629403401,
        -29.906991400951867,
        -29.840535480188443,
        -29.92591674351652,
        -29.80926912726433,
        -29.98185849443673,
        -29.51036825937381,
        -30.08983051049869,
        -30.080848877023474,
        -29.75772843575925,
        -30.116533946623246,
        -30.202451954067005,
        -30.186788960944746
    ],
    "high": [
        29.987610025792126,
        29.990093613087218,
        29.936780670107595,
        29.85426257090525,
        30.066151761499604,
        29.77403721061512,
        30.331832079046833,
        30.057045374867734,
        29.745786766041128,
        30.639304404316963,
        30.139842684804968,
        30.721781821853597,
        30.296814959134917,
        30.076211762680877,
        29.95173983169066,
        30.05175530841037,
        30.270469218217666,
        30.07001370596599,
        30.093008599048133,
        30.159464519811557,
        30.07408325648348,
        30.19073087273567,
        30.01814150556327,
        30.48963174062619,
        29.91016948950131,
        29.919151122976526,
        30.24227156424075,
        29.883466053376754,
        29.797548045932995,
        29.813211039055254
    ],
    "means_array": [
        [
            0.0,
            0.0,
            0.0,
            0.0,
            0.0,
            0.0,
            0.0,
            0.0,
            0.0,
            0.0,
            0.0,
            0.0,
            0.0,
            0.0,
            0.0,
            0.0,
            0.0,
            0.0,
            0.0,
            0.0,
            0.0,
            0.0,
            0.0,
            0.0,
            0.0,
            0.0,
            0.0,
            0.0,
            0.0,
            0.0
        ]
    ],
    "samples": [
        {
            "posterior": [
                -17.437102516325915,
                1.414292913059633,
                -2.80048100498707,
                -30.053759664752402,
                -14.820624076610052,
                -27.087101736131167,
                -1.8109756069438525,
                25.29167967074134,
                -18.079410473126906,
                -27.980626992945005,
                19.522336950254555,
                -27.028455505653326,
                -21.139771484049874,
                -21.31816695798848,
                -11.274407021133303,
                -6.732066084955971,
                -22.288943837791557,
                -21.187882461849462,
                -13.34920613609286,
                25.653586038089394,
                26.98923613468529,
                -7.670533218237008,
                22.198601557974563,
                -14.134386614204946,
                -29.967815819729655,
                10.176621936034575,
                -8.998539849308838,
                16.960987716688006,
                -25.95787153150458,
                -22.862749427829826
            ]
        }
    ]
}