{
    "run_id": 1,
    "case": "multimodal",
    "dim": 30,
    "means_array": [
        [
            -0.4548450968279714,
            0.0,
            0.0,
            0.0,
            0.0,
            0.0,
            0.0,
            0.0,
            0.0,
            0.0,
            0.0,
            0.0,
            0.0,
            0.0,
            0.0,
            0.0,
            0.0,
            0.0,
            0.0,
            0.0,
            0.0,
            0.0,
            0.0,
            0.0,
            0.0,
            0.0,
            0.0,
            0.0,
            0.0,
            0.0
        ],
        [
            0.4548450968279714,
            0.0,
            0.0,
            0.0,
            0.0,
            0.0,
            0.0,
            0.0,
            0.0,
            0.0,
            0.0,
            0.0,
            0.0,
            0.0,
            0.0,
            0.0,
            0.0,
            0.0,
            0.0,
            0.0,
            0.0,
            0.0,
            0.0,
            0.0,
            0.0,
            0.0,
            0.0,
            0.0,
            0.0,
            0.0
        ]
    ],
    "min_mode": [
        -0.4548450968279714,
        0.0,
        0.0,
        0.0,
        0.0,
        0.0,
        0.0,
        0.0,
        0.0,
        0.0,
        0.0,
        0.0,
        0.0,
        0.0,
        0.0,
        0.0,
        0.0,
        0.0,
        0.0,
        0.0,
        0.0,
        0.0,
        0.0,
        0.0,
        0.0,
        0.0,
        0.0,
        0.0,
        0.0,
        0.0
    ],
    "max_mode": [
        0.4548450968279714,
        0.0,
        0.0,
        0.0,
        0.0,
        0.0,
        0.0,
        0.0,
        0.0,
        0.0,
        0.0,
        0.0,
        0.0,
        0.0,
        0.0,
        0.0,
        0.0,
        0.0,
        0.0,
        0.0,
        0.0,
        0.0,
        0.0,
        0.0,
        0.0,
        0.0,
        0.0,
        0.0,
        0.0,
        0.0
    ],
    "border": [
        20.0,
        20.0,
        20.0,
        20.0,
        20.0,
        20.0,
        20.0,
        20.0,
        20.0,
        20.0,
        20.0,
        20.0,
        20.0,
        20.0,
        20.0,
        20.0,
        20.0,
        20.0,
        20.0,
        20.0,
        20.0,
        20.0,
        20.0,
        20.0,
        20.0,
        20.0,
        20.0,
        20.0,
        20.0,
        20.0
    ],
    "low": [
        -30.043661947119965,
        -29.96005753477388,
        -30.05736781557743,
        -29.92585406460767,
        -29.946117342227403,
        -29.975116710118506,
        -29.93102323609094,
        -29.743690397382665,
        -29.740347064413374,
        -30.039872985133442,
        -30.05817898747357,
        -29.819520035433857,
        -29.998964360630787,
        -29.943506518220673,
        -29.92476826390218,
        -29.924012190875835,
        -30.02114982900063,
        -30.0768209277174,
        -29.839712522294008,
        -30.03649172828728,
        -29.877039774251287,
        -29.948259380648107,
        -29.963615927056182,
        -30.085010738018752,
        -29.9944798632021,
        -30.02559291993562,
        -30.065073589167078,
        -30.163846326476328,
        -29.940085620543133,
        -29.96210190185824
    ],
    "high": [
        29.956338052880035,
        30.03994246522612,
        29.94263218442257,
        30.07414593539233,
        30.053882657772597,
        30.024883289881494,
        30.06897676390906,
        30.256309602617335,
        30.259652935586626,
        29.960127014866558,
        29.94182101252643,
        30.180479964566143,
        30.001035639369213,
        30.056493481779327,
        30.07523173609782,
        30.075987809124165,
        29.97885017099937,
        29.9231790722826,
        30.160287477705992,
        29.96350827171272,
        30.122960225748713,
        30.051740619351893,
        30.036384072943818,
        29.914989261981248,
        30.0055201367979,
        29.97440708006438,
        29.934926410832922,
        29.836153673523672,
        30.059914379456867,
        30.03789809814176
    ],
    "samples": [
        {
            "posterior": [
                22.28848460183552,
                2.763072605648823,
                2.0242930466521116,
                29.836756967541398,
                10.285582094322542,
                -24.546557976662303,
                -21.96945479507881,
                -24.09049009005692,
                26.504922193234666,
                -10.38269747653359,
                -12.298945243401892,
                21.823139889493458,
                -5.598033122389701,
                -0.19125968781136748,
                -12.28287868942066,
                23.34968302767617,
                2.3618731536641597,
                0.23224390801654238,
                27.159823731953324,
                -26.331251191946137,
                16.807881834376367,
                -8.960415440452461,
                11.065265670722212,
                -5.4114806294137665,
                -24.2483070505139,
                22.56129053667624,
                -20.787388776431108,
                16.404049397394072,
                3.972068276920421,
                -1.9017416568247292
            ]
        }
    ]
}