{
    "sampler": "DEMetro_Z",
    "value": 2,
    "means_array": [
        [
            0.0,
            0.0
        ],
        [
            3.6553463573472107,
            -12.475513737230564
        ]
    ],
    "case": "Posterior Samples",
    "dim": 2,
    "samples": [
        [
            5.183504080262299,
            -12.66217918267508
        ],
        [
            3.2443655693345383,
            -12.04873299834004
        ],
        [
            -0.2931080444410659,
            0.19321724805110482
        ],
        [
            3.0745310092074836,
            -12.161650886411897
        ]
    ]
}