{
    "run_id": 1,
    "case": "multimodal",
    "dim": 5,
    "means_array": [
        [
            -20,
            0,
            0,
            0,
            0
        ],
        [
            -12,
            0,
            0,
            0,
            0
        ],
        [
            -4,
            0,
            0,
            0,
            0
        ],
        [
            4,
            0,
            0,
            0,
            0
        ],
        [
            12,
            0,
            0,
            0,
            0
        ],
        [
            20,
            0,
            0,
            0,
            0
        ]
    ],
    "min_mode": [
        -20,
        0,
        0,
        0,
        0
    ],
    "max_mode": [
        20,
        0,
        0,
        0,
        0
    ],
    "border": [
        10.0,
        10.0,
        10.0,
        10.0,
        10.0
    ],
    "low": [
        -30.0,
        -10.0,
        -10.0,
        -10.0,
        -10.0
    ],
    "high": [
        30.0,
        10.0,
        10.0,
        10.0,
        10.0
    ],
    "samples": [
        {
            "posterior": [
                -4.204705313942107,
                6.178413478200465,
                -9.528494377752018,
                2.174144914160328,
                9.631844105250853
            ]
        },
        {
            "posterior": [
                6.551137494068897,
                9.973393262100227,
                7.666026695863522,
                2.4126294259235515,
                5.1701497375898136
            ]
        },
        {
            "posterior": [
                -2.6446967205452587,
                -8.077174932381062,
                8.601434397451197,
                0.6023972354275351,
                -5.440702531086876
            ]
        },
        {
            "posterior": [
                26.628853068385972,
                -1.6281569104530913,
                -1.712477005131955,
                -2.6110517557575497,
                9.893590852477523
            ]
        }
    ]
}