{
    "sampler": "Metro",
    "value": 4,
    "means_array": [
        [
            0.0,
            0.0,
            0.0,
            0.0,
            0.0,
            0.0,
            0.0,
            0.0,
            0.0,
            0.0,
            0.0,
            0.0,
            0.0,
            0.0,
            0.0,
            0.0,
            0.0,
            0.0,
            0.0,
            0.0,
            0.0,
            0.0,
            0.0,
            0.0,
            0.0,
            0.0,
            0.0,
            0.0,
            0.0,
            0.0
        ]
    ],
    "case": "Posterior Samples",
    "dim": 30,
    "samples": [
        [
            -0.28875645726995436,
            -0.6489185146673904,
            -0.2532456146606835,
            -0.36881275733287444,
            -0.08471130473886557,
            -0.08092851604476303,
            0.46942643254625205,
            0.4020756799236842,
            0.1375100219051607,
            0.9336332770083912,
            -0.018606765602231068,
            0.18412153753413651,
            0.2358851230318597,
            1.2692211122291739,
            1.0104327240458553,
            -0.17786851345118854,
            0.21521996923313885,
            0.7177851213287411,
            -0.6863901012993874,
            0.6825239807140653,
            -0.5673195456548006,
            -0.15153092226892878,
            -0.31901932763757446,
            -0.2537918687551284,
            -0.2790047801290061,
            -0.8445353167835564,
            -0.2279003465710392,
            0.06048278231625143,
            -0.0014843901421239813,
            -0.3130243086972375
        ],
        [
            -0.31217209074205904,
            -0.8355367311914672,
            -0.3046182250516426,
            -0.728597492559382,
            -1.8741361502145413,
            0.31873601690362907,
            0.11184283948635265,
            0.15953772521389492,
            -2.221861088323074,
            1.0650521721830728,
            -0.1651217248060074,
            -0.7806633359883679,
            -2.091430340690332,
            0.3273968902835849,
            -0.48114009325996276,
            1.002452247752331,
            -1.4476960996754518,
            -1.702618696347535,
            1.9913020189548005,
            0.15656047526164163,
            -1.1771804343789638,
            -1.039114680277475,
            -2.158005937756596,
            -0.04149651349695627,
            0.7461756085061615,
            2.5199452685124353,
            -0.685732429948906,
            1.77479645256903,
            -2.5562863054837104,
            0.85242017976342
        ],
        [
            -0.36513304565497695,
            0.6584339056328141,
            0.514452534959968,
            0.42828255696091505,
            -0.35231196950184956,
            1.6799696824545436,
            -0.4983072415366684,
            -0.3509955746018869,
            -1.4624886307230858,
            1.4110748366900983,
            0.4212624020618449,
            2.184256952216436,
            0.27813173674086955,
            0.38251732732865573,
            0.20779002745171415,
            -1.0350548668151796,
            0.2602982835114273,
            0.23934072090577008,
            -0.5352871094988328,
            -0.2155749090020358,
            -1.0157690948206977,
            0.22250125410450228,
            -0.6909166885554522,
            0.9380652303530341,
            0.3961250224571221,
            0.3472115377477065,
            -1.895813251887441,
            -0.41564716811879054,
            -0.4554001380367781,
            0.2279815010866003
        ],
        [
            0.27023994515535577,
            0.5662537251149529,
            1.2981747243778916,
            0.4729579687615355,
            0.26192476988333235,
            0.6816548630853511,
            0.9941053760079201,
            -0.24940966980749102,
            -0.6807517941054999,
            -0.3092463908321877,
            -0.12419860446100461,
            -0.35616727028913614,
            -1.0651073244994784,
            0.1338246069292778,
            -0.5265734376203685,
            -0.44651769265981844,
            0.6540834925144868,
            -0.20078972463594713,
            -0.7538297210067304,
            0.4837177261582476,
            0.0641139717604926,
            -0.12666659480189657,
            -1.3565917061586887,
            -0.036208578293620675,
            1.286388986355537,
            0.9015425963883988,
            -0.6754970904516888,
            0.08020970759808543,
            0.6171964865407971,
            -0.7893346995085837
        ]
    ]
}