run_id,mu,sampler,wasserstein_distance,mmd_rff,r_hat,ess,runtime
4,"(10, 10)",HMC,3.8275583193566107,0.228513192383976,1.3235964394463104,9.782480833206572,3.632145643234253
4,"(2, 2)",HMC,1.1138272276353547,0.18087795302627885,1.0656290550820995,42.524197542730484,4.145714998245239
4,"(20, 20)",HMC,7.793076332375955,0.2921862612488324,1.5337781111297155,7.0874381292198825,3.898181438446045
4,"(40, 40)",HMC,7.075879752899884,0.13272393176808026,1.8464562458955385,5.722280504221419,3.918911933898926
4,"(5, 5)",HMC,1.065890148243477,0.1743335191733438,1.2587714029701924,12.038866973928323,4.049164056777954
