run_id,mu,sampler,wasserstein_distance,mmd_rff,r_hat,ess,runtime
4,"(10, 10)",SMC,0.04476494813435711,0.01223781521206579,1.0004446011206671,8040.011442903956,4.213066101074219
4,"(2, 2)",SMC,0.09843695627797619,0.0228056259378121,1.0003535038954918,7904.157914810573,2.38346529006958
4,"(20, 20)",SMC,0.16868646714199348,0.01416751397139626,1.0006606757066199,7874.914315836488,4.367013931274414
4,"(40, 40)",SMC,0.09902073664238015,0.013367032730274748,1.000735259515833,7878.85797714084,6.817823648452759
4,"(5, 5)",SMC,0.08071925364170035,0.015736198842903414,1.0003792012313077,7848.204954800581,2.5034079551696777
