run_id,mu,sampler,wasserstein_distance,mmd_rff,r_hat,ess,runtime
12,8,HMC,1.2506815371782,0.18412019191632387,1.1623698425677902,16.784991625457913,1.5782523155212402
12,10,HMC,2.2122418381475595,0.24185971738634357,1.1354029885105559,19.49157688957388,1.5257799625396729
12,12,HMC,5.37386497178364,0.47265912899809226,1.5287070983425228,7.207500631249482,1.7953503131866455
12,14,HMC,2.725554286658172,0.20687023888847544,1.7346828236089085,6.0926101582271475,1.5133845806121826
12,16,HMC,3.242635148466186,0.21851182286142876,1.7348011907421514,6.088793487816952,1.5520110130310059
12,18,HMC,1.0132225978217875,0.06280124513950759,1.5294303825909474,7.1867947345443355,1.5806999206542969
12,20,HMC,9.133213716037549,0.498431750649146,1.5281516756267581,7.187170778614431,1.8536627292633057
12,22,HMC,4.523390372494301,0.22037774937072394,1.733562134641631,6.099629679949767,1.4993858337402344
12,40,HMC,2.2434484377257733,0.0567048357897966,1.5293261410505723,7.187933962658642,1.589848279953003
