run_id,dimension_corr,sampler,wasserstein_distance,mmd_rff,r_hat,ess,runtime
32,2,Metro,0.06253806579453919,0.028874879961663075,1.0084519310175413,748.7459074534751,1.139617681503296
32,5,Metro,0.04083164502494549,0.02684621958931544,1.0057070052819743,875.788644083078,1.3330278396606445
32,10,Metro,0.040493232745479314,0.024518813339389486,1.0119141919200716,681.5277583724732,1.619004249572754
32,15,Metro,0.0429197805212377,0.022112761888822528,1.008002875266865,808.4657150657456,1.8973875045776367
32,20,Metro,0.04335621415461557,0.023267732652099322,1.0093229578392122,668.2929732655365,2.19177508354187
