run_id,dimension_corr,sampler,wasserstein_distance,mmd_rff,r_hat,ess,runtime
32,2,SMC,0.02265225586187893,0.0147534471338192,0.9997325245843249,3938.4306009646484,2.009326219558716
32,5,SMC,0.028046097635207073,0.02262569082708295,1.0009731760637008,3713.964504281634,1.807607650756836
32,10,SMC,0.024112950236078956,0.022932138367293166,1.000843612315703,3714.0365417310036,2.911355495452881
32,15,SMC,0.030252623100464525,0.02271606179110656,1.001708514900616,3705.8484487244327,2.8082730770111084
32,20,SMC,0.026957619141255825,0.02258436192478872,1.0011578507205392,3825.56607298787,4.779908180236816
