run_id,dimension_corr,sampler,wasserstein_distance,mmd_rff,r_hat,ess,runtime
2,2,HMC,0.011628113579741115,0.006413285639628032,1.0001687195941475,7631.80158689341,1.894258975982666
2,5,HMC,0.026374873719648518,0.016665193825671595,1.0012326941149248,11405.413590128139,2.103752374649048
2,10,HMC,0.018996318410043556,0.01638378179682879,1.000882441533791,9882.126013303417,2.3713183403015137
2,15,HMC,0.01901487660805767,0.015589023920614009,1.0013102832426968,12515.750858522506,2.8927838802337646
2,20,HMC,0.019380848983343454,0.0164354174140807,1.0023558681010112,16220.384354229964,2.683492660522461
