run_id,dimension_corr,sampler,wasserstein_distance,mmd_rff,r_hat,ess,runtime
2,2,SMC,0.015712981835718513,0.0093507617013636,1.0001173177172282,7857.0630166024575,3.540457248687744
2,5,SMC,0.02195081357017596,0.014414122426607967,1.0004724630438646,7713.05730837863,2.710606813430786
2,10,SMC,0.01990263346128619,0.015964466656572786,1.000727863265614,7385.593854742859,3.742030143737793
2,15,SMC,0.021214739248910704,0.014181877893864306,1.0004466410978143,7510.270506500901,4.62368631362915
2,20,SMC,0.018238704708195726,0.015879430782895818,1.0003944916392125,7128.087117352138,6.866189241409302
