{
    "sampler": "DEMetro",
    "value": 2,
    "means_array": [
        0
    ],
    "case": "Warmup Samples",
    "dim": 1,
    "samples": [
        7.805641900270452,
        0.9593418836842805,
        -3.6412835857473804,
        1.8879300639236056,
        0.977426967497312,
        -3.8722318091379067
    ]
}