mu,sampler,wasserstein_distance,reference_swd,relative_swd,swd_zscore,r_hat,ess,runtime
2,DEMetro,0.05109398949669617,0.029220128052147666,0.021873861444548504,2.268594958819189,1.0048562409356587,879.9572261989705,4.512156248092651
