mu,sampler,wasserstein_distance,reference_swd,relative_swd,swd_zscore,r_hat,ess,runtime
2,Metro,0.0431594968674739,0.029220128052147666,0.01393936881532623,1.4456881288992376,1.0067456038930778,924.3785005351236,1.0754868984222412
