run_id,mu,sampler,wasserstein_distance,mmd_rff,swd_zscore,r_hat,ess,runtime
8,"(10, 10, 20, 30, 30)",Metro,0.039223697954422584,0.025006231513231895,5.409686790818049,1.0091320222864504,1152.747982441562,2.0227832794189453
