num_samples,sampler,wasserstein_distance,r_hat,ess,runtime
100,DEMetro,0.37136830861939707,2.188605264997017,9.690222484147919,1.9673891067504883
200,DEMetro,1.659577904147086,1.4752122937577952,16.345149889202744,1.8804864883422852
300,DEMetro,0.3371461947800416,1.2078089146785898,14.426115589296673,0.1893010139465332
