run_id,nu,sampler,wasserstein_distance,mmd_rff,r_hat,ess,runtime
4,0.5,Metro,89403.46984009678,0.03901728107718046,1.0555545730384215,55.76593973878927,0.9825863838195801
4,1.0,Metro,4.824579680664142,0.07507464994920714,1.011319187534332,351.94348976121944,1.0242555141448975
4,2.0,Metro,0.25767730406103145,0.02381614819949538,1.0068370606007615,525.5880603609647,1.0020725727081299
4,5.0,Metro,0.04492434162285039,0.017918019127556084,1.0058610440879212,740.635325045195,0.9896683692932129
4,10.0,Metro,0.05370709123552321,0.025113112520707213,1.0045052772792273,711.3238182102167,0.9684181213378906
4,30.0,Metro,0.05217332779757068,0.016424436142522602,1.0034398203218204,800.5140895400364,1.004392385482788
4,100.0,Metro,0.034592292883514494,0.010947465162156767,1.0043527423049727,764.6484270402335,0.9637806415557861
4,500.0,Metro,0.03499037741691456,0.02175028421830046,1.0055087408774954,842.874476189279,0.9716331958770752
