run_id,nu,sampler,wasserstein_distance,mmd_rff,r_hat,ess,runtime
23,0.5,HMC,18902.70859021938,0.23248630739483128,1.10545366220109,28.025759483469166,4.878155708312988
23,1.0,HMC,7.1199676722325345,0.011052407302250194,1.002112988588816,1545.1478583726175,1.9770185947418213
23,2.0,HMC,0.19978068531002283,0.02383861857055151,1.001931382458151,2521.3132573692533,1.2517802715301514
23,5.0,HMC,0.03355345323578306,0.012480103043009503,1.0007504448863798,3248.7857208714618,1.1888055801391602
23,10.0,HMC,0.038305809205218734,0.01623258537534618,1.0007526442076256,3020.733326153061,1.200829029083252
23,30.0,HMC,0.024262117922286917,0.01259998749808332,1.0012094617613103,3446.025459570329,1.154287338256836
23,100.0,HMC,0.016287624538062158,0.008075893155785307,1.0009601412234894,3558.1995366508913,1.1769859790802002
23,500.0,HMC,0.015300586867664504,0.006833600841419737,1.0008633719752957,3851.5974593086753,1.1752893924713135
