nu,global_median_wasserstein_distance,global_median_r_hat,global_median_ess,global_median_runtime,global_median_mmd_rff,global_q25_wasserstein_distance,global_q25_r_hat,global_q25_ess,global_q25_runtime,global_q25_mmd_rff,global_q75_wasserstein_distance,global_q75_r_hat,global_q75_ess,global_q75_runtime,global_q75_mmd_rff,ws_mcmc_mean,ws_iid_mean,ws_iid_std,mmd_rff_mcmc_mean,mmd_rff_iid_mean,mmd_rff_iid_std,ws_dist_glass_delta,mmd_rff_glass_delta
2.1,0.18814662868607052,,,0.9101517200469971,0.022568318960231756,0.14488319205503045,,,0.8836226463317871,0.017944530971297987,0.21634396839893974,,,0.9293792247772217,0.02617995907705539,0.18853017714475492,0.1286051730447232,0.030839180118281424,0.023341171219806087,0.01414602551822724,0.0042651968354733135,1.94314517669386,2.1558549479131957
3.0,0.09388022543260313,,,0.8537330627441406,0.014509479933374952,0.07356569679287266,,,0.8476369380950928,0.010980106968833446,0.10854711345872842,,,0.8597640991210938,0.018876377074135402,0.08983349366621725,0.06645233644097448,0.018825041333971258,0.016910912595463116,0.014470700849904079,0.004951279554790475,1.2420242171287903,0.4928446714744833
4.0,0.06126192770543816,,,0.8351263999938965,0.015568105009264062,0.05072891769282735,,,0.8236398696899414,0.012666816028858444,0.07821243693058362,,,0.8457143306732178,0.02164963201971738,0.06632888680939909,0.04924469191123064,0.012766612232957187,0.017187675675195913,0.015029895856319172,0.005132627355616079,1.3381932956391804,0.4204045354112287
5.0,0.04851606357403758,,,0.8241877555847168,0.015923129714259902,0.03901907806050681,,,0.8059144020080566,0.012666499271538522,0.06009727560029069,,,0.8431880474090576,0.026019872851988674,0.05155209046156604,0.040262234921922595,0.009847038109762755,0.018841739098251573,0.012576773802792578,0.004023166271900354,1.1465229862825674,1.5572225635356902
30.0,0.04009671212610918,,,0.8051037788391113,0.01652437040567828,0.03307717982370614,,,0.7988731861114502,0.014194352849909645,0.04703932273738268,,,0.8122339248657227,0.02383721165492406,0.04060986349567371,0.03109773693104168,0.008820716627318715,0.018544934627121538,0.013753259058683827,0.004418643809884663,1.0783847805712234,1.0844222287658858
