run_id,nu,sampler,wasserstein_distance,mmd_rff,r_hat,ess,runtime
31,0.5,HMC,521656.87632476585,0.08403205360210786,1.359780077075073,283.6747681784545,7.0703160762786865
31,1.0,HMC,2.1767988108584517,0.10079808216324009,1.0609776216823368,644.5876111653897,1.664966106414795
31,2.0,HMC,0.2124676874991773,0.04339862193051702,1.0177569428349942,361.78745165121114,1.5272047519683838
31,5.0,HMC,0.028229913648877655,0.00799510291130286,1.0014223740172983,2765.8969002998588,1.2237186431884766
31,10.0,HMC,0.02869127443467466,0.00938599291200899,1.0013704965885508,3261.6305186725676,1.2334709167480469
31,30.0,HMC,0.02450072734642239,0.010906775589125079,1.0008907078819087,3181.240872596791,1.2282159328460693
31,100.0,HMC,0.02690549266468923,0.014570397881267442,1.0004126464773597,3303.598125096829,1.166508436203003
31,500.0,HMC,0.02165362710711565,0.013447260997986281,1.000424243954729,3022.51922528245,1.1255643367767334
