run_id,nu,sampler,wasserstein_distance,mmd_rff,r_hat,ess,runtime
31,0.5,Metro,517252.1407318835,0.031218568394779017,1.0325385722268219,410.2586374368461,0.9978964328765869
31,1.0,Metro,2.5997594340676926,0.020080829436717334,1.0126612985557972,924.5543531277583,1.0475153923034668
31,2.0,Metro,0.19179939314924033,0.011851111294612115,1.0023619314054601,1349.851048264457,0.9996762275695801
31,5.0,Metro,0.04333817538063539,0.010675082133642778,1.0038464327387377,1216.5499189521925,1.1816670894622803
31,10.0,Metro,0.042974723417029,0.025360823355390194,1.003233284492936,1646.698734316874,1.0559005737304688
31,30.0,Metro,0.03383085749949719,0.009811557784151064,1.0017215641326649,1887.6549114761576,1.0431935787200928
31,100.0,Metro,0.04314520929210729,0.018048132750811467,1.0009561324905705,1826.083948430831,1.0633981227874756
31,500.0,Metro,0.023843902374974343,0.012442877004032377,1.0011250830862688,1888.505263734117,1.0727190971374512
