run_id,mu,sampler,wasserstein_distance,mmd_rff,r_hat,ess,runtime
46,"(0, 0, 0, 0, 0)",HMC,0.030779969714832975,0.020815682747100578,1.0011934032336762,5788.0247059851645,1.675074577331543
