mm,ws_t_stat,ws_p_value,ws_paired_cohens_d
5,5.702247726163114,0.00013773294209129563,1.6460971298431029
8,5.455002805855444,0.0001993233076467833,1.5747236691954023
10,3.580553559454176,0.004314470325829313,1.0336167806993706
12,4.898090807325183,0.00047305478983331907,1.4139570230622132
15,4.978879508838398,0.0004161756091969574,1.4372787123452806
18,4.0023350944719605,0.002077882436821681,1.1553746220902363
