mm,var_rmse_t_stat,var_rmse_p_value,var_rmse_paired_cohens_d
5,2.2295721425849155,0.04756196638684674,0.6436220383495459
8,4.1956466544448645,0.0014965264214368739,1.2111788626841478
10,4.144700714333385,0.0016310117542197341,1.196472036565407
12,3.638384755246342,0.003899070887255616,1.0503112089284532
15,2.8752157504714444,0.015099970113016895,0.8300032937564702
18,4.032530497082566,0.0019734592475724394,1.1640912840029973
