mm,mmd_rff_t_stat,mmd_rff_p_value,mmd_rff_paired_cohens_d
5,5.349094470528714,0.0002341351765687176,1.544150566240246
8,5.402244051088845,0.0002159220431774945,1.5594935285620994
10,3.634609159201415,0.003924889843769725,1.0492212882320082
12,5.088610747030849,0.0003502291519694872,1.4689553922997416
15,5.0439686585565475,0.00037561634536479525,1.4560683314008291
18,4.001483864973721,0.0020809081602339782,1.1551288933002613
