mm,ws_t_stat,ws_p_value,ws_paired_cohens_d
5,-0.5920864957540514,0.5657636920401721,-0.1709206488535719
8,1.5059905164908103,0.1602345228799272,0.43474201504649645
10,-1.1852430006702275,0.2608953234079962,-0.3421501827460378
12,2.093118068112993,0.060314452065457075,0.604231140035353
15,-0.166340346711893,0.8709072054465498,-0.04801832197560355
18,-2.1578232556559547,0.053908156547025105,-0.6229099187583
