mm,mmd_rff_t_stat,mmd_rff_p_value,mmd_rff_paired_cohens_d
5,2.931972511570586,0.01364220490141624,0.8463875594059305
8,8.025431901342113,6.337946940478636e-06,2.31674263430144
10,3.836996314101072,0.0027608164495221024,1.107645427412928
12,5.749739317737117,0.00012841991553249913,1.6598067714328502
15,4.037396532830394,0.00195714898671362,1.165495987527445
18,3.8424615632529746,0.0027348720492879537,1.1092231089474476
