mm,ws_t_stat,ws_p_value,ws_paired_cohens_d
5,3.0404907759971653,0.011236740838336845,0.8777140839952688
8,7.736356112578197,8.970311072152973e-06,2.2332936420719145
10,3.8453717208868246,0.002721160264060254,1.1100631990940915
12,5.43832567675592,0.0002044186790336083,1.569909396707942
15,3.990245733046402,0.002121286761315284,1.151884724053548
18,3.8317976477643314,0.002785731999926837,1.1061447017084558
