mm,mean_rmse_t_stat,mean_rmse_p_value,mean_rmse_paired_cohens_d
5,2.9540657799376198,0.013113704190413081,0.8527653366254233
8,8.063153202027305,6.0611704981083745e-06,2.327631835853829
10,3.797868002982016,0.0029541702105894537,1.0963500569341669
12,5.575738835260208,0.0001662278878633801,1.6095771587342658
15,3.9283979254001555,0.002358556290836472,1.1340307998568737
18,3.8491306772559697,0.0027035545486666195,1.1111483163298903
