mu,ws_t_stat,ws_p_value,ws_paired_cohens_d
0,4.407280601857494,0.000131150939932816,0.8046556676307647
