mu,mmd_rff_t_stat,mmd_rff_p_value,mmd_rff_paired_cohens_d
"(0.0, 0.0, 0.0, -5.059644)",18.633378345344124,1.1076592881031263e-17,3.4019738807577546
