{
    "run_id": 1,
    "case": "unimodal",
    "dim": 10,
    "low": [
        -30.045342068910443,
        -30.182450145162676,
        -30.218069063409846,
        -29.922860003160615,
        -29.974287701809587,
        -30.31055551188796,
        -30.02885406347616,
        -30.134946851766923,
        -29.773567871134553,
        -30.17028337215441
    ],
    "high": [
        29.954657931089557,
        29.817549854837324,
        29.781930936590154,
        30.077139996839385,
        30.025712298190413,
        29.68944448811204,
        29.97114593652384,
        29.865053148233077,
        30.226432128865447,
        29.82971662784559
    ],
    "means_array": [
        [
            0.0,
            0.0,
            0.0,
            0.0,
            0.0,
            0.0,
            0.0,
            0.0,
            0.0,
            0.0
        ]
    ],
    "samples": [
        {
            "posterior": [
                5.477776519796237,
                8.332594986745455,
                7.385308111958533,
                4.295071124553296,
                -24.105907083589837,
                5.883578507753295,
                13.026108371706414,
                19.422117326791376,
                0.5096409872498313,
                -28.6864157850533
            ]
        },
        {
            "posterior": [
                -5.509613959142602,
                13.21558882682686,
                -22.491734954562475,
                14.749618333425225,
                9.214002359061446,
                23.350855358427392,
                -16.1126072070509,
                -4.9762946083783355,
                -9.410695117815997,
                0.09390878358502519
            ]
        },
        {
            "posterior": [
                25.82497869151603,
                -29.522756757276714,
                0.5615996132623486,
                6.943429000040737,
                29.093439133947513,
                -14.061954929086259,
                23.523468939628437,
                18.638657460743314,
                -5.197603390412866,
                -8.84419949319972
            ]
        },
        {
            "posterior": [
                6.9650128777162905,
                18.447678704845835,
                11.079401889329947,
                -27.337355235904454,
                -13.808290697165639,
                -16.909569920674972,
                12.449001668455395,
                -3.335361251943599,
                2.602464344359717,
                14.122194269447146
            ]
        }
    ]
}