{
    "run_id": 1,
    "case": "unimodal",
    "dim": 15,
    "low": [
        -31.08441862993466,
        -103.0269896119876,
        -33.71553069954617,
        -93.57462306157356,
        -60.86238040548937,
        -33.05618156880551,
        -86.51134729638093,
        -32.197991314580534,
        -54.43621390623601,
        -22.46142360236023,
        -92.25880932501846,
        -33.55663097332217,
        -94.78172790012677,
        -102.25056476387654,
        -25.287560355501675
    ],
    "high": [
        57.41414299170188,
        63.723849714647734,
        40.35717453205851,
        74.56986862739936,
        55.8554494421878,
        25.33706499795465,
        19.267992293426676,
        75.83951697235331,
        96.45200280921891,
        48.90527436930973,
        88.14235241573216,
        44.505466865582804,
        31.410886591869613,
        48.11959876695655,
        56.00889152104814
    ],
    "means_array": [
        [
            0.0,
            0.0,
            0.0,
            0.0,
            0.0,
            0.0,
            0.0,
            0.0,
            0.0,
            0.0,
            0.0,
            0.0,
            0.0,
            0.0,
            0.0
        ]
    ],
    "samples": [
        {
            "posterior": [
                31.582166846434603,
                27.561003453483636,
                15.370319855288258,
                68.29048990954436,
                -54.79223416321953,
                -5.833006915727463,
                -72.76823138557825,
                60.77465158327476,
                35.749309032645435,
                25.487947503273293,
                -18.815719841241417,
                14.060723443774783,
                -49.092690462807745,
                35.2151323176581,
                21.277435312173722
            ]
        }
    ]
}