{
    "run_id": 1,
    "case": "unimodal",
    "dim": 2,
    "low": [
        -31.048301873042558,
        -29.816419170962433
    ],
    "high": [
        32.3833939594205,
        30.183580829037567
    ],
    "means_array": [
        [
            0.0,
            0.0
        ]
    ],
    "samples": [
        {
            "posterior": [
                8.438340062828505,
                -8.228518112039204
            ]
        }
    ]
}