{
    "sampler": "HMC",
    "value": 6,
    "means_array": [
        [
            -3.0000000015,
            0.0
        ],
        [
            3.0000000015,
            0.0
        ]
    ],
    "case": "Warmup Samples",
    "dim": 2,
    "samples": [
        [
            0.1676484549151425,
            22.394368046226813
        ],
        [
            -8.553248521422724,
            5.308820817371036
        ],
        [
            -23.48355289145037,
            8.49844421478911
        ],
        [
            -7.113006367413231,
            8.917245804313666
        ]
    ]
}