{
    "run_id": 1,
    "case": "multimodal",
    "dim": 2,
    "means_array": [
        [
            -1.2489996118654334,
            0.0
        ],
        [
            1.2489996118654334,
            0.0
        ]
    ],
    "min_mode": [
        -1.2489996118654334,
        0.0
    ],
    "max_mode": [
        1.2489996118654334,
        0.0
    ],
    "border": [
        26.135703079754744,
        26.278265648787368
    ],
    "low": [
        -39.91418672134108,
        -40.65737157641172
    ],
    "high": [
        38.49292251792315,
        38.177425369950384
    ],
    "samples": [
        {
            "posterior": [
                -15.290025031381354,
                11.470946511457676
            ]
        }
    ]
}