{
    "sampler": "DEMetro_Z",
    "value": 25,
    "means_array": [
        [
            0.0,
            0.0,
            0.0,
            0.0,
            0.0,
            0.0,
            0.0,
            0.0,
            0.0,
            0.0,
            0.0,
            0.0,
            0.0,
            0.0,
            0.0,
            0.0,
            0.0,
            0.0,
            0.0,
            0.0,
            0.0,
            0.0,
            0.0,
            0.0,
            0.0
        ]
    ],
    "case": "Posterior Samples",
    "dim": 25,
    "samples": [
        [
            6.025241241727426,
            -64.76432928155874,
            -17.089068770753016,
            -17.139195938891127,
            37.728170477754205,
            61.440424543778306,
            -27.039814700544415,
            7.041438591942153,
            -46.535198047313344,
            -7.473735999612888,
            -34.62616134375677,
            125.47349407642993,
            84.03862165947002,
            -51.68428806753573,
            77.8434811720103,
            18.452103349580007,
            27.03004027079276,
            -64.44398442415248,
            -12.032685722583146,
            -22.35670083915384,
            24.805452434250384,
            -18.071814210129983,
            -11.934813455035997,
            -58.689209802822674,
            -29.856817476988777
        ],
        [
            42.57965630879714,
            47.199975386226015,
            57.265292153947925,
            9.662074308182424,
            -16.093455948731265,
            -4.659225443588218,
            64.95775917348465,
            78.33238884317362,
            3.1818945587700105,
            58.85613964645835,
            -73.10844258227566,
            -91.25889780837822,
            -58.92422359928606,
            -38.13299216937548,
            -96.88374716978669,
            -18.675972596942493,
            -62.31949741542374,
            54.319172672068625,
            -40.85587680173283,
            15.719037512174083,
            -40.85779242413531,
            57.61381549964064,
            -40.160600426547674,
            -89.34342464874878,
            -45.83740541756979
        ],
        [
            -16.305231864001424,
            -45.39036372921534,
            -78.403672536816,
            32.95240723424636,
            -20.06111146188304,
            112.7077358463072,
            -32.08008507489776,
            -33.67926673228449,
            -40.04959018996904,
            19.80538179060848,
            -100.94718489267136,
            -50.64864843876748,
            59.30247378601177,
            -3.565526686496731,
            35.9359282720635,
            -64.47355039682463,
            23.2890948951465,
            30.949001965382358,
            24.713519204206378,
            -65.18487380148348,
            63.036768393041996,
            47.881275106856314,
            -16.628345647378968,
            57.37777898497416,
            -32.48525158459829
        ],
        [
            5.596948328043332,
            -68.74589027198846,
            46.12399033388853,
            -70.24405154176088,
            -80.43738654358854,
            23.15529881575029,
            17.261963233234336,
            87.1136747713734,
            -7.8759612299135,
            30.26042023823925,
            -24.634239487649186,
            -54.98683964628745,
            -47.90278463451651,
            55.073285494276014,
            43.402102952214946,
            63.8271327749975,
            82.73583681095685,
            -58.51380224891877,
            -15.263010194673425,
            78.06658502159623,
            44.97774108944085,
            12.417685487388013,
            -71.91684642185996,
            -24.749392724593264,
            35.35106747556686
        ]
    ]
}