{
    "sampler": "Metro",
    "value": 14,
    "means_array": [
        0,
        14
    ],
    "case": "Posterior Samples",
    "dim": 1,
    "samples": [
        -0.14570951719537364,
        11.419144082489735,
        -0.9403319684810594,
        13.74604178542163
    ]
}