{
    "sampler": "HMC",
    "value": 10,
    "means_array": [
        [
            0.0,
            0.0,
            0.0,
            0.0,
            0.0,
            0.0,
            0.0,
            0.0,
            0.0,
            0.0
        ]
    ],
    "case": "Warmup Samples",
    "dim": 10,
    "samples": [
        [
            49.69679145526531,
            3.9261556172468475,
            71.00461959565547,
            -11.872685930359768,
            78.44026597277184,
            20.58648173968311,
            43.020658062007655,
            96.91462192736758,
            114.25945382686692,
            122.02614592823593
        ],
        [
            17.726037366435747,
            19.885911227313475,
            11.86244404892906,
            -37.07266514761667,
            -0.6139170625311349,
            14.004538926083818,
            -2.282616093424965,
            -32.3378702016486,
            30.237038304682525,
            -19.495470563659243
        ],
        [
            57.72932772582465,
            7.75706906746278,
            87.44069315212876,
            26.267634958137304,
            -76.88750657882323,
            37.94745344471068,
            66.01831274562203,
            -80.6307190188507,
            120.3467638631703,
            -46.539688140354606
        ],
        [
            13.947099017695026,
            22.11560514398932,
            26.080416951102098,
            63.13936351192835,
            12.570094348327954,
            66.78142876519875,
            61.839722190587075,
            -75.38308406964977,
            49.99328985447143,
            -31.657405650722513
        ]
    ]
}