mu,sampler,wasserstein_distance,swd_zscore,r_hat,ess,runtime
2,HMC,0.026308544098879998,0.8308254736978186,1.0006490345700292,4589.023779628439,7.938810348510742
3,HMC,0.02245655763960848,0.5071119907444392,1.0006490345700292,4589.023779628439,6.916735410690308
4,HMC,0.028421726813037618,3.2955330849157005,1.0006487937166348,4589.023779628439,6.9443442821502686
