{
    "sampler": "DEMetro_Z",
    "value": 10,
    "means_array": [
        [
            -6.0,
            0.0,
            0.0,
            0.0,
            0.0,
            0.0,
            0.0,
            0.0,
            0.0,
            0.0
        ],
        [
            6.0,
            0.0,
            0.0,
            0.0,
            0.0,
            0.0,
            0.0,
            0.0,
            0.0,
            0.0
        ]
    ],
    "case": "Posterior Samples",
    "dim": 10,
    "samples": [
        [
            -14.998731772204756,
            14.866921369507148,
            13.90413623075531,
            1.2716202762557907,
            -12.852615689658112,
            4.466547101889467,
            3.2907643719322954,
            6.570675381230346,
            6.013834413258152,
            9.057751376253986
        ],
        [
            -2.3615037735425086,
            -14.531988418588941,
            -28.611840452010586,
            14.370016536975884,
            -0.7509237830988859,
            6.708962175184286,
            -14.596998554387852,
            -14.34706703634925,
            -19.87704331695329,
            11.593780703327157
        ],
        [
            -19.98478004947311,
            -19.1520354911532,
            -6.910174675762629,
            9.557654186414462,
            14.817393570832667,
            10.182235675210094,
            6.1777651299740235,
            -2.9421367034875225,
            4.74357196790033,
            -0.5307160877534406
        ],
        [
            -27.79278376820286,
            -13.342259265424778,
            -8.851019033225857,
            21.90003743605846,
            -3.9776629351801507,
            22.123065090000825,
            14.656140000201498,
            16.328022771464017,
            -5.07694683743455,
            9.967846730642247
        ]
    ]
}