{
    "sampler": "HMC",
    "value": 0.9,
    "means_array": [
        [
            0.0,
            0.0
        ],
        [
            10,
            0
        ]
    ],
    "case": "Posterior Samples",
    "dim": 2,
    "samples": [
        [
            -0.1183839021001457,
            0.27422917415033726
        ],
        [
            -0.7217212342278274,
            -0.16217315899226797
        ],
        [
            0.2876204146768798,
            0.3313478334939205
        ],
        [
            0.8202875457654135,
            0.661785870638379
        ]
    ]
}