mu,global_avg_wasserstein_distance,global_avg_r_hat,global_avg_ess,global_avg_runtime,global_avg_wasserstein_distance_std,global_avg_r_hat_std,global_avg_ess_std,global_avg_runtime_std
0,0.0340962748942613,1.0053873743149828,853.1880992638207,4.4726762771606445,,,,
2,0.0393005760132376,1.0053873743149828,853.1880992638207,1.0649073123931885,,,,
5,0.0456602156453729,1.0053873743149828,853.1880992638207,-0.5092403888702393,,,,
10,0.0429252713538358,1.0053873743149828,853.1880992638207,1.0811138153076172,,,,
