mu,global_median_wasserstein_distance,global_median_runtime,global_median_ess,global_median_ess_per_sec,global_median_r_hat,global_median_mmd_rff,global_q25_wasserstein_distance,global_q25_runtime,global_q25_ess,global_q25_ess_per_sec,global_q25_r_hat,global_q25_mmd_rff,global_q75_wasserstein_distance,global_q75_runtime,global_q75_ess,global_q75_ess_per_sec,global_q75_r_hat,global_q75_mmd_rff,ws_mcmc_mean,ws_iid_mean,ws_iid_std,mmd_rff_mcmc_mean,mmd_rff_iid_mean,mmd_rff_iid_std,ws_glass_delta,ws_t_stat,ws_p_value,mmd_rff_glass_delta,mmd_rff_t_stat,mmd_rff_p_value
0,0.030689192879539515,0.8200962543487549,1710.3753975119685,2066.033816121303,1.001829505694648,0.015032167886125863,0.024488721008047314,0.8051627278327942,1651.6335477398993,1862.2368803923189,1.0011634070067317,0.009233654140859108,0.03814212686037394,0.8345171809196472,1780.643682189092,2181.5836555480455,1.0026912041926785,0.021317355122222766,0.03322575309150895,0.026551579976458392,0.007594288828769848,0.016612181842032937,0.012535595699992205,0.004965408254890962,0.8788410956621024,2.6233657683103666,0.011525209318781685,0.8209971733996426,2.242298655804659,0.02977285139044368
