mu,mmd_rff_t_stat,mmd_rff_p_value,mmd_rff_paired_cohens_d
0,-1.4869929623074714,0.1478094730485079,-0.27148652943574375
