mu,ws_t_stat,ws_p_value,ws_paired_cohens_d
0,4.3476177243514265,0.0001545805829586396,0.7937627663455179
