mu,mmd_rff_t_stat,mmd_rff_p_value,mmd_rff_paired_cohens_d
0,3.471978271851128,0.0016408230169391849,0.6338936062202222
