run_id,mu,sampler,wasserstein_distance,mmd_rff,swd_zscore,r_hat,ess,runtime
10,"(10, 10, 10, 10, 10, 20, 20, 20, 20, 20, 30, 30, 30, 30, 30, 40, 40, 40, 40, 40)",Metro,0.08218924891057316,0.024561516195692655,26.408957440615595,1.1423573226351649,36.671185192675566,3.917466640472412
