{
    "sampler": "DEMetro",
    "value": 1,
    "means_array": [
        0
    ],
    "case": "Warmup Samples",
    "dim": 1,
    "samples": [
        -1.2818890167212451,
        -7.103079535787699,
        5.885780882237483,
        -1.0715009719666715,
        -18.91126000825237,
        2.041692069702298
    ]
}