run_id,dimension_corr,sampler,wasserstein_distance,mmd_rff,r_hat,ess,runtime
52,2,SMC,0.026442706224551846,0.023511378493744236,0.9999536074357549,4000.6007368141272,1.3625891208648682
52,5,SMC,0.016217806792512467,0.01680941188660395,1.0007958763301068,3845.334456478181,2.4905660152435303
52,10,SMC,0.022014857002367688,0.020907501293130615,1.0018793797778909,3938.6294826042376,2.6988136768341064
52,15,SMC,0.022308525722902733,0.021145751314869638,1.0021024487635006,3948.782399919431,3.880190134048462
52,20,SMC,0.04007861194553322,0.020576919297862335,1.0002992318956594,4000.030749749091,3.974989652633667
