run_id,mu,sampler,wasserstein_distance,mmd_rff,swd_zscore,r_hat,ess,runtime
16,"(10, 10)",DEMetro,0.13025196505035153,0.03385033777037748,1.1165327180264937,1.0346095111530138,271.22963910620325,3.605768918991089
16,"(20, 20)",DEMetro,13.14000445199714,0.5479184967762121,159.08100207022855,1.0071073084493134,742.6864252253621,3.6003644466400146
16,"(5, 5)",DEMetro,0.11727668512155696,0.04321516657949141,4.063727348376597,1.0208527407528123,386.7943682363305,3.610898017883301
16,"(50, 10)",DEMetro,4.20543814327727,0.10732899993864452,32.21123755864631,1.3982347637792902,12.90336509503417,3.4694488048553467
