{
    "run_id": 1,
    "case": "unimodal",
    "dim": 2,
    "low": [
        -29.62243396864349,
        -29.685059644410266
    ],
    "high": [
        30.37756603135651,
        30.314940355589734
    ],
    "means_array": [
        [
            0.0,
            0.0
        ]
    ],
    "samples": [
        {
            "posterior": [
                22.437268890243523,
                4.69120159430161
            ]
        }
    ]
}