{
    "sampler": "DEMetro_Z",
    "value": 2,
    "means_array": [
        [
            0.0,
            0.0
        ]
    ],
    "case": "Warmup Samples",
    "dim": 2,
    "samples": [
        [
            74.44288157330332,
            -25.095631672659906
        ],
        [
            -9.684821266663088,
            79.41414987707282
        ],
        [
            -81.35559986259466,
            62.495996862694696
        ],
        [
            -34.734359486531616,
            45.90444034634938
        ]
    ]
}