mm,var_rmse_t_stat,var_rmse_p_value,var_rmse_paired_cohens_d
5,15.091365279200204,1.0690706198757692e-08,4.356501903192605
8,26.280342068918877,2.807129882559367e-11,7.586481283942881
10,27.854728379152114,1.4931943932492884e-11,8.040967463953692
12,21.97291226555351,1.9435969385705335e-10,6.343033405698675
15,26.46051042368475,2.606708754475573e-11,7.638491408004644
18,22.697840333478084,1.3697150288883862e-10,6.552302113278358
