mm,mmd_rff_t_stat,mmd_rff_p_value,mmd_rff_paired_cohens_d
5,-40.00433789965329,2.889114285997749e-13,-11.548257627558787
8,-19.475935632221603,7.104345695689977e-10,-5.622218339991484
10,-9.262881046878125,1.5801736106426978e-06,-2.673963432943284
12,-7.317467231228425,1.5090872846198686e-05,-2.1123708378679984
15,-11.39061148250276,1.9839211464213722e-07,-3.2881863028287053
18,-5.682470355716757,0.00014182094102276093,-1.6403878947675692
