mm,var_rmse_t_stat,var_rmse_p_value,var_rmse_paired_cohens_d
5,-4.855693890364217,0.000506136406554433,-1.401718087352101
8,-0.924887778300716,0.3748689297122544,-0.26699210388605665
10,-0.9107004751823887,0.38197636070467267,-0.2628965822488361
12,-0.5581675319101641,0.5879105466043756,-0.16112908740062115
15,1.5304914295280694,0.15413163532528928,0.44181481941522305
18,0.28195479595323336,0.7832122159119006,0.08139333867145265
