mm,mean_rmse_t_stat,mean_rmse_p_value,mean_rmse_paired_cohens_d
5,21.838848704057465,2.0760508297748433e-10,6.304332589039544
8,35.30027752329166,1.1326828297074313e-12,10.190312365270469
10,21.103552676150976,3.001453627791631e-10,6.0920709092166065
12,33.25400263702633,2.1723915432059236e-12,9.59960368705984
15,33.96767648215171,1.7234563505474245e-12,9.805623580358205
18,25.795659542185383,3.4346277450501476e-11,7.446565490302335
