{
    "sampler": "Metro",
    "value": [
        5.0,
        5.0
    ],
    "means_array": [
        [
            0.0,
            0.0
        ],
        [
            10.0,
            0.0
        ],
        [
            5.0,
            5.0
        ]
    ],
    "case": "Warmup Samples",
    "dim": 2,
    "samples": [
        [
            9.516597563512253,
            -6.63735880611886
        ],
        [
            -9.389031145216194,
            -1.964045414260538
        ],
        [
            12.24473097113634,
            14.247507585763584
        ],
        [
            -0.8874937348898428,
            -8.55661146572142
        ]
    ]
}