mm,var_rmse_t_stat,var_rmse_p_value,var_rmse_paired_cohens_d
5,-1.1134481133821184,0.28925515044002914,-0.3214247839949235
8,0.9352862997919948,0.3697191234354448,0.2699938984771386
10,0.7626667679888565,0.4617041452563304,0.22016293190017408
12,-1.2142363914608425,0.2500820799779743,-0.35051985373487865
15,0.9510056226155461,0.3620298291912595,0.2745316761089666
18,0.9776250549592722,0.34927080195454063,0.2822160443236293
