mm,ws_t_stat,ws_p_value,ws_paired_cohens_d
5,-0.8926987138913857,0.3911296914144854,-0.25769992138521214
8,0.767257672867192,0.4590803880152896,0.22148821198383958
10,-0.5877598052446863,0.5685631685654882,-0.16967164088843084
12,-2.1318339522566223,0.05639969371899697,-0.6154074531014724
15,-2.0892216798512053,0.060722350332893374,-0.6031063496294478
18,-1.2765438976484953,0.2280548736771727,-0.3685064814698664
