mm,mean_rmse_t_stat,mean_rmse_p_value,mean_rmse_paired_cohens_d
5,-1.150491766419354,0.2743379825054265,-0.33211836552133106
8,-1.1583480664098036,0.27125257865738067,-0.3343862839784913
10,1.6393726502739752,0.12939288683106848,0.4732461204688949
12,-1.6479432370094311,0.12760301460993076,-0.4757202357483092
15,-1.4792064582555025,0.1671432185308871,-0.42701012343042366
18,1.0688580775233092,0.30802826902338515,0.3085527493917942
