mm,mmd_rff_t_stat,mmd_rff_p_value,mmd_rff_paired_cohens_d
5,0.2432830617355707,0.8122633586727309,0.07022977059115405
8,-2.1349701278471733,0.056093340508554815,-0.6163127890121877
10,-0.5080473849763468,0.6214530038996753,-0.14666064723858965
12,-1.9217348663079878,0.0809141949222062,-0.5547570711870031
15,-2.146942152629153,0.05493831704990011,-0.6197688148774981
18,0.8949028936277381,0.39000082739693465,0.25833621326727485
