mm,ws_t_stat,ws_p_value,ws_paired_cohens_d
5,0.8375237318273511,0.4201230952357635,0.24177227601161055
8,-0.3671392099508965,0.7204804620161704,-0.10598396084760832
10,-0.14042390033279079,0.890863445572788,-0.04053688832889697
12,-2.195748016717067,0.05045939479520973,-0.6338578542620927
15,-1.8928084608670248,0.08497797438806694,-0.546406737202989
18,1.0678095374192322,0.3084805676303388,0.30825006193612176
