mm,mmd_rff_t_stat,mmd_rff_p_value,mmd_rff_paired_cohens_d
5,1.185710084428033,0.26071823955165807,0.3422850182126894
8,-1.0717653931905395,0.3067767866574757,-0.3093920191333416
10,0.28674616492619986,0.7796357108660541,0.08277648775461717
12,-1.546986875896347,0.1501371003074055,-0.4465766446157871
15,0.7455587398453478,0.47156542636056153,0.21522426957319488
18,2.0367120999812647,0.06647908763485194,0.5879481395929756
