mm,mean_rmse_t_stat,mean_rmse_p_value,mean_rmse_paired_cohens_d
5,-0.4199485013255761,0.6826085482077229,-0.12122869014305064
8,0.9385274383276404,0.3681242652591298,0.27092953458015656
10,-0.3431352346845232,0.7379648327258412,-0.09905461005677746
12,-1.648756631279807,0.12743429145844307,-0.47595504244878856
15,-2.017356849608472,0.06872742522919892,-0.5823607600864934
18,-1.3539177735621721,0.20292503474742798,-0.39084239551336947
