mm,var_rmse_t_stat,var_rmse_p_value,var_rmse_paired_cohens_d
5,0.41968154429638654,0.6827978284425256,0.12115162628671831
8,0.9705387901569288,0.3526351682456115,0.2801704158780383
10,0.6912614813235528,0.5037287536696742,0.19955000116128635
12,-1.084373359212288,0.3013940236862482,-0.3130316254216366
15,0.8813331870209756,0.39698640297215027,0.25441897638615557
18,1.3688142655886384,0.19836008781059206,0.3951426423541002
