mm,ws_t_stat,ws_p_value,ws_paired_cohens_d
5,-3.8458049748060916,0.002719125002169332,-1.1101882687275495
8,-0.7244841299179889,0.4838937265105757,-0.20914055371588136
10,0.3747814334383696,0.7149481623509435,0.10819008074145826
12,-0.6412416583179997,0.5344980420185752,-0.1851105220227496
15,-1.2826477691955467,0.22598422730429357,-0.37026851741026096
18,-1.1166355913975694,0.2879474997957304,-0.32234492964005185
