mm,ws_t_stat,ws_p_value,ws_paired_cohens_d
5,-2.821711353440415,0.01661672306921527,-0.8145579047421234
8,-0.9945597184130303,0.3413250678734563,-0.28710466057546075
10,1.3158566431887644,0.2149855830456591,0.37985509357999525
12,0.828097860253153,0.42521730677569725,0.2390512612662555
15,0.6484685786987684,0.5299862893981255,0.187196754236374
18,0.12451245931672233,0.9031557774490406,0.035943650951985984
