mm,ws_t_stat,ws_p_value,ws_paired_cohens_d
5,2.5722541133913364,0.025945977919664662,0.7425458023953051
8,-1.186410438369842,0.26045289448053843,-0.3424871929811051
10,0.7015810855196333,0.4975155593497974,0.20252901429155507
12,-1.63759043112523,0.12976786303855145,-0.47273163811625346
15,0.8142287969649754,0.43278735419478587,0.23504760755483686
18,1.9374726627127814,0.07877943504664768,0.5593001816823827
