{
    "run_id": 1,
    "case": "unimodal",
    "dim": 30,
    "low": [
        -29.505671854873235,
        -30.059249687687817,
        -30.516347315211313,
        -30.22266767246979,
        -30.416951292180663,
        -29.298428299644907,
        -30.19924106085739,
        -29.62950909192334,
        -29.897630252124564,
        -30.101125640172008,
        -30.757254474763158,
        -29.919672633883422,
        -30.229934163304026,
        -29.97977243561746,
        -31.237815271201676,
        -29.17364614576342,
        -29.985179494395815,
        -29.885062836159612,
        -30.83144939191114,
        -30.211174269563,
        -29.83617993862173,
        -29.362184979955885,
        -29.494371882872784,
        -29.291782184715352,
        -29.430531999035907,
        -29.741391686619394,
        -30.014810783428597,
        -29.960396436539668,
        -30.294571269891904,
        -29.508256306962924
    ],
    "high": [
        30.494328145126765,
        29.940750312312183,
        29.483652684788687,
        29.77733232753021,
        29.583048707819337,
        30.701571700355093,
        29.80075893914261,
        30.37049090807666,
        30.102369747875436,
        29.898874359827992,
        29.242745525236842,
        30.080327366116578,
        29.770065836695974,
        30.02022756438254,
        28.762184728798324,
        30.82635385423658,
        30.014820505604185,
        30.114937163840388,
        29.16855060808886,
        29.788825730437,
        30.16382006137827,
        30.637815020044115,
        30.505628117127216,
        30.708217815284648,
        30.569468000964093,
        30.258608313380606,
        29.985189216571403,
        30.039603563460332,
        29.705428730108096,
        30.491743693037076
    ],
    "means_array": [
        [
            0.0,
            0.0,
            0.0,
            0.0,
            0.0,
            0.0,
            0.0,
            0.0,
            0.0,
            0.0,
            0.0,
            0.0,
            0.0,
            0.0,
            0.0,
            0.0,
            0.0,
            0.0,
            0.0,
            0.0,
            0.0,
            0.0,
            0.0,
            0.0,
            0.0,
            0.0,
            0.0,
            0.0,
            0.0,
            0.0
        ]
    ],
    "samples": [
        {
            "posterior": [
                28.965116369422475,
                22.54980238810225,
                -23.679619994734836,
                20.1492963459026,
                17.98326908568083,
                26.503228698128776,
                24.886327452521208,
                16.814459305030255,
                12.042789938861226,
                -5.94246583254197,
                -25.644604913874417,
                -3.1477238597215766,
                -19.501359851011898,
                5.990588964073073,
                -12.004590963054564,
                -26.598585489150338,
                -12.701340281078021,
                -4.8024831832335515,
                -27.690721762987952,
                7.743875375041615,
                -17.05127349090147,
                -10.461476870621524,
                1.5894419697419373,
                -4.594766413991234,
                9.837078204702266,
                -23.616603102199292,
                1.637282602171652,
                29.420438544890345,
                21.316189437676954,
                24.116246040339487
            ]
        },
        {
            "posterior": [
                17.931644583052787,
                1.5682134280441211,
                12.507090577013528,
                2.417884396230207,
                13.232425509879228,
                22.10375625001028,
                -14.563110668150468,
                -20.08539855913915,
                21.052167971421675,
                15.223079960306073,
                -22.178001686715003,
                -13.820321701869368,
                11.596244663263374,
                -16.552560470682174,
                8.41258697158392,
                6.421770477413851,
                4.848976178324612,
                6.637331446260212,
                -22.59500042649511,
                -11.43606499715576,
                25.507092753820334,
                -26.96036494282999,
                30.05759774215639,
                -19.151986280094633,
                -4.514363188026987,
                10.043764563177,
                20.75586031593959,
                -20.697343770678856,
                18.30058873654582,
                -11.861168592388314
            ]
        },
        {
            "posterior": [
                -0.7814078117100216,
                -28.635162968539397,
                18.518393758701777,
                -18.488844600476888,
                -26.20833365439799,
                2.949022811911579,
                15.643219440797267,
                -8.67632300251936,
                -7.30195366546058,
                16.567250332396227,
                -0.027221571004972134,
                17.29042606467933,
                -0.16951169957670587,
                -10.113905309273854,
                -11.63770616313716,
                29.68426253340236,
                18.410625589417656,
                -22.766238757407727,
                -14.695173238209271,
                -19.30737985289303,
                -1.1167412227503846,
                3.023868784141456,
                -7.522839958795949,
                -24.289207372685887,
                -1.8883314147621242,
                -1.7467007211656593,
                9.975288223090967,
                22.769624309650453,
                14.01117536399736,
                -25.123299573542262
            ]
        },
        {
            "posterior": [
                10.423305670819929,
                7.867944356833526,
                -26.570265034126436,
                -18.484849060173595,
                28.01585162086601,
                2.3393365551361356,
                17.379260373059132,
                -23.984522670050872,
                -21.131641282021526,
                -11.790742464590675,
                15.539138961272606,
                0.15549332287296735,
                1.5693308126999668,
                -27.84312777144132,
                -12.061581583569811,
                13.515675405816516,
                5.156888288174848,
                28.339268698096248,
                -14.660234127824904,
                11.275129028184313,
                -3.5471972334255177,
                13.085109004578896,
                -24.49102096376166,
                23.017687227289827,
                10.199862670534351,
                -13.127134636793482,
                18.96771783922043,
                -3.827837120504981,
                14.009627463609213,
                -24.46146434744112
            ]
        }
    ]
}