run_id,alpha,sampler,wasserstein_distance,mmd_rff,r_hat,ess,runtime
28,0,SMC,0.08990817800362232,0.059073360139150606,1.0366281746834416,121.16180660899408,1.497265100479126
28,2,SMC,0.05807166286036004,0.031042941510561032,1.029432336806149,74.88855847386215,0.758535623550415
28,4,SMC,0.055793404590647536,0.02160064071129898,1.0444713792865583,58.535445100180084,1.5206525325775146
28,6,SMC,0.04845254922270882,0.005566858321459677,1.0568942167467885,52.84877491094081,0.774083137512207
28,8,SMC,0.05680382025322238,0.028853190136300017,1.0754947403440152,41.50579504462727,1.5359573364257812
28,10,SMC,0.0471572779154671,0.014032548754828109,1.0847537419583841,49.166288937425385,0.7708714008331299
28,80,SMC,0.05476561735636748,0.02436521691784213,1.100111613151291,34.723196917199786,0.8071951866149902
28,100,SMC,0.05668597251948984,0.022364291266898234,1.0824111038299025,38.87089741794954,0.7843105792999268
