{
    "sampler": "DEMetro_Z",
    "value": [
        4.618802,
        0.0
    ],
    "means_array": [
        [
            4.618802,
            0.0
        ],
        [
            -2.309401,
            4.0
        ],
        [
            -2.309401,
            -4.0
        ]
    ],
    "case": "Posterior Samples",
    "dim": 2,
    "samples": [
        [
            -3.1185736147756544,
            -4.958202387630974
        ],
        [
            -2.2900694766746716,
            3.643252519382294
        ],
        [
            -2.8512856040183046,
            5.798881985515284
        ],
        [
            3.7302779872855827,
            0.9772034930288718
        ]
    ]
}