nu,sampler,wasserstein_distance,swd_zscore,r_hat,ess,runtime
1,Metro,15.05644225604961,1.0518590030620698,1.0372600644952181,144.0094237799379,2.5791656970977783
2,Metro,1.2299443269398225,15.591054846946447,1.0247664521289528,128.2851640521721,2.172302007675171
5,Metro,0.4068657435339132,6.271969539256834,1.0191404466241996,128.954149334607,3.1500778198242188
10,Metro,0.11096628807271354,-0.25201416420882033,1.0079795690326565,144.76104949263868,2.3673741817474365
