mu,sampler,wasserstein_distance,r_hat,ess,runtime
"(-10, 10)",DEMetro,0.033818767465112795,1.0063810166337215,1413.3746912036345,2.7591774463653564
"(0, 0)",DEMetro,0.02458423128387999,1.0082117117812275,1227.383768473773,2.8245673179626465
"(20, -20)",DEMetro,0.04947271222446816,1.007906756980209,1233.271608005557,2.946869373321533
"(50, -50)",DEMetro,0.023501902694758242,1.0072348341582276,1285.5149296605443,2.94718074798584
