num_samples,sampler,wasserstein_distance,r_hat,ess,chain_seeds
100,Metro,0.39021200267349127,1.797772768980441,8.656122785721527,"[132275, 521918, 162490, 314749]"
200,Metro,0.2723046630255849,1.7793648693789437,6.805536921800455,"[132275, 521918, 162490, 314749]"
300,Metro,0.17136621044478695,1.447945031838267,8.59219604064251,"[132275, 521918, 162490, 314749]"
