{
    "sampler": "Metro",
    "value": 5,
    "means_array": [
        [
            10,
            10,
            10,
            10,
            10
        ]
    ],
    "case": "Warmup Samples",
    "dim": 5,
    "samples": [
        [
            -14.390422713731226,
            -67.41653425152823,
            -56.20437049379974,
            -5.557776897327502,
            -30.715440808891266
        ],
        [
            90.84801602314731,
            10.73592964709745,
            -36.89624995438149,
            -22.759954140933573,
            93.47420361000317
        ],
        [
            92.3112938748596,
            -75.58676665611786,
            -25.754295846649242,
            20.336929449905938,
            -86.90644332940265
        ],
        [
            100.51372876295099,
            -1.9288659658497664,
            14.378352716226445,
            24.46166446872226,
            -43.08176644613616
        ]
    ]
}