{
    "run_id": 1,
    "case": "multimodal",
    "dim": 2,
    "means_array": [
        [
            -1.2489996118654334,
            0.0
        ],
        [
            1.2489996118654334,
            0.0
        ]
    ],
    "min_mode": [
        -1.2489996118654334,
        0.0
    ],
    "max_mode": [
        1.2489996118654334,
        0.0
    ],
    "border": [
        20.0,
        20.0
    ],
    "low": [
        -30.132983147835454,
        -30.13199107915961
    ],
    "high": [
        29.867016852164546,
        29.86800892084039
    ],
    "samples": [
        {
            "posterior": [
                -3.119396820797256,
                -0.21165169953162177
            ]
        }
    ]
}