{
    "sampler": "HMC",
    "value": 5,
    "means_array": [
        [
            0.0,
            0.0
        ],
        [
            1.4059024451335425,
            -4.798274514319448
        ]
    ],
    "case": "Posterior Samples",
    "dim": 2,
    "samples": [
        [
            3.4361252526235164,
            -5.650930981489415
        ],
        [
            0.8716602968438434,
            -0.8104102954582993
        ],
        [
            0.7093480935608311,
            -5.794130531595139
        ],
        [
            1.3681004066775684,
            -3.8148954818562664
        ]
    ]
}