dimension,mean_rmse_t_stat,mean_rmse_p_value,mean_rmse_paired_cohens_d
2,-1.8272211394127935,0.09489687087163104,-0.5274733083544756
5,-4.924063360081765,0.0004539227659869728,-1.42145465322499
8,-8.10324146408309,5.7812340970566345e-06,-2.339204320298455
12,-9.927708726202445,7.948515778772196e-07,-2.865882652754589
15,-9.783471001614032,9.196648065466161e-07,-2.8242448081953797
30,-14.752600590956092,1.357530074095588e-08,-4.258708961217766
