dimension,ws_t_stat,ws_p_value,ws_paired_cohens_d
2,-3.6903315440955713,0.0035610976738881138,-1.0653069551912728
5,-5.030771228243441,0.0003834888498041934,-1.4522585614288874
8,-9.114692552443607,1.8515732501340895e-06,-2.631185099366997
12,-11.074238394983887,2.643117957572985e-07,-3.196857259207018
15,-10.177648405475475,6.198416712892923e-07,-2.938034023309316
30,-14.805854924366571,1.3070666864410117e-08,-4.274082163082793
