dimension,mmd_rff_t_stat,mmd_rff_p_value,mmd_rff_paired_cohens_d
2,-2.098298864557833,0.05977609841537422,-0.6057267071463756
5,-10.562488249322126,4.267610222121557e-07,-3.049127717029194
8,-28.323223801118075,1.2457951705820233e-11,-8.176210442946768
12,-48.07228259285094,3.870204784342619e-14,-13.877272647771127
15,-74.3103315762927,3.2592493306810664e-16,-21.45154496957147
30,-89.00059421120329,4.494328891300291e-17,-25.692258512937435
