dimension,ws_t_stat,ws_p_value,ws_paired_cohens_d
2,4.3581163460346986,0.0011398643026627226,1.2580798227714207
5,5.064499939227727,0.00036370696183972683,1.461995201611986
8,9.116189779624452,1.8485917752794208e-06,2.6316173116249466
12,11.080344043538425,2.6283520880139605e-07,3.198619808125288
15,10.179761476095099,6.185530998285617e-07,2.938644014254844
30,14.799065477063907,1.3133854089996369e-08,4.272122218468873
