dimension,mean_rmse_t_stat,mean_rmse_p_value,mean_rmse_paired_cohens_d
2,1.2548907759714103,0.2355248791908452,0.36225576365533607
5,3.118732413090094,0.009772058830754268,0.9003004991139886
8,5.90829960457565,0.00010188451582956765,1.7055791835773557
12,6.7960788682965445,2.9692332862971886e-05,1.9618589820224688
15,5.714502915511456,0.00013526286047169743,1.6496348982777205
30,8.286686592635554,4.666542737371968e-06,2.3921603674741
