{
    "sampler": "HMC",
    "value": 12,
    "means_array": [
        [
            0.0,
            0.0,
            0.0,
            0.0,
            0.0,
            0.0,
            0.0,
            0.0,
            0.0,
            0.0,
            0.0,
            0.0
        ]
    ],
    "case": "Warmup Samples",
    "dim": 12,
    "samples": [
        [
            4.493270711648823,
            -14.614148257058755,
            12.075729321381523,
            3.4007801982726504,
            22.469156899163675,
            -0.9503947169429239,
            10.54560457206163,
            -14.43025153653773,
            -8.609556863406176,
            -25.31733155000713,
            -5.873172374425406,
            15.556780105991692
        ],
        [
            19.660917674195737,
            3.983645055786153,
            -26.35744302398782,
            12.372498584939715,
            -16.40596321311045,
            -22.230492210058678,
            -11.383635446205213,
            -17.323113990722515,
            -19.755924213690164,
            -4.707739552947864,
            -25.656110067257604,
            1.6445862929072934
        ],
        [
            28.33507036555996,
            -1.4083301233088257,
            -17.201400625108086,
            23.17415609978012,
            -5.32909514044188,
            -27.063741435377192,
            0.319802294065547,
            -23.160105584668404,
            -22.42619323977737,
            -0.21095717427935962,
            -19.191899148340088,
            15.42471820768279
        ],
        [
            -11.793020387273575,
            21.405267528689134,
            2.2364191133674924,
            4.822940366228457,
            -18.81980151673544,
            11.874900721196635,
            -23.66044868157269,
            -17.451759035655407,
            23.516095724945888,
            -15.063891088109251,
            -25.00639678651849,
            -4.956085230833937
        ]
    ]
}