{
    "sampler": "Metro",
    "value": 30,
    "means_array": [
        [
            0.0,
            0.0,
            0.0,
            0.0,
            0.0,
            0.0,
            0.0,
            0.0,
            0.0,
            0.0,
            0.0,
            0.0,
            0.0,
            0.0,
            0.0,
            0.0,
            0.0,
            0.0,
            0.0,
            0.0,
            0.0,
            0.0,
            0.0,
            0.0,
            0.0,
            0.0,
            0.0,
            0.0,
            0.0,
            0.0
        ]
    ],
    "case": "Posterior Samples",
    "dim": 30,
    "samples": [
        [
            -20.23452369108976,
            -23.39738746155019,
            -21.711836611513874,
            -24.721170408906463,
            -20.407006102959823,
            -18.521451545258028,
            -18.444643001583053,
            -22.837595980324274,
            -22.345753780247218,
            -21.814984811538295,
            -23.86795149578828,
            -21.636391640713395,
            -20.175988045031257,
            -19.512022018973564,
            -21.295413927346505,
            -24.80642234597222,
            -24.33627702870711,
            -25.22370121411122,
            -21.33495443671817,
            -18.354462092093062,
            -23.13272899836677,
            -22.17615956672116,
            -16.695035666512233,
            -21.661865946647197,
            -27.01827847713445,
            -20.869987390512918,
            -21.179867941087746,
            -24.43631377573104,
            -22.647812279275,
            -22.217079637559053
        ],
        [
            11.334920377196763,
            6.454574715860998,
            5.9940859197070635,
            6.777922949846103,
            7.757408259426969,
            7.245687843264976,
            10.38332972136311,
            8.830553842504754,
            6.606090285350415,
            11.475700850862793,
            1.8516875683614806,
            8.514145219401026,
            12.591370621899372,
            8.890918613655971,
            6.178894143075912,
            8.46344819611603,
            9.83309408039173,
            8.330497506486052,
            11.125358047521189,
            6.240530209507327,
            6.632398009875296,
            12.567214417613847,
            6.479187033430871,
            8.898094528012454,
            7.711061645414211,
            11.585196519402189,
            7.068513917696668,
            8.779617290217981,
            12.094629149712636,
            8.326412728249213
        ],
        [
            -5.5279376440276184,
            -0.7170895331691698,
            -3.8498553334564773,
            -3.7657942094301866,
            1.46467390305602,
            -4.8007152778245965,
            -2.3969247885611953,
            1.1970825540236243,
            -1.0337531174791037,
            -4.711716690843096,
            -0.6231973729113461,
            -0.6754356800206012,
            -0.5222667918377595,
            -6.0852183851339205,
            -0.695806842387503,
            1.0343058662598459,
            -0.828807849773149,
            -0.23333843191142312,
            -5.283802766381466,
            0.0499896874901582,
            -9.115910399843656,
            -3.874497347296625,
            -3.416462956753996,
            -1.6489424630898668,
            -1.2303338826232455,
            -2.2049566981704762,
            -7.743152913400387,
            -0.6791994835536741,
            -5.4509890339770255,
            -7.194008134138762
        ],
        [
            -3.7930807803893116,
            -3.675288216122078,
            -3.0356611341815967,
            -4.350921012783369,
            -4.338777367881946,
            -4.266772807373665,
            -4.479472000574715,
            -3.4000400912649953,
            -3.2300032296044323,
            -4.085822524879877,
            -3.869997180672545,
            -4.275871828600033,
            -3.288653925834401,
            -2.7358957665955588,
            -4.006963191942645,
            -2.222986899969278,
            -3.077101150192921,
            -4.580830988843432,
            -3.8078514541434334,
            -3.048802897777397,
            -3.8382112291335146,
            -3.8534312166910274,
            -4.39108206214395,
            -3.1206905096992337,
            -3.9231063983899297,
            -4.401081176345437,
            -3.5121615571897937,
            -3.552428002769456,
            -4.317379840356063,
            -4.354098352522142
        ]
    ]
}