run_id,mu,sampler,wasserstein_distance,mmd_rff,swd_zscore,r_hat,ess,runtime
18,"(10, 10, 10, 10, 10, 20, 20, 20, 20, 20, 30, 30, 30, 30, 30, 40, 40, 40, 40, 40)",Metro,0.028200256847203307,0.018487311263666244,2.2641929417592217,1.0092039630089862,1079.613780954626,3.841549873352051
