{
    "sampler": "DEMetro_Z",
    "value": 5,
    "means_array": [
        [
            0.0,
            0.0
        ]
    ],
    "case": "Warmup Samples",
    "dim": 2,
    "samples": [
        [
            98.21157919810719,
            -67.73622942121057
        ],
        [
            6.034378586478997,
            91.99196578148731
        ],
        [
            -93.48836588630756,
            45.1265323027708
        ],
        [
            -37.04590718155786,
            -39.36174443192709
        ]
    ]
}