correlation,ws_t_stat,ws_p_value,ws_paired_cohens_d
0.0,0.8165568436711245,0.4315104668780345,0.23571965675107745
0.3,0.2996373525624048,0.7700397346936861,0.08649785308058562
0.5,2.5278948038140108,0.028078382424364477,0.7297403727325377
0.9,1.5460917962302814,0.15035152283876757,0.4463182573727125
0.95,3.4726094121694633,0.005215927119333952,1.0024559894532339
0.99,1.9567751514447882,0.07623242771452542,0.5648723302151096
