correlation,var_rmse_t_stat,var_rmse_p_value,var_rmse_paired_cohens_d
0.0,-0.7016071474488147,0.49749992718817704,-0.20253653772246932
0.3,0.8327028261557131,0.4227234264079951,0.24038060041798157
0.5,-0.3187602168694172,0.7558791791207878,-0.09201814850825075
0.9,0.2332911861808414,0.8198197130271585,0.06734536457053795
0.95,4.911296645961922,0.00046322285701809896,1.4177692203081111
0.99,2.55807778257555,0.026609551569095852,0.7384534481889975
