correlation,mean_rmse_t_stat,mean_rmse_p_value,mean_rmse_paired_cohens_d
0.0,3.4527302059716534,0.005401972427039022,0.9967173569284431
0.3,3.6920140420804146,0.0035506706024077614,1.065792650523503
0.5,3.72895354848273,0.003329514712240343,1.0764561675060573
0.9,1.8886602183528964,0.08557593805522452,0.5452092427368911
0.95,3.3724067746424398,0.006225653921204591,0.9735299795783652
0.99,6.480619099554445,4.546851834444676e-05,1.8707935908215945
