correlation,ws_t_stat,ws_p_value,ws_paired_cohens_d
0.0,-4.822951879214741,0.0005333514699333201,-1.392266282876621
0.3,-4.132077300204598,0.0016662450395462925,-1.1928279707927334
0.5,-1.6323735791875122,0.13087101164448908,-0.47122566268097155
0.9,-2.785849114402251,0.017717589530224245,-0.8042053680609101
0.95,-6.102980501048098,7.704608228531204e-05,-1.7617787175695783
0.99,-6.167449889316571,7.031681852993248e-05,-1.780389426905225
