correlation,ws_t_stat,ws_p_value,ws_paired_cohens_d
0.0,-4.404788201205164,0.0010547848639395447,-1.2715528268445444
0.3,-4.402010345966188,0.0010596575852237324,-1.2707509291095482
0.5,-3.8194880216431444,0.0028456611349435604,-1.1025912187311104
0.9,-1.778826995597312,0.10288154882566145,-0.5135031223749407
0.95,-1.981073468182715,0.07313497148610285,-0.5718866500698581
0.99,-2.9655737226921075,0.01284661724894377,-0.8560873935489844
