correlation,var_rmse_t_stat,var_rmse_p_value,var_rmse_paired_cohens_d
0.0,2.1398718674362502,0.055617678473881584,0.6177277993478132
0.3,4.428135167070675,0.0010147477280119093,1.2782925153581512
0.5,4.813121554105733,0.0005418204101246681,1.3894285124526673
0.9,1.966147476591893,0.07502350155182495,0.5675778874384164
0.95,4.444440573085834,0.000987733124487629,1.2829994806342004
0.99,3.1561305628423817,0.009141754540741225,0.9110964150273271
