correlation,mmd_rff_t_stat,mmd_rff_p_value,mmd_rff_paired_cohens_d
0.0,-3.4340606209089533,0.005582890742448219,-0.9913279119476388
0.3,-3.314023557020112,0.006904079715754795,-0.9566761963731614
0.5,-3.3335495835378604,0.006669163549270876,-0.9623128747062744
0.9,-1.6490798560288265,0.12736729957080345,-0.47604834939671614
0.95,-1.9232967196625206,0.0806999685577129,-0.5552079394143402
0.99,-2.8784295037680683,0.015013406323149386,-0.8309310244219276
