correlation,mean_rmse_t_stat,mean_rmse_p_value,mean_rmse_paired_cohens_d
0.0,-4.537435346173093,0.0008474239997586035,-1.3098447592717792
0.3,-2.726193691450698,0.01971200923725454,-0.78698433081106
0.5,0.6636033215416328,0.5206096425038238,0.19156577816359577
0.9,-2.2437589176042754,0.04639468092995413,-0.6477174075377259
0.95,-6.16767064862506,7.029488445382042e-05,-1.780453154628316
0.99,-4.253934393785574,0.001356747734684595,-1.2280050836835543
