correlation,ws_t_stat,ws_p_value,ws_paired_cohens_d
0.0,5.386491572156824,0.00022115787884435472,1.5549461795861963
0.3,4.474170335753136,0.0009404004839862223,1.2915817238736558
0.5,6.753934403568663,3.14084355922978e-05,1.949692922994721
0.9,2.7772434804577757,0.017992395375135885,0.801721135523715
0.95,6.409430826848607,5.01480267442059e-05,1.8502433066166646
0.99,10.562737304038558,4.266595248595034e-07,3.049199612932982
