mu,mmd_rff_t_stat,mmd_rff_p_value,mmd_rff_paired_cohens_d
"(-8, 0)",3.770830983642847,0.0007425795915727699,0.6884563967601938
