mu,ws_t_stat,ws_p_value,ws_paired_cohens_d
"(-8, 0)",-1.0751897951533607,0.2911542262834975,-0.19630190146828477
