mu,mmd_rff_t_stat,mmd_rff_p_value,mmd_rff_paired_cohens_d
"(-8, 0)",-0.9312167035300561,0.3594294851486869,-0.17001613148300412
