mu,ws_t_stat,ws_p_value,ws_paired_cohens_d
"(-8, 0)",6.456979150182121,4.58379031348281e-07,1.1788777112984286
