{
    "sampler": "HMC",
    "value": 4,
    "means_array": [
        [
            -0.4548450968279714,
            0.0,
            0.0,
            0.0,
            0.0,
            0.0,
            0.0,
            0.0,
            0.0,
            0.0,
            0.0,
            0.0,
            0.0,
            0.0,
            0.0,
            0.0,
            0.0,
            0.0,
            0.0,
            0.0,
            0.0,
            0.0,
            0.0,
            0.0,
            0.0,
            0.0,
            0.0,
            0.0,
            0.0,
            0.0
        ],
        [
            0.4548450968279714,
            0.0,
            0.0,
            0.0,
            0.0,
            0.0,
            0.0,
            0.0,
            0.0,
            0.0,
            0.0,
            0.0,
            0.0,
            0.0,
            0.0,
            0.0,
            0.0,
            0.0,
            0.0,
            0.0,
            0.0,
            0.0,
            0.0,
            0.0,
            0.0,
            0.0,
            0.0,
            0.0,
            0.0,
            0.0
        ]
    ],
    "case": "Warmup Samples",
    "dim": 30,
    "samples": [
        [
            -10.753854843035823,
            3.5038759329477918,
            8.826658736217713,
            16.37970297356219,
            3.4334691358123637,
            -5.399056540495497,
            16.099327782568952,
            -1.6063860678992061,
            14.048870412362406,
            17.81138575810265,
            17.374530081655465,
            17.541395702837313,
            7.275198904804969,
            15.168629164618045,
            7.710139470311021,
            -10.938567641761795,
            8.234789808847996,
            -13.57794174928056,
            -6.4275446176636475,
            14.085760748625768,
            1.8861513282806506,
            11.630963159438195,
            4.922591973575008,
            12.280713543698324,
            -9.804046547982821,
            -11.024624484466278,
            -10.150005047460343,
            -12.96334972029783,
            6.533715437797668,
            -15.632628477773055
        ],
        [
            -6.775867206603218,
            -0.17617359448423778,
            -3.450976252119578,
            -1.9673512564556015,
            -5.994166632463256,
            -5.956424609239445,
            -4.047182533898935,
            -2.3301164667479077,
            -5.837761364659077,
            -4.362205674024159,
            -3.4482730669170425,
            -2.3109705651818224,
            -4.930245966981195,
            -5.511982091537377,
            -2.889829111706613,
            -3.7235177019527512,
            -5.659178014359688,
            -6.368370624201177,
            -3.8901700423649928,
            -6.056118108437556,
            -0.8412444542721266,
            -5.349676431026752,
            -3.304737070639852,
            -4.940680314410246,
            0.09721090708308762,
            0.23429761203413543,
            -1.8023038106584535,
            -4.673539787131246,
            -2.40955184531779,
            -0.15894784500764764
        ],
        [
            -17.163772684484297,
            -15.612956125793062,
            -5.095558017928594,
            -14.934367327451197,
            -9.034481759481626,
            11.251550054592848,
            9.976991597673083,
            10.821034207031227,
            -17.517189275147803,
            -17.298148240401844,
            0.4254539890608569,
            -7.801995166505801,
            -7.286073761939143,
            -7.7576038682240895,
            -12.590759217585243,
            -2.5863969532559072,
            -13.598363453469293,
            -0.8554684041616682,
            9.6758236262666,
            -10.859396555085672,
            5.023679960633613,
            7.559665745214684,
            1.2977830718342451,
            -18.434073385997344,
            -13.037787423329092,
            4.7946356223208575,
            -8.98763219463189,
            -11.340955586259346,
            3.3038154033201192,
            14.563079595487523
        ],
        [
            -3.109973343535546,
            -3.5143390517409756,
            1.2415142077492627,
            1.6190420995349364,
            2.482320126356167,
            0.73590128372011,
            1.4821947187801991,
            -1.1552028748941507,
            -2.299853071673822,
            -1.5515398168081125,
            3.094854814502096,
            -2.9904541264917994,
            -1.0374791965327645,
            -1.7594829451184337,
            2.023842212638614,
            3.4569568088005447,
            0.9399882460518525,
            1.7417892933043853,
            -1.9310267262387528,
            0.8340069035119786,
            -2.342596460358513,
            1.21578215733502,
            1.2103790218075927,
            -1.477582376846406,
            -0.8150565292144205,
            -0.02904542729890124,
            -4.0085327521373255,
            -0.8404012294806363,
            3.5661980345048145,
            1.346799197505708
        ]
    ]
}