{
    "sampler": "DEMetro_Z",
    "value": 15,
    "means_array": [
        [
            -4.000000002,
            0.0,
            0.0,
            0.0,
            0.0,
            0.0,
            0.0,
            0.0,
            0.0,
            0.0,
            0.0,
            0.0,
            0.0,
            0.0,
            0.0
        ],
        [
            4.000000002,
            0.0,
            0.0,
            0.0,
            0.0,
            0.0,
            0.0,
            0.0,
            0.0,
            0.0,
            0.0,
            0.0,
            0.0,
            0.0,
            0.0
        ]
    ],
    "case": "Warmup Samples",
    "dim": 15,
    "samples": [
        [
            46.24177862189952,
            112.43394203027457,
            -14.946045021908741,
            114.40203837830306,
            -106.9140299066564,
            -213.8333651151672,
            2.920925944831497,
            -35.84204167946046,
            -90.90874568218895,
            18.767651722283723,
            69.78066363083043,
            -24.153151212408204,
            85.71333280859345,
            97.96450975340422,
            13.19616882918372
        ],
        [
            50.48738963117604,
            -109.85212125092174,
            109.16885311406782,
            -119.67545470703078,
            108.99030302110788,
            -116.53384921677075,
            -63.74816945550368,
            103.24040078714549,
            -119.16579063460422,
            34.13648169999036,
            -36.45123357870475,
            -167.92541912406875,
            15.68032811368295,
            59.874620693712934,
            104.73205236813233
        ],
        [
            41.2710095342713,
            -155.16558808974304,
            -91.09456903843973,
            83.67334129096184,
            81.75788608661935,
            128.4873238866225,
            -34.2782120817096,
            78.64999039385651,
            -105.66229467663138,
            62.20682361925949,
            -13.789844219955594,
            15.777214117389965,
            53.122882597471104,
            -124.91253845577702,
            106.33934259900099
        ],
        [
            -6.477755766015773,
            -56.613058647454324,
            -149.12947457318495,
            -53.86902293769159,
            50.35102880761869,
            -174.3185300421025,
            -4.62006997070306,
            101.43403988994571,
            9.055485257041921,
            61.2315077604233,
            44.51116304897857,
            -142.0921663899952,
            -28.97967659881084,
            -100.1914552119063,
            -38.14940960181422
        ]
    ]
}