{
    "sampler": "DEMetro",
    "value": 5,
    "means_array": [
        2
    ],
    "case": "Posterior Samples",
    "dim": 1,
    "samples": [
        -0.6470991747925477,
        -0.6522018802405428,
        -0.6510357598592413,
        44.36714411060843,
        54.331316935487614,
        -12.059253805909687
    ]
}