{
    "sampler": "Metro",
    "value": [
        0.0,
        0.0,
        0.0,
        -5.059644
    ],
    "means_array": [
        [
            0.0,
            0.0,
            0.0,
            -5.059644
        ],
        [
            -3.810317,
            2.528724,
            1.756997,
            1.264911
        ],
        [
            -0.181444,
            -4.600403,
            1.674328,
            1.264911
        ],
        [
            -0.181444,
            -0.035591,
            -4.895489,
            1.264911
        ],
        [
            4.173205,
            2.10727,
            1.464164,
            1.264911
        ]
    ],
    "case": "Warmup Samples",
    "dim": 4,
    "samples": [
        [
            2.727106319719107,
            -8.380419193331454,
            8.288100270699985,
            -3.5066267689476027
        ],
        [
            -1.0434420716454318,
            1.582718614994958,
            -2.0209131177198496,
            -1.6191793736890967
        ],
        [
            -11.406275511022258,
            2.2531114700210715,
            -6.697357477710787,
            -6.058410923632486
        ],
        [
            -3.23633292532309,
            -12.425277244940656,
            -8.36308579289485,
            -4.336390448150004
        ]
    ]
}