run_id,mu,sampler,wasserstein_distance,mmd_rff,r_hat,ess,runtime
40,"(0, 0, 0, 0, 0)",Metro,0.05038485794199307,0.0350390541611899,1.0248854004759307,218.19703922403943,1.2952616214752197
