mm,mmd_rff_t_stat,mmd_rff_p_value,mmd_rff_paired_cohens_d
5,3.160791926682378,0.0090661352216311,0.9124420348612334
8,-1.20355882360195,0.25402215882459245,-0.3474375053960676
10,0.3485598068341794,0.7339996166567675,0.10062054915219873
12,0.8851295974256661,0.3950234084375871,0.2555149056707067
15,1.3966363239519692,0.19006357270789145,0.4031741787968394
18,-1.3524133540530394,0.20339087143367393,-0.3904081070090835
