mm,ws_t_stat,ws_p_value,ws_paired_cohens_d
5,3.3188226649648875,0.0068455705968890335,0.9580615795050546
8,4.858241554657602,0.0005040811394116151,1.4024535346848963
10,3.564913602369831,0.0044344549363833,1.0291019139829902
12,3.459841344482445,0.005334651577927468,0.9987701657951683
15,4.553370323954911,0.0008255623497025477,1.3144447911277108
18,4.650580499909556,0.0007044171877709253,1.3425069517554034
