mode_means,sampler,wasserstein_distance,r_hat,ess,chain_seeds,mode_distance
"(0, 8)",DEMetro,3.055026380543734,2.076796024852762,7.725243418738618,"[264988, 4007, 924166, 16579]",8
"(0, 10)",DEMetro,5.413975449869893,1.7997895824208137,9.87216303301019,"[264988, 4007, 924166, 16579]",10
"(0, 15)",DEMetro,6.64482337954028,1.4205834584223958,26.886970608120944,"[264988, 4007, 924166, 16579]",15
"(0, 20)",DEMetro,0.7797096507228923,1.653562669305847,30.39036212806537,"[264988, 4007, 924166, 16579]",20
