mode_means,sampler,wasserstein_distance,r_hat,ess,chain_seeds,mode_distance
"(0, 8)",Metro,1.2782726095681567,1.7368216442725204,8.81805680557641,"[264988, 4007, 924166, 16579]",8
"(0, 10)",Metro,2.2116966642951383,1.8295696450914274,8.94574929739634,"[264988, 4007, 924166, 16579]",10
"(0, 15)",Metro,4.183427614435889,1.7628957664659073,8.793172799162585,"[264988, 4007, 924166, 16579]",15
"(0, 20)",Metro,5.27458668811922,1.8176575184433614,8.50214804098312,"[264988, 4007, 924166, 16579]",20
