mu,mmd_rff_t_stat,mmd_rff_p_value,mmd_rff_paired_cohens_d
"(0.0, 0.0, 0.0, -5.059644)",1.4600916182950971,0.155014356813494,0.2665750384548158
