run_id,mu,sampler,wasserstein_distance,mmd_rff,r_hat,ess,runtime
48,8,Metro,0.26091928531632896,0.03537803805993664,1.042303407548749,60.23138416736286,1.0984203815460205
48,10,Metro,1.4770845825105101,0.15186007842834814,1.3035802602368871,10.325617064622717,1.0790941715240479
48,12,Metro,0.5266377377345811,0.04590032248091606,1.5293579732124418,7.332690907180299,1.3953511714935303
48,14,Metro,6.365892650188139,0.452144240154967,1.5288834438231758,7.2409221766135525,1.108086109161377
48,16,Metro,7.243655279153987,0.49089841627307174,1.5283897050047242,7.253606835921932,1.1174657344818115
48,18,Metro,0.8810371615681025,0.051069971602849866,1.5316894819173628,7.294767597909542,1.364858627319336
48,20,Metro,14.171824644825191,0.7216930260985648,1.0027707939996748,981.6758418724285,1.0894079208374023
48,22,Metro,4.134642480156586,0.19675347036782656,1.7341988404173223,6.1458857006129035,1.1521644592285156
48,40,Metro,7.735033406107585,0.21329322577370538,1.734243885270216,6.19250749550374,1.5056614875793457
