run_id,mu,sampler,wasserstein_distance,mmd_rff,r_hat,ess,runtime
21,"(10.0, 0.0)",HMC,2.4457033169176743,0.2789163739692949,2.333071699577436,4.95900696088744,7.190714120864868
