nu,ws_t_stat,ws_p_value,ws_paired_cohens_d
2.1,-32.06347696372018,3.3723390770715885e-24,-5.853963201692265
3.0,-117.93466993655413,1.911930706921688e-40,-21.53182634539235
4.0,-123.05463538980862,5.588142566437504e-41,-22.4665998695239
5.0,-84.3993454022545,3.0421146026095694e-36,-15.409141771828239
30.0,-55.86734847755624,4.444500225535464e-31,-10.19993566305315
