nu,ws_t_stat,ws_p_value,ws_paired_cohens_d
2.1,0.2875541837508662,0.7757329387077619,0.05249997098177831
3.0,-2.172686833814154,0.03811788694908475,-0.39667652975816337
4.0,-2.301093738893879,0.028767233656512986,-0.4201203159086934
5.0,-4.5370608948302555,9.164694387104046e-05,-0.8283501989577017
30.0,-17.663433432780472,4.6226903225162086e-17,-3.224886978041592
