{
    "sampler": "Metro",
    "value": 5,
    "means_array": [
        [
            0.0,
            0.0,
            0.0,
            0.0,
            0.0
        ]
    ],
    "case": "Posterior Samples",
    "dim": 5,
    "samples": [
        [
            -0.8609220709693333,
            0.07295462328930946,
            -0.42466983724169527,
            -1.9323177263006754,
            -0.07821102639980965
        ],
        [
            -3.4706165341531863,
            -0.059451784363099947,
            0.9766445299453752,
            -0.36984468363655587,
            -0.20937856233894703
        ],
        [
            -8.55534437335856,
            -0.7782777083590663,
            -1.2514179573476782,
            1.2255175639325033,
            1.348880723086063
        ],
        [
            0.25321942685846055,
            -0.4170165250691177,
            -0.38433825558014284,
            0.43942156541918165,
            0.47763150259151277
        ]
    ]
}