{
    "run_id": 1,
    "case": "multimodal",
    "dim": 2,
    "means_array": [
        [
            0.0,
            0.0
        ],
        [
            18.0,
            0.0
        ]
    ],
    "min_mode": [
        0.0,
        0.0
    ],
    "max_mode": [
        18.0,
        0.0
    ],
    "border": [
        89.4188123719115,
        60.625196969029275
    ],
    "low": [
        -142.16186570252447,
        -94.65293544809394
    ],
    "high": [
        126.09457141321003,
        87.22265545899388
    ],
    "samples": [
        {
            "posterior": [
                26.221846187040086,
                2.300997863633043
            ]
        }
    ]
}