run_id,dimension_corr,sampler,wasserstein_distance,mmd_rff,r_hat,ess,runtime
39,2,HMC,0.028439284383292244,0.022512231449308313,1.0026436632823228,981.7794738950823,2.2867681980133057
39,5,HMC,0.02057941262985147,0.013643816555831984,1.0072050131157455,471.1998023760401,2.205418348312378
39,10,HMC,0.043147435964485885,0.025192746076376418,1.0183614018832552,334.5974050897189,2.2859842777252197
39,15,HMC,0.06059674131367399,0.02667045365912735,1.0145667283779694,290.9924845908203,2.355350971221924
39,20,HMC,0.033991080342539934,0.02363181758284091,1.0187093384140915,221.74148799092106,2.485210657119751
