run_id,dimension_corr,sampler,wasserstein_distance,mmd_rff,r_hat,ess,runtime
39,2,Metro,0.06987599953746583,0.040693113825512474,1.064511376632956,98.94077489137963,1.1946907043457031
39,5,Metro,0.1865919471237348,0.05378090229075476,1.2861101704438875,11.083544620733523,1.335402488708496
39,10,Metro,0.11750848147347004,0.06756063099463112,1.374793650451534,9.237394116097178,1.6169168949127197
39,15,Metro,0.4965892072520053,0.1217472231005659,1.8657631874058231,5.802843896860071,1.936155080795288
39,20,Metro,0.1727051898252919,0.05433494000375621,1.5505933734156614,7.305036943849665,2.254857301712036
