{
    "sampler": "DEMetro_Z",
    "value": 50,
    "means_array": [
        [
            0.0,
            0.0,
            0.0,
            0.0,
            0.0,
            0.0,
            0.0,
            0.0,
            0.0,
            0.0,
            0.0,
            0.0,
            0.0,
            0.0,
            0.0,
            0.0,
            0.0,
            0.0,
            0.0,
            0.0,
            0.0,
            0.0,
            0.0,
            0.0,
            0.0,
            0.0,
            0.0,
            0.0,
            0.0,
            0.0,
            0.0,
            0.0,
            0.0,
            0.0,
            0.0,
            0.0,
            0.0,
            0.0,
            0.0,
            0.0,
            0.0,
            0.0,
            0.0,
            0.0,
            0.0,
            0.0,
            0.0,
            0.0,
            0.0,
            0.0
        ],
        [
            0.6540754197860462,
            0.045262210358490186,
            0.5511570658861383,
            0.26722598060508657,
            -1.3172256916222842,
            1.155833346972773,
            0.19043042108025376,
            0.8000065169159507,
            -1.036098920658038,
            -1.903350805534218,
            -0.8285408348765085,
            -0.15781625536493418,
            2.3133652489207783,
            -0.19658039628577226,
            2.096913305514864,
            -0.4146991813813929,
            2.112657064697279,
            0.690560405089203,
            -1.5908681316410358,
            -0.0774200768658995,
            -0.47325627754320587,
            0.2674780810650251,
            1.2082681757061648,
            -0.489088439374411,
            0.5662534795143275,
            -0.5733816470300456,
            0.11902811451764331,
            0.10103698458137343,
            1.6622745796685516,
            -0.06822433755731873,
            -0.28714645462538607,
            -0.1952059498251879,
            0.3530087102499583,
            -0.21593467183302592,
            -1.1144159465684143,
            -2.2384024052587335,
            -0.16776195106609526,
            0.8731768128061385,
            -1.0440033298732139,
            0.3607205763778097,
            -0.8210878781504269,
            -0.10651576627519661,
            -1.5694072168581221,
            -0.8271520110605396,
            -0.7606190665595085,
            0.5182678480803523,
            -0.6664316714995426,
            -1.9842026103436794,
            2.6395909508351316,
            -2.5659442486683752
        ]
    ],
    "case": "Warmup Samples",
    "dim": 50,
    "samples": [
        [
            -6.386488661953187,
            10.291739806767808,
            20.72256799318665,
            0.24012402586422074,
            -6.850220581137211,
            18.294631576116135,
            8.419292556509635,
            -22.7723778280301,
            -9.052462280215611,
            -17.138861563857105,
            15.475302031074088,
            10.15363473224567,
            -11.284984368771466,
            -5.02007301589214,
            -21.05950524718183,
            3.5582595796764016,
            -3.5472114587643784,
            16.59422970158137,
            20.968959647283388,
            -10.011669839914568,
            23.867091577277563,
            15.736051289013663,
            -6.523177029348302,
            -19.888467230831672,
            10.69347322877827,
            5.9841956155238725,
            -14.695463210017065,
            11.91478639260696,
            -28.76282058561657,
            -22.622038428037023,
            -16.637739440639745,
            -27.933537643198637,
            4.68740348969647,
            17.424902040769716,
            18.999873181162858,
            28.465278240259643,
            0.9506192581609005,
            -12.933883129154415,
            17.58787140863616,
            29.836112336580698,
            -16.542626821776377,
            -8.86050958739562,
            4.987075013434185,
            -17.63314376809733,
            1.0621604764894932,
            8.13522349037188,
            -17.18639514612313,
            -8.842342852576403,
            6.827883790622828,
            -24.46417449576649
        ],
        [
            -21.950866078455874,
            21.27242257580646,
            27.055037564349394,
            10.836621796485728,
            -26.411256236230937,
            -27.31837776111194,
            -9.317651950054078,
            8.256351226094795,
            25.764205691561884,
            -25.570585444064942,
            19.695906218989727,
            -11.849450129233155,
            26.552586230330917,
            26.287294561932452,
            -13.041292207682323,
            -8.859823927580813,
            -23.84670923436508,
            21.78378739546683,
            17.32058298603656,
            -8.104754770846188,
            -28.420189635194937,
            8.6940030026527,
            -2.95504410017592,
            -15.728807949884345,
            16.37548453307909,
            25.131724172084752,
            26.815247536485387,
            1.6109940621058245,
            -0.1654917152816334,
            -18.62415033170818,
            8.634669564083103,
            -28.40209918013431,
            -19.718757936030322,
            -12.65797471120271,
            0.993906141711887,
            16.780971672045293,
            26.2864715425739,
            -8.474028794460768,
            1.2249971755422482,
            26.98284008634905,
            -0.9668670584053757,
            -11.208961751031996,
            16.89102879940871,
            -28.31330190177848,
            -30.029870651696303,
            25.901120851900117,
            6.97317333131825,
            -21.082756020338792,
            -16.71465744134774,
            -21.68495024004929
        ],
        [
            21.88353018669604,
            26.909853212168073,
            28.60453431918459,
            -25.996017046350758,
            0.4826731849007514,
            16.918437219586455,
            20.157127565433125,
            -23.43388424546416,
            -10.664336956591784,
            4.058225531816496,
            -5.479697470230945,
            18.147185255925983,
            -0.3266330431476562,
            -1.1625388636284049,
            -20.692938723787986,
            -23.54525309524177,
            17.914992614570867,
            -21.51570044069236,
            24.250181363180367,
            -20.756694225541892,
            -10.99451024049663,
            -15.350701072185341,
            10.544837668815708,
            -5.149790933058561,
            -13.602254625217556,
            -22.312073664508794,
            -23.392326043729582,
            20.688085221222355,
            -20.192839051712628,
            13.566415089674859,
            -18.947744286346598,
            -9.094375409440072,
            18.565797060225986,
            -23.89729673327971,
            5.611325101170774,
            20.23435516516152,
            23.145985421390396,
            5.986895003535269,
            22.822418523752418,
            21.656265776994374,
            23.2096521063645,
            16.979768111445694,
            -27.93535872329773,
            17.72202742783388,
            16.59751229698727,
            14.922828436443941,
            24.177317695963957,
            11.601237689717506,
            19.104163331992716,
            6.53886339770346
        ],
        [
            27.383003728503088,
            15.371243167701033,
            -27.156299253446846,
            -10.959189373488478,
            -24.807839621785305,
            -5.130714180865278,
            -15.925103837666986,
            10.604078920345808,
            26.133226217467982,
            -11.066147628556987,
            -2.5045991238036733,
            13.509109092800582,
            3.009191665897055,
            24.259833270805952,
