mode_means,global_avg_ws,global_avg_ws_std,global_avg_rhat,global_avg_rhat_std,global_avg_ess,global_avg_ess_std
8,1.988099998822344,0.8812616588233065,1.3722235042926443,0.185153052481847,12.803170870656444,9.035526112950814
10,2.514594036265379,1.7130602355830753,1.4938655758551573,0.28315245539326306,62.049138602129105,122.92700770980983
15,5.166633909366593,1.9303473806384768,1.3434642532399406,0.2970614239709797,89.55018840484846,113.85344195570411
20,4.956503671121177,3.4596495211540392,1.5003384039429273,0.2796849851519375,42.326560680890886,78.91041127268493
