{
    "sampler": "DEMetro_Z",
    "value": 6,
    "means_array": [
        [
            -3.0000000015,
            0.0,
            0.0,
            0.0,
            0.0,
            0.0,
            0.0,
            0.0,
            0.0,
            0.0,
            0.0,
            0.0,
            0.0,
            0.0,
            0.0,
            0.0,
            0.0,
            0.0,
            0.0,
            0.0,
            0.0,
            0.0,
            0.0,
            0.0,
            0.0,
            0.0,
            0.0,
            0.0,
            0.0,
            0.0
        ],
        [
            3.0000000015,
            0.0,
            0.0,
            0.0,
            0.0,
            0.0,
            0.0,
            0.0,
            0.0,
            0.0,
            0.0,
            0.0,
            0.0,
            0.0,
            0.0,
            0.0,
            0.0,
            0.0,
            0.0,
            0.0,
            0.0,
            0.0,
            0.0,
            0.0,
            0.0,
            0.0,
            0.0,
            0.0,
            0.0,
            0.0
        ]
    ],
    "case": "Warmup Samples",
    "dim": 30,
    "samples": [
        [
            14.1886115689632,
            -21.886062064168605,
            5.13735698406339,
            21.023212402260434,
            25.024096797888927,
            11.892989748939033,
            5.210367618264865,
            -15.384958156229196,
            -16.538016612161588,
            24.164068566359205,
            27.319974793753605,
            17.77147853546561,
            16.504309936149202,
            2.6020696899304507,
            -25.00394619445474,
            -18.304745235005687,
            17.817466205155476,
            15.41235594668008,
            28.031884580978435,
            -7.226928431501953,
            -3.2989371289911156,
            29.853497028439453,
            -5.7428255084492195,
            -7.293255964486874,
            1.2651398425634561,
            -3.031356879881222,
            -16.918973655475856,
            2.0309318420437688,
            -22.376306488487838,
            16.162429457532127
        ],
        [
            20.037042551138196,
            -8.627845730705792,
            0.9790371893768436,
            -15.255431913116233,
            -20.056890317020137,
            20.65897632988554,
            0.971657227335325,
            -17.997820393100046,
            -22.45102068267045,
            -19.41626411855897,
            -20.70973396870703,
            20.935414334255668,
            -21.003073966898793,
            -3.5798316441197486,
            14.99861222708114,
            12.666271209013765,
            22.448472939016277,
            -20.00892624297721,
            -29.30255374418769,
            -22.7125837782681,
            -28.44723411992333,
            21.29193931310123,
            -8.55260907992988,
            0.7373940390712457,
            -13.757718924102127,
            17.576538375576494,
            -13.505815047947786,
            28.432360432130825,
            13.355752515060676,
            8.906779249593178
        ],
        [
            -5.82985616719617,
            11.979103548969192,
            -15.773684101617143,
            -2.4067565326168046,
            -20.847550375867137,
            -5.383483187142495,
            -6.247046736186135,
            10.295339999886027,
            7.605223271883502,
            18.419087645423428,
            -26.603831868391374,
            -13.768452693781102,
            -8.770202094845015,
            22.597024253374673,
            -7.720667077502637,
            -6.335530240911016,
            25.255616930323676,
            -24.260273984285817,
            -25.314580884031155,
            4.277828169358562,
            20.366737140867496,
            -23.078742720621232,
            27.676647947959143,
            0.6651574629704586,
            -8.45547898058219,
            -29.095686346510874,
            -17.14586167087945,
            -2.5185014805917296,
            25.63109457114592,
            27.684140946570892
        ],
        [
            21.14780451873096,
            -3.624342478230688,
            17.565762412531104,
            -2.0790204768787532,
            17.202132037772948,
            -3.3343147177820405,
            -10.182795701442732,
            23.356529922014616,
            8.643387652057807,
            -27.92546667013737,
            28.491000354186514,
            23.082011256693203,
            5.12275279184394,
            -23.951057852807544,
            28.338800908056964,
            28.054722172335104,
            -18.697794863604315,
            -10.023484954365339,
            2.421068822256206,
            15.905119802848196,
            3.9131481174680713,
            16.25672605936541,
            -9.573328528556711,
            -1.224388145951945,
            4.852758537868552,
            -9.128140508361234,
            -15.26755899321753,
            -20.060717653586746,
            22.891606378888476,
            -19.569712882234406
        ]
    ]
}