dimension,mmd_rff_t_stat,mmd_rff_p_value,mmd_rff_paired_cohens_d
2,-7.265862539209697,5.309727885303679e-08,-1.3265589374856384
5,-6.761176680729757,2.0214338305964885e-07,-1.2344163277711975
10,-13.004136417033465,1.255163092272233e-13,-2.374219618827879
15,-15.0141332550695,3.278427385695089e-15,-2.741193155063344
18,-16.993164810434042,1.289919242665186e-16,-3.102513230025908
30,-8.0304157828162,7.419518307861133e-09,-1.4661466234646467
