{
    "sampler": "Metro",
    "value": 10,
    "means_array": [
        [
            0.0,
            0.0,
            0.0,
            0.0,
            0.0,
            0.0,
            0.0,
            0.0,
            0.0,
            0.0
        ]
    ],
    "case": "Posterior Samples",
    "dim": 10,
    "samples": [
        [
            0.532705740240923,
            -1.9918616377535068,
            0.27141461483260154,
            0.7071517382276387,
            -0.3872831903296464,
            0.9781136279666655,
            0.5661337464809207,
            0.8935414085497585,
            -0.6426190967520433,
            2.3522491190773236
        ],
        [
            0.49490834516917387,
            -0.11535168750122887,
            0.7880915628809766,
            0.0729728588888692,
            -1.0794301065222847,
            -0.06425068073888121,
            -0.6661913067076464,
            1.7507056850422031,
            -0.052796453672594224,
            -0.3538921858166526
        ],
        [
            -0.22169745372131233,
            0.776577233218928,
            -1.078091640857404,
            -0.318018438093708,
            1.6183707025435998,
            -0.2823066560469597,
            -0.6692682353430899,
            -0.21823007210039425,
            0.010513618448596218,
            -1.360116527482734
        ],
        [
            -1.9839286425698233,
            -0.1492280089814293,
            0.8718560768812283,
            -0.23116879057677686,
            -0.9828584919281729,
            -1.2162454024904328,
            -1.3476569470261681,
            -0.26613155829313156,
            -0.33556155585822967,
            1.2785880386995592
        ]
    ]
}