{
    "sampler": "HMC",
    "value": 0.3,
    "means_array": [
        [
            0.0,
            0.0
        ]
    ],
    "case": "Warmup Samples",
    "dim": 2,
    "samples": [
        [
            -6.322868366342222,
            -63.11310248465105
        ],
        [
            -113.76462391176756,
            86.42370970215451
        ],
        [
            -128.64283489244121,
            -72.68814241748191
        ],
        [
            47.74200373951822,
            -128.5732712925134
        ]
    ]
}