{
    "sampler": "DEMetro_Z",
    "value": 0.5,
    "means_array": [
        [
            0.0,
            0.0,
            0.0,
            0.0,
            0.0,
            0.0,
            0.0,
            0.0,
            0.0,
            0.0,
            0.0,
            0.0,
            0.0,
            0.0,
            0.0,
            0.0,
            0.0,
            0.0,
            0.0,
            0.0,
            0.0,
            0.0,
            0.0,
            0.0,
            0.0,
            0.0,
            0.0,
            0.0,
            0.0,
            0.0
        ]
    ],
    "case": "Warmup Samples",
    "dim": 30,
    "samples": [
        [
            12.852413928312648,
            -44.96611182210148,
            44.81116664293206,
            61.88171297718203,
            58.300010843970014,
            91.17752551929736,
            13.753007096739585,
            63.40162942664508,
            42.1179075732206,
            71.9487308291853,
            -50.81860047432407,
            -66.94784851518605,
            -1.2032276803923745,
            82.973010591053,
            93.91572566330181,
            -68.963772909762,
            39.59906277759181,
            47.55006132819503,
            86.21346720891717,
            83.86112014792668,
            -38.07917952731167,
            85.99915201350235,
            -18.164996028407074,
            98.57505862573848,
            -54.02656343830571,
            -30.684645982075747,
            26.283954424516164,
            -42.495256753926384,
            -28.728176071799478,
            -0.9135176236411185
        ],
        [
            -34.584259116021016,
            -48.666728774793086,
            -1.0681932581251836,
            -5.266762064739162,
            58.73679470246072,
            -35.32273745007877,
            -35.146969644794126,
            89.63723038327811,
            -72.19001367593114,
            -39.51659903642546,
            64.12816262323885,
            -83.66047463568623,
            5.71628318393478,
            68.84099527286233,
            7.510662837120092,
            71.94448278283956,
            -66.5268295775072,
            93.57243374123182,
            41.64527964599669,
            -92.49183048916196,
            -82.76481282887642,
            -84.61440868275736,
            37.05582669300382,
            16.535841082528485,
            51.590586811354676,
            75.06083875300561,
            87.45488344376037,
            -48.19888883957213,
            -48.56735978120181,
            14.410816295931145
        ],
        [
            -93.52246081062749,
            -41.18708013219501,
            -74.30331579511301,
            48.33410706646848,
            20.956675717745266,
            -71.99232398908944,
            33.55091103145131,
            46.91798157106143,
            -57.14581230587382,
            83.10559211264074,
            -11.807469127741253,
            -84.88117981803461,
            77.32268127075264,
            -41.45310767427008,
            95.23914037961885,
            83.30301836180628,
            84.24683457455647,
            -2.084408260622744,
            81.86043510444512,
            5.480764851801823,
            1.8819189662486215,
            -7.93496073152411,
            -98.0878277173416,
            21.38282023952372,
            -67.89370381895343,
            -24.907072567397694,
            74.65277613100054,
            -10.949135895082781,
            -40.502933416025456,
            55.59196450785727
        ],
        [
            4.792948148074349,
            32.05287405477258,
            -52.652244759473184,
            -19.414903003680994,
            -41.39525756973506,
            -33.271747499398565,
            -55.019088820136915,
            -1.5146852796837609,
            57.46498434993031,
            67.29136989647505,
            -86.94493734004409,
            -83.85924157993065,
            29.20203078429974,
            -59.68748178340624,
            -55.5743802354061,
            57.010665439281894,
            -21.822362685926166,
            87.80345749006483,
            -90.75637201152983,
            -59.37959315263123,
            41.38086382889015,
            -89.04929163046774,
            -48.484832574352744,
            -14.266109416763712,
            92.46261231216077,
            3.200223739496108,
            26.502963547389154,
            -38.52547868051613,
            -6.947869506794666,
            -60.04770791873619
        ]
    ]
}