run_id,mu,sampler,wasserstein_distance,mmd_rff,r_hat,ess,runtime
25,"(10, 10)",SMC,0.09110755017246241,0.020386135818525677,1.0002073057667837,4038.801520218177,2.4516103267669678
25,"(2, 2)",SMC,0.06125966021613629,0.01967475503713924,1.0003971792755981,4032.8489007932867,2.1095290184020996
25,"(20, 20)",SMC,0.3499424334960409,0.02437537823914703,1.0017941593676376,3916.118630399549,3.464014768600464
25,"(40, 40)",SMC,0.27120545878952645,0.020043380016858132,0.9997647304387146,3757.9229648082837,3.5937254428863525
25,"(5, 5)",SMC,0.14953425134256892,0.022534771198103164,1.0018253635258432,3823.5879689181734,4.114095687866211
