{
    "sampler": "Metro",
    "value": 0.9,
    "means_array": [
        [
            10,
            10,
            10,
            10,
            10,
            20,
            20,
            20,
            20,
            20,
            30,
            30,
            30,
            30,
            30,
            40,
            40,
            40,
            40,
            40,
            50,
            50,
            50,
            50,
            50,
            60,
            60,
            60,
            60,
            60
        ]
    ],
    "case": "Posterior Samples",
    "dim": 30,
    "samples": [
        [
            11.298172145922473,
            10.946729698847609,
            11.95112918755326,
            10.776329848127618,
            11.050885617528085,
            21.351670546341133,
            21.75986860931682,
            21.06046405609832,
            21.60254512788461,
            21.814862509808986,
            31.475090193329702,
            31.10566994199049,
            31.444612293968785,
            31.229053546904954,
            31.50442003188701,
            41.71562859856989,
            40.960089538724645,
            41.192482071972194,
            40.42434141100756,
            41.60698506674517,
            51.83117418739343,
            51.112470618850324,
            50.78464221479444,
            50.92818234869144,
            51.80466976479637,
            61.85835484242756,
            61.49269035629493,
            61.36099214437306,
            61.30573683822284,
            61.818780884735176
        ],
        [
            15.33076442611492,
            15.182319448350341,
            14.885821173588706,
            15.455092419910564,
            15.073865361209407,
            25.34851333609621,
            25.81481057650881,
            25.35414035158736,
            25.10409827492064,
            25.13440861280887,
            35.15830559394305,
            35.70929112701771,
            35.477514310221274,
            35.21998996393832,
            35.28436293592457,
            44.81063405743124,
            44.75168835168351,
            44.95658815697327,
            45.25015711157633,
            45.227700510296046,
            55.061672890948465,
            54.717062603832716,
            55.73358086646667,
            54.778789127903465,
            55.05205841643268,
            64.8049825592383,
            65.01428034521591,
            65.50226808391618,
            65.66983929293502,
            65.33599420743779
        ],
        [
            11.055552302747133,
            11.47116870845779,
            10.994927630160936,
            10.217525244366325,
            10.746159298702093,
            20.801794824352353,
            21.36355292725994,
            21.30978711684936,
            21.243448014659858,
            20.905460592724914,
            30.394678857583454,
            30.914115537753833,
            30.362621244403506,
            31.352789012555746,
            30.392153275278467,
            40.96235201521552,
            41.027324908459754,
            40.43051469440959,
            40.76171116592701,
            41.36640560836672,
            51.13105550218331,
            51.07534145706767,
            51.14445001958776,
            50.76502280844066,
            51.10572895490694,
            61.58732483197517,
            60.93825113507485,
            61.386028903656936,
            61.305707397432656,
            60.68002161310844
        ],
        [
            8.708095346022013,
            9.851111946196662,
            10.012521713289011,
            9.363033151063771,
            9.396171274897654,
            19.54030318422169,
            19.292712840847077,
            19.491097571254308,
            19.872729624949642,
            20.00846660653562,
            29.956156734515048,
            30.43782097975801,
            29.384467190639622,
            29.056117838627717,
            29.5725746475294,
            39.625202709103405,
            39.81535241994712,
            39.37156845470008,
            39.38816560564213,
            39.42327154386199,
            49.26182102364107,
            49.42438010812659,
            49.154496849017704,
            49.4100319337775,
            49.60708201978552,
            58.97871809619379,
            59.61274348856577,
            59.12679001792526,
            59.1757044892173,
            59.83926989689488
        ]
    ]
}