correlation,mmd_rff_t_stat,mmd_rff_p_value,mmd_rff_paired_cohens_d
0.0,-0.4376244083393669,0.6701270556869977,-0.1263312849793421
0.3,-0.19115647391097051,0.8518855750077257,-0.05518212083491925
0.5,-0.301325995995118,0.7687856698979244,-0.08698532245080674
0.9,-0.2869708285215312,0.7794681411762416,-0.082841342548238
0.99,-2.8240970485648074,0.016545958306621558,-0.8152465956032596
