correlation,mmd_rff_t_stat,mmd_rff_p_value,mmd_rff_paired_cohens_d
0.0,1.2831870907588658,0.22580200843442755,0.370424206135142
0.3,2.495519992218749,0.02974224596346456,0.7203945696377939
0.5,1.2978273445962907,0.22090110985054479,0.37465048338216284
0.9,1.1213207600234325,0.2860336893589087,0.32369742132372226
0.99,-0.8280195440258505,0.42525980461578194,-0.23902865331879802
