correlation,var_rmse_t_stat,var_rmse_p_value,var_rmse_paired_cohens_d
0.0,437.13681791326627,1.127530893126158e-24,126.19052974746036
0.3,582.6336076110122,4.7821624252015535e-26,168.19183509657034
0.5,444.1210092772903,9.471290630051238e-25,128.2066921295059
0.9,473.4738253683322,4.684709947885774e-25,136.68012026532423
0.99,549.683214309805,9.072544925694417e-26,158.67987587539233
