correlation,ws_t_stat,ws_p_value,ws_paired_cohens_d
0.0,-0.9661006122030894,0.35475417588852964,-0.27888922425985796
0.3,-0.9481728943462948,0.3634069939867779,-0.27371393789457
0.5,-0.3966164375903821,0.699236404457718,-0.11449330350391877
0.9,-1.4717409516705418,0.16911380746875423,-0.42485501731219166
0.99,-0.015107084064065275,0.9882172728384793,-0.004361039525529196
