correlation,mean_rmse_t_stat,mean_rmse_p_value,mean_rmse_paired_cohens_d
0.0,-0.7622548636283633,0.46194001995831524,-0.2200440253534685
0.3,-0.8998223762074611,0.3874894878135713,-0.2597563455631132
0.5,0.4004213239142015,0.6965132531948026,0.11559167957556529
0.9,-0.8107756193415101,0.4346859440517451,-0.2340507610396032
0.99,1.0612447852122744,0.3113237313021678,0.30635498120919663
