{
    "sampler": "DEMetro",
    "value": 0.5,
    "means_array": [
        0
    ],
    "case": "Warmup Samples",
    "dim": 1,
    "samples": [
        1.2402911699227805,
        -6.512687249256527,
        1.24309440524491,
        -2.174233872706205,
        -3.5298951044304347,
        0.012586472209259531
    ]
}