{
    "sampler": "HMC",
    "value": [
        4,
        0
    ],
    "means_array": [
        [
            0.0,
            0.0
        ],
        [
            4,
            0
        ]
    ],
    "case": "Posterior Samples",
    "dim": 2,
    "samples": [
        [
            1.1912015795204336,
            1.315408211612516
        ],
        [
            3.2670929144805103,
            -1.3868573791397463
        ],
        [
            0.35971586199612116,
            0.8327076710487311
        ],
        [
            4.90397812530555,
            1.679471487012048
        ]
    ]
}