{
    "sampler": "HMC",
    "value": 0.99,
    "means_array": [
        [
            0.0,
            0.0
        ]
    ],
    "case": "Posterior Samples",
    "dim": 2,
    "samples": [
        [
            1.54991776459563,
            1.4003081262325536
        ],
        [
            0.8136039275859667,
            0.9336196801260007
        ],
        [
            -0.15879130661192872,
            0.03799546015490712
        ],
        [
            0.903505472561229,
            0.9460982490200599
        ]
    ]
}