dimension,var_rmse_t_stat,var_rmse_p_value,var_rmse_paired_cohens_d
2,4.264492169858922,0.0013329245072330083,1.23105285111255
3,3.794609120348125,0.0029708939854090053,1.0954092985511996
10,9.021336405094974,2.04813978999431e-06,2.6042355009658773
30,20.450948628232656,4.2067890221867806e-10,5.903680347846666
50,22.758088392348803,1.3310989300918605e-10,6.569694229781939
