dimension,mean_rmse_t_stat,mean_rmse_p_value,mean_rmse_paired_cohens_d
2,4.666327211669892,0.0006866236908009536,1.347052635892244
3,4.552281133712602,0.0008270376101269848,1.3141303689879127
10,4.064963831556721,0.0018673590151397676,1.1734539811976827
30,6.646449168344015,3.628510608174407e-05,1.9186646082492906
50,2.374169740894374,0.036879161464969334,0.6853637695036155
