{
    "sampler": "DEMetro_Z",
    "value": 10,
    "means_array": [
        [
            -5.0000000025,
            0.0,
            0.0,
            0.0,
            0.0,
            0.0,
            0.0,
            0.0,
            0.0,
            0.0,
            0.0,
            0.0,
            0.0,
            0.0,
            0.0,
            0.0,
            0.0,
            0.0,
            0.0,
            0.0,
            0.0,
            0.0,
            0.0,
            0.0,
            0.0,
            0.0,
            0.0,
            0.0,
            0.0,
            0.0
        ],
        [
            5.0000000025,
            0.0,
            0.0,
            0.0,
            0.0,
            0.0,
            0.0,
            0.0,
            0.0,
            0.0,
            0.0,
            0.0,
            0.0,
            0.0,
            0.0,
            0.0,
            0.0,
            0.0,
            0.0,
            0.0,
            0.0,
            0.0,
            0.0,
            0.0,
            0.0,
            0.0,
            0.0,
            0.0,
            0.0,
            0.0
        ]
    ],
    "case": "Posterior Samples",
    "dim": 30,
    "samples": [
        [
            9.787397587741513,
            -15.068281849621291,
            -10.737812791906068,
            36.43284549307679,
            9.913674873970187,
            -4.4699965520997464,
            14.088040501602022,
            0.7459723722128767,
            24.101076213184953,
            21.052685484285117,
            -19.423774946866008,
            2.726423559882787,
            -17.21266474480807,
            5.421894626285532,
            8.573029159870451,
            5.135660789339444,
            -19.102291009992648,
            -1.7159921371881113,
            14.0959621527834,
            -7.978736530974315,
            -2.9639229358307277,
            -9.352524648979665,
            1.0573522982079397,
            5.349927907369271,
            -2.680601705225614,
            17.29784349434567,
            8.091023976620795,
            -0.20558284334551863,
            -9.551886004653413,
            -10.680308090647037
        ],
        [
            -11.05695949363586,
            22.08986930075935,
            7.554526009961869,
            1.2408410417068163,
            -12.863748695660378,
            29.510599652909832,
            -9.69019061001005,
            12.21575574345997,
            -4.3107388293136255,
            -13.750237466298602,
            -20.16194452356622,
            28.187404982101715,
            13.372560379702316,
            -22.970000438479957,
            4.567298297977483,
            13.994892709211463,
            24.7952919264102,
            15.777784099405048,
            17.025086408075943,
            20.416742366657363,
            -22.654959936160207,
            -7.443531790150335,
            -5.963376403695856,
            -23.932865220137213,
            37.626861343804165,
            21.881183186709478,
            13.176590278672696,
            2.4959242893735283,
            -27.21888878789412,
            0.39991476335131143
        ],
        [
            -5.844919268328954,
            -15.903650218969856,
            21.478210948017136,
            -5.615772336102193,
            15.83062857004556,
            1.6672885644643796,
            -1.8920935825892704,
            -26.819000663390177,
            -1.1149811231503015,
            17.716855666128374,
            -22.72428256775634,
            19.499688259297688,
            -16.503139226134344,
            16.54054508872722,
            9.511036174604008,
            29.204996186398386,
            16.796294604129628,
            -23.87657074458173,
            0.9824179235820518,
            21.78776363452126,
            -7.4693412284370675,
            -8.173303978207144,
            21.214576676028223,
            12.107804219953364,
            11.173436519311664,
            -22.51954036458506,
            13.431736966630046,
            17.551709177822918,
            9.31593796866855,
            -2.961897063032639
        ],
        [
            5.367958898024378,
            -24.105620142291954,
            9.711212066016017,
            18.622043653800525,
            -12.03091577161869,
            25.978317814820855,
            -8.08305776378135,
            -22.890022092311742,
            5.274461651822469,
            1.704763440932784,
            8.535618551711169,
            6.009156669509996,
            7.560659128438158,
            -14.854492337990665,
            7.312789716845329,
            14.00491459753418,
            14.403198387900845,
            -1.0667579290147724,
            7.1647589136804966,
            -4.824518950366577,
            -6.165622629093385,
            9.131400264450505,
            6.6081479783645545,
            5.5506824776368155,
            -12.604851100169434,
            -0.08228581232409649,
            0.5666599988055112,
            -7.804367947040228,
            -8.651564162034806,
            20.618918383961333
        ]
    ]
}