{
    "sampler": "DEMetro_Z",
    "value": [
        4.0,
        0.0,
        0.0,
        0.0,
        0.0,
        0.0,
        0.0,
        0.0,
        0.0,
        0.0,
        0.0,
        0.0,
        0.0,
        0.0,
        0.0,
        0.0,
        0.0,
        0.0,
        0.0,
        0.0,
        0.0,
        0.0,
        0.0,
        0.0,
        0.0,
        0.0,
        0.0,
        0.0,
        0.0,
        0.0
    ],
    "means_array": [
        [
            0.0,
            0.0,
            0.0,
            0.0,
            0.0,
            0.0,
            0.0,
            0.0,
            0.0,
            0.0,
            0.0,
            0.0,
            0.0,
            0.0,
            0.0,
            0.0,
            0.0,
            0.0,
            0.0,
            0.0,
            0.0,
            0.0,
            0.0,
            0.0,
            0.0,
            0.0,
            0.0,
            0.0,
            0.0,
            0.0
        ],
        [
            4.0,
            0.0,
            0.0,
            0.0,
            0.0,
            0.0,
            0.0,
            0.0,
            0.0,
            0.0,
            0.0,
            0.0,
            0.0,
            0.0,
            0.0,
            0.0,
            0.0,
            0.0,
            0.0,
            0.0,
            0.0,
            0.0,
            0.0,
            0.0,
            0.0,
            0.0,
            0.0,
            0.0,
            0.0,
            0.0
        ]
    ],
    "case": "Posterior Samples",
    "dim": 30,
    "samples": [
        [
            4.168360354471093,
            1.8189940593953455,
            -5.061799997313881,
            -7.141842213273086,
            1.6761682714576522,
            -7.830468398329297,
            2.932212332970386,
            -6.70710823975149,
            -3.460108410241659,
            -6.3873087947893135,
            2.150804503941925,
            3.4402964246183636,
            -0.46264049813364727,
            5.867272485693631,
            -2.6751220843971226,
            0.599538386648283,
            0.07604149085210554,
            -0.8301323037818468,
            -1.750556919955143,
            1.4906312539216053,
            3.5558385860446395,
            -0.16109023825684832,
            -0.009923012856141611,
            0.34231547961078196,
            2.5052912979334767,
            -4.594910483729431,
            0.39463071385500154,
            5.607177778093038,
            0.747295058310766,
            -2.207951547646165
        ],
        [
            -2.7196447117989044,
            -2.4002546283103205,
            2.5460363711547687,
            3.858140185688662,
            -0.3931589088029127,
            10.166227812246253,
            5.435347842782912,
            -3.7726302959992273,
            4.153067148094751,
            4.076036569488682,
            1.8724526471280687,
            2.7427298673756777,
            -3.136123277676169,
            7.427146675522673,
            -4.049189439449869,
            3.8968822259772478,
            2.9111426724352456,
            5.4833336799188,
            6.230151299995912,
            -3.541647418341347,
            0.004493666183123998,
            1.2391741743207954,
            -6.406378789141096,
            4.682128088173466,
            3.3436269103286738,
            -2.636850568050416,
            9.568103371925396,
            3.0560527048110693,
            5.449413168318205,
            -1.2270985299597097
        ],
        [
            15.790239138642752,
            -7.2730729504766,
            -6.483201599370744,
            1.9145541405283795,
            7.4076077287997535,
            2.4995678405698376,
            -0.028026117879747698,
            1.9941017180297402,
            1.1684422309544429,
            0.5200626713887249,
            3.3846328746745966,
            4.846753021853342,
            -4.081130973916605,
            0.6774135777302828,
            -3.4118134409294427,
            -0.602916842703025,
            6.644000663801136,
            4.622618407575731,
            -1.4840529054925822,
            4.275795612973706,
            -5.276218094406905,
            7.079244373498551,
            -0.01303365846814198,
            5.01764461387208,
            -2.51124686956227,
            0.13745800590197207,
            -5.131276821136723,
            -4.360839251258866,
            -2.9078019523953285,
            -0.5866969625731354
        ],
        [
            5.665222479782367,
            -1.161126409267516,
            -4.9860372016815395,
            -4.030385209919486,
            1.7729641648530188,
            2.59143565782159,
            2.570213370839582,
            -4.144005967508254,
            -2.1408553607755776,
            3.143115183602272,
            -3.6582366010646274,
            -1.0187405825927827,
            -2.0787506839498957,
            2.0290473992660747,
            -0.9158456044286407,
            5.267399375985656,
            1.8501260984920198,
            4.000232552690296,
            4.386206437745548,
            4.488420589561157,
            4.415015706163151,
            -5.818087085173884,
            3.9345172316460784,
            1.5192431481504167,
            0.04901444775900406,
            -0.49271591714679064,
            -0.6765262486680722,
            -0.6878733760522839,
            -0.3975369495652653,
            3.8381969172880335
        ]
    ]
}