{
    "sampler": "Metro",
    "value": 30,
    "means_array": [
        [
            0.0,
            0.0,
            0.0,
            0.0,
            0.0,
            0.0,
            0.0,
            0.0,
            0.0,
            0.0,
            0.0,
            0.0,
            0.0,
            0.0,
            0.0,
            0.0,
            0.0,
            0.0,
            0.0,
            0.0,
            0.0,
            0.0,
            0.0,
            0.0,
            0.0,
            0.0,
            0.0,
            0.0,
            0.0,
            0.0
        ],
        [
            12.0,
            0.0,
            0.0,
            0.0,
            0.0,
            0.0,
            0.0,
            0.0,
            0.0,
            0.0,
            0.0,
            0.0,
            0.0,
            0.0,
            0.0,
            0.0,
            0.0,
            0.0,
            0.0,
            0.0,
            0.0,
            0.0,
            0.0,
            0.0,
            0.0,
            0.0,
            0.0,
            0.0,
            0.0,
            0.0
        ]
    ],
    "case": "Warmup Samples",
    "dim": 30,
    "samples": [
        [
            33.19759750280427,
            18.766361311741136,
            -13.512824520865205,
            -2.806613278726647,
            1.0161504122887155,
            26.36616071684727,
            24.007383356609367,
            -1.0571021343522915,
            15.128953725369193,
            -4.249626452384823,
            20.42941077009634,
            17.027514219941075,
            28.272084434721975,
            -4.553328887162221,
            -8.25406671848958,
            11.463476019863236,
            8.782888156793142,
            1.1047356191834465,
            -15.990690404699064,
            -7.042985613153329,
            12.133461697366748,
            -19.96098979175104,
            1.6223310532978217,
            2.4587427129202553,
            22.297974205851823,
            1.030882385403625,
            13.239174493625814,
            20.198757626272727,
            14.375497436344423,
            9.417175552694829
        ],
        [
            -23.226708288184447,
            14.98193406515368,
            -8.594291766844343,
            -1.014281721341839,
            25.88782731075863,
            13.182146405042879,
            -1.8860386940288478,
            10.17431886676667,
            10.016415463040905,
            6.853780883262324,
            -19.67075005745157,
            -27.485004887033693,
            -29.110593429229635,
            -8.595208865871111,
            -25.63999328065222,
            18.795067124439036,
            -27.47451045265682,
            -7.67227947579573,
            13.234335447000273,
            13.886322731607049,
            -11.679108260414917,
            9.324255330687087,
            -14.800387817471892,
            -8.550370577340196,
            -1.5902883088221968,
            -27.6321733806874,
            2.470925528242718,
            -18.870249448769876,
            -11.211798838583169,
            -9.2736722671619
        ],
        [
            -4.514069603851638,
            -22.879766538962464,
            9.829157312409594,
            -7.697768988239147,
            -0.8686778161150736,
            11.129626936873578,
            14.720860096904971,
            12.295379711010163,
            4.244466701340826,
            -11.50204873893177,
            20.53306753487053,
            28.587665063112766,
            3.5167735374825337,
            28.932475979740325,
            28.68284459143648,
            17.923501058636685,
            14.028560736602866,
            28.608237871761947,
            -20.633507810790913,
            -20.557549927523027,
            26.99058707933198,
            -20.226083408689895,
            -12.011775009674864,
            25.566407475768894,
            -4.389028809387085,
            2.21260970104937,
            12.05086605249157,
            -10.557287627649956,
            -19.86888298299032,
            17.505129707685825
        ],
        [
            -7.693679011245953,
            -10.674070230061423,
            -2.088418325171805,
            25.390770825882576,
            1.4227159535508815,
            -9.800814733803868,
            -0.35773466801545917,
            -8.928617162845246,
            7.23757597253411,
            18.535584508003698,
            -6.055481020696545,
            -27.253301823487973,
            -16.775713427988503,
            20.481512156135928,
            -14.783321700350958,
            5.6522981220000545,
            -16.656361432229765,
            26.20303443884467,
            8.576791560931625,
            -2.2604195202334614,
            4.129187257250999,
            29.41532827356911,
            14.727757910779587,
            12.435543645933391,
            10.948178833242938,
            29.906664001413954,
            13.142923099698653,
            7.820317401790792,
            1.1656484893304562,
            -11.638460642628814
        ]
    ]
}