{
    "sampler": "Metro",
    "value": 8,
    "means_array": [
        [
            -4.0,
            0.0
        ],
        [
            4.0,
            0.0
        ]
    ],
    "case": "Warmup Samples",
    "dim": 2,
    "samples": [
        [
            26.39954224820287,
            18.688280775655908
        ],
        [
            16.70216150977325,
            24.881918238909407
        ],
        [
            -20.560483424606183,
            -1.576049709817468
        ],
        [
            -3.7095043327454547,
            20.48490907056655
        ]
    ]
}