{
    "sampler": "DEMetro_Z",
    "value": 10,
    "means_array": [
        [
            0.0,
            0.0,
            0.0,
            0.0,
            0.0,
            0.0,
            0.0,
            0.0,
            0.0,
            0.0
        ]
    ],
    "case": "Warmup Samples",
    "dim": 10,
    "samples": [
        [
            22.075322336367964,
            44.484885425287835,
            -32.42914130929492,
            -95.23534530667237,
            82.695073360979,
            95.31632587336301,
            -8.22589222484237,
            -42.29773553321651,
            -7.92485202652797,
            39.2267127397643
        ],
        [
            27.226529538898408,
            -93.30259378679983,
            -52.80522544786154,
            75.06622002610966,
            -22.047797910236035,
            -63.16623757772152,
            -99.1502903743546,
            -54.93068386916252,
            -33.493434859991574,
            -62.51039856632164
        ],
        [
            -23.7784563214975,
            10.56084133140501,
            50.968282209064455,
            -15.962521785329805,
            75.19780600675077,
            -79.45293862600697,
            -26.580858056379153,
            -72.22355034252111,
            20.908572660072423,
            -9.794985633254461
        ],
        [
            -88.25177334381232,
            -62.006394430080725,
            -31.82291310332207,
            44.30935390964317,
            -25.144388709993322,
            -57.034361453437974,
            -21.864538781866592,
            25.19649538108739,
            43.64115889650529,
            87.89902940090526
        ]
    ]
}