{
    "run_id": 1,
    "case": "unimodal",
    "dim": 30,
    "low": [
        -259.984459639834,
        -169.90812646556637,
        -187.1905587386036,
        -128.79468963104665,
        -135.2268864492049,
        -121.23289863797648,
        -111.76679960924129,
        -167.05357203526398,
        -242.97997487072755,
        -217.7428538902181,
        -117.27198754308009,
        -109.02325483866339,
        -121.19421780181693,
        -142.8471332978966,
        -128.44473978511468,
        -135.03565025539422,
        -108.7785114919784,
        -161.37905822688393,
        -113.20400050928347,
        -117.78353868424995,
        -170.82898235985266,
        -118.50607336418615,
        -116.01705381992923,
        -102.05387549385273,
        -229.65947754118773,
        -260.485951680816,
        -137.89710791679448,
        -270.7092180045106,
        -128.96869653432432,
        -172.21723299479365
    ],
    "high": [
        202.73257775903528,
        157.88952425963504,
        158.62931798041433,
        194.40099003939727,
        127.57331239306049,
        169.41478922535214,
        113.17113682957608,
        177.93058927763252,
        268.6010889809787,
        291.6013816564543,
        99.18365488270447,
        107.39586909498931,
        135.0079307636924,
        122.83853043985108,
        127.79897275446265,
        128.81433389746996,
        105.41837787093488,
        122.23238720632449,
        102.67068870664275,
        108.83164227022995,
        271.6430936517344,
        160.95106336269134,
        102.26711435614946,
        95.85869048800532,
        180.04000161257767,
        317.9929824150059,
        154.8661988452473,
        216.7776773828001,
        152.02460491578927,
        202.47313861373465
    ],
    "means_array": [
        [
            0.0,
            0.0,
            0.0,
            0.0,
            0.0,
            0.0,
            0.0,
            0.0,
            0.0,
            0.0,
            0.0,
            0.0,
            0.0,
            0.0,
            0.0,
            0.0,
            0.0,
            0.0,
            0.0,
            0.0,
            0.0,
            0.0,
            0.0,
            0.0,
            0.0,
            0.0,
            0.0,
            0.0,
            0.0,
            0.0
        ]
    ],
    "samples": [
        {
            "posterior": [
                -10.921250809325102,
                22.039085153826704,
                -100.51891584046282,
                165.27116595040002,
                97.8095023645563,
                -64.64487451344989,
                101.4815455470232,
                -29.303795654849893,
                45.96856955043447,
                254.2696045859256,
                -63.79742072203658,
                -103.8275592484533,
                -26.01866649907504,
                -62.70157610282767,
                -60.334394831876565,
                -51.200589940864816,
                -48.06660910641553,
                -15.498024277082209,
                -68.03945867432704,
                -6.3753303119404165,
                107.35250358032084,
                -49.18155386967531,
                -104.05417064939657,
                16.10718070253084,
                -179.01357328021408,
                289.2837910649672,
                -43.72732218089645,
                -20.051385210000944,
                -69.51051884904537,
                88.50373576191728
            ]
        }
    ]
}