{
    "sampler": "Metro",
    "value": 8,
    "means_array": [
        [
            -4.0,
            0.0
        ],
        [
            4.0,
            0.0
        ]
    ],
    "case": "Posterior Samples",
    "dim": 2,
    "samples": [
        [
            -4.020534720000861,
            0.48527178381892067
        ],
        [
            -8.06070961264569,
            2.059706265768835
        ],
        [
            1.2643202286784485,
            -19.120599755039375
        ],
        [
            1.0638069175293512,
            0.5077726451627312
        ]
    ]
}