{
    "sampler": "HMC",
    "value": 10,
    "means_array": [
        [
            -1.2489996118654334,
            0.0
        ],
        [
            1.2489996118654334,
            0.0
        ]
    ],
    "case": "Warmup Samples",
    "dim": 2,
    "samples": [
        [
            -2.96316661502132,
            24.032495992033553
        ],
        [
            -22.943747686459176,
            -14.44857908718477
        ],
        [
            -17.576924946797615,
            -26.80824550232103
        ],
        [
            4.117726148505182,
            8.00381433643192
        ]
    ]
}