mu,sampler,wasserstein_distance,swd_zscore,r_hat,ess,runtime
"(10, -10)",DEMetro,6.250823902761864,126.13084943816105,1.0334127926297956,275.9689651061391,8.341478824615479
"(20, 20)",DEMetro,5.037881986801864,38.904051292284386,1.0179855833086067,309.6163883234548,7.456425189971924
"(5, 5)",DEMetro,1.1559706072642864,20.63513975479012,1.0687304268752358,47.37058499436151,6.491447448730469
"(50, -50)",DEMetro,25.770481808812725,122.72414946702955,1.227223015872959,13.060857075738253,7.200226306915283
