mu,sampler,wasserstein_distance,swd_zscore,r_hat,ess,runtime
"(10, -10)",HMC,5.511176562256559,110.92684265227189,1.0011965638993445,3559.6163082512194,6.598515272140503
"(20, 20)",HMC,10.412035794892006,82.41327133025025,1.001411323206925,2260.689833476943,7.123744249343872
"(5, 5)",HMC,4.281045184245141,83.78287427657165,1.0833980158969883,36.3659658226285,6.359937429428101
"(50, -50)",HMC,18.13556608970685,85.72705709065731,1.0023364349469703,3507.532264152964,6.394386291503906
