mode_means,sampler,wasserstein_distance,r_hat,ess,chain_seeds,mode_distance
"(0, 8)",DEMetro,3.708131208521887,1.9350064988637188,9.781306979702707,"[91102, 880380, 415046, 536200]",8
"(0, 10)",DEMetro,0.9808176058688949,1.4563472651997778,20.786093418114564,"[91102, 880380, 415046, 536200]",10
"(0, 15)",DEMetro,6.973047547571724,1.516933378048088,11.549859519499904,"[91102, 880380, 415046, 536200]",15
"(0, 20)",DEMetro,10.031077311518473,1.1248720721064642,29.427942026950706,"[91102, 880380, 415046, 536200]",20
