{
    "sampler": "Metro",
    "value": 0.0,
    "means_array": [
        [
            0.0,
            0.0
        ]
    ],
    "case": "Warmup Samples",
    "dim": 2,
    "samples": [
        [
            123.53911255123022,
            -168.93583324152115
        ],
        [
            32.05409647241683,
            161.66646821148882
        ],
        [
            -14.405472350298082,
            35.04536515027236
        ],
        [
            -35.222830518253474,
            -51.16199563358112
        ]
    ]
}