{
    "sampler": "Metro",
    "value": 0.0,
    "means_array": [
        [
            -4.000000002,
            0.0
        ],
        [
            4.000000002,
            0.0
        ]
    ],
    "case": "Posterior Samples",
    "dim": 2,
    "samples": [
        [
            -3.448522294398253,
            0.3153123371283356
        ],
        [
            -3.687107361304241,
            -0.6352377957141067
        ],
        [
            5.687922287331073,
            5.257549156353982
        ],
        [
            -2.041115920956098,
            -0.7033104731694129
        ]
    ]
}