mu,sampler,wasserstein_distance,r_hat,ess,runtime
"(-10, 20, -30)",Metro,0.025841130801855294,1.0529174328500621,285.09226531221094,7.260035037994385
"(-5, 0, 5)",Metro,0.05809166785420131,1.0529174328500621,285.09226531221094,7.5809690952301025
"(0, 0, 0)",Metro,0.02866704150961722,1.0529174328500621,285.09226531221094,6.94053840637207
"(50, -50, 100)",Metro,0.028587541834969882,1.0529174328500621,285.09226531221094,7.267890214920044
