run_id,dimension_corr,sampler,wasserstein_distance,mmd_rff,r_hat,ess,runtime
23,2,SMC,0.03155911162927879,0.015473744599320589,1.0009102898654143,3730.3488178624366,1.2497475147247314
23,5,SMC,0.02904672624216815,0.025310561816921966,1.0006821967324642,3833.129831380236,1.7165250778198242
23,10,SMC,0.025719559394272097,0.020899352147166678,1.001463032300949,3665.8139352916796,2.306394100189209
23,15,SMC,0.03147089941768704,0.02313545011931785,1.0009962378601687,3632.0413173886814,2.75960373878479
23,20,SMC,0.02948996424083396,0.0210652958982895,1.0020760056982845,3775.019385621682,3.765434980392456
