{
    "sampler": "HMC",
    "value": 5,
    "means_array": [
        [
            -2.5,
            0.0
        ],
        [
            2.5,
            0.0
        ]
    ],
    "case": "Posterior Samples",
    "dim": 2,
    "samples": [
        [
            -3.162840911334143,
            -0.15848303983710563
        ],
        [
            2.785616035416556,
            0.45957590507092344
        ],
        [
            -2.352669514050463,
            0.20551867844165775
        ],
        [
            2.882328712048857,
            0.34860875789989215
        ]
    ]
}