run_id,dimension_corr,sampler,wasserstein_distance,mmd_rff,r_hat,ess,runtime
37,2,Metro,0.1085715573633251,0.0547414056253377,1.0522657431968907,81.10441993958548,1.191481113433838
37,5,Metro,0.21724632558590912,0.08679075518273927,1.1179362585390005,25.699124857040967,1.3688559532165527
37,10,Metro,0.1901268075780915,0.08935831269037439,1.3110771053107064,10.957556145099968,1.5791261196136475
37,15,Metro,0.45052271457638815,0.0890368030282602,1.5130294346886735,7.322783317087955,1.963597297668457
37,20,Metro,0.3977851912140355,0.06772593809575968,2.0986748762641714,5.304979210659056,2.259207010269165
