run_id,dimension_corr,sampler,wasserstein_distance,mmd_rff,r_hat,ess,runtime
37,2,SMC,0.019247841309028756,0.01273261739970538,1.000369920962992,3789.3798832070756,1.359745979309082
37,5,SMC,0.025900438274481033,0.01691894601820375,1.0005027483761444,3947.376971055772,1.9780609607696533
37,10,SMC,0.025528299899749474,0.02663820826369258,1.000110306207136,4096.055906782595,2.65322208404541
37,15,SMC,0.024614712646428796,0.023133205839058302,1.0007412811322898,3756.7642233052925,3.6105453968048096
37,20,SMC,0.02510904304271334,0.022911576359135887,1.0017638028472957,3796.874085590323,4.178779125213623
