{
    "sampler": "DEMetro_Z",
    "value": 18,
    "means_array": [
        [
            0.0,
            0.0,
            0.0,
            0.0,
            0.0,
            0.0,
            0.0,
            0.0,
            0.0,
            0.0,
            0.0,
            0.0,
            0.0,
            0.0,
            0.0,
            0.0,
            0.0,
            0.0
        ]
    ],
    "case": "Posterior Samples",
    "dim": 18,
    "samples": [
        [
            42.72041434757377,
            6.219858540056882,
            22.497277661389024,
            -22.266164088140822,
            15.904398480810215,
            57.975789323912124,
            45.4957674902458,
            38.75661644750463,
            -10.437438156006538,
            -23.562213375963783,
            6.040157168467776,
            2.6471343593925702,
            -2.4882638988348624,
            -36.72427507911722,
            -21.149931456631354,
            -26.963102264757353,
            0.3184347054922192,
            21.98068864421939
        ],
        [
            2.5633672689895444,
            0.564175747607834,
            5.5320689846483315,
            -17.69386837851701,
            -19.129879654333518,
            -2.517035161588302,
            19.881171585820653,
            10.137780294256265,
            10.513410821179802,
            7.265389417690169,
            -0.9489145827990626,
            19.188907742193297,
            -3.4483457900999395,
            1.4236396942978748,
            -1.6925614427465119,
            -10.510636655114709,
            12.512493069867759,
            13.084371581323822
        ],
        [
            -8.008002528977379,
            -26.298079057896548,
            -0.6421942343804616,
            -65.53924623447081,
            -13.83641662326036,
            29.270054845607625,
            -62.73263590090814,
            -11.849603511271797,
            -6.3071858597451484,
            -31.0373650661018,
            40.52421057702074,
            -1.3289488642601333,
            32.12278901270887,
            2.5967682262152882,
            -21.260238671089095,
            14.78022673737781,
            -11.017519426303771,
            -12.524876638940539
        ],
        [
            22.944396603478857,
            33.30721349262121,
            -34.16711601413073,
            -20.68808827787846,
            25.23545546531927,
            -38.554286277449364,
            21.121457312159926,
            -53.947197717894184,
            14.722663162525848,
            31.293420416595616,
            -42.10763104456476,
            -42.40691508127064,
            -30.06023956709325,
            -10.84960166774468,
            1.6344568055320208,
            -42.45790982563402,
            -64.53313853779186,
            21.86953373111519
        ]
    ]
}