{
    "sampler": "HMC",
    "value": 3,
    "means_array": [
        [
            0.0,
            0.0
        ],
        [
            16,
            0
        ]
    ],
    "case": "Posterior Samples",
    "dim": 2,
    "samples": [
        [
            0.010067154301784098,
            -0.7186031890519986
        ],
        [
            -0.8268468265198001,
            -0.09489413218761324
        ],
        [
            -0.17433488314312592,
            0.18259843137337892
        ],
        [
            -1.6225092719544854,
            -0.9585898121967453
        ]
    ]
}