{
    "sampler": "Metro",
    "value": 10,
    "means_array": [
        [
            0.0,
            0.0
        ]
    ],
    "case": "Warmup Samples",
    "dim": 2,
    "samples": [
        [
            17.56661494302837,
            -11.72234461116106
        ],
        [
            29.01523773185031,
            15.350049165998417
        ],
        [
            0.5457593450011404,
            18.362739906765622
        ],
        [
            2.092698938615026,
            -27.21652131580614
        ]
    ]
}