run_id,mu,sampler,wasserstein_distance,mmd_rff,r_hat,ess,runtime
1,"(0, 0, 0, 0, 0)",Metro,0.07208886362354358,0.030425305791690685,1.0316271111413569,212.29594527831182,1.3411839008331299
