{
    "sampler": "Metro",
    "value": 4,
    "means_array": [
        [
            0.0,
            0.0
        ]
    ],
    "case": "Posterior Samples",
    "dim": 2,
    "samples": [
        [
            0.6786686934029589,
            -0.25480581023035
        ],
        [
            2.9793984999687915,
            3.4839048477957157
        ],
        [
            -1.9942815939904013,
            -1.624006519255644
        ],
        [
            0.4751877659460224,
            -0.5338064218480654
        ]
    ]
}