{
    "sampler": "DEMetro_Z",
    "value": 0.0,
    "means_array": [
        [
            0.0,
            0.0
        ]
    ],
    "case": "Warmup Samples",
    "dim": 2,
    "samples": [
        [
            -50.539712329395535,
            53.41963138239643
        ],
        [
            -10.975638731840476,
            29.284631065825497
        ],
        [
            11.318925714961713,
            28.66971619045384
        ],
        [
            -67.52363226078413,
            -7.390027588597728
        ]
    ]
}