run_id,nu,sampler,wasserstein_distance,mmd_rff,r_hat,ess,runtime
69,0.5,HMC,1347.4916837183691,0.1976500680007649,1.1045557050983932,227.38021405426684,4.338001251220703
69,1.0,HMC,4.693138646132574,0.2865207441668329,1.1650641152979875,17.292221906289985,2.139134407043457
69,2.0,HMC,0.14452344793982524,0.03588896340897271,1.0044476912628426,1447.165029242718,1.1161534786224365
69,5.0,HMC,0.0548256226984198,0.026798348746654398,1.0008665567558936,1403.8929322591835,1.4366562366485596
69,10.0,HMC,0.05435987083198173,0.021093629476729544,1.0021088235507252,1654.6601932539818,1.0940675735473633
69,30.0,HMC,0.04208478601142019,0.021042883259435565,1.0037095818046402,1527.3022555603281,1.1014392375946045
69,100.0,HMC,0.02656038993639375,0.010467802546504156,1.0012746177003649,1640.326457708125,1.0928916931152344
69,500.0,HMC,0.05906142237347714,0.026551233400638415,1.001670886501125,1718.1584817149794,1.111238956451416
