run_id,nu,sampler,wasserstein_distance,mmd_rff,r_hat,ess,runtime
69,0.5,SMC,1358.3189787154754,0.044678801812266085,1.0428157116402128,906.300225007002,0.721686840057373
69,1.0,SMC,1.2767780842805565,0.047942528384818474,1.0529874046805914,432.72784063297075,0.7216348648071289
69,2.0,SMC,0.23468897094352287,0.06159723259556907,1.0354239180724054,245.9238604361984,0.7347064018249512
69,5.0,SMC,0.13882895278359364,0.03907516093497803,1.0335972802467535,160.89371514616465,0.7563445568084717
69,10.0,SMC,0.13361421412162702,0.05498060198989686,1.0326238230438158,149.99843280840292,0.7424514293670654
69,30.0,SMC,0.10922959379326047,0.04674913894113,1.040553894475103,120.91041152393788,0.7384116649627686
69,100.0,SMC,0.10226428238378597,0.041854720599254144,1.0457109567964054,91.86319357648792,1.461022138595581
69,500.0,SMC,0.11946206272675874,0.052459387925368535,1.0434163600324828,113.53207410004329,0.7582745552062988
