run_id,mu,sampler,wasserstein_distance,mmd_rff,swd_zscore,r_hat,ess,runtime
9,"(10, 20)",Metro,0.05082199865845398,0.03437532363126833,3.0174176700021547,1.0045129416859457,803.3255016857119,1.700063705444336
