dimension,mmd_rff_t_stat,mmd_rff_p_value,mmd_rff_paired_cohens_d
2,8.145661204216266,5.500114106988883e-06,2.351449844490876
5,16.096965566017122,5.4096875715561404e-09,4.646793701338061
10,30.013719991397853,6.633855732088364e-12,8.664214658207802
15,39.10566189529737,3.7034538350531874e-13,11.288832211044213
30,33.731178880054195,1.8598794937303656e-12,9.737352603241355
