dimension,mean_rmse_t_stat,mean_rmse_p_value,mean_rmse_paired_cohens_d
2,0.6652392811531219,0.5196019589539266,0.19203803902463404
5,-0.9582893797613842,0.3585058891373444,-0.27663431568339736
10,-8.477404446486437,3.748863446048193e-06,-2.4472158696041375
15,-10.567826126580707,4.245913881034522e-07,-3.0506686294652656
30,-13.350960407428355,3.857754217198057e-08,-3.8540902925843983
