dimension,mean_rmse_t_stat,mean_rmse_p_value,mean_rmse_paired_cohens_d
2,164.52806512509002,5.2421679346941266e-20,47.49516134460951
5,207.79338703340977,4.022870354514388e-21,59.98478396978162
10,187.01026807467827,1.281838316065653e-20,53.98521430706979
15,188.9319216099345,1.1455353656675772e-20,54.539947900004485
30,243.22813976265226,7.12007700508086e-22,70.21391598322961
