{
    "sampler": "Metro",
    "value": 5,
    "means_array": [
        [
            0.0,
            0.0,
            0.0,
            0.0,
            0.0
        ]
    ],
    "case": "Warmup Samples",
    "dim": 5,
    "samples": [
        [
            -0.7157259242505074,
            -34.684145067121904,
            10.087142905258743,
            -22.1753822060641,
            -2.6594858454983568
        ],
        [
            78.1518081499955,
            -33.5856308973093,
            -4.24285951415122,
            -41.156629806144295,
            -86.29124887128684
        ],
        [
            5.596581763792514,
            32.54435330147454,
            47.1464754737724,
            99.27147133529667,
            57.70608343820737
        ],
        [
            -4.460093323924789,
            -84.13238599028615,
            86.47085533629036,
            -39.25105448242743,
            -19.559663886945827
        ]
    ]
}