{
    "sampler": "DEMetro_Z",
    "value": 5,
    "means_array": [
        0
    ],
    "case": "Posterior Samples",
    "dim": 1,
    "samples": [
        -0.1899166871103031,
        -0.05845561821700436,
        -1.246328568508778,
        1.11316078755312
    ]
}