{
    "sampler": "HMC",
    "value": 4,
    "means_array": [
        [
            -4.000000002,
            0.0,
            0.0,
            0.0,
            0.0,
            0.0,
            0.0,
            0.0,
            0.0,
            0.0,
            0.0,
            0.0,
            0.0,
            0.0,
            0.0,
            0.0,
            0.0,
            0.0,
            0.0,
            0.0,
            0.0,
            0.0,
            0.0,
            0.0,
            0.0,
            0.0,
            0.0,
            0.0,
            0.0,
            0.0
        ],
        [
            4.000000002,
            0.0,
            0.0,
            0.0,
            0.0,
            0.0,
            0.0,
            0.0,
            0.0,
            0.0,
            0.0,
            0.0,
            0.0,
            0.0,
            0.0,
            0.0,
            0.0,
            0.0,
            0.0,
            0.0,
            0.0,
            0.0,
            0.0,
            0.0,
            0.0,
            0.0,
            0.0,
            0.0,
            0.0,
            0.0
        ]
    ],
    "case": "Posterior Samples",
    "dim": 30,
    "samples": [
        [
            -1.432548812041128,
            0.9345884805906104,
            -2.075235532468286,
            -0.9661901732370559,
            1.0863672166024296,
            1.080892477385073,
            0.7688739651557507,
            3.034167859444537,
            2.859256074703786,
            1.1934001549400175,
            -0.8854962265113628,
            0.19439860406936313,
            -2.8792600597917053,
            1.245163965026115,
            0.5708922094758486,
            1.195242762547563,
            0.23000355855816032,
            -2.9882166121262217,
            2.7949426553152743,
            -0.5603821750350162,
            -0.1724132431755083,
            2.535667417333443,
            0.09053805794240011,
            3.3170302175700095,
            0.24389415556048824,
            0.286968597019575,
            0.7381496988546087,
            -1.4688056264544445,
            1.5833558941311792,
            1.9123230029662295
        ],
        [
            3.7848817723840518,
            2.0389108288214173,
            2.5678609530248955,
            -0.36897569333733893,
            -0.9639712056029237,
            -1.7820020256365048,
            -0.44390485504104604,
            1.6189587401761973,
            -1.2210266959570035,
            -2.4026073492978064,
            1.0458033694659896,
            3.2043247692428607,
            -0.5686177494701738,
            0.6563766336334291,
            -2.3388047565571193,
            0.21596776818659008,
            0.21442113495377027,
            0.3922026889573711,
            -0.10810739521139245,
            2.605735608918874,
            1.047960275383359,
            5.593748977856396,
            -0.25379362681365886,
            1.5114228014915176,
            -1.3017489295387832,
            -0.6222258939910006,
            -1.6096561331309276,
            0.10834664098009313,
            -2.123573817885678,
            0.00944916319189192
        ],
        [
            -3.085140248546674,
            -1.3042936090275064,
            -0.6877305826669942,
            -1.5494860587651793,
            -0.03981575806683501,
            -0.2272155659453128,
            0.3010447293839983,
            -1.4512052211611541,
            -1.157376060371341,
            1.2453087915077723,
            -0.34832992305932065,
            -0.7863635726992776,
            0.6134327503194239,
            0.11163050413414215,
            -1.0135374703331255,
            -0.6703955145480269,
            -0.7898243059794761,
            0.7949828561709129,
            -0.7346284641913116,
            0.4351855595551935,
            0.8033824837944721,
            1.277697233620005,
            -1.212079624016365,
            -0.18979170387818117,
            -0.8489436681581604,
            1.0335134669289991,
            0.38214375090155794,
            1.2428489455576703,
            -0.768335530328224,
            -2.6199149101603756
        ],
        [
            5.423518620054969,
            -0.5154683708888523,
            -1.2099978250528085,
            -2.3471892892938095,
            1.0940596491388783,
            -0.9154242525488864,
            -0.2249470552956739,
            -0.6787283133479544,
            0.14597526199199518,
            0.1546157501808295,
            -1.3863872726727382,
            1.086011907606642,
            -0.10150266117997138,
            -0.6007937177904441,
            -0.8401788715267071,
            -0.9558952323374854,
            1.662891712511846,
            0.34898757748322534,
            -1.1249031123316624,
            0.3380726281638183,
            0.032043402974584904,
            -0.06882956986054738,
            0.9261387801323757,
            -0.3131410107232724,
            0.009940361248413064,
            0.049700427397756736,
            -0.7793934641285643,
            -0.1328517549280217,
            -1.2213977420552518,
            0.5177575028255614
        ]
    ]
}