{
    "run_id": 1,
    "case": "multimodal",
    "dim": 30,
    "means_array": [
        [
            0.0,
            0.0,
            0.0,
            0.0,
            0.0,
            0.0,
            0.0,
            0.0,
            0.0,
            0.0,
            0.0,
            0.0,
            0.0,
            0.0,
            0.0,
            0.0,
            0.0,
            0.0,
            0.0,
            0.0,
            0.0,
            0.0,
            0.0,
            0.0,
            0.0,
            0.0,
            0.0,
            0.0,
            0.0,
            0.0
        ],
        [
            13.0,
            0.0,
            0.0,
            0.0,
            0.0,
            0.0,
            0.0,
            0.0,
            0.0,
            0.0,
            0.0,
            0.0,
            0.0,
            0.0,
            0.0,
            0.0,
            0.0,
            0.0,
            0.0,
            0.0,
            0.0,
            0.0,
            0.0,
            0.0,
            0.0,
            0.0,
            0.0,
            0.0,
            0.0,
            0.0
        ]
    ],
    "min_mode": [
        0.0,
        0.0,
        0.0,
        0.0,
        0.0,
        0.0,
        0.0,
        0.0,
        0.0,
        0.0,
        0.0,
        0.0,
        0.0,
        0.0,
        0.0,
        0.0,
        0.0,
        0.0,
        0.0,
        0.0,
        0.0,
        0.0,
        0.0,
        0.0,
        0.0,
        0.0,
        0.0,
        0.0,
        0.0,
        0.0
    ],
    "max_mode": [
        13.0,
        0.0,
        0.0,
        0.0,
        0.0,
        0.0,
        0.0,
        0.0,
        0.0,
        0.0,
        0.0,
        0.0,
        0.0,
        0.0,
        0.0,
        0.0,
        0.0,
        0.0,
        0.0,
        0.0,
        0.0,
        0.0,
        0.0,
        0.0,
        0.0,
        0.0,
        0.0,
        0.0,
        0.0,
        0.0
    ],
    "border": [
        69.87193958545541,
        71.70094469225857,
        52.23860267119482,
        58.03660614500038,
        73.8138595904932,
        56.16376849307785,
        51.27590615244184,
        35.883584617054126,
        76.81518337821447,
        82.89110799538749,
        61.25194058202676,
        90.75130699724946,
        84.15020262625927,
        69.21251935379968,
        62.61197140235642,
        69.27494953950116,
        56.72149145212658,
        48.95744865151632,
        59.637969063234344,
        50.63568148257626,
        61.53943113101688,
        48.62453785592375,
        73.04878413084842,
        58.843856833656304,
        62.82216984854498,
        60.99677466521818,
        75.22678306280619,
        63.340096106589826,
        70.54119655590358,
        58.21638094871986
    ],
    "low": [
        -88.60640007991867,
        -123.55093869827824,
        -85.3495877570353,
        -79.16270723209801,
        -122.47414849144943,
        -89.76549300920551,
        -81.29315845176862,
        -56.99768958342912,
        -108.73783231737988,
        -136.66492692284626,
        -89.6418686495861,
        -120.9858447679872,
        -133.1062699534126,
        -94.93947274590215,
        -102.49860844394784,
        -108.3119387932314,
        -82.29310826851325,
        -69.51886010839304,
        -85.80771074854755,
        -79.65621982275718,
        -83.11007823933606,
        -74.794920482641,
        -108.32301493741933,
        -97.88657237549015,
        -84.02548465904438,
        -81.80222478252963,
        -102.59447435236194,
        -106.55418510287538,
        -116.37556574874927,
        -91.13997992873291
    ],
    "high": [
        121.00941867644754,
        91.55189537849748,
        71.36622025654916,
        94.9471112029031,
        98.96743028003017,
        78.72581247002805,
        72.53456000555691,
        50.65306426773325,
        121.70771781726353,
        112.00839706331621,
        94.11395309649419,
        151.26807622376117,
        119.34433792536521,
        112.69808531549688,
        85.3373057631214,
        99.51290982527209,
        87.87136608786648,
        77.35348584615592,
        93.10619644115549,
        72.25082462497159,
        101.50821515371459,
        71.07869308513024,
        110.82333745512591,
        78.64499812547876,
        104.44102488659055,
        101.18809921312493,
        123.08587483605663,
        83.46610321689411,
        95.24802391896148,
        83.50916291742666
    ],