{
    "sampler": "Metro",
    "value": 0.3,
    "means_array": [
        [
            0.0,
            0.0
        ],
        [
            13,
            0
        ]
    ],
    "case": "Warmup Samples",
    "dim": 2,
    "samples": [
        [
            13.585622207500384,
            21.69466394727764
        ],
        [
            8.85638227164025,
            10.969742018730386
        ],
        [
            12.214735181586295,
            16.158306825716807
        ],
        [
            20.632265780236803,
            25.604772010820568
        ]
    ]
}