dimension,mmd_rff_t_stat,mmd_rff_p_value,mmd_rff_paired_cohens_d
2,-2.8815373232825285,0.007373680495602907,-0.5260943307516324
10,1.251727729297828,0.22067175241476777,0.2285331710637135
15,-0.4263821650560493,0.6729778456238826,-0.0778463766396964
20,0.7381090824695831,0.4663796196871367,0.13475966478934387
25,3.224581470771417,0.0031162194103941275,0.5887253366848969
30,5.370887052376753,9.051093659764494e-06,0.9805853307997261
40,6.389409440979084,5.504585320597716e-07,1.1665412266535726
60,19.270146781448084,4.4855138056032056e-18,3.5182313595448966
100,90.54419243451673,3.992936580060299e-37,16.53103221582447
