{
    "sampler": "Metro",
    "value": 18,
    "means_array": [
        [
            -9.0,
            0.0
        ],
        [
            9.0,
            0.0
        ]
    ],
    "case": "Posterior Samples",
    "dim": 2,
    "samples": [
        [
            7.581045265314705,
            -0.4028293570109688
        ],
        [
            8.826997797274469,
            -0.8482768120320696
        ],
        [
            -6.6005699463914205,
            -0.4331244756479302
        ],
        [
            9.82083960857554,
            0.8749345817952194
        ]
    ]
}