run_id,mu,sampler,wasserstein_distance,mmd_rff,swd_zscore,r_hat,ess,runtime
16,"(10, 10, 10, 10, 10, 20, 20, 20, 20, 20, 30, 30, 30, 30, 30, 40, 40, 40, 40, 40)",HMC,0.022694880978518794,0.018851130091293702,-0.2906135200183719,1.0019488563814436,6640.236160109557,9.493303060531616
