run_id,mu,sampler,wasserstein_distance,mmd_rff,swd_zscore,r_hat,ess,runtime
13,"(10, 10, 10, 10, 10, 20, 20, 20, 20, 20, 30, 30, 30, 30, 30, 40, 40, 40, 40, 40)",DEMetro,4.029027704321023,0.4006098320461571,1797.6504559760467,19.441364551953953,6.065592430730543,2.329834461212158
