run_id,mu,sampler,wasserstein_distance,mmd_rff,swd_zscore,r_hat,ess,runtime
13,"(10, 10, 10, 10, 10, 20, 20, 20, 20, 20, 30, 30, 30, 30, 30, 40, 40, 40, 40, 40)",Metro,0.08750682566369093,0.025129974470034497,28.795351695961422,1.1016089437460348,48.451600512782505,4.203973293304443
