{
    "run_id": 1,
    "case": "unimodal",
    "dim": 25,
    "low": [
        -10.11571165362588,
        -10.162018266243937,
        -9.865197477455832,
        -10.209635608175008,
        -10.031714795824849,
        -10.315333080665804,
        -9.57803371249793,
        -9.667756082189829,
        -10.006896926678486,
        -9.76890306800742,
        -9.742947642841818,
        -9.829431707986423,
        -9.68566688379814,
        -10.340309327912129,
        -9.873721301450987,
        -10.507611394913297,
        -10.066930425842216,
        -9.635981469947717,
        -10.047586876269035,
        -9.765867070297626,
        -9.36452655609163,
        -9.607288147959324,
        -9.940780615037998,
        -9.925884771216174,
        -9.888767720337999
    ],
    "high": [
        9.88428834637412,
        9.837981733756063,
        10.134802522544168,
        9.790364391824992,
        9.968285204175151,
        9.684666919334196,
        10.42196628750207,
        10.332243917810171,
        9.993103073321514,
        10.23109693199258,
        10.257052357158182,
        10.170568292013577,
        10.31433311620186,
        9.659690672087871,
        10.126278698549013,
        9.492388605086703,
        9.933069574157784,
        10.364018530052283,
        9.952413123730965,
        10.234132929702374,
        10.63547344390837,
        10.392711852040676,
        10.059219384962002,
        10.074115228783826,
        10.111232279662001
    ],
    "means_array": [
        [
            0.0,
            0.0,
            0.0,
            0.0,
            0.0,
            0.0,
            0.0,
            0.0,
            0.0,
            0.0,
            0.0,
            0.0,
            0.0,
            0.0,
            0.0,
            0.0,
            0.0,
            0.0,
            0.0,
            0.0,
            0.0,
            0.0,
            0.0,
            0.0,
            0.0
        ]
    ],
    "samples": [
        {
            "posterior": [
                8.31605382322321,
                -0.5446701157789349,
                5.919341552874775,
                5.92013164393695,
                -0.5529632742996657,
                -1.8821632381024056,
                -7.254873114461755,
                4.04245878607945,
                4.860344055545129,
                7.042475423562001,
                1.0951731808950491,
                7.0785287192020725,
                -3.724387547364735,
                -8.6974244277283,
                -4.845411223164258,
                2.2765113363191922,
                -3.8686933789059683,
                1.7192701853602728,
                -0.04661221561482343,
                -9.048122351383231,
                -1.058140669063718,
                -2.494561449005637,
                -0.7346900261203793,
                0.06728256494365148,
                -9.148303630527883
            ]
        }
    ]
}