{
    "sampler": "Metro",
    "value": 18,
    "means_array": [
        0,
        18
    ],
    "case": "Warmup Samples",
    "dim": 1,
    "samples": [
        19.45561250586978,
        6.166722947731542,
        19.31794847341796,
        12.732629941589305
    ]
}