num_chains,sampler,wasserstein_distance,r_hat,ess,chain_seeds
4,HMC,0.3480443822259837,1.7548714192001542,8.823358500271711,"[279297, 131822, 17961, 677658]"
5,HMC,0.8213668734421866,1.6619731079926818,12.863573384801686,"[279297, 131822, 17961, 677658, 969309]"
8,HMC,1.7866296274975422,1.656494044032675,33.27259735787944,"[279297, 131822, 17961, 677658, 969309, 121832, 296535, 506329]"
