{
    "sampler": "DEMetro_Z",
    "value": 0.3,
    "means_array": [
        [
            0.0,
            0.0
        ]
    ],
    "case": "Warmup Samples",
    "dim": 2,
    "samples": [
        [
            -107.04862488346839,
            79.19942184956929
        ],
        [
            -62.570360584905835,
            -57.8588494648229
        ],
        [
            -85.36285973383937,
            75.36793809866833
        ],
        [
            4.934535194798845,
            56.87760903961861
        ]
    ]
}