run_id,mu,sampler,wasserstein_distance,mmd_rff,swd_zscore,r_hat,ess,runtime
15,"(10, 10, 10, 10, 10, 20, 20, 20, 20, 20, 30, 30, 30, 30, 30, 40, 40, 40, 40, 40)",HMC,0.025014382229086977,0.01801608224478509,0.7503201075739291,1.002275801833171,6798.855972845813,9.34198784828186
