{
    "sampler": "HMC",
    "value": 30,
    "means_array": [
        [
            0.0,
            0.0,
            0.0,
            0.0,
            0.0,
            0.0,
            0.0,
            0.0,
            0.0,
            0.0,
            0.0,
            0.0,
            0.0,
            0.0,
            0.0,
            0.0,
            0.0,
            0.0,
            0.0,
            0.0,
            0.0,
            0.0,
            0.0,
            0.0,
            0.0,
            0.0,
            0.0,
            0.0,
            0.0,
            0.0
        ]
    ],
    "case": "Posterior Samples",
    "dim": 30,
    "samples": [
        [
            -1.8198646036729025,
            -1.6653312515341676,
            -2.0645842281569924,
            -2.3060856558692207,
            -2.12758695440492,
            -1.7034908865924818,
            -2.2991066723829667,
            -2.2375955569162245,
            -1.880428935642505,
            -1.4083294232932595,
            -0.9329587346351932,
            -2.341634932607488,
            -2.1622535433579793,
            -1.8948643754477679,
            -1.64659763958777,
            -2.336671120178434,
            -1.900281107260203,
            -1.8485865926792182,
            -1.394950060601023,
            -2.1547198862275794,
            -1.7458508829584334,
            -1.4862429568126818,
            -1.9450261519899283,
            -1.673545011185758,
            -1.872631659271469,
            -1.8194723800122212,
            -1.2780174264136166,
            -2.02282504163255,
            -2.0384013170746003,
            -2.317261390206306
        ],
        [
            -0.19877366627044926,
            0.25982301948703224,
            -0.04824239411845054,
            0.4062081328957659,
            0.412256838116639,
            0.32676548467602173,
            0.24564262008316073,
            0.5587994553136243,
            0.22655958493191053,
            0.31490163561264745,
            0.18986546325167816,
            0.6056001104762585,
            0.5038657850023017,
            -0.19629128978158175,
            0.4130926950634214,
            0.24351141127293457,
            0.564004146134451,
            0.28221104317254253,
            0.4367189713880839,
            0.9246201258054103,
            0.3722530667888603,
            0.5894875710166023,
            -0.05944965797600601,
            0.33088289865150433,
            0.26019395303379084,
            0.29241815020759376,
            0.10809073191743461,
            0.5376122161719236,
            0.4861357154404451,
            0.5738871220891493
        ],
        [
            -2.1108192306216442,
            -1.208284747881669,
            -0.9108280139508771,
            -0.3755004613565386,
            -1.8672490941938558,
            -1.1902253137257195,
            -0.4305237492113917,
            -1.2162875566447064,
            -1.0074325145542897,
            -0.9765152570257725,
            -0.8744508503603325,
            -0.7806422178307327,
            -1.0942905937229772,
            -0.9219021478653396,
            -1.6355141064598453,
            -0.5337059403333902,
            -0.3714531236055201,
            -0.3467861519903045,
            -0.7870260683411161,
            -0.47149767958799316,
            -1.110320278344287,
            -0.6561488284619293,
            -0.9717690875536802,
            -0.6217067984249617,
            0.039782114266330264,
            -0.34569298605280757,
            -0.4377016405698841,
            -0.3861995265005232,
            -1.23020052725336,
            0.168216802915258
        ],
        [
            2.132873748567747,
            3.014903881721307,
            2.7691442538190962,
            3.097844124460858,
            2.2468387696223067,
            2.655425744739953,
            3.085984570308431,
            2.895696771369594,
            3.5976429351393078,
            3.775941943209967,
            3.8493178111030595,
            1.8567338351172267,
            3.354217880876952,
            3.504420258068445,
            2.1158480616222484,
            1.7243075425322096,
            2.4674435082555806,
            2.1849538941147273,
            2.993731236915895,
            2.9453769347668644,
            2.9108966385879165,
            2.229731592787947,
            2.570510421386735,
            3.0184733388865492,
            4.955119286629724,
            2.8284813704139418,
            2.5307483910155377,
            3.5642601167690984,
            3.170862265304826,
            2.3951474832789836
        ]
    ]
}