{
    "sampler": "HMC",
    "value": [
        0,
        0,
        0,
        0,
        0
    ],
    "means_array": [
        [
            0,
            0,
            0,
            0,
            0
        ]
    ],
    "case": "Warmup Samples",
    "dim": 5,
    "samples": [
        [
            -26.509922687850146,
            -36.77677909453661,
            86.79838589390967,
            -52.89133202240563,
            38.995666752794236
        ],
        [
            47.15501969421755,
            45.32365198917041,
            38.623127659858106,
            -63.9783784590678,
            -43.3416714275539
        ],
        [
            -86.3575009790594,
            -11.073247823543344,
            -8.040885369010166,
            7.817286857033524,
            30.08881629393646
        ],
        [
            -73.34137061677187,
            14.797051979075256,
            28.79746889140943,
            42.64456351894656,
            -55.42479744864401
        ]
    ]
}