{
    "sampler": "DEMetro_Z",
    "value": 15,
    "means_array": [
        [
            0.0,
            0.0,
            0.0,
            0.0,
            0.0,
            0.0,
            0.0,
            0.0,
            0.0,
            0.0,
            0.0,
            0.0,
            0.0,
            0.0,
            0.0
        ]
    ],
    "case": "Warmup Samples",
    "dim": 15,
    "samples": [
        [
            1.8078939493590385,
            -9.862325737099793,
            3.9771971371393846,
            15.367812750538581,
            -26.73377760273992,
            13.066933218469098,
            -7.376634193715091,
            -4.274838384305512,
            -27.014564890751643,
            20.28410506180565,
            24.123954287291493,
            6.182180226831026,
            18.05165519412425,
            -9.519612540602834,
            -24.141000901417254
        ],
        [
            -8.343421707057926,
            1.7722118175507109,
            23.99612806893113,
            -18.642092716702834,
            -26.116688861963972,
            23.838716929558004,
            29.147509036991714,
            -20.291720660634006,
            -21.223528948228243,
            16.411680878476474,
            -26.130844566354103,
            -17.193488602807975,
            -11.27202603388821,
            -24.182665872252276,
            -13.418047375519441
        ],
        [
            -10.960124586126334,
            8.402300346843905,
            3.914280536830094,
            -0.2102860066742251,
            -26.99212732603397,
            18.726588547922713,
            -15.836494798044352,
            10.399646260097683,
            4.2895283805985125,
            28.14936554361151,
            -7.325865498991272,
            -5.459052126249447,
            13.90239140945767,
            5.961114043875657,
            -12.521843653222627
        ],
        [
            -0.8422161959300366,
            -6.07125891232915,
            -7.98232332409876,
            5.485212329271509,
            -21.32798197463292,
            21.731382886004926,
            -25.418971520204625,
            -7.9861489287525425,
            -4.283035876729642,
            -2.480791531418065,
            -18.312640802599073,
            -15.054919775237341,
            15.469072144773527,
            4.997416662898857,
            -11.93868511142853
        ]
    ]
}