{
    "sampler": "DEMetro_Z",
    "value": 10,
    "means_array": [
        [
            0.0,
            0.0
        ]
    ],
    "case": "Warmup Samples",
    "dim": 2,
    "samples": [
        [
            -28.934116632106274,
            28.12243121104438
        ],
        [
            -2.398008234814134,
            -21.73293682479705
        ],
        [
            -1.3382618615697344,
            -6.412422888406953
        ],
        [
            4.793929648941834,
            4.003310022540156
        ]
    ]
}