dimension,ws_t_stat,ws_p_value,ws_paired_cohens_d
30,-1.6481088554167656,0.24109590812198195,-0.9515360913286757
