{
    "sampler": "HMC",
    "value": 30,
    "means_array": [
        [
            0.0,
            0.0,
            0.0,
            0.0,
            0.0,
            0.0,
            0.0,
            0.0,
            0.0,
            0.0,
            0.0,
            0.0,
            0.0,
            0.0,
            0.0,
            0.0,
            0.0,
            0.0,
            0.0,
            0.0,
            0.0,
            0.0,
            0.0,
            0.0,
            0.0,
            0.0,
            0.0,
            0.0,
            0.0,
            0.0
        ]
    ],
    "case": "Warmup Samples",
    "dim": 30,
    "samples": [
        [
            -37.10883524104029,
            34.133706000700926,
            64.93768089641921,
            -42.74296291431894,
            58.32027798648402,
            -65.2240978295521,
            -65.5390912096978,
            19.573557056399338,
            -56.19532656695495,
            81.63889721890742,
            91.26796561179184,
            -33.240114362277225,
            1.8035343727781241,
            -49.57868122741131,
            84.56788964554299,
            67.20764448310408,
            48.85667674382279,
            -46.451351815078134,
            16.9667079449044,
            -82.89752415726517,
            63.08274736920123,
            50.0529757330411,
            -2.9638077162694016,
            37.11520588805481,
            -7.854802391293704,
            96.86498807383758,
            -69.06284237828571,
            20.912614142383028,
            -77.17525302192402,
            -12.000942147132456
        ],
        [
            84.7890100077548,
            -14.046633968349315,
            88.4451441639889,
            -11.860141925604779,
            39.628678833603935,
            -54.6182060382368,
            -71.87369550136032,
            66.98137824896843,
            83.66403858252801,
            -4.21131660832793,
            -81.71810379661795,
            0.6719640042046604,
            -18.390021502993367,
            26.689960841335097,
            13.75064073861602,
            -81.41615891877827,
            -85.338001921528,
            56.022645536870975,
            31.1056100369561,
            51.853837023003656,
            -88.61775218956015,
            -90.83406003030048,
            79.28682218592327,
            21.124764658336346,
            88.69936078828303,
            -1.828173182621334,
            -90.28860040305241,
            61.928397162225465,
            54.407365042668786,
            90.36314579827224
        ],
        [
            66.13359529808223,
            88.80009282076459,
            -69.32614910691683,
            -44.95238031736551,
            -41.50641572932101,
            -66.36100998006242,
            -34.76020502189128,
            -84.2701801231347,
            66.86039722259065,
            -110.04265036988437,
            -10.195214899261918,
            8.250587448283376,
            -53.58777993167118,
            79.29670098412,
            73.5892257641163,
            -85.22805639817507,
            28.047187431274164,
            26.85449284589236,
            53.2796633599027,
            84.1490350175289,
            -63.28894574970086,
            -4.263586455103639,
            -6.446578975746249,
            -58.64921185068743,
            48.59684422788595,
            117.3885038501217,
            -71.88240133738472,
            -16.351745457817987,
            -90.04576682882988,
            -32.76536253209671
        ],
        [
            53.95193672404215,
            -100.08310828441637,
            -75.73614067104242,
            27.43649212034064,
            -16.698672765971125,
            17.328358861053406,
            28.12071165901548,
            62.85188421038777,
            67.30285542598823,
            84.2802281160597,
            91.21740112444826,
            -71.75090684054966,
            33.941586787866946,
            -70.32421064616517,
            3.8836398170812134,
            -38.05155434050986,
            -3.5263325791799036,
            -60.97630881967195,
            93.43097855575046,
            56.43434209701567,
            -5.46293045070396,
            89.62508220081375,
            -39.289499252758155,
            9.441256892801846,
            -13.495749798933845,
            83.12281697754517,
            26.877269587130847,
            83.32699147446763,
            -94.51835980245964,
            60.09229899671776
        ]
    ]
}