{
    "sampler": "DEMetro_Z",
    "value": 10,
    "means_array": [
        [
            0.0,
            0.0
        ],
        [
            16,
            0
        ]
    ],
    "case": "Posterior Samples",
    "dim": 2,
    "samples": [
        [
            -0.3541423862749191,
            1.6346158929240684
        ],
        [
            16.131319594816365,
            1.0689472483659241
        ],
        [
            -0.0651647150855906,
            -0.35952339469152306
        ],
        [
            14.173173575089665,
            1.0121545236839318
        ]
    ]
}