num_samples,sampler,wasserstein_distance,r_hat,ess,chain_seeds
100,HMC,1.6956497865873748,1.5780889291894902,10.82034569068325,"[450460, 564095, 639376, 676652]"
200,HMC,1.4117323407397986,1.5209485362754371,8.367840418188942,"[450460, 564095, 639376, 676652]"
300,HMC,1.8408279665641678,1.372122315223809,9.41971532648911,"[450460, 564095, 639376, 676652]"
