run_id,mu,sampler,wasserstein_distance,mmd_rff,r_hat,ess,runtime
31,"(10, 10)",SMC,0.06362266238756364,0.018405036262406436,1.0006305858881939,3964.3762464411197,2.4483296871185303
31,"(2, 2)",SMC,0.08133470600259658,0.022891186327410218,1.0003318607625784,3546.9916690309856,2.2493715286254883
31,"(20, 20)",SMC,0.1840015850423886,0.015632986935601056,1.0007088305392529,3885.685280466189,3.750067949295044
31,"(40, 40)",SMC,0.13883629493260163,0.01527772334678503,1.0004126421954225,3717.848432453838,3.491856336593628
31,"(5, 5)",SMC,0.07039754690432035,0.018081510802718376,1.000894927755756,3875.6220259218644,4.091157913208008
