{
    "sampler": "Metro",
    "value": 2,
    "means_array": [
        2
    ],
    "case": "Posterior Samples",
    "dim": 1,
    "samples": [
        -2.6953558703777984,
        2.1737030941692304,
        -1.5187620000767559,
        3.7473912671785623
    ]
}