{
    "run_id": 1,
    "case": "multimodal",
    "dim": 2,
    "means_array": [
        [
            -7.5,
            0.0
        ],
        [
            7.5,
            0.0
        ]
    ],
    "min_mode": [
        -7.5,
        0.0
    ],
    "max_mode": [
        7.5,
        0.0
    ],
    "border": [
        20.8509176249294,
        20.0
    ],
    "low": [
        -31.31531194033666,
        -30.345972933325918
    ],
    "high": [
        31.23744093445155,
        29.654027066674082
    ],
    "samples": [
        {
            "posterior": [
                -18.95107535475585,
                4.790319438910515
            ]
        }
    ]
}