run_id,alpha,sampler,wasserstein_distance,mmd_rff,r_hat,ess,runtime
62,0,SMC,0.09003967020327416,0.049368208251037375,1.0299107926579452,143.55635097082134,1.4616522789001465
62,2,SMC,0.09234863129002813,0.0662081249552199,1.15336757725971,83.05432361483228,0.7638463973999023
62,4,SMC,0.0850782524194818,0.06153592248781324,1.1303506232889082,64.46231518700499,1.613431692123413
62,6,SMC,0.08844344786289934,0.06664759764575678,1.127403196698394,60.58814672310102,0.7969052791595459
62,8,SMC,0.0656679384604891,0.0472312007324079,1.1168571126635596,56.003739393543135,1.5224554538726807
62,10,SMC,0.07315803561314563,0.053531877721334026,1.1429804455219545,53.24562220285992,0.7905921936035156
62,80,SMC,0.08432701507153158,0.047761539819726195,1.131480422023615,36.448683755270416,0.7812490463256836
62,100,SMC,0.0839141725058771,0.04936254353608841,1.1823193577023818,35.29609675063216,0.7780871391296387
