{
    "run_id": 1,
    "case": "unimodal",
    "dim": 30,
    "low": [
        -462.0739094952245,
        -427.04241699967116,
        -480.48688273104153,
        -369.0180266134216,
        -416.27067170258437,
        -400.45245872915615,
        -447.02938978083785,
        -402.3000718840058,
        -476.5249008670495,
        -398.53751678375227,
        -423.7093861709591,
        -467.98235522790935,
        -429.1490155556003,
        -454.00428992980414,
        -522.974469652613,
        -523.903631139551,
        -560.5825522155783,
        -454.826213724464,
        -493.8414475026133,
        -430.3255361239874,
        -423.01930017445324,
        -457.5695113232955,
        -402.9586920730172,
        -490.00450101516185,
        -381.33304492252154,
        -459.19277918357767,
        -498.35900056070716,
        -457.89321174723955,
        -562.2039934626439,
        -408.75229963546406
    ],
    "high": [
        310.7122774373777,
        263.6183159092269,
        306.1779026984553,
        247.64062648131534,
        272.832098513046,
        267.28499266602745,
        298.0461299721185,
        261.8779717943517,
        295.24141535683907,
        264.5717749775968,
        243.54790943914279,
        291.9013594304831,
        283.75918797190184,
        292.4315912979741,
        317.1985636791231,
        344.39670841252354,
        339.498465704596,
        294.57898179391884,
        318.56381659895595,
        264.1283944622979,
        281.1234411155698,
        284.1085930817054,
        250.96020543256134,
        306.2785464062795,
        227.46793000089062,
        283.6799690295678,
        316.6021857984028,
        301.1624509381565,
        334.12348673742247,
        251.76546784000888
    ],
    "means_array": [
        [
            0.0,
            0.0,
            0.0,
            0.0,
            0.0,
            0.0,
            0.0,
            0.0,
            0.0,
            0.0,
            0.0,
            0.0,
            0.0,
            0.0,
            0.0,
            0.0,
            0.0,
            0.0,
            0.0,
            0.0,
            0.0,
            0.0,
            0.0,
            0.0,
            0.0,
            0.0,
            0.0,
            0.0,
            0.0,
            0.0
        ]
    ],
    "samples": [
        {
            "posterior": [
                90.30909521485114,
                -150.61362894771918,
                217.63794024157573,
                -318.90818574453886,
                188.29199778967137,
                -208.95600118476997,
                46.7776132167628,
                -193.10154612136003,
                -337.38024371777726,
                -16.612927146204697,
                -45.18062512165329,
                -406.281388282863,
                210.44070733379442,
                -250.45083892852057,
                -305.1621968676678,
                141.06232622301343,
                11.819218627951273,
                -240.3252929776202,
                275.3113795972306,
                110.17305334253479,
                -268.53156576991273,
                -104.45772872795135,
                83.94944182186555,
                -373.1270798149803,
                -73.52886586820404,
                -10.194852521916744,
                73.79788072870849,
                84.48688615213257,
                -217.19955237586277,
                -179.3815591815771
            ]
        },
        {
            "posterior": [
                19.810544650162797,
                -127.54375241821703,
                -28.89278317472963,
                222.3237161324488,
                -127.49858086914492,
                71.56644566263788,
                161.97781606891,
                -321.8390411705582,
                -129.52282877243283,
                -259.2528162958772,
                -70.55992987098006,
                -319.4657152713816,
                235.82532514324976,
                31.306013199587767,
                202.4704785001228,
                -9.698119640777463,
                -128.09061139364024,
                136.22414856794097,
                270.3423896157967,
                -137.9328985359221,
                -60.188103369016005,
                -277.84257157265483,
                -182.93876723898484,
                -22.012923542702254,
                29.337467762026677,
                144.78643689265635,
                -393.2629459953432,
                -275.6735139890761,
                -262.9528015648667,
                210.38974233043234
            ]
        },
        {
            "posterior": [
                -138.10953540217844,
                132.66632717776992,
                -74.79543888882819,
                -365.18460128520957,
                -84.53604899691152,
                -69.2153168536546,
                -93.92484992251548,
                -341.18032974756477,
                -110.71845817239489,
                -161.32000702074438,
                -406.87922950873985,
                -219.98602387139954,
                15.956779709304271,
                180.14425426445962,
                6.050347729221016,
                -473.5540319877877,
                -232.4486814457362,
                -253.94400443301396,
                273.0134430862322,
                -165.5752874713731,
                -183.99899201402937,
                -335.972232777724,
                -257.3823932344864,
                -320.8748446681006,
                -180.31522917533476,
                -190.47598056194977,
                164.04245880760334,
                137.1054560385678,
                -492.43454331791577,
                102.39605283592618
            ]
        },
        {
            "posterior": [
                259.39230527815903,
                -299.5539565544952,
                138.19199230645654,
                52.649862383313746,
                145.2382804624063,
                -71.36262823840161,
                -365.16111316065496,
                -191.55288148559603,
                -431.2948925661534,
                -231.42561170444552,
                181.81910669552042,
                -236.1579758672692,
                -123.29036003441803,
                -346.1825389747929,
                137.12087896024184,
                -426.8851177176686,
                -192.6187589379166,
                -440.7344745721032,
                91.79526833433647,
                -415.66295533654267,
                -227.451046275438,
                -376.34859668832723,
                -6.4715210940022985,
                -222.14191643851728,
                -335.7176800649251,
                168.15400315055155,
                -42.74271518207706,
                191.17298246596386,
                125.61711615271236,
                -213.08477535133215
            ]
        }
    ]
}