run_id,mu,sampler,wasserstein_distance,mmd_rff,r_hat,ess,runtime
58,8,SMC,0.17787956964985502,0.037452108968043483,0.9998091483345338,3763.0947687810217,0.8737995624542236
58,10,SMC,0.045405977000527016,0.014744960386854534,1.0018562995250697,3718.874952488445,0.9215078353881836
58,12,SMC,0.12906300529464118,0.019887622100809788,0.9995957437161255,4035.8129498699764,2.599308729171753
58,14,SMC,0.0577707111398702,0.010353734982032885,1.00121790095026,4225.800499348206,0.9320042133331299
58,16,SMC,0.05826327719571285,0.015312880997249805,0.9999825432932182,4300.999015975047,0.9494636058807373
58,18,SMC,0.062250808106227754,0.006573450190265173,1.0000956247828212,4258.006305933917,1.0390145778656006
58,20,SMC,0.09050364246186009,0.011841227727473877,1.000515401644664,4267.082203144115,1.0584986209869385
58,22,SMC,0.1650777309285715,0.013548580904888917,0.9994980660657242,4152.736176511138,1.0134387016296387
58,40,SMC,0.07783858145457416,0.01624813584583777,0.9996826166817641,3984.258918311032,0.9215545654296875
