run_id,mu,sampler,wasserstein_distance,mmd_rff,swd_zscore,r_hat,ess,runtime
2,"(10, 10, 20, 30, 30)",DEMetro,1.9176336528691917,0.45666130727559273,530.185079441876,6.494141507950531,6.201760419952992,2.5377538204193115
