b,sampler,wasserstein_distance,r_hat,ess,runtime
0.5,Metro,0.015271570269214513,1.002971896056927,7258.787054084954,3.5666887760162354
1.0,Metro,0.044124999619452404,1.0028316324257642,6531.043247674702,3.286029577255249
2.0,Metro,0.09032170677351165,1.0035329957578758,6090.010517188176,3.5988333225250244
5.0,Metro,0.23279895110372611,1.0021516607993033,5953.742517757374,3.667799472808838
