{
    "sampler": "HMC",
    "value": [
        0.0,
        0.0,
        -5.163978,
        0.0,
        0.0
    ],
    "means_array": [
        [
            0.0,
            0.0,
            -5.163978,
            0.0,
            0.0
        ],
        [
            0.688077,
            -0.084829,
            1.032796,
            -4.990158,
            0.466562
        ],
        [
            4.394785,
            0.327205,
            1.032796,
            1.714687,
            -1.799625
        ],
        [
            -2.468947,
            4.239863,
            1.032796,
            0.780392,
            -0.958567
        ],
        [
            -2.468947,
            -3.631096,
            1.032796,
            0.780392,
            -2.38965
        ],
        [
            -0.144968,
            -0.851142,
            1.032796,
            1.714687,
            4.681281
        ]
    ],
    "case": "Warmup Samples",
    "dim": 5,
    "samples": [
        [
            5.179010724222837,
            3.5017621029192423,
            -12.00285384971513,
            3.659550137430068,
            1.021662388383627
        ],
        [
            -7.649742227593958,
            -7.2448039681773215,
            7.436966549670604,
            5.860029600199836,
            -8.126290532653876
        ],
        [
            -8.351568772169864,
            -4.982519369742949,
            3.0579348134193007,
            -2.8567279580319247,
            -4.4893017532328825
        ],
        [
            7.590548436962742,
            3.4754629389801455,
            -10.359136096073806,
            1.8478856199447957,
            8.196751097261727
        ]
    ]
}