run_id,mu,sampler,wasserstein_distance,mmd_rff,r_hat,ess,runtime
25,8,Metro,0.19483861903167826,0.030854982285744802,1.0857656106245195,40.0193954124418,1.5396718978881836
25,10,Metro,0.9293530349018416,0.09679511268493632,1.3299192566372307,9.826353192643555,1.2969510555267334
25,12,Metro,0.5579504671197283,0.04906468082086744,1.5302521482166742,7.2432249902704635,1.2417511940002441
25,14,Metro,6.324249797609764,0.4843642653091092,1.5321721057969093,7.208638753170699,1.548271894454956
25,16,Metro,4.728547808371895,0.3234161748754432,1.001813305126582,1671.2003361675374,1.2678940296173096
25,18,Metro,3.6662406637631406,0.22379030668811845,1.7362554903507985,6.1268085855277175,1.270559549331665
25,20,Metro,5.9947646389739715,0.32268398882085086,1.0022709034249806,1682.7230943256345,1.3118493556976318
25,22,Metro,9.83242485784558,0.4757761352193526,1.5304862226835652,7.266292854846142,1.5523741245269775
25,40,Metro,8.205407761338694,0.23338462500119872,1.7376908529588808,6.116530566842665,1.3033058643341064
