{
    "run_id": 1,
    "case": "unimodal",
    "dim": 2,
    "low": [
        -100.0,
        -100.0
    ],
    "high": [
        100.0,
        100.0
    ],
    "means_array": [
        [
            0.0,
            0.0
        ]
    ],
    "samples": [
        {
            "posterior": [
                9.441834780626394,
                58.94179829916922
            ]
        },
        {
            "posterior": [
                91.08348640275454,
                -77.5762830427273
            ]
        },
        {
            "posterior": [
                90.88358160999488,
                83.97143158121295
            ]
        },
        {
            "posterior": [
                75.5751567577671,
                22.955409391484352
            ]
        }
    ]
}