{
    "sampler": "HMC",
    "value": 2,
    "means_array": [
        [
            0.0,
            0.0
        ]
    ],
    "case": "Posterior Samples",
    "dim": 2,
    "samples": [
        [
            0.7151850380618906,
            0.9338919007259187
        ],
        [
            0.6552021601312835,
            0.849885598269168
        ],
        [
            -0.7835718960624768,
            -0.8846291734054339
        ],
        [
            0.5288116598659642,
            0.5161325347941024
        ]
    ]
}