{
    "sampler": "HMC",
    "value": [
        0.0,
        0.0,
        0.0,
        -5.059644
    ],
    "means_array": [
        [
            0.0,
            0.0,
            0.0,
            -5.059644
        ],
        [
            -3.810317,
            2.528724,
            1.756997,
            1.264911
        ],
        [
            -0.181444,
            -4.600403,
            1.674328,
            1.264911
        ],
        [
            -0.181444,
            -0.035591,
            -4.895489,
            1.264911
        ],
        [
            4.173205,
            2.10727,
            1.464164,
            1.264911
        ]
    ],
    "case": "Warmup Samples",
    "dim": 4,
    "samples": [
        [
            16.27696704530467,
            20.140604388722377,
            16.385304825593614,
            16.668246038910997
        ],
        [
            19.010860738957177,
            2.4457206052878044,
            -4.807594650504984,
            8.96969544760669
        ],
        [
            16.686296936337648,
            18.73690930243401,
            -25.106074561381057,
            -16.073295753797176
        ],
        [
            0.6242755007314427,
            -11.315846219867058,
            -19.235576867055297,
            -20.507898949530425
        ]
    ]
}