{
    "sampler": "DEMetro_Z",
    "value": 10,
    "means_array": [
        [
            0.0,
            0.0,
            0.0,
            0.0,
            0.0,
            0.0,
            0.0,
            0.0,
            0.0,
            0.0
        ],
        [
            10.0,
            0.0,
            0.0,
            0.0,
            0.0,
            0.0,
            0.0,
            0.0,
            0.0,
            0.0
        ]
    ],
    "case": "Posterior Samples",
    "dim": 10,
    "samples": [
        [
            9.703746763284583,
            2.7624895366050426,
            3.005416963352554,
            1.4097517444563386,
            3.256813956761586,
            6.384196015214615,
            -3.638010618933545,
            1.526148703319461,
            -1.4070581475188206,
            3.032690355068915
        ],
        [
            -2.478688446751813,
            4.408205704859032,
            3.2551372250940904,
            3.133336110233715,
            3.320274529385886,
            -3.099369788053778,
            6.361611322564331,
            -3.41549265735269,
            3.923156289322739,
            -7.566838976867426
        ],
        [
            7.78016037958776,
            -1.18949699585202,
            2.037371518102656,
            2.64115342847286,
            -1.078550387871898,
            0.3197958557185557,
            -0.826582612149368,
            0.7676270407360535,
            -0.39982454210542095,
            -1.6278736866955243
        ],
        [
            13.63014273995237,
            -1.0116047484979382,
            -3.2830324749753292,
            -0.3440544640608574,
            2.6965378911728215,
            6.9986239295265475,
            -1.8640808935878883,
            0.0004670796359179676,
            4.785960689120041,
            1.5254951243889843
        ]
    ]
}