nu,global_median_wasserstein_distance,global_median_r_hat,global_median_ess,global_median_runtime,global_median_mmd_rff,global_q25_wasserstein_distance,global_q25_r_hat,global_q25_ess,global_q25_runtime,global_q25_mmd_rff,global_q75_wasserstein_distance,global_q75_r_hat,global_q75_ess,global_q75_runtime,global_q75_mmd_rff,ws_mcmc_mean,ws_iid_mean,ws_iid_std,mmd_rff_mcmc_mean,mmd_rff_iid_mean,mmd_rff_iid_std,ws_dist_glass_delta,mmd_rff_glass_delta
2.1,0.19518052241032113,,,1.4048999547958374,0.05764205849318839,0.15676004389500658,,,0.6748643517494202,0.04339293852873739,0.25119364276460654,,,1.423732042312622,0.06221098732217388,0.2023279763073079,0.12744138914257,0.024757711621864176,0.05512931684620017,0.014799923877423132,0.004351240293659363,3.024778231062503,9.268482144630147
5.0,0.12393368315664838,,,1.449286937713623,0.05759118680480986,0.10367594623896045,,,0.7455701231956482,0.035459452093511076,0.14513643135954132,,,1.561834692955017,0.06840615248294982,0.12985679294757443,0.04419917545168053,0.0137935185859227,0.054976870190246385,0.01422530328751367,0.004854776131494198,6.209990363395297,8.394118657370559
30.0,0.11406502241750519,,,1.4912270307540894,0.06906683662943515,0.09259106398842765,,,0.72784823179245,0.04851044267219298,0.13880722918464575,,,1.558615267276764,0.08104943050916362,0.11591275879930998,0.030793401257177645,0.006444560449186017,0.06592629548305456,0.013596726309331378,0.00436368352836328,13.207938417721474,11.99206331843016
60.0,0.10113457175446168,,,1.5414767265319824,0.05304258951737478,0.08863558241075652,,,0.7223540544509888,0.04157975466078576,0.12289924227009248,,,1.597371220588684,0.06614450853998666,0.11105664519071183,0.02669950814325382,0.009455971275123987,0.05730233750596695,0.012089608193858637,0.006184810904160455,8.92104413106436,7.310284827252229
120.0,0.10321272983540516,,,1.5174647569656372,0.05880561518791508,0.0928350567620017,,,0.8586040139198303,0.04837403864858434,0.1362808013426591,,,1.6045687198638916,0.08009658651204685,0.11849084965672667,0.02437073039827555,0.006904481184465471,0.06475783991850033,0.011617754741475217,0.004492818093507186,13.631743898471886,11.827784715749056
