{
    "sampler": "DEMetro_Z",
    "value": 16,
    "means_array": [
        0,
        16
    ],
    "case": "Warmup Samples",
    "dim": 1,
    "samples": [
        18.133074708996087,
        10.786323443991353,
        2.3800888121413295,
        3.862001674747849
    ]
}