{
    "sampler": "HMC",
    "value": 5,
    "means_array": [
        [
            0.0,
            0.0
        ]
    ],
    "case": "Warmup Samples",
    "dim": 2,
    "samples": [
        [
            -129.25036437369792,
            63.14442296345922
        ],
        [
            -40.177418021835074,
            -27.84845288114514
        ],
        [
            -72.75607551006883,
            61.00103087253641
        ],
        [
            -6.9451502151236335,
            -60.465861486035216
        ]
    ]
}