correlation,ws_t_stat,ws_p_value,ws_paired_cohens_d
0.0,-2.9802938484961006,0.00577599914339826,-0.5441247229383994
0.8,1.104359111753334,0.2785165722209018,0.2016274656978899
0.9,5.39930958049448,8.364652209876264e-06,0.985774550730194
0.95,4.100084052262937,0.00030466351705005706,0.7485695076972003
0.98,10.69273949827317,1.4134282232963129e-11,1.9522182082435624
0.99,8.925570983071927,8.144492552041534e-10,1.6295788553473518
0.995,13.311309370504754,7.006611655273582e-14,2.4303014707184487
0.999,12.796872948330458,1.8705987882629703e-13,2.336378659776078
