{
    "sampler": "HMC",
    "value": 10,
    "means_array": [
        [
            0.0,
            0.0,
            0.0,
            0.0,
            0.0,
            0.0,
            0.0,
            0.0,
            0.0,
            0.0
        ]
    ],
    "case": "Warmup Samples",
    "dim": 10,
    "samples": [
        [
            7.194965785155404,
            9.71564294418157,
            3.692333960926145,
            3.646902959541358,
            12.776014323312575,
            5.185747885214207,
            7.027477632398011,
            10.838930592272328,
            11.317089324987327,
            8.45596238702338
        ],
        [
            3.6468334652970684,
            4.5487005666748015,
            -3.8793660625271973,
            8.385804117718239,
            7.330394196923274,
            1.0572678636230688,
            3.4617409645592847,
            6.938188917286162,
            -2.8844133784789032,
            1.4838914145949593
        ],
        [
            6.4163758085002875,
            11.263033624008353,
            -2.1575008275807015,
            -12.32522694425235,
            -5.473039033915257,
            9.314154744137769,
            0.883294158612537,
            3.99538510627434,
            5.175996320148406,
            -3.624637153820539
        ],
        [
            -4.050348481993566,
            2.274072875891209,
            -2.8375355180999393,
            -0.9793737147569535,
            0.7208852215744976,
            6.0529435972602155,
            5.279862952753503,
            -4.8566702181274515,
            5.519777987108878,
            -0.18329171284278092
        ]
    ]
}