{
    "sampler": "Metro",
    "value": 12,
    "means_array": [
        [
            0.0,
            0.0,
            0.0,
            0.0,
            0.0,
            0.0,
            0.0,
            0.0,
            0.0,
            0.0,
            0.0,
            0.0,
            0.0,
            0.0,
            0.0,
            0.0,
            0.0,
            0.0,
            0.0,
            0.0,
            0.0,
            0.0,
            0.0,
            0.0,
            0.0,
            0.0,
            0.0,
            0.0,
            0.0,
            0.0
        ],
        [
            12.0,
            0.0,
            0.0,
            0.0,
            0.0,
            0.0,
            0.0,
            0.0,
            0.0,
            0.0,
            0.0,
            0.0,
            0.0,
            0.0,
            0.0,
            0.0,
            0.0,
            0.0,
            0.0,
            0.0,
            0.0,
            0.0,
            0.0,
            0.0,
            0.0,
            0.0,
            0.0,
            0.0,
            0.0,
            0.0
        ]
    ],
    "case": "Warmup Samples",
    "dim": 30,
    "samples": [
        [
            -8.21532992818432,
            -15.33083665862822,
            22.843318060841124,
            -27.9560209327883,
            24.077672945756575,
            -20.2868859636432,
            27.032973437870922,
            8.337392268161743,
            -22.365620439876515,
            24.873872261260864,
            19.69512857623603,
            0.8690668654666056,
            28.615485750657903,
            -29.432445454563002,
            18.264644542492256,
            -16.187099154117274,
            -9.696629238558433,
            -20.91962437897061,
            -27.385085613955063,
            -21.573016629176188,
            14.497025530759977,
            20.56164532404627,
            -10.919621511605794,
            26.75392289567812,
            -8.364380762262108,
            -25.175919996701175,
            0.2583252218838261,
            12.758066931131076,
            -12.485865577579418,
            6.482076922714988
        ],
        [
            -2.52380115825684,
            -1.0206905262762127,
            -12.498767996033845,
            -10.046491452782153,
            -26.14654832963691,
            -21.627895648876674,
            5.209449948154727,
            12.696672094984336,
            -11.890178415676466,
            27.973788342215144,
            17.133008524445778,
            23.757295299318827,
            2.592307475251161,
            -28.36917080356415,
            -21.64393564526268,
            -9.380016458774463,
            -20.66352688737422,
            11.622309446039658,
            28.938135205848642,
            25.763827519320017,
            16.752622512825234,
            13.419250358391768,
            29.473499328845534,
            13.265626030512689,
            3.0639247829078924,
            -29.464164327752943,
            26.76763161119391,
            -20.03173195549247,
            7.36892477075492,
            8.741472981928407
        ],
        [
            -4.753877335109191,
            -10.422840107282138,
            22.352272235805838,
            -12.978861767276783,
            8.406823556409396,
            -11.638026482238214,
            9.266203674273202,
            -13.254197613156109,
            23.278244283362266,
            -17.922797037248873,
            -16.508216668251062,
            -1.771145062198935,
            -6.582885037071012,
            1.5294910730959757,
            22.957944373755872,
            -2.8244595307125424,
            26.127783021440173,
            23.316194492805742,
            14.735935409411239,
            25.23309667661747,
            16.70021948648219,
            -27.11293391949055,
            9.644599859574882,
            -7.365579989931713,
            -17.767701139499678,
            20.11013406458628,
            -20.746788095510173,
            -16.684542109574483,
            -25.549093911343135,
            -23.287990485231184
        ],
        [
            -5.069247560748238,
            -7.9565876176711114,
            -5.084176975409558,
            0.18771538141088695,
            -14.488766435208133,
            -26.801251520860117,
            27.68187869694604,
            -19.059817264755782,
            27.08035465278163,
            -27.427406939114007,
            -9.61671854423508,
            -10.424690716563806,
            27.6625082561035,
            25.05322115264532,
            27.989562247688028,
            -9.933912877825495,
            -13.03190949137667,
            -8.92417086456179,
            -29.595344729445365,
            -14.320701736270061,
            -4.398598137816563,
            -22.524011342387375,
            -25.51847323103454,
            -11.83122541255134,
            23.334493765241447,
            -4.552601019582198,
            -17.57168783643054,
            29.405984408550385,
            19.59432998646342,
            -17.52449300063804
        ]
    ]
}