run_id,mu,sampler,wasserstein_distance,mmd_rff,r_hat,ess,runtime
31,8,Metro,0.10039761414698693,0.03162752384746264,1.1340372014414957,20.11360736459039,1.1033251285552979
31,10,Metro,0.8160869353194977,0.08987537203477033,1.366803116162462,9.463802718319664,1.4305295944213867
31,12,Metro,0.7741823547719294,0.07466609519361349,1.5301621007736816,7.346090433397251,1.1139512062072754
31,14,Metro,2.919393813895737,0.23533695090694084,1.7344563845946954,6.1827942989854945,1.0732786655426025
31,16,Metro,0.9404739506821677,0.06649517551455385,1.536845431276376,7.189087269545523,1.3839540481567383
31,18,Metro,3.638229799780354,0.23687596410877704,1.738636999838209,6.151117859160989,1.0963008403778076
31,20,Metro,1.1461962285400742,0.06305941883524348,1.5340174221730285,7.429509393807586,1.0959420204162598
31,22,Metro,4.070151978258301,0.2157749788967105,1.738340745988792,6.145773066332877,1.395508050918579
31,40,Metro,1.8877404368706716,0.05617962103626887,1.5312500696434201,7.283077436505203,1.1466572284698486
