run_id,mu,sampler,wasserstein_distance,mmd_rff,r_hat,ess,runtime
31,8,SMC,0.04542027638830422,0.012161074440390133,1.0007937635237576,4185.262247702285,0.867666482925415
31,10,SMC,0.04264653338966845,0.014635918328916218,0.9992919088436493,3973.2382018171334,0.870413064956665
31,12,SMC,0.035337864706711325,0.013330584917993483,0.9997609014368888,3760.2166157575807,0.8919305801391602
31,14,SMC,0.210773577355997,0.02974473220375939,1.000314888050228,3895.6817640757554,1.0608417987823486
31,16,SMC,0.15052784915593284,0.0136465585291353,0.9997834684828046,3993.7936528862283,1.166076898574829
31,18,SMC,0.20426917822036447,0.018905829833538997,1.0002832922519391,4215.614669696041,1.1316931247711182
31,20,SMC,0.13196136116337037,0.01005481966378191,0.9999683739219581,4129.927048114608,1.1185121536254883
31,22,SMC,0.29079708356551814,0.017195417537649523,1.0001117301721378,3976.332468042464,1.1227550506591797
31,40,SMC,0.2523194227049675,0.011623771146927293,1.0007624769912002,3914.0303223883802,1.5301005840301514
