run_id,mu,sampler,wasserstein_distance,mmd_rff,swd_zscore,r_hat,ess,runtime
13,"(10, 10, 10, 20, 20, 30, 30, 30, 40, 40)",HMC,0.023121621616498285,0.018790688420825218,0.17427651454693552,1.0020110420772077,5802.204239986191,5.8653788566589355
