run_id,mu,sampler,wasserstein_distance,mmd_rff,r_hat,ess,runtime
21,8,HMC,0.9486365631008524,0.13580511692144867,1.1809848557284826,15.351200923648113,1.532036542892456
21,10,HMC,0.48784903363542875,0.061052868823066146,1.529904886221751,7.1981457298861695,1.8179044723510742
21,12,HMC,5.396291972127276,0.5140472518040782,1.5305376589099746,7.174888169216762,1.5169236660003662
21,14,HMC,2.7629964113147345,0.21510376780517895,1.7340401405143417,6.112370694293492,1.5789685249328613
21,16,HMC,0.8227692583902011,0.055854948135330394,1.5291817126882468,7.242730886659332,1.5480053424835205
21,18,HMC,0.9257293358071244,0.05840126747644229,1.5286459641889947,7.152974377264578,1.7839992046356201
21,20,HMC,1.2204779896693225,0.06285178287808388,1.5282598768291251,7.176974822645512,1.5665123462677002
21,22,HMC,10.031303640413764,0.5055232767994501,1.5288556150183776,7.179940495901268,1.6117572784423828
21,40,HMC,7.802595845736855,0.22021737798658075,1.7340092541485044,6.108386982696313,1.8217473030090332
