run_id,mu,sampler,wasserstein_distance,mmd_rff,r_hat,ess,runtime
21,8,Metro,0.1239463280170148,0.021074177116692322,1.045863038799729,76.02491583254674,1.591975450515747
21,10,Metro,0.24729972422445565,0.03149463183138202,1.3088725865533701,11.48536085145794,1.3587026596069336
21,12,Metro,2.4300934862577455,0.2294723623933823,1.739481097589452,6.153128154507654,1.2952663898468018
21,14,Metro,6.305067989078047,0.48381466048082183,1.531514412074947,7.187738879717317,1.2406001091003418
21,16,Metro,0.8184151865632996,0.0535551177004214,1.5304133842096967,7.339055345353106,1.5720200538635254
21,18,Metro,0.9201133419957167,0.05957054324338912,1.5304987439242448,7.2067579915938085,1.293703556060791
21,20,Metro,1.191919644690172,0.06198211685941378,1.5320201886547626,7.229984849749215,1.3013787269592285
21,22,Metro,10.062249728030526,0.4997000853878398,1.5305501051895378,7.195607410468163,1.4909558296203613
21,40,Metro,7.79324356828277,0.22171482579795707,1.7372932871081272,6.165879191366338,1.2563717365264893
