{
    "sampler": "DEMetro_Z",
    "value": 3,
    "means_array": [
        [
            0.0,
            0.0
        ]
    ],
    "case": "Posterior Samples",
    "dim": 2,
    "samples": [
        [
            -0.24549902402108711,
            -0.17988052179959724
        ],
        [
            -0.49658781982127925,
            0.14509520391993527
        ],
        [
            -0.5186999904855849,
            -0.5401585835110219
        ],
        [
            -1.5978817237875542,
            -1.9380257451226484
        ]
    ]
}