{
    "sampler": "HMC",
    "value": 2,
    "means_array": [
        [
            0.0,
            0.0
        ],
        [
            2.249443912213668,
            -7.677239222911116
        ]
    ],
    "case": "Posterior Samples",
    "dim": 2,
    "samples": [
        [
            0.2963063678441299,
            1.2779050274885329
        ],
        [
            4.387996110495053,
            -8.559105834976634
        ],
        [
            0.7345959148180519,
            0.5727432204503331
        ],
        [
            0.018046714174090983,
            -0.14234273676810516
        ]
    ]
}