{
    "sampler": "Metro",
    "value": 7,
    "means_array": [
        0
    ],
    "case": "Posterior Samples",
    "dim": 1,
    "samples": [
        1.4240800288633622,
        0.24457995260084608,
        0.18989537625047087,
        0.31223271447812023
    ]
}