run_id,mu,sampler,wasserstein_distance,mmd_rff,r_hat,ess,runtime
40,"(10, 10)",SMC,0.1195549157800921,0.024229297520706575,1.0004519547986155,3741.131928593711,4.27727198600769
40,"(2, 2)",SMC,0.055401542549041054,0.018255905408087074,1.000600613936999,3960.037954290122,2.7865970134735107
40,"(20, 20)",SMC,0.33018164740021005,0.022876785224740577,1.000285207999966,3580.1993206742545,2.825643301010132
40,"(40, 40)",SMC,0.6178994332021099,0.019063780865231306,1.0001834015024609,3917.2928468250993,5.168431997299194
40,"(5, 5)",SMC,0.05673280805413811,0.014350545892708993,1.0005733172559768,3915.982243220018,2.327589988708496
