dimension,ws_t_stat,ws_p_value,ws_paired_cohens_d
2,1.578400516850012,0.2552185488926934,0.9112899632923989
4,4.202384267235935,0.05222852242776529,2.4262476879269155
8,-1.3042895926756815,0.32203943405352986,-0.7530319474325321
30,0.4583407975199261,0.6916919363046417,0.2646231828287171
