{
    "sampler": "HMC",
    "value": 5,
    "means_array": [
        [
            0.0,
            0.0,
            0.0,
            0.0,
            0.0
        ]
    ],
    "case": "Warmup Samples",
    "dim": 5,
    "samples": [
        [
            -13.66960159455211,
            26.013789035449236,
            -13.696364626566341,
            3.3774250883456296,
            -10.983889112535365
        ],
        [
            -19.150955968353966,
            8.072587059992582,
            26.553136346564486,
            23.737107151519908,
            -26.924935034883866
        ],
        [
            -4.703273125531458,
            0.14124260779153935,
            19.90247917517898,
            8.125426962216375,
            -7.292377252460652
        ],
        [
            5.904300629430313,
            3.0132232843455533,
            -3.1754774856107524,
            -2.634123383685476,
            -3.8853080296811315
        ]
    ]
}