{
    "sampler": "HMC",
    "value": 5,
    "means_array": [
        [
            0.0,
            0.0,
            0.0,
            0.0,
            0.0
        ]
    ],
    "case": "Warmup Samples",
    "dim": 5,
    "samples": [
        [
            -3.1671888847331617,
            2.9127980595670664,
            3.512805467897365,
            1.08681408932913,
            2.6375340539923213
        ]
    ]
}