mm,var_rmse_t_stat,var_rmse_p_value,var_rmse_paired_cohens_d
5,-0.07464142437211982,0.9418401293761631,-0.021547123226970236
8,3.158572431479339,0.009102061718495697,0.9118013217847636
10,3.4567520130641727,0.005363791874390728,0.9978783526321905
12,2.862041096340941,0.015460087576406881,0.826200098702107
15,2.574805419110428,0.025828294601766444,0.7432823009171565
18,1.988387675584635,0.07222578620916484,0.5739980798760617
