mm,mean_rmse_t_stat,mean_rmse_p_value,mean_rmse_paired_cohens_d
5,3.553045053806259,0.0045277931295507595,1.025675759128956
8,7.077236612651674,2.0527574752273175e-05,2.04302223171656
10,5.521841953730212,0.00018021625434813877,1.5940184692043537
12,3.931219158792138,0.0023471544361925653,1.1348452197860277
15,3.282470411190639,0.007301677151615967,0.9475675877539486
18,2.464605592401229,0.03142087965209923,0.7114703511095534
