mm,mean_rmse_t_stat,mean_rmse_p_value,mean_rmse_paired_cohens_d
5,6.40612749674034,5.037731673010124e-05,1.8492897173530496
8,5.009408567384671,0.0003966040042647401,1.4460916924301788
10,5.3301963359340325,0.00024099818230767284,1.5386951446925354
12,4.321796029568802,0.0012110329552270935,1.2475950505271018
15,3.360678223217346,0.006356252504901634,0.970144238417124
18,3.0108341527905895,0.011848192846834674,0.8691529542994829
