mm,ws_t_stat,ws_p_value,ws_paired_cohens_d
5,37.05974628987252,6.660857097659859e-13,10.698227248278569
8,48.02726222219347,3.910122834761795e-14,13.864276386212072
10,56.13012850250943,7.082806156017115e-15,16.203372400286053
12,46.04397176837797,6.204905464724995e-14,13.291749747516276
15,54.00443007872758,1.081490634395527e-14,15.589736121692846
18,38.51856793935298,4.369058672922523e-13,11.119352784292165
