mm,ws_t_stat,ws_p_value,ws_paired_cohens_d
5,-37.06882273037289,6.643069973111745e-13,-10.700847390961652
8,-47.55298088600646,4.359046873483699e-14,-13.72736315765248
10,-55.68223187893426,7.733122086134948e-15,-16.074075782190928
12,-38.626503204822825,4.2375083492693734e-13,-11.150511011579201
15,-41.0763819271317,2.1637359797389884e-13,-11.857730081482684
18,-32.72091931102997,2.5907619281985383e-12,-9.445715786177589
