mm,mmd_rff_t_stat,mmd_rff_p_value,mmd_rff_paired_cohens_d
5,6.9500637393444755,2.422790978492364e-05,2.006310585397795
8,4.949636559345018,0.0004358815639628398,1.4288369999643298
10,5.338580706388765,0.0002379273598377077,1.5411155039620479
12,4.295042687684295,0.0012664206577346646,1.2398720259577307
15,3.4109445089712462,0.005815527733163986,0.9846548652227125
18,2.962769923316805,0.012911182260375602,0.8552780063869422
