mm,var_rmse_t_stat,var_rmse_p_value,var_rmse_paired_cohens_d
5,-15.716525706448234,6.966860790088759e-09,-4.536970173671781
8,-21.452749920827628,2.5156339365345975e-10,-6.192875470823777
10,-26.902584219483295,2.177965464667525e-11,-7.7661071205076295
12,-20.27374123747005,4.6188488454509363e-10,-5.8525249804670745
15,-24.976972835924148,4.8704226433910477e-11,-7.210230995181389
18,-25.42052367113733,4.025290656679106e-11,-7.3382730922361965
