{
    "sampler": "DEMetro_Z",
    "value": 0.0,
    "means_array": [
        [
            0.0,
            0.0
        ]
    ],
    "case": "Warmup Samples",
    "dim": 2,
    "samples": [
        [
            24.785158847647498,
            11.564489647664757
        ],
        [
            -9.557086313747138,
            -22.16964184671021
        ],
        [
            3.435508841579457,
            -10.883631538424796
        ],
        [
            0.9632027420080208,
            -21.216429201953176
        ]
    ]
}