{
    "sampler": "HMC",
    "value": 4,
    "means_array": [
        [
            0.0,
            0.0
        ]
    ],
    "case": "Warmup Samples",
    "dim": 2,
    "samples": [
        [
            72.08093328504202,
            38.374171734666525
        ],
        [
            -23.249880032591108,
            78.74699876680634
        ],
        [
            -20.684054200896234,
            72.93962285959232
        ],
        [
            -52.01056770307236,
            1.127496342502223
        ]
    ]
}