run_id,mu,sampler,wasserstein_distance,mmd_rff,r_hat,ess,runtime
10,"(10.0, 0.0)",SMC,0.1646425068508032,0.017215435054656923,1.0000814868757195,7025.492883356439,9.382524013519287
