{
    "sampler": "HMC",
    "value": 9,
    "means_array": [
        0,
        9
    ],
    "case": "Posterior Samples",
    "dim": 1,
    "samples": [
        -1.5394765802906127,
        0.25061698532873555,
        8.294616149503387,
        0.30787750854435
    ]
}