{
    "run_id": 1,
    "case": "unimodal",
    "dim": 8,
    "low": [
        -100.77419806780921,
        -120.49406496581702,
        -93.50884114871789,
        -111.72719580579248,
        -87.6055196355889,
        -67.5593688695107,
        -113.52739512905782,
        -118.6040566677699
    ],
    "high": [
        87.83804699391717,
        120.70258286094162,
        109.0345019938035,
        145.00229065205545,
        96.6711980702181,
        68.53749545630475,
        112.2944200013304,
        92.65345192877082
    ],
    "means_array": [
        [
            0.0,
            0.0,
            0.0,
            0.0,
            0.0,
            0.0,
            0.0,
            0.0
        ]
    ],
    "samples": [
        {
            "posterior": [
                -91.42093615703574,
                -5.8008336943647265,
                -67.91793297881496,
                -63.17221018734675,
                -58.61135287832738,
                18.26104814033026,
                -30.863069483330847,
                -11.679074544463788
            ]
        },
        {
            "posterior": [
                72.97036388860582,
                -6.2542138320234955,
                -43.961608171667756,
                -54.478236956715996,
                -54.14138220284964,
                44.782307208938846,
                -40.262435446493,
                49.803714688969706
            ]
        },
        {
            "posterior": [
                16.832077319518532,
                -42.00781230818092,
                16.477357068783448,
                -90.47319253808104,
                -64.56402332757038,
                1.5677802878618792,
                97.55350695435004,
                64.53915966988589
            ]
        },
        {
            "posterior": [
                17.87230875190842,
                -80.69230314045265,
                -66.20300821125255,
                135.83140600535057,
                56.52545097990489,
                39.45309987071241,
                -14.390865995427149,
                -63.56055029117919
            ]
        }
    ]
}