{
    "sampler": "HMC",
    "value": 0.9,
    "means_array": [
        [
            0.0,
            0.0,
            0.0,
            0.0,
            0.0,
            0.0,
            0.0,
            0.0,
            0.0,
            0.0,
            0.0,
            0.0,
            0.0,
            0.0,
            0.0,
            0.0,
            0.0,
            0.0,
            0.0,
            0.0,
            0.0,
            0.0,
            0.0,
            0.0,
            0.0,
            0.0,
            0.0,
            0.0,
            0.0,
            0.0
        ]
    ],
    "case": "Warmup Samples",
    "dim": 30,
    "samples": [
        [
            132.9776818318479,
            27.051288243007587,
            115.84157653401903,
            130.5208296086229,
            -93.71754514323766,
            -45.02141458510801,
            217.91010196028648,
            -192.55599084340906,
            238.3722701397042,
            137.67074610716665,
            99.99110900229721,
            75.06851780145305,
            32.1215703389173,
            99.06931779326297,
            85.53096361902615,
            90.68306724930314,
            39.40762244955088,
            -39.284010852236136,
            195.99527615565532,
            119.94115600041279,
            -115.97627818355464,
            212.38518502273115,
            109.96035129123612,
            178.02594871444762,
            0.8606198555845309,
            -61.365999061042274,
            163.04838849889487,
            -65.94937670757533,
            15.652832128792973,
            113.16466801617078
        ],
        [
            277.56983744393386,
            67.59081562992223,
            79.27382242546722,
            -46.281015570276445,
            23.16371352314326,
            -167.4863714492039,
            -54.04927024942733,
            39.095079954346105,
            149.1387537038825,
            -64.01871772069613,
            -35.13017522968269,
            170.76086753188824,
            99.45694412152483,
            -163.59325436623158,
            106.9841964066268,
            57.972916591696716,
            -99.14089715359368,
            244.79385508738878,
            34.02694504490589,
            -39.84165173380686,
            142.30085668803477,
            -124.88464555009769,
            67.56194526050395,
            184.82419694332955,
            -116.63353667856099,
            -16.26638894293456,
            126.1863468064273,
            177.0013835908342,
            -127.85192552124245,
            -64.2118299024429
        ],
        [
            200.79601456977497,
            169.47499564507294,
            217.41419364015889,
            106.67150643932266,
            183.09390440608223,
            -162.19912464122478,
            31.59225064802204,
            -168.69458036115006,
            146.86412864389385,
            111.08722214362874,
            -93.5920199362646,
            116.36501784152686,
            122.24344440344505,
            129.97585866507558,
            -139.4112561572886,
            134.12337316771425,
            -103.43455184972963,
            -155.63122651426,
            225.5190205969367,
            -3.6133118535400635,
            177.32211552308,
            133.3322744330093,
            21.581135335896562,
            190.77025827987222,
            -94.64795868807819,
            -113.49050753227176,
            -37.357048864029835,
            234.0147684269982,
            -51.46266545058777,
            -27.835104226754158
        ],
        [
            -187.7659474878893,
            -94.41716231673419,
            -0.8027443320878358,
            -106.98365001610135,
            81.06576716207444,
            205.32063961151272,
            15.721826760365802,
            -131.8282329998328,
            277.36141627317045,
            -18.8513553979944,
            201.19184129477094,
            113.11190259186355,
            39.85722567562597,
            -28.63142652512813,
            -102.5668730486221,
            127.0362266489169,
            55.709701834518526,
            -8.532140422713772,
            -74.8593716716104,
            -46.74226081434329,
            73.5966078603487,
            16.881281440158716,
            55.975097312764774,
            48.90528527906256,
            185.69946927364555,
            -163.17772865803556,
            126.5195763794973,
            -147.55039183253572,
            235.70434439057917,
            193.40066773615615
        ]
    ]
}