correlation,ws_t_stat,ws_p_value,ws_paired_cohens_d
0.99,0.3730003833678024,0.7449702991818551,0.21535187174523432
