{
    "sampler": "Metro",
    "value": [
        20,
        20
    ],
    "means_array": [
        [
            0,
            0
        ],
        [
            -5,
            -5
        ],
        [
            20,
            20
        ]
    ],
    "case": "Warmup Samples",
    "dim": 2,
    "samples": [
        [
            -1.7209690587253021,
            4.052750018373526
        ],
        [
            -1.6645402456510188,
            -9.523780843139017
        ],
        [
            12.415051641592747,
            22.325632017264322
        ],
        [
            25.46833206061912,
            -7.496787438089964
        ]
    ]
}