run_id,dimension_corr,sampler,wasserstein_distance,mmd_rff,r_hat,ess,runtime
34,2,Metro,0.08893596359317192,0.04128434205517809,1.0173235435037544,217.31403690987645,1.334688663482666
34,5,Metro,0.04815721869578958,0.05604227328683894,1.0797172448089911,58.076388786123864,1.929741621017456
34,10,Metro,0.1252209611985104,0.053682657929869974,1.0620074555721226,46.83742891815178,2.0217740535736084
34,15,Metro,0.11297289621308149,0.0470502482993698,1.2174549890380815,13.216543309291055,2.8269028663635254
34,20,Metro,0.5293103642149962,0.07627740064705389,1.7481724165446582,6.016060533041476,3.138171434402466
