run_id,mu,sampler,wasserstein_distance,mmd_rff,r_hat,ess,runtime
3,"(10, 10)",HMC,1.2452687342449926,0.10294772229887462,1.776398654823987,6.075844531819233,3.8617851734161377
3,"(2, 2)",HMC,1.2370959062154403,0.1541417268085752,1.0650225478842685,47.57086149534353,3.8729608058929443
3,"(20, 20)",HMC,1.7617857817422276,0.07166899588967814,1.7848965228248845,5.905088870190461,3.827996253967285
3,"(40, 40)",HMC,6.20658391798263,0.12897265563418148,1.8412022861670099,5.772252291009319,3.8490352630615234
3,"(5, 5)",HMC,0.9044640674115323,0.10633679331456028,1.4779288925080298,7.662274479633985,4.467772722244263
