{
    "sampler": "HMC",
    "value": 30,
    "means_array": [
        [
            10,
            10,
            10,
            10,
            10,
            20,
            20,
            20,
            20,
            20,
            30,
            30,
            30,
            30,
            30,
            40,
            40,
            40,
            40,
            40,
            50,
            50,
            50,
            50,
            50,
            60,
            60,
            60,
            60,
            60
        ]
    ],
    "case": "Posterior Samples",
    "dim": 30,
    "samples": [
        [
            9.594830881894891,
            10.856685306704133,
            9.369515983436745,
            8.995528734719567,
            11.372147426244139,
            17.75497828429859,
            21.151173545316745,
            20.306280497913612,
            21.645560009315048,
            18.046289920714926,
            30.853281285629453,
            29.72503626809375,
            28.21715633136397,
            30.392319516289135,
            29.767935570918485,
            38.69483716264382,
            39.33475836252054,
            40.63243260014685,
            40.07898702769218,
            38.965767960925426,
            49.61970257806822,
            50.0091931398731,
            47.84318095248927,
            49.660493997318525,
            51.218727324568576,
            58.2914032820524,
            61.63156022609197,
            61.0587299648766,
            59.645960339195085,
            61.130411211315725
        ],
        [
            12.255351581903042,
            9.330830346215262,
            8.427293456337733,
            10.232835705061444,
            12.49622962224029,
            18.352998243256277,
            21.491848988230497,
            20.151785677730032,
            18.265294148653645,
            23.159817715136885,
            28.827982820505262,
            29.130525454816116,
            29.61058985264386,
            30.602412988674818,
            30.335508937681908,
            39.14734044193389,
            40.149922549174875,
            36.41800464109843,
            37.62243732136015,
            40.211791111687205,
            50.82821638115234,
            51.08581839084768,
            48.87939708446976,
            50.574119161886536,
            48.17075455671368,
            59.18116283736382,
            62.551859393008044,
            60.45895269683764,
            59.31683854072562,
            58.79623510051031
        ],
        [
            10.162130703232112,
            10.331138922553107,
            9.853726440014002,
            10.681221609987663,
            10.478532280053878,
            18.571686585822725,
            20.588099870077933,
            20.23204306078718,
            19.602247807186618,
            20.104794979156157,
            30.32066150022768,
            29.9004603634234,
            29.311686109925056,
            30.281042138562157,
            30.363852008970994,
            39.384090731239645,
            40.6270293809259,
            41.38054521073477,
            40.53747761119753,
            39.66690050384664,
            49.067020036392094,
            49.740780249304144,
            50.073692674253515,
            50.365467018471904,
            49.93378916539522,
            60.850337973336025,
            60.664684402452664,
            58.59857630748827,
            59.25860395764798,
            60.84228833558325
        ],
        [
            9.021081632423359,
            9.637245380671734,
            11.47689878805888,
            10.026460225903632,
            9.455610382949317,
            22.23994302423282,
            20.621444830927935,
            19.298775618380578,
            21.028132362965362,
            20.6186555524438,
            28.284856070565507,
            29.314660317440616,
            33.62336100799628,
            29.584119624006213,
            29.5946068938989,
            37.474341388788766,
            41.12034390532872,
            39.60476945931857,
            40.064539288096526,
            40.33009398817442,
            49.22038197054731,
            50.20192894528804,
            49.32173533431314,
            51.533878826373154,
            49.663197864250485,
            60.84440607433729,
            59.67967796441438,
            59.36744674387488,
            57.80367083985894,
            59.2198569129948
        ]
    ]
}