{
    "sampler": "Metro",
    "value": 0.8,
    "means_array": [
        [
            0.0,
            0.0
        ]
    ],
    "case": "Posterior Samples",
    "dim": 2,
    "samples": [
        [
            1.7103103227033334,
            0.806898452792786
        ],
        [
            0.14265272950283864,
            0.07012034365726494
        ],
        [
            0.8478152268703788,
            -0.039378810287996
        ],
        [
            0.18603082330558013,
            0.013549195534129144
        ]
    ]
}