{
    "sampler": "HMC",
    "value": [
        20,
        20
    ],
    "means_array": [
        [
            0,
            0
        ],
        [
            -5,
            -5
        ],
        [
            20,
            20
        ]
    ],
    "case": "Posterior Samples",
    "dim": 2,
    "samples": [
        [
            -0.7581218600964145,
            -1.5524868715303655
        ],
        [
            -4.433473145944933,
            -6.180610261945214
        ],
        [
            21.425974465697152,
            21.045493769297874
        ],
        [
            -6.493812410052717,
            -6.87922940657231
        ]
    ]
}