run_id,mu,sampler,wasserstein_distance,mmd_rff,r_hat,ess,runtime
52,"(0, 0, 0, 0, 0)",HMC,0.030169065444176663,0.02421179434196858,1.0014896259563257,1645.4307736259689,1.8452808856964111
