run_id,nu,sampler,wasserstein_distance,mmd_rff,r_hat,ess,runtime
13,0.5,SMC,16834.582110367774,0.06645972543181156,1.0378352449938868,903.3332431862733,0.7164027690887451
13,1.0,SMC,6.719878246712159,0.08647903295448307,1.038448871509052,429.8139026481817,0.743462085723877
13,2.0,SMC,0.22162530005223224,0.10378338468830933,1.040179674167541,247.96455670644357,0.7433247566223145
13,5.0,SMC,0.2139025074253122,0.12587851964736751,1.040706402404998,168.5784265103287,1.4269683361053467
13,10.0,SMC,0.19975735689637208,0.1287237400484858,1.040509649333729,144.4933348648259,0.7612936496734619
13,30.0,SMC,0.25654240086731994,0.1561746248681338,1.039501555582817,127.48709445914892,0.7443077564239502
13,100.0,SMC,0.20463940812724452,0.1403796412315044,1.039301400558777,125.34600061623149,0.7529697418212891
13,500.0,SMC,0.19458397217607612,0.13057416840698644,1.0386290333015995,122.85340178346254,0.7554893493652344
