mu,ws_t_stat,ws_p_value,ws_paired_cohens_d
"(0, 0)",10.047527612726856,7.050736196259674e-07,2.9004713859490243
