mu,mean_rmse_t_stat,mean_rmse_p_value,mean_rmse_paired_cohens_d
"(0, 0)",1.3961683915125278,0.19020066594117221,0.4030390983369024
