mu,mean_rmse_t_stat,mean_rmse_p_value,mean_rmse_paired_cohens_d
"(0, 0)",-1.1959975974315122,0.2568419786710266,-0.34525476741361466
