mu,ws_t_stat,ws_p_value,ws_paired_cohens_d
"(0, 0)",4.065635110565434,0.001865226847693057,1.1736477627558735
