mu,var_rmse_t_stat,var_rmse_p_value,var_rmse_paired_cohens_d
"(0, 0)",2.2983893315644726,0.04215119128558448,0.6634878496406562
