dimension,mmd_rff_t_stat,mmd_rff_p_value,mmd_rff_paired_cohens_d
2,3.4837433375048996,0.0734354090427138,2.011340153696019
3,2.1524573978911112,0.1642484687527755,1.2427218580916346
10,2.635122195336124,0.1188739428123414,1.5213885088248689
30,3.0366045787740936,0.09348896978434121,1.7531844709776732
50,8.491039600655004,0.013588002712632843,4.902303999137939
