dimension,var_rmse_t_stat,var_rmse_p_value,var_rmse_paired_cohens_d
2,2.3132249722148095,0.14681272002164739,1.335541060404385
3,1.3193754145869385,0.3178357454096987,0.7617417507739431
10,2.1438506968429976,0.1652603189338848,1.2377527769246714
30,2.018731881405549,0.1809780345243286,1.1655153951511734
50,5.01230182775145,0.03757477936896923,2.8938538095119535
