{
    "sampler": "DEMetro_Z",
    "value": 3,
    "means_array": [
        [
            0.0,
            0.0,
            0.0
        ]
    ],
    "case": "Posterior Samples",
    "dim": 3,
    "samples": [
        [
            -79.93997508865642,
            -78.35350258305778,
            -90.39744684546113
        ],
        [
            -22.911837827178395,
            -34.43752231590023,
            -42.57616586056942
        ],
        [
            -3.9167896120297883,
            -4.523792048776744,
            -3.338610683394446
        ],
        [
            26.308928016797474,
            37.37229646458885,
            24.623999990597127
        ]
    ]
}