run_id,mu,sampler,wasserstein_distance,mmd_rff,r_hat,ess,runtime
27,"(0, 0, 0, 0, 0)",Metro,0.08432157227552046,0.03102084709119945,1.0210658105285992,229.86752742810296,1.2709379196166992
