mm,mean_rmse_t_stat,mean_rmse_p_value,mean_rmse_paired_cohens_d
5,4.376330290440676,0.001105836578952094,1.263337735624319
8,7.354300406485591,1.4404332748712371e-05,2.123003659692915
10,177.86073508200005,2.2253542556018394e-20,51.34397163892872
12,155.95601146949457,9.441181548583766e-20,45.02062260182653
15,179.95199114061822,1.9569266949486058e-20,51.947665263122545
18,140.09920064621014,3.069156631734502e-19,40.44315560317041
