mm,mean_rmse_t_stat,mean_rmse_p_value,mean_rmse_paired_cohens_d
5,3.750023618557811,0.0032097901334510767,1.0825385728209034
8,0.2676748616120092,0.7939021837081346,0.07727107670349467
10,-0.5462452681121506,0.5958025748309708,-0.15768742629405472
12,-0.10242882981529204,0.9202597071540146,-0.029568656233318613
15,-2.484390567587465,0.03033621835053971,-0.717181781484395
18,-0.0847779839506924,0.933961201996567,-0.024473295927643017
