mm,ws_t_stat,ws_p_value,ws_paired_cohens_d
5,2.659294559536609,0.02221466494637929,0.7676722149014843
8,1.7028923798994864,0.11664107890980224,0.4915826869679655
10,1.1019371188017153,0.29401548277916967,0.3181018460851055
12,-0.4976976147640775,0.6284964678882135,-0.1436729259295374
15,-1.2440332264831813,0.23934427901704708,-0.35912145909545173
18,-0.3224746839789256,0.7531392360863476,-0.0930904228010361
