mm,mmd_rff_t_stat,mmd_rff_p_value,mmd_rff_paired_cohens_d
5,2.7838339569902923,0.017781562797084878,0.8036236422237832
8,1.34904057550583,0.20443846331455404,0.3894344697080093
10,0.6891445206617587,0.5050090853696374,0.19893888725731101
12,0.28160766232893747,0.7834715373254199,0.08129312982573665
15,0.6031513893582449,0.5586389452317135,0.17411480850403974
18,-0.5437840381595853,0.5974386498072748,-0.15697693040622918
