mu,mmd_rff_t_stat,mmd_rff_p_value,mmd_rff_paired_cohens_d
"(0.0, 0.0, 0.0, -5.059644)",12.84158491555513,1.715659948295446e-13,2.3445419107892063
