run_id,mu,sampler,wasserstein_distance,mmd_rff,swd_zscore,r_hat,ess,runtime
9,"(10, 10)",HMC,3.273766910036301,0.2653031744442909,77.98688279356381,1.6143595613389128,9.92604556167806,4.330317258834839
9,"(20, 20)",HMC,3.270824638596987,0.13247204079340924,38.101468491343894,1.7071594501788068,9.294304330057944,4.684136152267456
9,"(5, 5)",HMC,0.20625510983988846,0.0400924183566705,9.21788116721024,1.0442792743475175,129.66733456418046,4.872227668762207
9,"(50, 10)",HMC,5.169719458828837,0.1413458170649192,40.03077052707215,1.7064960033249787,9.322659065760016,4.3788299560546875
