{
    "sampler": "Metro",
    "value": 2.1,
    "means_array": [
        [
            0.0,
            0.0,
            0.0,
            0.0,
            0.0,
            0.0,
            0.0,
            0.0,
            0.0,
            0.0,
            0.0,
            0.0,
            0.0,
            0.0,
            0.0,
            0.0,
            0.0,
            0.0,
            0.0,
            0.0,
            0.0,
            0.0,
            0.0,
            0.0,
            0.0,
            0.0,
            0.0,
            0.0,
            0.0,
            0.0
        ]
    ],
    "case": "Warmup Samples",
    "dim": 30,
    "samples": [
        [
            -16.552050344087014,
            -96.54172977939746,
            117.10064667017467,
            107.0731922564055,
            123.13741540249346,
            38.454701672138114,
            -43.609845648795016,
            67.12445962212148,
            -7.654265267136918,
            -105.68145422482306,
            -78.62911142707517,
            96.8327241451459,
            -92.1486157525457,
            44.52744240205393,
            55.030099064157355,
            -29.40782319516195,
            -60.60203311537602,
            -105.47746407806109,
            -108.34188946359157,
            75.31822140038669,
            59.03403789476334,
            103.28158081142892,
            72.7326489983531,
            -22.08733278618733,
            -186.31917653592066,
            -37.1189722606384,
            -74.99291231901324,
            -162.07404888087075,
            -80.40274260632076,
            -124.79256965286928
        ],
        [
            -32.46073795413932,
            38.59259380482653,
            -115.81869533969204,
            -72.44228475998943,
            106.54850217586879,
            15.397304256646864,
            -0.6557173263947543,
            -41.282114635024314,
            -97.98810866037128,
            -205.94311871638487,
            21.161310895220492,
            25.21877510796056,
            -104.1713187699641,
            44.95228068055284,
            -122.64275680768185,
            -53.246122563817764,
            -55.19126506769844,
            11.762144695135198,
            -40.7933434516124,
            -49.87637486841574,
            51.377441990136155,
            129.81720912840376,
            -98.81616657658499,
            25.356353263736075,
            -201.59633027769263,
            -179.8775008305131,
            50.50060382445442,
            207.9883284350231,
            121.06205985319212,
            -99.28295370720947
        ],
        [
            21.262628061863676,
            40.8772653891497,
            -157.5289190412734,
            86.3753592732136,
            8.84203242829008,
            27.77629145601632,
            18.622985552315775,
            -58.45577732395449,
            -0.0485289157031773,
            -147.67293916831355,
            15.567617778033297,
            75.46749893709384,
            36.22378061707228,
            83.13720155646631,
            -46.57594113985078,
            -18.42523197381581,
            35.40156089571658,
            -24.60421309046658,
            73.2950381252926,
            -19.41063036920061,
            41.48765615797183,
            -74.56658906245859,
            -104.7873495206776,
            95.951179512279,
            -155.92592975356104,
            -255.52727212125095,
            -9.101562737738252,
            -92.3839583158317,
            -37.89749540268946,
            49.86597959679845
        ],
        [
            -225.89770245523076,
            67.99310121450426,
            -146.99424087318553,
            89.51083467974017,
            56.71877113491534,
            -81.51053708455464,
            102.47103198062847,
            38.727507376983745,
            145.0844172334869,
            -120.15638008820827,
            -86.71146429376844,
            -99.83142345751213,
            18.07381874189795,
            -114.90157319729435,
            108.75314310887828,
            -20.649545598516156,
            -73.33433851714972,
            55.8673157114218,
            -34.509874777327795,
            61.568812954437064,
            114.5534794097325,
            45.40973923064851,
            -79.14988467292994,
            -68.01658133157572,
            -227.909142060629,
            -112.17025036032635,
            62.836995534032745,
            166.2414709987309,
            -85.74218881665108,
            78.83655351838293
        ]
    ]
}