{
    "sampler": "Metro",
    "value": 50,
    "means_array": [
        [
            -0.9096901936559428,
            0.0,
            0.0,
            0.0,
            0.0,
            0.0,
            0.0,
            0.0,
            0.0,
            0.0,
            0.0,
            0.0,
            0.0,
            0.0,
            0.0,
            0.0,
            0.0,
            0.0,
            0.0,
            0.0,
            0.0,
            0.0,
            0.0,
            0.0,
            0.0,
            0.0,
            0.0,
            0.0,
            0.0,
            0.0
        ],
        [
            0.9096901936559428,
            0.0,
            0.0,
            0.0,
            0.0,
            0.0,
            0.0,
            0.0,
            0.0,
            0.0,
            0.0,
            0.0,
            0.0,
            0.0,
            0.0,
            0.0,
            0.0,
            0.0,
            0.0,
            0.0,
            0.0,
            0.0,
            0.0,
            0.0,
            0.0,
            0.0,
            0.0,
            0.0,
            0.0,
            0.0
        ]
    ],
    "case": "Posterior Samples",
    "dim": 30,
    "samples": [
        [
            -1.2055098300501985,
            -2.144737603720614,
            -2.5305223538113033,
            -2.4776624824983644,
            -2.50698253654448,
            -2.0137489940509474,
            -2.475462664142677,
            -2.2341970308598893,
            -2.455304886272061,
            -2.8592779670028508,
            -2.5410832420578777,
            -2.105865013436601,
            -2.387784623118611,
            -2.480493069651782,
            -2.3860232823817342,
            -2.6617880018480533,
            -2.155862926564122,
            -2.697627028104061,
            -2.0616392855662515,
            -2.55358860182741,
            -2.5600440744562785,
            -2.482183636469558,
            -2.837664410302027,
            -2.513115445760283,
            -2.748701774938685,
            -2.4398236089052414,
            -2.4681020900894763,
            -2.4705073246842852,
            -2.0669208547216136,
            -3.0367517641745083
        ],
        [
            -4.391880397126294,
            -5.401342284292431,
            -5.034579661598178,
            -5.2704742502205715,
            -5.057020981977399,
            -5.476803809981766,
            -5.535087910667241,
            -5.2673599605710635,
            -5.003260353755292,
            -5.585057716680949,
            -5.486319459846279,
            -5.565877282689847,
            -5.729032466385129,
            -5.936067949785817,
            -5.234542673116073,
            -5.623133490685221,
            -5.395975806191966,
            -5.549610947078196,
            -5.207908970831041,
            -5.214482877792514,
            -5.025040315991543,
            -5.985079948455913,
            -6.1891631037120725,
            -4.956088523414195,
            -5.237044969315972,
            -5.578145673715822,
            -4.951614746152714,
            -5.198540603058059,
            -5.296499997098139,
            -5.038945652124408
        ],
        [
            -3.350278061018458,
            -3.0634399107064985,
            -2.8852277852063386,
            -3.0581245929361986,
            -2.818634355604746,
            -3.0645589505888613,
            -3.352672917558769,
            -2.9675813267592694,
            -2.824508693563648,
            -2.7779722841972183,
            -2.6569540843023627,
            -3.340023308623405,
            -2.738247010853769,
            -2.6631339219602213,
            -2.6800661880674315,
            -3.0347115777985834,
            -2.432198075496794,
            -2.730129096390689,
            -2.944382938273613,
            -3.0226704220728213,
            -3.260456739464718,
            -2.630653686195145,
            -2.9759781296402177,
            -3.55183164739677,
            -3.0765144566096225,
            -2.9096518991577627,
            -3.252197066340517,
            -2.944404183474221,
            -2.8485909952830566,
            -2.8729955254146398
        ],
        [
            0.47402033817886724,
            1.6515034723477808,
            1.2860851646664768,
            1.3213310728597745,
            1.1904820136607779,
            1.1865044304536347,
            1.1044423869733482,
            1.5078350364072293,
            1.454595323030202,
            1.5511132434244186,
            1.3875316857759425,
            1.689938320423916,
            1.287717475584573,
            1.4023415174756784,
            1.6480698382165242,
            1.2884194533918862,
            1.3410601201543861,
            1.7670359530768307,
            1.5437307874974586,
            1.4258601857643234,
            1.577287260688052,
            1.3647233970120234,
            1.0506161638074578,
            1.6148013528721332,
            1.3747240022380993,
            1.299486629628281,
            1.5135117654673662,
            1.658058814833115,
            1.444515529000655,
            1.5890645408392607
        ]
    ]
}