{
    "run_id": 1,
    "case": "unimodal",
    "dim": 2,
    "low": [
        -193.04196706321605,
        -196.36696773788626
    ],
    "high": [
        148.4235239025345,
        180.82675148342437
    ],
    "means_array": [
        [
            0.0,
            0.0
        ]
    ],
    "samples": [
        {
            "posterior": [
                -11.650799511060825,
                129.85408531597747
            ]
        },
        {
            "posterior": [
                -12.36765629945009,
                25.936693410289053
            ]
        },
        {
            "posterior": [
                19.989135951263165,
                155.36155187625113
            ]
        },
        {
            "posterior": [
                49.31494616321601,
                -54.44490464720852
            ]
        }
    ]
}