nu,global_median_wasserstein_distance,global_median_r_hat,global_median_ess,global_median_runtime,global_median_mmd_rff,global_q25_wasserstein_distance,global_q25_r_hat,global_q25_ess,global_q25_runtime,global_q25_mmd_rff,global_q75_wasserstein_distance,global_q75_r_hat,global_q75_ess,global_q75_runtime,global_q75_mmd_rff,ws_mcmc_mean,ws_iid_mean,ws_iid_std,mmd_rff_mcmc_mean,mmd_rff_iid_mean,mmd_rff_iid_std,ws_dist_glass_delta,mmd_rff_glass_delta
2.1,29.022525513673184,,,4.134798526763916,0.4128605633708566,28.531329945159715,,,3.7496581077575684,0.4068111238117208,29.703642262509597,,,4.371524095535278,0.4191531423980923,29.132590006873112,0.11828423494691999,0.029293326740574124,0.41316793929917806,0.015191967846455599,0.0017559884261633732,990.474930651647,226.63929073966213
3.0,28.504919597243394,,,4.184818506240845,0.4139825788891902,28.2866484481052,,,4.15714955329895,0.40739745105449404,28.67932330917987,,,4.264655590057373,0.41762649835484195,28.474733832061133,0.06342789987900495,0.005922664972719101,0.412684402485644,0.014614326998256717,0.0018131713738943,4797.047623502241,219.54354741020362
4.0,27.940076967795253,,,4.3554768562316895,0.4058463848042676,27.723040423837585,,,4.255912780761719,0.4017667640634775,28.083837338104033,,,4.4571568965911865,0.4198263206175042,27.800017217596206,0.0497190248379361,0.003575474539543721,0.4115105483063031,0.015181324296272145,0.0015989035918205351,7761.290951969577,247.87562304414158
5.0,27.451952694179283,,,4.360063791275024,0.41626967023010525,27.051809756224365,,,4.070506572723389,0.410218437918052,27.530110542949398,,,4.544893264770508,0.4209086051439031,27.224762535559318,0.043025972506266316,0.003252765180687932,0.4153920062298874,0.014825289888527729,0.001725818053138072,8356.501331370113,232.1025183465924
30.0,10.703335014295563,,,6.294065475463867,0.39408125875355304,10.533921197560947,,,5.917672872543335,0.3904524382133144,12.594888910882869,,,6.4250640869140625,0.40887671454884306,11.310270174265211,0.03024540454647993,0.001280758609815977,0.39836748544398054,0.014010895600132434,0.0009149926203181378,8807.299582658654,420.06523474496385
