{
    "sampler": "Metro",
    "value": 2,
    "means_array": [
        [
            0.0,
            0.0
        ]
    ],
    "case": "Warmup Samples",
    "dim": 2,
    "samples": [
        [
            52.09314692008536,
            -76.06130127089756
        ],
        [
            21.250680772355167,
            -79.86820105903018
        ],
        [
            68.40429451870406,
            -50.077564716960346
        ],
        [
            -54.853138564034595,
            -90.40448537919045
        ]
    ]
}