{
    "sampler": "Metro",
    "value": 18,
    "means_array": [
        [
            0.0,
            0.0
        ],
        [
            18.0,
            0.0
        ]
    ],
    "case": "Warmup Samples",
    "dim": 2,
    "samples": [
        [
            181.39882386116133,
            5.752470080135533
        ],
        [
            182.44595383330523,
            -8.809489509419533
        ],
        [
            158.75116910618848,
            135.35480434730314
        ],
        [
            -210.2578556370241,
            112.78906200103268
        ]
    ]
}