run_id,mu,sampler,wasserstein_distance,mmd_rff,r_hat,ess,runtime
62,"(10.0, 0.0)",SMC,0.1721363921830105,0.021706925825473046,1.0004079268888983,3451.1773933742425,6.514416456222534
