{
    "sampler": "DEMetro_Z",
    "value": 10,
    "means_array": [
        [
            0.0,
            0.0,
            0.0,
            0.0,
            0.0,
            0.0,
            0.0,
            0.0,
            0.0,
            0.0,
            0.0,
            0.0,
            0.0,
            0.0,
            0.0,
            0.0,
            0.0,
            0.0,
            0.0,
            0.0,
            0.0,
            0.0,
            0.0,
            0.0,
            0.0,
            0.0,
            0.0,
            0.0,
            0.0,
            0.0
        ],
        [
            10.0,
            0.0,
            0.0,
            0.0,
            0.0,
            0.0,
            0.0,
            0.0,
            0.0,
            0.0,
            0.0,
            0.0,
            0.0,
            0.0,
            0.0,
            0.0,
            0.0,
            0.0,
            0.0,
            0.0,
            0.0,
            0.0,
            0.0,
            0.0,
            0.0,
            0.0,
            0.0,
            0.0,
            0.0,
            0.0
        ]
    ],
    "case": "Posterior Samples",
    "dim": 30,
    "samples": [
        [
            7.4773647409961725,
            -3.1031139252635924,
            19.962446898735127,
            7.3496819357687455,
            2.7485832459579562,
            -8.89625351482036,
            -10.176239260687508,
            -5.174514796078487,
            3.4767967017578014,
            15.039657926834048,
            -19.311811151610787,
            -10.638421826015197,
            6.090482866844904,
            -3.3380623662698383,
            -10.946082242604088,
            23.28183657174624,
            2.9308261889017335,
            13.64443942138348,
            -22.34899164614218,
            -19.521358680132245,
            6.647853245816849,
            -13.944704692434224,
            9.713357462856571,
            -12.357252749715034,
            25.181857154992304,
            -12.427772454346313,
            8.977306736184245,
            25.7062090100177,
            -10.10374928651102,
            0.5521363600333097
        ],
        [
            -25.28234273150945,
            -17.1505277270017,
            -0.5433049698457784,
            11.326259135062108,
            15.298525290079175,
            8.111169214221686,
            11.093747507832626,
            -2.35186219064005,
            -16.331443026882706,
            -9.615570839003091,
            3.929064735759878,
            -26.992692175905216,
            9.412478701392637,
            2.2170126399238335,
            19.53231699126145,
            -16.713526154535998,
            5.585172262626944,
            10.091457593096193,
            -11.22108169446535,
            -19.156207157091522,
            -18.112417353399618,
            -0.37610691436262933,
            -13.018431868867117,
            -7.992798108268371,
            -7.136385124621356,
            -15.41777275254988,
            10.331833066836865,
            -6.239362249820089,
            29.77588489630856,
            -30.810182458568168
        ],
        [
            0.6003675801414834,
            14.793754736613561,
            1.4403318308421542,
            -23.75686869430759,
            -5.462527135777098,
            22.243182173285714,
            25.144312848353625,
            1.6219467147296183,
            13.665830694390264,
            -8.992065099665622,
            4.497628989101184,
            -8.356875979757097,
            -5.901600348568151,
            13.805043665172654,
            10.075671891902614,
            -24.838417580613143,
            -7.607411378544361,
            13.96275167841834,
            -1.5603989533909206,
            2.847776550897543,
            2.9005437939226772,
            -8.42781205262281,
            -7.738098079893806,
            -17.5421991887481,
            -3.4125476820382517,
            23.563166532561702,
            13.272552696094628,
            24.196102556617028,
            -26.311905743444974,
            2.9473604568932785
        ],
        [
            25.985708877661107,
            -11.864478109323464,
            9.640775680424822,
            -7.907126609732815,
            -7.052540495984965,
            -10.973196805462857,
            17.260689839765828,
            -11.542333424908717,
            -13.50068063299476,
            -2.4139396561229898,
            12.843581646640361,
            2.6607008392119487,
            11.973913887208987,
            -27.771817652180992,
            21.445173062211367,
            -9.539890360115129,
            18.213307550610025,
            15.803285778824012,
            -16.81794365407062,
            -24.042670704481115,
            13.436569427275272,
            -19.567621550932586,
            15.780905235300477,
            -12.97214740109058,
            -6.496818669557852,
            9.239027114199708,
            3.2516593581162256,
            -3.7149573552225963,
            -15.307628488311153,
            18.019240851707494
        ]
    ]
}