{
    "sampler": "DEMetro_Z",
    "value": 10,
    "means_array": [
        [
            0.0,
            0.0,
            0.0,
            0.0,
            0.0,
            0.0,
            0.0,
            0.0,
            0.0,
            0.0,
            0.0,
            0.0,
            0.0,
            0.0,
            0.0,
            0.0,
            0.0,
            0.0,
            0.0,
            0.0,
            0.0,
            0.0,
            0.0,
            0.0,
            0.0,
            0.0,
            0.0,
            0.0,
            0.0,
            0.0
        ],
        [
            10.0,
            0.0,
            0.0,
            0.0,
            0.0,
            0.0,
            0.0,
            0.0,
            0.0,
            0.0,
            0.0,
            0.0,
            0.0,
            0.0,
            0.0,
            0.0,
            0.0,
            0.0,
            0.0,
            0.0,
            0.0,
            0.0,
            0.0,
            0.0,
            0.0,
            0.0,
            0.0,
            0.0,
            0.0,
            0.0
        ]
    ],
    "case": "Warmup Samples",
    "dim": 30,
    "samples": [
        [
            16.879425327701593,
            -28.40141572153722,
            22.85719840145653,
            -4.911931504478426,
            -9.19734079172553,
            -11.270670684615967,
            -26.645701726847633,
            0.7070240820576121,
            15.671499004109892,
            17.66893292310675,
            -12.662782011174206,
            -10.991144525717786,
            -4.339827413734399,
            -18.142000199305244,
            -30.064079529786547,
            24.03117365515876,
            7.630917502010266,
            17.299444654333485,
            -29.6154108223223,
            -12.599041354840093,
            24.617810892626938,
            -2.547883607770835,
            8.230323953628151,
            -12.882990423668145,
            20.96167849352164,
            -8.981601340230577,
            -0.48635258079164123,
            18.717223689791926,
            -20.167423557456882,
            -8.703973976471143
        ],
        [
            -23.03593427602566,
            -6.744860188817387,
            12.15838087304725,
            8.390291181883791,
            11.573532295330475,
            25.01346784119917,
            15.506558845573531,
            -1.8135623605048692,
            -17.18510859224939,
            -17.479965840234176,
            -5.163363640821088,
            -26.739303178300283,
            14.765886584831652,
            -20.57877506965667,
            20.460610399155556,
            -22.644003909458736,
            8.004681736942109,
            14.930335507081471,
            -6.795451116984348,
            -22.874833609407318,
            -19.075851358965405,
            12.670253410577441,
            -13.961075289424166,
            7.553984843180339,
            -17.459209086758598,
            -11.415669714663034,
            17.860605739401993,
            -16.069064113734477,
            27.59901922008899,
            -27.383629443376577
        ],
        [
            3.124116132509344,
            14.286039130873649,
            -9.648146904071085,
            -16.958175996001295,
            -18.452320312019435,
            20.587500634527174,
            28.91252243103958,
            -9.067708865370218,
            29.21272652840222,
            -8.733200278471243,
            -9.691986514093326,
            -15.494577060877766,
            -4.57914815955503,
            21.750063593721258,
            20.873978638113794,
            -20.983447952236858,
            0.4675367269482904,
            9.821653311459137,
            -0.3842927030384688,
            12.444327528233929,
            2.015924641505094,
            -14.869769484549165,
            -15.322880437201354,
            -26.526413953228726,
            -0.9236480144973719,
            27.440732326210757,
            3.838786162560484,
            11.390876500345826,
            -23.00844294227808,
            -6.76417632522436
        ],
        [
            18.82044854579965,
            -13.576999936390987,
            7.604555454234772,
            -14.676157499279979,
            -15.11251321017502,
            -16.579331413599686,
            21.567652743321887,
            -12.62104461078941,
            -15.767517022843272,
            -12.559928952598321,
            20.596687678370706,
            -6.939686775542514,
            11.768228688090494,
            -25.779576757012904,
            18.33178877043976,
            -16.10887851278357,
            20.43282350592069,
            7.768504310499851,
            -4.739928950916981,
            -14.810687192249315,
            22.84593296747335,
            -10.10074159385547,
            26.06227572678185,
            -21.635253126170554,
            -1.4600112024650715,
            21.711890520914185,
            7.844662351666434,
            -5.589291970602181,
            -16.115505407310305,
            20.00331453750686
        ]
    ]
}