run_id,mu,sampler,wasserstein_distance,mmd_rff,r_hat,ess,runtime
20,"(0, 0, 0, 0, 0)",HMC,0.026136081959378776,0.022022109175715864,1.001824044575147,5328.236465406369,1.6711103916168213
