{
    "run_id": 1,
    "case": "multimodal",
    "dim": 2,
    "means_array": [
        [
            0.0,
            0.0
        ],
        [
            12.0,
            0.0
        ]
    ],
    "min_mode": [
        0.0,
        0.0
    ],
    "max_mode": [
        12.0,
        0.0
    ],
    "border": [
        20.0,
        20.0
    ],
    "low": [
        -24.04365685092106,
        -30.0455062283417
    ],
    "high": [
        35.95634314907894,
        29.9544937716583
    ],
    "samples": [
        {
            "posterior": [
                33.124877760128825,
                -19.823080217563373
            ]
        },
        {
            "posterior": [
                26.006293570393318,
                -17.023795993513826
            ]
        },
        {
            "posterior": [
                16.23447473179241,
                13.72799192454552
            ]
        },
        {
            "posterior": [
                -9.223626767614082,
                -5.2498247223999925
            ]
        }
    ]
}