{
    "sampler": "DEMetro_Z",
    "value": 12,
    "means_array": [
        [
            -6.0,
            0.0
        ],
        [
            6.0,
            0.0
        ]
    ],
    "case": "Warmup Samples",
    "dim": 2,
    "samples": [
        [
            -19.931716343514942,
            -8.121502509566888
        ],
        [
            30.12241818498955,
            16.939928709379924
        ],
        [
            -4.760693770553179,
            -2.846696105172363
        ],
        [
            0.3837781526030155,
            6.406103740199908
        ]
    ]
}