{
    "run_id": 1,
    "case": "multimodal",
    "dim": 2,
    "means_array": [
        [
            0.0,
            0.0
        ],
        [
            8.0,
            0.0
        ]
    ],
    "min_mode": [
        0.0,
        0.0
    ],
    "max_mode": [
        8.0,
        0.0
    ],
    "border": [
        20.0,
        20.0
    ],
    "low": [
        -25.941694899159828,
        -29.917822006686453
    ],
    "high": [
        34.05830510084017,
        30.082177993313547
    ],
    "samples": [
        {
            "posterior": [
                -3.1557963545367507,
                -5.359629643046791
            ]
        },
        {
            "posterior": [
                -17.298355806936904,
                -11.9895430157632
            ]
        },
        {
            "posterior": [
                31.884829762931112,
                -0.002186304096468916
            ]
        },
        {
            "posterior": [
                -2.517732216322017,
                9.978017664396216
            ]
        }
    ]
}