{
    "sampler": "Metro",
    "value": 12,
    "means_array": [
        [
            -6.0,
            0.0,
            0.0,
            0.0,
            0.0,
            0.0,
            0.0,
            0.0,
            0.0,
            0.0,
            0.0,
            0.0,
            0.0,
            0.0,
            0.0,
            0.0,
            0.0,
            0.0,
            0.0,
            0.0,
            0.0,
            0.0,
            0.0,
            0.0,
            0.0,
            0.0,
            0.0,
            0.0,
            0.0,
            0.0
        ],
        [
            6.0,
            0.0,
            0.0,
            0.0,
            0.0,
            0.0,
            0.0,
            0.0,
            0.0,
            0.0,
            0.0,
            0.0,
            0.0,
            0.0,
            0.0,
            0.0,
            0.0,
            0.0,
            0.0,
            0.0,
            0.0,
            0.0,
            0.0,
            0.0,
            0.0,
            0.0,
            0.0,
            0.0,
            0.0,
            0.0
        ]
    ],
    "case": "Posterior Samples",
    "dim": 30,
    "samples": [
        [
            4.634157804651173,
            -0.4878543507981964,
            0.9945787999285698,
            -0.7382327727183683,
            -0.5058250147751688,
            -0.3206611563641534,
            0.18598530316884765,
            1.3166592067523357,
            0.6844468701940256,
            -1.422848279866174,
            0.8374409266765813,
            -1.1176234388964135,
            1.2826734887830264,
            -0.3585515832075077,
            -0.0453610758241183,
            -0.09262653609232277,
            0.6719111473506744,
            0.7511968994364387,
            0.4486873268759979,
            0.8071076434328174,
            0.07471589172504745,
            0.3129883148768565,
            1.1934311679861531,
            -0.13715793552883082,
            2.007146855791339,
            -0.3406733545334266,
            1.3433888716297573,
            2.0008411486301645,
            -1.1450967234031895,
            0.31234597073734005
        ],
        [
            -6.953719933350146,
            1.4870740895924008,
            1.3166934488352189,
            0.07555163220998734,
            1.8615155077387529,
            -0.1964665966417899,
            -0.160326843071931,
            1.6694451204090228,
            -1.315082773464193,
            0.2907856905597179,
            -0.1505109822990794,
            1.0828159427655863,
            -1.154027354483433,
            -0.16275487244173925,
            0.576663204003783,
            2.02320847129768,
            0.9987608936663737,
            0.7356829814920384,
            -0.02773242079675331,
            0.6032649621135406,
            0.143556844153505,
            -0.8388113704209006,
            0.44278574671308235,
            0.09011995758446953,
            -0.44426380729109577,
            -1.7227715265221695,
            -0.052196143940834897,
            0.11146473241388177,
            0.6283682088447636,
            1.2743573252395586
        ],
        [
            7.552916807601681,
            2.038360174878374,
            0.777649023566718,
            1.8719166342145703,
            0.9821621419036082,
            -0.11103309265919742,
            -0.9879829760580948,
            -1.6369855713001014,
            -0.5939159593503937,
            -0.5213574913035575,
            0.49312534148457,
            0.5746353278246119,
            -0.5414032714029685,
            -2.609030312776689,
            -1.3697764910473957,
            -1.337119556086433,
            0.36664389737472036,
            -0.11935512112374203,
            1.109261363461109,
            -1.4359469116945982,
            -1.0313095320880041,
            -0.31681853222844225,
            -0.6211790114568645,
            0.2428911804147682,
            -0.2129754612359434,
            -0.3297743443532815,
            1.3477350832617718,
            0.7114227645196255,
            -0.2413992858471099,
            -0.8765991783440097
        ],
        [
            6.469136460940373,
            -2.615193317620341,
            0.5527745619849054,
            -2.4671639443315603,
            0.141071155148614,
            1.5001638224291414,
            -0.862744811979405,
            -0.5599371441982246,
            -0.28754304602035896,
            -0.13095955925740288,
            -0.26613933594092365,
            0.6803694456198335,
            0.7547822207727372,
            1.327709088762545,
            -0.7434643317625227,
            0.4829644836093979,
            -0.5941823028359241,
            1.0445369367043618,
            0.3632587521188946,
            0.8519160881054437,
            1.2243108380880876,
            -1.8994154233684089,
            1.1536793349658192,
            -1.093538518350734,
            0.9566584733985932,
            -0.8513460409633709,
            -1.2033715476116256,
            -1.580020716692943,
            0.5703167880493577,
            2.2331124520033203
        ]
    ]
}