run_id,dimension_corr,sampler,wasserstein_distance,mmd_rff,r_hat,ess,runtime
37,2,Metro,0.04111172730212334,0.02443575951303695,1.0022829671228857,1544.27160054945,1.30391526222229
37,5,Metro,0.030843025179767586,0.02179828264172652,1.0021756101631987,1747.7470328224858,1.5742881298065186
37,10,Metro,0.03135822023704506,0.016796691997224156,1.004331399465658,1598.0948616732205,1.994875192642212
37,15,Metro,0.02874353893742015,0.01639244077980539,1.004038140599301,1685.6340153615843,2.4424805641174316
37,20,Metro,0.024947575817854416,0.01609314781373691,1.0062835326335722,1653.8246284554516,2.9972996711730957
