{
    "sampler": "DEMetro_Z",
    "value": 60,
    "means_array": [
        [
            0.0,
            0.0,
            0.0,
            0.0,
            0.0,
            0.0,
            0.0,
            0.0,
            0.0,
            0.0,
            0.0,
            0.0,
            0.0,
            0.0,
            0.0,
            0.0,
            0.0,
            0.0,
            0.0,
            0.0,
            0.0,
            0.0,
            0.0,
            0.0,
            0.0,
            0.0,
            0.0,
            0.0,
            0.0,
            0.0,
            0.0,
            0.0,
            0.0,
            0.0,
            0.0,
            0.0,
            0.0,
            0.0,
            0.0,
            0.0,
            0.0,
            0.0,
            0.0,
            0.0,
            0.0,
            0.0,
            0.0,
            0.0,
            0.0,
            0.0,
            0.0,
            0.0,
            0.0,
            0.0,
            0.0,
            0.0,
            0.0,
            0.0,
            0.0,
            0.0
        ]
    ],
    "case": "Posterior Samples",
    "dim": 60,
    "samples": [
        [
            -24.316948320019666,
            -30.467355639278413,
            -67.92265175802979,
            -41.57689936308444,
            10.607109595335952,
            -4.5135806579112066,
            1.394297826748798,
            -66.94990328142828,
            36.62548509689541,
            71.28122240433208,
            67.00384850731143,
            82.56634960343897,
            -11.364790593867777,
            101.8778090484274,
            14.166060224027035,
            -84.46787655136471,
            17.086190926749218,
            -37.9080692804622,
            -57.664675998734545,
            -65.4641830768861,
            14.022881630715947,
            -34.81623587649173,
            -0.10411457285871753,
            80.77750965046452,
            100.7410449873203,
            46.03397359647432,
            -96.18641484195697,
            -50.80006669014801,
            83.61906681780805,
            -86.13152666054734,
            -21.26939084614689,
            12.024417921542888,
            -67.9458313742875,
            47.59564166435331,
            -64.240321973706,
            -50.525892410618404,
            39.80714291620915,
            62.85653377097628,
            -87.190075099206,
            -42.23340050685902,
            13.001805963043173,
            -80.61268541328317,
            -1.466905549219866,
            51.23757024897784,
            7.98937413722092,
            -27.36951462903144,
            86.80651840996393,
            2.5526714859382174,
            72.33201847810555,
            5.853069984959374,
            -78.16171260640598,
            63.993843549222056,
            8.844440254666022,
            -67.07095724350002,
            -44.008674966780646,
            -96.29248370927179,
            -88.150520261374,
            -59.18176166234664,
            -18.864211193393828,
            -40.132703526254915
        ],
        [
            -106.45037102767274,
            -41.19990921655952,
            -62.928915384260534,
            28.359672049289625,
            85.08145014333357,
            22.67779023797258,
            48.4329161673585,
            22.679908340575004,
            -83.61464374924284,
            79.87583227628772,
            13.488638480191094,
            48.275210664488945,
            6.248139859595555,
            -38.06515173812252,
            71.82136954247,
            -52.128979148938896,
            8.154546371214973,
            89.82222392945174,
            -86.41467175569922,
            78.08569036331832,
            31.027502862957935,
            58.46128437791665,
            -52.862850601023695,
            -42.427211531257534,
            -50.612949403020586,
            -0.07616278360682611,
            -77.28308505443319,
            52.04484642725666,
            52.2016208871901,
            -13.769760865195247,
            -55.18382798063603,
            -20.05630110120572,
            82.00733153093023,
            -11.409213855628659,
            84.10182427473299,
            -109.18506175468066,
            -77.24038392637716,
            36.36535655338297,
            70.24669658228606,
            -31.789140957792302,
            92.82134159555784,
            -79.64744823679703,
            -57.10811708047846,
            4.899838509414069,
            6.543749810115026,
            32.39488882220322,
            -41.92062697574143,
            51.684682582297945,
            -57.32735557809523,
            1.7957247820866062,
            88.09978329057577,
            41.473735583329585,
            -4.708475274071648,
            -73.1513005468678,
            63.1915333883547,
            -43.29755085492289,
            -2.161686286143689,
            37.30448955311081,
            -7.894479078416348,
            -17.433990364137887
        ],
        [
            74.54865352774003,
            16.918753396117225,
            5.595896714089097,
            1.0421899376822603,
            30.165273282280015,
            109.38907757677256,
            -6.764528817386433,
            0.09390371515786071,
            73.74935450003682,
            -52.55476089499888,
            62.47776687439678,
            58.85451965199491,
            91.24878745907503,
            41.74060099273873,
            82.14677918974644,
            -79.77042506994255,
            85.5409656102161,
            -38.91310696770603,
            -40.16978032950494,
            73.58253869648917,
            -26.76197920878758,
            68.06257374181668,
            -46.09674288717875,
            -38.57140924111216,
            72.34702362303851,
            -32.26249807352253,
            -56.69427591970888,
            80.13295894050059,
            65.04673953553704,
            11.616177937460833,
            32.06981218355718,
            -64.35461898768699,
            1.0042225578630561,
            -21.62326820402937,
            3.95236927491424,
            -34.58292185283714,
            -97.9347698348183,
            -55.56110873378966,
            79.65641362525103,
            -47.66235414031235,
            -43.72274211574819,
            -58.210487501968785,
            -74.91675846204825,
            -73.06769079794243,
            41.46405351713079,
            -3.3139002659211645,
            18.812178889685025,
            -70.69385178674727,
            -54.09321040437012,
            43.57251843257036,
            -20.296649947001,
            -61.23232027830847,
            1.3019301775314756,
            -110.85125733705485,
            -39.27372304083689,
            12.432300156112156,
            -3.327527034973498,
            -39.37971991248337,
            18.295347859657607,
            57.462326914150495
        ],
        [
            65.2314027165482,
            43.76274847292665,
            -8.865042469700597,
            61.23329110903878,
            -78.32814671219795,
            98.61467315119603,
            -95.66303536611495,
            51.93519529722527,
            37.63741806864268,
            22.59534497327584,
            0.9543367032130314,
            59.64253509444882,
            -68.42350419287527,
            95.16173162537586,
            66.25541161397618,
            -29.6660623115982,
            -42.084455601604645,
            -50.89329344483951,
            -43.877180996474266,
            -31.47231024493288,
            -3.7498247341575612,
            -56.54320592055274,
            20.645907727426636,
            56.320900726566705,
            -70.81016077400494,
            56.641705703456985,
            -27.80794916082956,
            13.764322982436088,
            -92.00015713423137,
            35.14626183344874,
            3.629561490318548,
            -69.94307852129275,
            -49.6509378684411,
