{
    "component_types": [
        "MvNormal",
        "MvNormal"
    ],
    "component_params": [
        {
            "mu": [
                0.0,
                0.0
            ],
            "cov": [
                [
                    1.0,
                    0.0
                ],
                [
                    0.0,
                    1.0
                ]
            ]
        },
        {
            "mu": [
                8.435414670801254,
                -28.789647085916688
            ],
            "cov": [
                [
                    1.0,
                    0.0
                ],
                [
                    0.0,
                    1.0
                ]
            ]
        }
    ],
    "weights": [
        0.5,
        0.5
    ]
}