run_id,mu,sampler,wasserstein_distance,mmd_rff,r_hat,ess,runtime
69,"(0, 0, 0, 0, 0)",SMC,0.030152526286856364,0.016861511394357796,1.0007480726885774,4016.0899711548022,2.129502773284912
