run_id,mu,sampler,wasserstein_distance,mmd_rff,r_hat,ess,runtime
30,8,HMC,0.3724846999269885,0.058210551288831874,1.5309813224815612,7.250439699600596,1.348034143447876
30,10,HMC,2.023578902249638,0.22964293715921688,1.7341039857300202,6.137866158725125,1.3218507766723633
30,12,HMC,2.3291766879984546,0.20890249546523765,1.7348964598033834,6.193583975796481,1.621838092803955
30,14,HMC,2.8741735889406126,0.2174120053049894,1.7344163358952793,6.156819065434324,1.3145341873168945
30,16,HMC,0.7820701857269801,0.06543184241606605,1.5301438020995677,7.220514863881716,1.3052339553833008
30,18,HMC,8.216053644802088,0.5054233023840669,1.530313318756707,7.267036247092752,1.6222102642059326
30,20,HMC,0.8545479229096913,0.057465119834785236,1.528119268963126,7.312820256548906,1.3333423137664795
30,22,HMC,4.486435866638102,0.22655295873798798,1.733163637787651,6.160889214704273,1.3157427310943604
30,40,HMC,28.143122980697775,0.7729473630573414,1.0009125756804598,1632.0997213238606,1.2972769737243652
