{
    "sampler": "HMC",
    "value": 2.1,
    "means_array": [
        0
    ],
    "case": "Posterior Samples",
    "dim": 1,
    "samples": [
        -0.5141847946644944,
        -0.4196897469180589,
        3.202073466727138,
        -3.68019219045546
    ]
}