run_id,mu,sampler,wasserstein_distance,mmd_rff,swd_zscore,r_hat,ess,runtime
1,"(10, 10, 10, 10, 10, 20, 20, 20, 20, 20, 30, 30, 30, 30, 30, 40, 40, 40, 40, 40)",DEMetro,2.6716125289990105,0.38730902868597783,1318.1888747628802,17.788475774860537,6.0686209288698745,2.084599018096924
