mu,sampler,wasserstein_distance,reference_swd,relative_swd,swd_zscore,r_hat,ess,runtime
"(10, -10)",HMC,5.919820056979932,0.09675884341414702,5.8230612135657855,170.58658357735902,1.0001195181680815,6993.829363081779,8.140766143798828
"(20, 20)",HMC,7.969417462220461,0.16820453286992826,7.801212929350533,104.91435453290805,1.5290268972971235,7.155560398956727,9.393590211868286
"(5, 5)",HMC,3.422511321646277,0.09900243975429443,3.3235088818919825,66.83491057041776,1.0164592291054206,201.55753418186546,9.549775838851929
"(50, -50)",HMC,19.83033289323196,0.29813456906467173,19.53219832416729,120.82084652803347,1.0001778816979943,7306.799386809585,8.26983904838562
