mu,sampler,wasserstein_distance,swd_zscore,r_hat,ess,runtime
2,DEMetro,0.02693041643496915,0.939385810425214,1.006364035905148,2258.091671962469,10.58109164237976
3,DEMetro,0.028390435966281952,1.3661501043906137,1.0048612853218462,2388.8191467430916,8.258079528808594
4,DEMetro,0.02137694858446686,1.6237490238956458,1.0070543611838243,2273.904701997633,8.179848670959473
