mu,sampler,wasserstein_distance,swd_zscore,r_hat,ess,runtime
2,HMC,0.019394034589112867,-0.3762413744687241,1.0016881606128571,4157.111444814535,7.113073110580444
3,HMC,0.012460558215580175,-0.9399929238653207,1.0016881606128571,4157.111444814535,6.543315410614014
4,HMC,0.020989133623486023,1.5317173304402774,1.0016881606128571,4157.111444814535,6.527641773223877
