{
    "sampler": "HMC",
    "value": 4,
    "means_array": [
        [
            0.0,
            0.0,
            0.0,
            0.0,
            0.0,
            0.0,
            0.0,
            0.0,
            0.0,
            0.0,
            0.0,
            0.0,
            0.0,
            0.0,
            0.0,
            0.0,
            0.0,
            0.0,
            0.0,
            0.0,
            0.0,
            0.0,
            0.0,
            0.0,
            0.0,
            0.0,
            0.0,
            0.0,
            0.0,
            0.0
        ],
        [
            13.0,
            0.0,
            0.0,
            0.0,
            0.0,
            0.0,
            0.0,
            0.0,
            0.0,
            0.0,
            0.0,
            0.0,
            0.0,
            0.0,
            0.0,
            0.0,
            0.0,
            0.0,
            0.0,
            0.0,
            0.0,
            0.0,
            0.0,
            0.0,
            0.0,
            0.0,
            0.0,
            0.0,
            0.0,
            0.0
        ]
    ],
    "case": "Posterior Samples",
    "dim": 30,
    "samples": [
        [
            0.92375494181934,
            -0.049348716676154876,
            1.6801556693346185,
            -1.1146924283960842,
            -0.5255011058894183,
            -1.7680228200995167,
            2.5999058630156795,
            3.275545222084927,
            -0.5491940162643116,
            1.2770747671818885,
            0.12736801820855997,
            -0.32661404323497567,
            0.7231817473611343,
            0.8269037797866561,
            -1.4782323982682244,
            0.42595843659115973,
            -1.3174375606716056,
            0.3012568370095343,
            0.9772114551030604,
            2.2372711561101877,
            0.5111656623144175,
            1.3699502612992318,
            -1.4908700919728703,
            -0.2731686887098996,
            0.686234592607067,
            -0.9466834462230121,
            -1.6832930745366572,
            0.7959632014735827,
            0.4856765824384244,
            1.8529314602813471
        ],
        [
            14.769712404173331,
            1.208133993967142,
            -0.34072193378214444,
            -0.17737287083162878,
            0.038020538770124186,
            0.22273789166984054,
            1.5120117533331086,
            0.6553705125801952,
            -1.693558592179005,
            0.706851004740443,
            0.26161055924016924,
            0.8470447190678556,
            -0.9087674581067375,
            -0.2418507603545567,
            -0.159272386158096,
            -1.8818289610109604,
            -0.26706663967768396,
            1.6683171004170996,
            0.9637450878155175,
            -1.6971371936538313,
            -0.19165884129971097,
            -0.6345022938811228,
            -3.7631126199126617,
            -1.657190422802668,
            -0.4025328454538937,
            -0.5565245407207905,
            -1.1223206488197326,
            0.13731173943479577,
            1.0287737753937651,
            1.6023855570801573
        ],
        [
            12.389313626496417,
            1.2809525602714162,
            1.6253067369929581,
            -1.1180387034145751,
            1.278643255301443,
            0.3384158638969251,
            0.041329275365951344,
            -0.2042323051216567,
            0.326392704886611,
            0.07967031103387526,
            -3.5508864425879874,
            -0.27885346903289854,
            -2.1160256949085774,
            -0.7769257306494823,
            -0.569310801661878,
            1.1481798402595578,
            0.56593438490571,
            0.16096654575369365,
            0.2827111146427517,
            1.5746620069938684,
            -2.2858977663033992,
            0.3786767792033012,
            0.8778759640179283,
            -0.9058551604962225,
            -1.876605719959122,
            -1.6691716659360192,
            1.6805198940972574,
            0.9272908779025771,
            0.4877764775144774,
            2.3804112546901335
        ],
        [
            14.736241086267158,
            0.6517407530717532,
            0.05814316010552782,
            1.6601428285258037,
            -2.0298832494514003,
            1.1045753681144326,
            -3.0850914009008235,
            1.8195623680736497,
            1.225848216398408,
            -1.2934924328290087,
            -2.2410920183764187,
            0.3166647853743836,
            -0.10149768340113674,
            0.36813769596862816,
            0.6707002416221358,
            -2.4403464105995623,
            1.2745021580750544,
            -3.103391456084244,
            -0.2387796796763387,
            -2.3042039852409557,
            -0.9621795210951292,
            1.119156477247267,
            -1.1584285511814418,
            0.5967962318723071,
            0.6599572051221785,
            0.7556967651599261,
            -2.0886961088273024,
            1.3438649017816564,
            3.285771306599123,
            2.9449120414897565
        ]
    ]
}