{
    "sampler": "HMC",
    "value": 10,
    "means_array": [
        [
            0.0,
            0.0,
            0.0,
            0.0,
            0.0,
            0.0,
            0.0,
            0.0,
            0.0,
            0.0
        ]
    ],
    "case": "Posterior Samples",
    "dim": 10,
    "samples": [
        [
            -0.7070215030196979,
            -0.7952229373252917,
            -0.679603691423145,
            -1.0831955021413557,
            -0.754840542368098,
            -1.1986539567614454,
            -1.257050062596786,
            -0.2981438343093818,
            -0.7116112803251562,
            -0.9256513441759953
        ],
        [
            0.581552522283752,
            0.6261255780649269,
            0.7861017071414039,
            0.20410335102042163,
            0.8884351417610529,
            0.868206665387334,
            0.02085914221327858,
            0.24471602505938797,
            0.34950228877705763,
            0.7028730670535267
        ],
        [
            -0.5575425139143911,
            -0.14012225803473907,
            -0.3139573449889165,
            -0.36049770516487173,
            -0.7421095833388023,
            0.23648614876005544,
            -0.14359354557443735,
            -0.0018988081634045049,
            -0.0759946157786196,
            -0.9008052186164633
        ],
        [
            0.37765131487958975,
            1.2303343154140016,
            0.38103493658739596,
            0.8743328319761042,
            0.8959020257945415,
            0.809979546705705,
            0.9048077744616667,
            1.272028400401453,
            1.8674640928658672,
            1.30540737640573
        ]
    ]
}