mm,ws_t_stat,ws_p_value,ws_paired_cohens_d
5,-17.449920713594267,2.2964570354659764e-09,-5.037358210665639
8,-15.679709280686959,7.141656646239457e-09,-4.526342187009845
10,-16.6640460734684,3.747910806702887e-09,-4.810495743152654
12,-15.898607258964685,6.168109853909434e-09,-4.589532590351699
15,-12.48635137683956,7.724706777948045e-08,-3.604499164307287
18,-12.207877488510812,9.748361492183916e-08,-3.524110677112845
