mm,mmd_rff_t_stat,mmd_rff_p_value,mmd_rff_paired_cohens_d
5,-26.381195800208122,2.6929497669703384e-11,-7.6155952483971925
8,-18.640694277894962,1.1356252341983928e-09,-5.3811049296120865
10,-24.547821333412877,5.875092183432896e-11,-7.086345627432381
12,-34.40783209515618,1.4976956020327455e-12,-9.932685561184934
15,-27.919474972827693,1.4560210559695797e-11,-8.059658195597544
18,-42.01632088026137,1.6894759269920262e-13,-12.129067085288298
