mm,var_rmse_t_stat,var_rmse_p_value,var_rmse_paired_cohens_d
5,-10.947891558068596,2.9697560739726724e-07,-3.1603840690548677
8,-11.79864364267043,1.3840204777757046e-07,-3.4059750415841203
10,-13.3699066072115,3.801222149174818e-08,-3.859559589356858
12,-10.319047933483713,5.396862725791133e-07,-2.9788525510887367
15,-10.181389282235534,6.175624242656299e-07,-2.9391139214115283
18,-13.456491934954018,3.5540713113025176e-08,-3.8845546204968655
