run_id,mu,sampler,wasserstein_distance,mmd_rff,swd_zscore,r_hat,ess,runtime
3,"(10, 10, 20, 30, 30)",HMC,0.02760085399562498,0.020511688674985724,1.5546757364121646,1.0019756315767514,4586.074974848595,4.017460346221924
