run_id,alpha,sampler,wasserstein_distance,mmd_rff,r_hat,ess,runtime
13,0,Metro,0.0440972608337711,0.0264660856947543,1.0040126933356075,880.4219266714179,0.965240478515625
13,2,Metro,0.026609535850842272,0.01589733354299266,1.0063388998348803,977.3410150140043,1.1650454998016357
13,4,Metro,0.030960129413711547,0.019322675877441242,1.0018053990644367,969.7041463445228,1.464390516281128
13,6,Metro,0.04160690138945933,0.02146491081968113,1.003529886832844,850.6731737435886,1.1562671661376953
13,8,Metro,0.024162425465851553,0.01225452265035082,1.0068124739535058,782.8572271129651,1.4455249309539795
13,10,Metro,0.04518947587207425,0.030366749975749736,1.0013567360412374,779.343953437315,1.1737794876098633
13,80,Metro,0.028575124248519296,0.016300032826417232,1.0031188573934975,555.4671761743394,1.4369935989379883
13,100,Metro,0.02954938947999563,0.01956002549761344,1.0062917153395445,642.0477381720087,1.139571189880371
