{
    "sampler": "DEMetro_Z",
    "value": 2,
    "means_array": [
        [
            0.0,
            0.0
        ]
    ],
    "case": "Posterior Samples",
    "dim": 2,
    "samples": [
        [
            0.5942756266442369,
            0.3910085691026874
        ],
        [
            5.897769358757382,
            4.170731610423003
        ],
        [
            0.29156411518366643,
            0.49540954251658575
        ],
        [
            3.0084290709778925,
            3.1167775865822875
        ]
    ]
}