run_id,nu,sampler,wasserstein_distance,mmd_rff,r_hat,ess,runtime
17,0.5,SMC,2007.6638377259046,0.04489774838850424,1.0139219696825132,1676.6885220415365,1.4758694171905518
17,1.0,SMC,2.1669295354224714,0.017846231429172278,1.0175308384559683,894.7975690878669,0.7231404781341553
17,2.0,SMC,0.14744809924968855,0.019744436037146703,1.0176192253437986,503.2477913279693,0.7254288196563721
17,5.0,SMC,0.05822625630601838,0.01777046456124861,1.018396230943235,279.8261484530477,1.4387962818145752
17,10.0,SMC,0.05795972660122689,0.016333007382393492,1.0221661716744432,239.13706098709406,0.7396910190582275
17,30.0,SMC,0.05831172795914606,0.024052535999169525,1.021212878078833,224.49666635393768,0.7481968402862549
17,100.0,SMC,0.05234989597766016,0.019228519843814733,1.020153544880765,221.55930723461046,1.4729597568511963
17,500.0,SMC,0.055313843643718164,0.02224576261190203,1.019218771862498,225.96415327816115,0.7812008857727051
