std_of_modes,sampler,wasserstein_distance,r_hat,ess,chain_seeds
5,HMC,0.7174590111451256,1.064435074453725,52.66685090911853,"[507116, 732413, 809219, 440088]"
6,HMC,0.9787303818423048,0.9878036331538731,105.06971080593829,"[507116, 732413, 809219, 440088]"
7,HMC,2.311726399202467,0.9864935704143346,111.34640328494558,"[507116, 732413, 809219, 440088]"
