run_id,mu,sampler,wasserstein_distance,mmd_rff,swd_zscore,r_hat,ess,runtime
19,"(10, 10, 10, 10, 10, 20, 20, 20, 20, 20, 30, 30, 30, 30, 30, 40, 40, 40, 40, 40)",HMC,0.025481697818095363,0.01741591150992083,0.960039551000732,1.001723551045642,6879.039710458996,9.33833646774292
