{
    "sampler": "Metro",
    "value": 2,
    "means_array": [
        0
    ],
    "case": "Posterior Samples",
    "dim": 1,
    "samples": [
        -0.018237653981412638,
        -2.3179812656775294,
        1.5891377526642825,
        0.05799086685984636,
        3.761828680845504,
        6.675770872665758
    ]
}