run_id,mu,sampler,wasserstein_distance,mmd_rff,swd_zscore,r_hat,ess,runtime
12,"(10, -10)",DEMetro,0.2679931287460958,0.044145775023678877,4.487846369466983,1.1116885920671389,41.86443172781671,3.7965245246887207
12,"(20, 20)",DEMetro,0.6324628150783023,0.042309526321180055,5.763825672991297,1.1178425165253194,74.13342788758591,3.5915820598602295
12,"(5, 5)",DEMetro,0.07726045105705742,0.034355429129870635,1.837766809846703,1.0197039650895319,314.7415777341281,3.5223045349121094
12,"(50, 10)",DEMetro,8.018692001812925,0.18327305481730186,62.17237574162204,1.5626361373294995,10.5804126004342,3.7709925174713135
12,"(80, 0)",DEMetro,28.88501402662655,0.39420050855767386,119.43827535568542,1.408272572657948,12.954432087682177,3.6620731353759766
