{
    "run_id": 1,
    "case": "unimodal",
    "dim": 1,
    "low": [
        -9.306975697380489
    ],
    "high": [
        10.693024302619511
    ],
    "means_array": [
        [
            0
        ]
    ],
    "samples": [
        {
            "posterior": -3.4435408007056765
        }
    ]
}