{
    "sampler": "HMC",
    "value": 30,
    "means_array": [
        [
            0.0,
            0.0,
            0.0,
            0.0,
            0.0,
            0.0,
            0.0,
            0.0,
            0.0,
            0.0,
            0.0,
            0.0,
            0.0,
            0.0,
            0.0,
            0.0,
            0.0,
            0.0,
            0.0,
            0.0,
            0.0,
            0.0,
            0.0,
            0.0,
            0.0,
            0.0,
            0.0,
            0.0,
            0.0,
            0.0
        ]
    ],
    "case": "Posterior Samples",
    "dim": 30,
    "samples": [
        [
            -0.6433068999511364,
            -0.7031904404494552,
            -0.3573271204128372,
            -1.2741947467028463,
            -1.164181206198953,
            -0.6725772030894422,
            -0.9961592116330591,
            -0.49210282505309705,
            -0.2706180805898916,
            -0.23170559859893491,
            -0.5010268440608857,
            -0.19354265720185312,
            -0.8758919689725697,
            0.06739397389152285,
            -0.12098355279491349,
            -1.1555070294291943,
            -0.3697922511750599,
            -0.7839446652935651,
            -0.4193717153178679,
            -0.6773207437094532,
            -0.2303044114265321,
            0.07309990608240399,
            -1.039866458213707,
            -0.9248623301425833,
            -0.7004018739447688,
            -0.3909367671665368,
            -0.10763042396762781,
            -0.12133047059079598,
            -0.8465776145659591,
            -0.6485928822596961
        ],
        [
            0.6184793999969616,
            0.9360736022409661,
            0.06297906607230226,
            0.45495492850253033,
            0.922349337292548,
            0.5985501671844143,
            -0.09690984600212756,
            0.7814260048277637,
            0.1827666910947823,
            -0.06968449648646331,
            0.7291820481778485,
            0.45170061101229214,
            0.24814052246642745,
            0.39732282185644485,
            0.15032962898051536,
            0.11642087708436964,
            0.25114115828137595,
            0.8053005699107648,
            0.5730173643978602,
            0.4283661818681492,
            -0.4644299423553922,
            0.8948692785045015,
            0.40824546752120927,
            -0.03194410524649938,
            0.5370386999816108,
            0.05605189206001068,
            0.2423936401641471,
            0.4469843927456389,
            0.41144970287759713,
            -0.11362486830472861
        ],
        [
            0.5819799978044615,
            1.2728169267162852,
            0.9306522751584976,
            0.6794302960990924,
            0.5931436106948744,
            -0.1673522324549784,
            0.7536044632694723,
            0.836046969577436,
            0.8821767310022542,
            0.37521685140439315,
            1.1202537623777826,
            0.5168209924568615,
            1.3924918043803165,
            1.6240294084806117,
            1.3542630126128954,
            0.5361963629831296,
            0.1186641041008688,
            0.5492991378771046,
            1.08076428043173,
            0.7959563281864419,
            0.7249700923022585,
            1.1266205903310065,
            -0.14732952165151444,
            0.4000407951420312,
            0.0545351059886801,
            0.36260083947800975,
            0.5595133996653504,
            0.0947889328533439,
            1.1203714058887573,
            0.916312847134864
        ],
        [
            -2.3945766829152424,
            -2.592679775857189,
            -3.2867299104982894,
            -2.885103429472439,
            -2.830802652039812,
            -3.1280324023046826,
            -2.588458940550432,
            -3.0162851683012684,
            -2.344181807282697,
            -2.9647138869941707,
            -3.0395173707955427,
            -2.7962382266374948,
            -2.812079879405169,
            -3.0127285412716076,
            -2.292960982218785,
            -3.017525984036798,
            -2.843194597941402,
            -2.7622168446402244,
            -2.5413012264305523,
            -2.756764341550695,
            -3.2342465072694244,
            -3.214604932722582,
            -3.3179231418400716,
            -3.521855642630089,
            -2.5998915947234784,
            -2.994516036960354,
            -2.340742704865696,
            -2.766051456188999,
            -3.4865515962792544,
            -3.1404085932378076
        ]
    ]
}