{
    "sampler": "HMC",
    "value": 5,
    "means_array": [
        0
    ],
    "case": "Warmup Samples",
    "dim": 1,
    "samples": [
        -1.0382534620303399,
        0.11412569328040596,
        0.5863838196389346,
        -0.7408572451505724
    ]
}