run_id,mu,sampler,wasserstein_distance,mmd_rff,r_hat,ess,runtime
54,8,SMC,0.10752444042370393,0.01650709318737135,1.0000772811466365,3950.4028785560827,1.175976037979126
54,10,SMC,0.15272474764853253,0.020872996769833927,0.9997162077503601,3750.959538292954,0.957819938659668
54,12,SMC,0.15617531249307098,0.020185275170816894,1.0003210968623282,4037.4060373206835,0.8855583667755127
54,14,SMC,0.06707172730012069,0.016181677718698675,0.9997567057661711,3387.8556775872653,0.9757571220397949
54,16,SMC,0.06407532209426872,0.017768737864655534,0.9998891903409256,3564.011562189573,0.9964699745178223
54,18,SMC,0.10756126330799565,0.009139079012331089,1.0012593867606188,4143.1040383586105,1.0735313892364502
54,20,SMC,0.23525517866312906,0.0148658820331747,1.0008535700153423,3796.0142323193854,1.0160062313079834
54,22,SMC,0.11743825526506317,0.01668436173659699,0.9997692609514238,3994.7588009305696,1.0199224948883057
54,40,SMC,0.32571043071917716,0.02133328844860793,0.9998235163654323,3948.2519285133985,0.9103424549102783
