{
    "sampler": "Metro",
    "value": 5,
    "means_array": [
        [
            0.0,
            0.0
        ],
        [
            1.4059024451335425,
            -4.798274514319448
        ]
    ],
    "case": "Posterior Samples",
    "dim": 2,
    "samples": [
        [
            1.0595440872431057,
            -0.45854901110065427
        ],
        [
            0.09470811441882865,
            0.6242612783648029
        ],
        [
            -0.18173009223526115,
            -5.004354988831347
        ],
        [
            0.8540404501795106,
            -4.019274969999262
        ]
    ]
}