nu,mmd_rff_t_stat,mmd_rff_p_value,mmd_rff_paired_cohens_d
2.1,-33.03459788786452,1.451546122355772e-24,-6.031264813765305
3.0,-21.977102951577077,1.256793790885632e-19,-4.012451678397377
4.0,-17.729556137576502,4.185004720465885e-17,-3.2369592770349387
5.0,-32.48639803965173,2.3292725580855542e-24,-5.931177672802954
30.0,-31.209318378501784,7.223117290841073e-24,-5.698015893421994
