run_id,dimension_corr,sampler,wasserstein_distance,mmd_rff,r_hat,ess,runtime
13,2,HMC,0.030813123741846228,0.022058965144257058,1.0028909963409514,1059.162726106352,2.007577419281006
13,5,HMC,0.04403930695528536,0.036495742677420014,1.009907614569695,440.6292687609885,2.446502685546875
13,10,HMC,0.04721532850365004,0.020703306540805766,1.0056643353488655,411.07760687008965,2.2102980613708496
13,15,HMC,0.16017509312261535,0.03487567895605352,1.0168100494734,319.12277411636467,2.8008203506469727
13,20,HMC,0.03333368147979346,0.027496320154067354,1.0151951286942482,223.47010362018193,2.4664113521575928
