mu,global_avg_wasserstein_distance,global_avg_mmd_rff,global_avg_swd_zscore,global_avg_r_hat,global_avg_ess,global_avg_runtime,global_avg_wasserstein_distance_std,global_avg_mmd_rff_std,global_avg_swd_zscore_std,global_avg_r_hat_std,global_avg_ess_std,global_avg_runtime_std,ws_dist_cohens_d,ws_dist_glass_delta,mmd_rff_cohens_d,mmd_rff_glass_delta
10,2.985567482011034,0.3242230097980261,45.83087306577805,1.5002250153613876,261.82399168613006,1.3853699803352355,2.0890744707276925,0.22620024392844407,33.325697329482956,0.22971769952762475,622.627454843331,0.11580367883541663,1.9440097939630518,45.83087306577806,1.9101574332335174,51.26645237433313
13,3.5561294322854673,0.29519557869300794,59.60773036754271,1.5597007754510215,186.69893493253346,1.3565834760665894,2.6801427530659754,0.21860318568038817,46.247834114578296,0.21463962857865262,555.9548215335891,0.10746382086217424,1.8223201787185526,59.60773036754269,1.8099880663702932,52.16038194367922
17,4.714027628893984,0.2990288155038404,44.25322916807146,1.4598724349419006,437.27434536512476,1.3921303749084473,2.9778352358367335,0.19066834018255358,29.022064030180427,0.28542972553633195,766.6668921980607,0.11945577577987303,2.155132681331698,44.25322916807145,2.094443885573634,49.51270086241617
