run_id,mu,sampler,wasserstein_distance,mmd_rff,r_hat,ess,runtime
14,"(10.0, 0.0)",HMC,3.7829638541332,0.3249794079388326,1.8968001296419306,5.6442822482596755,6.978549957275391
