run_id,mu,sampler,wasserstein_distance,mmd_rff,r_hat,ess,runtime
1,"(0, 0, 0, 0, 0)",Metro,0.07848735925588278,0.05347379448077138,1.1500841216292916,19.415379272374878,1.3214209079742432
