run_id,mu,sampler,wasserstein_distance,mmd_rff,r_hat,ess,runtime
1,"(0, 0, 0, 0, 0)",SMC,0.02319428206531864,0.018957330145606043,1.0008167157716483,3893.034119546824,3.8379199504852295
