{
    "sampler": "HMC",
    "value": 0.5,
    "means_array": [
        [
            0.0,
            0.0
        ],
        [
            13,
            0
        ]
    ],
    "case": "Warmup Samples",
    "dim": 2,
    "samples": [
        [
            26.139315766636432,
            7.247837885013097
        ],
        [
            20.732263614536002,
            -15.174227708077959
        ],
        [
            -6.267596743114278,
            -6.76104769513481
        ],
        [
            -5.950680682181986,
            -11.071416905050425
        ]
    ]
}