{
    "sampler": "HMC",
    "value": 0.3,
    "means_array": [
        [
            0.0,
            0.0,
            0.0,
            0.0,
            0.0,
            0.0,
            0.0,
            0.0,
            0.0,
            0.0,
            0.0,
            0.0,
            0.0,
            0.0,
            0.0,
            0.0,
            0.0,
            0.0,
            0.0,
            0.0,
            0.0,
            0.0,
            0.0,
            0.0,
            0.0,
            0.0,
            0.0,
            0.0,
            0.0,
            0.0
        ],
        [
            13.0,
            0.0,
            0.0,
            0.0,
            0.0,
            0.0,
            0.0,
            0.0,
            0.0,
            0.0,
            0.0,
            0.0,
            0.0,
            0.0,
            0.0,
            0.0,
            0.0,
            0.0,
            0.0,
            0.0,
            0.0,
            0.0,
            0.0,
            0.0,
            0.0,
            0.0,
            0.0,
            0.0,
            0.0,
            0.0
        ]
    ],
    "case": "Posterior Samples",
    "dim": 30,
    "samples": [
        [
            2.441939851018205,
            3.070856952918834,
            3.582453442361555,
            2.2079719137913,
            0.5848047509268209,
            0.6779866147513246,
            1.9046228019694482,
            1.6801063823519062,
            0.3748556242977376,
            1.0539151012387773,
            1.7795358822889251,
            0.41630211184224675,
            1.1860827290596951,
            1.5064245089372614,
            0.6231933138413972,
            1.0849193358331042,
            0.7965810742919498,
            0.05801235097407322,
            1.9828292821727524,
            2.178082607613749,
            1.1793326639340942,
            0.020017216106006968,
            0.43345766913131106,
            2.2926135101967873,
            0.5129723558520795,
            1.8933292103061277,
            -0.04880172472017471,
            0.1988850963203227,
            1.7621141881878122,
            1.9719325004372528
        ],
        [
            0.1335627718945749,
            -0.873455594935703,
            0.06749171348952682,
            -0.8504170912965037,
            -0.9734702102486219,
            -0.5525482095475891,
            0.42509289214491974,
            -0.4687526351852091,
            0.1738285862863232,
            -1.3334300812418085,
            -0.553408444957853,
            -0.9621846819130655,
            -0.4297024661734429,
            -0.8772732206549485,
            0.1835728555829156,
            -0.2067547552012377,
            -0.16487881614828062,
            -0.6837357635773942,
            -0.1582113056891843,
            -1.346994873319198,
            -0.425627457120449,
            -1.6559167359617035,
            -0.1008908116796832,
            -1.0844919585503332,
            -0.2842269305631207,
            -0.14738605699126817,
            -1.3624051706298534,
            0.07012406437168633,
            1.4217472588207518,
            -0.9571329965960341
        ],
        [
            13.463710265709693,
            -0.9503709235008723,
            -0.16442665196000503,
            0.8309435824846649,
            -0.12428804965679961,
            -1.1516543683166078,
            0.18513910920215285,
            -0.3368917110930988,
            1.5758615350803513,
            -1.518960730879673,
            -0.8165324149572013,
            -1.5021798192582512,
            0.1049654365080853,
            -0.4502989174164629,
            1.0056160583860982,
            0.1789196825035054,
            -1.6809566944052525,
            1.049464794552142,
            1.0506255059774752,
            0.9724147586062177,
            -0.47454767274338455,
            -0.277859887146638,
            -0.573494477946221,
            0.6841963530533722,
            -0.48506277807191495,
            0.18247403153051397,
            -0.28281215489364286,
            -1.4199081884941793,
            -0.5476586338985516,
            -1.0417490846297741
        ],
        [
            14.545555441880076,
            -0.5202274367359273,
            -0.2084496039955566,
            0.2698575871130855,
            -0.5229782041230215,
            1.2949368345736143,
            -0.0566995753954087,
            -0.024836436635908978,
            -0.5592951776059356,
            0.8487829040588425,
            -0.3084151811620709,
            0.1445183361721235,
            -1.4963903199961168,
            -0.735103332699624,
            1.409976975912627,
            -0.8591586958212866,
            0.9520582024564499,
            -2.3385164189084255,
            -0.12858232790342808,
            -1.996753278878299,
            -2.1448631863987613,
            -1.165451113476648,
            -0.4809689368775188,
            -1.0552771511294994,
            -0.10973959216343955,
            0.7031550762435398,
            1.2169757431780746,
            0.6329526432634898,
            -0.2042004444777952,
            -0.4378800071135687
        ]
    ]
}