run_id,nu,sampler,wasserstein_distance,mmd_rff,r_hat,ess,runtime
10,0.5,SMC,41957.03470750101,0.08198145042607821,1.0197803189562042,708.9945516624151,0.7182326316833496
10,1.0,SMC,6.645928070401592,0.06932235812660434,1.0335071794782904,383.6668404792581,0.7233445644378662
10,2.0,SMC,0.2029394850060512,0.06017845435608295,1.0352793923086727,129.08687184709203,0.7230474948883057
10,5.0,SMC,0.12081823252546658,0.06490311657794737,1.0577340824895476,57.825840708453704,0.7362189292907715
10,10.0,SMC,0.09751813365773443,0.05005557987186834,1.0699116787215914,45.678269880007115,0.7455916404724121
10,30.0,SMC,0.09700946249420296,0.060079176337917636,1.0744565120432619,48.24869316192546,0.7382702827453613
10,100.0,SMC,0.11505287211857598,0.06297849027994021,1.0757011725902172,39.23550261101182,0.7334201335906982
10,500.0,SMC,0.10880896092467644,0.0639201557054243,1.0815173202052328,37.44906809488913,0.7596924304962158
