dimension,mmd_rff_t_stat,mmd_rff_p_value,mmd_rff_paired_cohens_d
2,-1.6856503873691482,0.1025954529069505,-0.3077562470764679
5,-5.671637500825164,3.934621072072306e-06,-1.0354945990647224
10,-12.041523677191002,8.330986913924918e-13,-2.1984713815766894
15,-22.585522264493314,5.938946107145592e-20,-4.1235333390993825
18,-23.055382405178854,3.369978781716041e-20,-4.20931767174139
30,-29.742212089945983,2.801287077386598e-23,-5.430160157255428
