dimension,mmd_rff_t_stat,mmd_rff_p_value,mmd_rff_paired_cohens_d
2,0.49985012954840785,0.6209523186968482,0.09125973044184751
5,-16.410620951492824,3.2346614551385064e-16,-2.996155759266504
10,-3.7233051318902097,0.0008433198650176142,-0.6797794030703385
15,-1.0482479004179583,0.3031825710178949,-0.19138300697211494
18,0.2485120966576191,0.8054896872362284,0.04537189371742739
30,-1.8520010944316165,0.07423111228671572,-0.3381275919814839
