{
    "sampler": "DEMetro_Z",
    "value": 2.1,
    "means_array": [
        [
            0.0,
            0.0,
            0.0,
            0.0,
            0.0,
            0.0,
            0.0,
            0.0,
            0.0,
            0.0,
            0.0,
            0.0,
            0.0,
            0.0,
            0.0,
            0.0,
            0.0,
            0.0,
            0.0,
            0.0,
            0.0,
            0.0,
            0.0,
            0.0,
            0.0,
            0.0,
            0.0,
            0.0,
            0.0,
            0.0
        ],
        [
            13.0,
            0.0,
            0.0,
            0.0,
            0.0,
            0.0,
            0.0,
            0.0,
            0.0,
            0.0,
            0.0,
            0.0,
            0.0,
            0.0,
            0.0,
            0.0,
            0.0,
            0.0,
            0.0,
            0.0,
            0.0,
            0.0,
            0.0,
            0.0,
            0.0,
            0.0,
            0.0,
            0.0,
            0.0,
            0.0
        ]
    ],
    "case": "Posterior Samples",
    "dim": 30,
    "samples": [
        [
            -26.720182863305155,
            -6.716061460794816,
            20.887383655562573,
            -46.69159133641836,
            -95.27478809565874,
            0.22501491740736723,
            30.081475647259346,
            -18.037523170923237,
            94.51767517482152,
            -40.071699285656194,
            53.87075191739381,
            37.96077708204133,
            -50.11595983847981,
            61.67202943916712,
            -37.00478019268855,
            -49.80658139704312,
            -66.34176536087979,
            -61.97714011077996,
            -61.18321457191106,
            38.70928641794,
            83.01541490956056,
            -34.776036497537035,
            26.63366164163181,
            87.3922730781295,
            -33.19566270416881,
            31.864351190866095,
            48.451430223899195,
            53.06268905804218,
            -29.620835658827342,
            -5.89476697852863
        ],
        [
            -12.597569838366535,
            39.77892329920018,
            -26.130810374585707,
            -27.29457820707634,
            9.502063560310464,
            37.24273636757923,
            -6.540125048156737,
            -44.00701941580145,
            -12.970700141912637,
            6.642549540498367,
            5.8149242967115535,
            17.44400302673632,
            17.49302647751204,
            39.39666710275216,
            11.787628307194543,
            -29.273866192980755,
            34.10351832147122,
            9.706420665112638,
            -15.381592550494554,
            31.47457915277591,
            10.539499948750809,
            -27.10054655024299,
            4.108047039796119,
            -13.181757022950269,
            24.80897834930464,
            -0.5585627329393913,
            -37.03607707639542,
            -21.721854280513977,
            29.852448837867172,
            -5.6523507492936735
        ],
        [
            2.2220183792378414,
            14.678593319195864,
            3.5841523870167933,
            35.658487539059244,
            14.027333196475448,
            -23.009691779225783,
            -3.4478546282557883,
            -25.425967791709233,
            8.177897407375633,
            -22.212156394307208,
            -22.42754425107385,
            0.7571875195296975,
            -10.982766016939076,
            -24.700885094542663,
            -10.331194158414633,
            15.430279265439943,
            16.392330388790786,
            -18.15562686179215,
            -30.47264457776017,
            4.586726798194744,
            -5.112033494752545,
            7.572452796876067,
            15.140576113545094,
            0.43745790371225013,
            -41.86467807133094,
            7.713736984669547,
            54.649805626507664,
            -9.698953530973492,
            13.3935501998196,
            -51.393197448425155
        ],
        [
            40.54273978664518,
            28.906148138530206,
            -28.852476094426464,
            1.4506617469210124,
            -15.474062254594065,
            10.204929208680863,
            -17.256310480764505,
            -11.560571466415093,
            12.153999035259096,
            19.18041023973904,
            33.760643011472965,
            -22.028066290861634,
            -27.452919460726445,
            -10.963666864660702,
            -8.50659385118829,
            24.81137293096814,
            34.014638327130115,
            -14.747184318243386,
            5.146661505830896,
            10.66076298746578,
            -18.338467760794295,
            4.624653979665737,
            -26.32589839080863,
            -24.78499028522912,
            -7.306095561607479,
            -4.100282640348354,
            -43.84268115036187,
            34.48956556997378,
            -10.332087381414453,
            11.214799784253891
        ]
    ]
}