{
    "sampler": "DEMetro_Z",
    "value": 2.1,
    "means_array": [
        [
            0.0,
            0.0,
            0.0,
            0.0,
            0.0,
            0.0,
            0.0,
            0.0,
            0.0,
            0.0,
            0.0,
            0.0,
            0.0,
            0.0,
            0.0,
            0.0,
            0.0,
            0.0,
            0.0,
            0.0,
            0.0,
            0.0,
            0.0,
            0.0,
            0.0,
            0.0,
            0.0,
            0.0,
            0.0,
            0.0
        ],
        [
            13.0,
            0.0,
            0.0,
            0.0,
            0.0,
            0.0,
            0.0,
            0.0,
            0.0,
            0.0,
            0.0,
            0.0,
            0.0,
            0.0,
            0.0,
            0.0,
            0.0,
            0.0,
            0.0,
            0.0,
            0.0,
            0.0,
            0.0,
            0.0,
            0.0,
            0.0,
            0.0,
            0.0,
            0.0,
            0.0
        ]
    ],
    "case": "Warmup Samples",
    "dim": 30,
    "samples": [
        [
            75.58006507141538,
            3.177212934195998,
            10.369655561033134,
            -56.27146510686995,
            28.489388798179593,
            46.5972390267534,
            -76.62613942642919,
            -43.966445073204916,
            61.466447083639565,
            -58.50599941481393,
            77.93710571633235,
            -87.4090484307397,
            -57.347697706338025,
            -47.259439819952235,
            -102.20128553675256,
            -69.76645492218154,
            -63.79066635979027,
            -49.33659062556633,
            11.564017959207684,
            -7.659877427588571,
            60.29795133043786,
            -50.721996800824975,
            27.57019027121664,
            36.73941409336065,
            45.60318186196857,
            12.215346134706737,
            48.294467991020994,
            62.49678590819581,
            -104.46432128033544,
            47.23977845887314
        ],
        [
            91.10715648496733,
            60.55471323115892,
            -17.699494572105444,
            94.39919941909396,
            -78.35246612432202,
            53.515535617842175,
            -52.25996927666377,
            43.68534398602991,
            114.91986680206382,
            76.11390089653841,
            24.928667409708527,
            83.27420953975377,
            84.67004293302823,
            -84.75827499631231,
            -53.50534501310811,
            -29.77173473233103,
            -23.272308273587868,
            21.492107837024115,
            -43.391875299371634,
            24.082579265508556,
            17.634006420352648,
            -4.905958001523922,
            -41.410458225403126,
            23.6883396177374,
            -57.83551892283996,
            41.973166797200804,
            69.15509781462639,
            17.27558698675945,
            -7.476835266832936,
            -7.524318774760015
        ],
        [
            -43.152755678254366,
            -45.948543088542955,
            44.80648998988623,
            -23.601418879042043,
            34.58078217819745,
            -50.889739985954,
            -60.75549851818026,
            -25.667629579624048,
            -32.899251402366566,
            -34.28653488895349,
            7.542272155224029,
            93.91661277707338,
            -53.12842831565615,
            107.99881718564497,
            -68.8945028847026,
            -83.58954297603066,
            21.299343608186373,
            -36.3869307173553,
            -61.091993810384345,
            48.308282437883314,
            9.626056912437,
            -35.091758950677374,
            -81.68570612632622,
            -77.4031853398335,
            28.59646528165165,
            0.9015158316905298,
            112.33899488222349,
            35.802254020993516,
            -37.26695186276441,
            -1.405429237760747
        ],
        [
            73.43736782748789,
            -84.45360583250111,
            15.810203100087563,
            84.66252982881095,
            17.694646071321536,
            -74.16761102993073,
            -73.03904343621434,
            33.20205839439668,
            -74.13270170556325,
            91.56120259926551,
            -87.65932259619686,
            -19.083592955386266,
            -32.17752670066244,
            -18.105806535401783,
            57.05375017776303,
            -102.918921531605,
            11.189516366165842,
            24.973007889789578,
            -34.80457278101695,
            25.85586986931625,
            -41.365349941280414,
            53.76606443432874,
            -14.862146013945543,
            -27.164402875124726,
            93.48401937122243,
            -63.45951567307455,
            -82.59522981291074,
            -95.83557632094656,
            -69.35795552361924,
            39.42039968566427
        ]
    ]
}