run_id,nu,sampler,wasserstein_distance,mmd_rff,r_hat,ess,runtime
2,0.5,HMC,1740.5980145062401,0.09599829734362073,1.5535516505993274,511.1417005742228,3.5681467056274414
2,1.0,HMC,7.404790835111381,0.028944268410156553,1.01946930465014,1025.2099444588468,1.5771079063415527
2,2.0,HMC,0.14758869527206464,0.013986936970437193,1.0003337826754437,1411.0225033725526,1.1510462760925293
2,5.0,HMC,0.049298319670821364,0.015617351972702507,1.0010887646744744,1677.0695581709633,1.0673191547393799
2,10.0,HMC,0.04031230900640391,0.018122852541515487,1.0010965763120578,1623.6673348292106,1.1248481273651123
2,30.0,HMC,0.027387422347689438,0.008667053150544434,1.0025410460369608,1809.9513921610524,1.0851538181304932
2,100.0,HMC,0.07563544387529358,0.030309024075562387,1.0028218716696229,1722.4213333518144,1.1129660606384277
2,500.0,HMC,0.020332270552814877,0.006558647592728631,1.0003938491590956,1759.6881897684418,1.0738768577575684
