run_id,mu,sampler,wasserstein_distance,mmd_rff,r_hat,ess,runtime
61,"(0, 0, 0, 0, 0)",Metro,0.06259659634206087,0.030897241575385037,1.0114627775785345,281.45548262394686,1.281867265701294
