{
    "run_id": 1,
    "case": "unimodal",
    "dim": 30,
    "low": [
        -100.0,
        -100.0,
        -100.0,
        -100.0,
        -100.0,
        -100.0,
        -100.0,
        -100.0,
        -100.0,
        -100.0,
        -100.0,
        -100.0,
        -100.0,
        -100.0,
        -100.0,
        -100.0,
        -100.0,
        -100.0,
        -100.0,
        -100.0,
        -100.0,
        -100.0,
        -100.0,
        -100.0,
        -100.0,
        -100.0,
        -100.0,
        -100.0,
        -100.0,
        -100.0
    ],
    "high": [
        100.0,
        100.0,
        100.0,
        100.0,
        100.0,
        100.0,
        100.0,
        100.0,
        100.0,
        100.0,
        100.0,
        100.0,
        100.0,
        100.0,
        100.0,
        100.0,
        100.0,
        100.0,
        100.0,
        100.0,
        100.0,
        100.0,
        100.0,
        100.0,
        100.0,
        100.0,
        100.0,
        100.0,
        100.0,
        100.0
    ],
    "means_array": [
        [
            0.0,
            0.0,
            0.0,
            0.0,
            0.0,
            0.0,
            0.0,
            0.0,
            0.0,
            0.0,
            0.0,
            0.0,
            0.0,
            0.0,
            0.0,
            0.0,
            0.0,
            0.0,
            0.0,
            0.0,
            0.0,
            0.0,
            0.0,
            0.0,
            0.0,
            0.0,
            0.0,
            0.0,
            0.0,
            0.0
        ]
    ],
    "samples": [
        {
            "posterior": [
                16.136734785666533,
                -43.139511385433394,
                -16.868533946811198,
                97.42236372220447,
                -24.21276894838688,
                90.18942372867437,
                38.75677357231871,
                80.17355697941233,
                50.426480873187245,
                -74.45850781882942,
                88.74116472047155,
                92.67908483592433,
                55.536433306896726,
                1.9854294100485106,
                49.52835316951109,
                -52.62633236413079,
                2.2798149461761312,
                -10.911492630772798,
                -80.41279920008296,
                21.8003047629241,
                -61.89455922097451,
                -82.28724885688858,
                -14.142511526870422,
                -37.829667750923605,
                -84.52081540803422,
                26.27207247299515,
                -57.31987058317149,
                11.870612507399386,
                34.37300774968989,
                83.49864995502699
            ]
        },
        {
            "posterior": [
                -24.2111038817241,
                -77.47696573729128,
                -78.52913084641378,
                62.014522923792896,
                1.1462979585844693,
                -18.567965124577796,
                44.914941428132465,
                25.18152278405354,
                -82.02315985103343,
                2.014106286462706,
                62.9490942217777,
                -53.44789386447823,
                -90.3821923758868,
                53.698403511473,
                74.34379247481488,
                29.68100999080511,
                -1.3006059961301304,
                -44.19152191361357,
                -42.120336285437546,
                -86.00849399854158,
                23.898159262841403,
                99.41179460064805,
                94.7128694918319,
                -97.01479614600612,
                -65.18025007862255,
                73.22467434508735,
                40.53784847596026,
                39.84897715219515,
                -72.90804352506466,
                82.89398615791117
            ]
        },
        {
            "posterior": [
                -15.985959118132783,
                93.57982250453139,
                6.296742378775335,
                89.21864300769408,
                61.18887116382436,
                38.81979442423162,
                -37.92501564989386,
                51.8320117411499,
                -38.17784635870716,
                28.25131529064467,
                -99.17189137265798,
                66.04268555552133,
                -14.223438326259696,
                23.4887290778332,
                -37.49001868332715,
                -34.056123357537444,
                99.68723993411186,
                -31.630218256536338,
                -1.9842530088563848,
                51.66054925077529,
                -97.07602997533576,
                63.70930221933642,
                98.06512813704117,
                -46.60724164709382,
                -64.40806664924159,
                -86.62814644125474,
                -62.06390729492648,
                -57.86891298822536,
                53.80185016182645,
                66.83659198134427
            ]
        },
        {
            "posterior": [
                -65.05486994968777,
                89.95992477267691,
                57.75554120330665,
                75.33186615095698,
                3.798658858360554,
                -15.909152750294624,
                76.37415385966975,
                -2.549979722487919,
                -13.275814259931693,
                -78.09771088658081,
                -83.94003495496585,
                22.579249672027487,
                30.771022337343425,
                -6.928206263202853,
                8.058028439494478,
                23.210430140514404,
                90.50630611428707,
                -48.02656540582129,
                85.74697699944181,
                -49.99559630748107,
                40.25750287232705,
                26.793574360517596,
                91.89178678828787,
                -58.95361686184557,
                9.512196221218545,
                -37.27295374687956,
                71.12487653350595,
                7.688927767230709,
                -9.560265951829479,
                91.09642062234386
            ]
        }
    ]
}