{
    "sampler": "DEMetro_Z",
    "value": 12,
    "means_array": [
        [
            -6.000000003,
            0.0,
            0.0,
            0.0,
            0.0,
            0.0,
            0.0,
            0.0,
            0.0,
            0.0,
            0.0,
            0.0,
            0.0,
            0.0,
            0.0,
            0.0,
            0.0,
            0.0,
            0.0,
            0.0,
            0.0,
            0.0,
            0.0,
            0.0,
            0.0,
            0.0,
            0.0,
            0.0,
            0.0,
            0.0
        ],
        [
            6.000000003,
            0.0,
            0.0,
            0.0,
            0.0,
            0.0,
            0.0,
            0.0,
            0.0,
            0.0,
            0.0,
            0.0,
            0.0,
            0.0,
            0.0,
            0.0,
            0.0,
            0.0,
            0.0,
            0.0,
            0.0,
            0.0,
            0.0,
            0.0,
            0.0,
            0.0,
            0.0,
            0.0,
            0.0,
            0.0
        ]
    ],
    "case": "Posterior Samples",
    "dim": 30,
    "samples": [
        [
            -17.6269988706248,
            -13.18608944236502,
            41.988044741980836,
            -32.14707310757369,
            -4.481114611327655,
            -75.87428661358122,
            -1.1849740047896482,
            -17.241991671948043,
            -96.88061895919364,
            -27.009492556450862,
            -25.09496554349601,
            -58.91770456376041,
            -32.765407541590164,
            75.23551877042411,
            84.57548030530944,
            -43.22284412962938,
            -122.91171898572662,
            64.0879895438563,
            -33.86626381785173,
            61.89629798629075,
            -35.49068616523637,
            -46.8950172240225,
            25.18984805379791,
            95.85091874612914,
            9.147440399462315,
            46.1623346402332,
            -26.276063783144334,
            165.0801243582667,
            -2.489879104688983,
            28.48782621386843
        ],
        [
            67.61873267541755,
            -8.433736841631204,
            -25.792637794882634,
            -18.216632004699104,
            6.944882871786465,
            -3.5537413076882136,
            -13.562150859071373,
            73.40545888401763,
            -19.321503143503897,
            21.629015636228047,
            26.033980555341024,
            32.67709948964509,
            19.413764523026284,
            58.17664855699198,
            -18.32668946980975,
            15.022008468632839,
            51.9514635676227,
            44.532408873166546,
            14.988781449333038,
            -57.86880762681961,
            50.66252685839314,
            38.25881662765558,
            -26.01855384691116,
            -15.519306822865724,
            -24.732778887346846,
            33.95181194063909,
            -50.29741296671389,
            -33.31368820849959,
            -15.165594521743612,
            53.70402023690546
        ],
        [
            55.09530532713996,
            -7.416160148556184,
            -20.49795492647738,
            21.42226209558084,
            19.250886258890457,
            -84.3478244247662,
            28.799271378844534,
            32.908418272310904,
            18.057007786094214,
            -23.27759972990844,
            -24.163294266982092,
            -10.520792154259272,
            70.1445905749215,
            36.08543584238652,
            11.725799131246639,
            -40.48891052367055,
            -0.4187909510539285,
            -13.807861726863777,
            -26.161668049237505,
            63.804935823955574,
            -1.8520345022708895,
            26.199456682509965,
            20.416498087979505,
            -14.79368378314404,
            -85.48425364165067,
            32.738977067928786,
            18.40273850323501,
            55.246093358275054,
            -27.266340525112604,
            -3.272010772644669
        ],
        [
            -14.619557454686419,
            -5.759606555451974,
            -15.605405713468276,
            0.2776968062086205,
            19.974379780936975,
            -7.517249560516351,
            19.78118306951596,
            -6.953057238350937,
            48.848777408323315,
            -22.539296964021332,
            13.850193974959838,
            12.258416625562404,
            0.02530289293094512,
            -34.31241964919646,
            34.165451358948665,
            82.6620491400588,
            -90.84472086496598,
            -79.2780658028892,
            43.850487034983175,
            53.39892946454762,
            -174.37307323151066,
            -26.52092571674524,
            99.7736970189687,
            39.636283123508264,
            44.02118891427336,
            66.38336557520643,
            1.6848175725068524,
            70.59694481686854,
            -59.12946557086451,
            12.317215586253031
        ]
    ]
}