{
    "sampler": "DEMetro_Z",
    "value": 10,
    "means_array": [
        [
            0.0,
            0.0
        ],
        [
            9.075850730695878,
            4.198682354516365
        ]
    ],
    "case": "Warmup Samples",
    "dim": 2,
    "samples": [
        [
            15.358655417895962,
            10.592655898880569
        ],
        [
            -20.2736490612599,
            -1.524381644296405
        ],
        [
            -13.144468313817677,
            22.28203114582666
        ],
        [
            -7.197061786000423,
            22.33808511606723
        ]
    ]
}