mu,global_avg_wasserstein_distance,global_avg_reference_swd,global_avg_relative_swd,global_avg_swd_zscore,global_avg_r_hat,global_avg_ess,global_avg_runtime,global_avg_wasserstein_distance_std,global_avg_reference_swd_std,global_avg_relative_swd_std,global_avg_swd_zscore_std,global_avg_r_hat_std,global_avg_ess_std,global_avg_runtime_std
"(-10, 10)",0.0916835738254087,0.0292619168306804,0.062421656994728195,11.17516682057451,1.0228814306740581,237.14065931528847,3.0274922847747803,0.006287025679854809,0.0,0.0062870256798548034,1.1255478332391424,0.004663092806964948,132.4158083931321,0.13357078077636111
"(0, 0)",0.1127122799292407,0.0321302340810967,0.08058204584814399,17.78309597940364,1.0288943736082192,233.2378871213645,2.901036500930786,0.04217463205576205,0.0,0.042174632055762065,9.307228699020726,0.025249481693069786,204.07017241218787,0.05782345310821777
"(20, -20)",0.10277525725722515,0.02874282263767,0.07403243461955515,14.91800927241601,1.038004984493205,162.01537769914742,3.4293957948684692,0.06036982184325398,0.0,0.06036982184325398,12.164905377755577,0.021610744136488873,139.49896909087377,0.5711442510508902
"(50, -50)",0.12329539911121615,0.0280277126793316,0.09526768643188445,17.294080821132916,1.051070980449424,187.027720719067,2.9389184713363647,0.012591798152165051,0.0,0.012591798152165051,2.285807319175672,0.05332975371778483,205.37032962482624,0.005375746233867512
