{
    "run_id": 1,
    "case": "unimodal",
    "dim": 1,
    "low": [
        -100
    ],
    "high": [
        100
    ],
    "means_array": [
        [
            0
        ]
    ],
    "samples": [
        {
            "posterior": 23.425665772211374
        },
        {
            "posterior": -8.438023089615342
        },
        {
            "posterior": -10.272284964396476
        },
        {
            "posterior": 5.895492923510986
        }
    ]
}