run_id,mu,sampler,wasserstein_distance,mmd_rff,r_hat,ess,runtime
4,8,HMC,1.9470976435728853,0.2679550054494804,1.0902279821385081,31.333198005285627,1.322756290435791
4,10,HMC,0.44645225515132025,0.050803039417074224,1.528140825313257,7.280694885970009,1.6289300918579102
4,12,HMC,8.246563916343854,0.7303422687422528,1.0017509156024484,1551.9073520765232,1.300067663192749
4,14,HMC,2.68476523636468,0.2172381148764729,1.7332659686633332,6.165271179689728,1.3158237934112549
4,16,HMC,7.179883506259588,0.47886609039750444,1.5312684066361364,7.266517372511952,1.6229500770568848
4,18,HMC,0.8240422597557527,0.04757100512008823,1.5298533720776866,7.233095990555985,1.319631576538086
4,20,HMC,14.097522670114625,0.7489613591034823,1.0005668804752466,1752.4386608104362,1.3065402507781982
4,22,HMC,1.1096340664214022,0.05922747772434582,1.5293584919299246,7.188113321512435,1.6416287422180176
4,40,HMC,1.9853556118969877,0.05604475499001814,1.5306881279727629,7.265277160321345,1.2895405292510986
