{
    "sampler": "HMC",
    "value": 2,
    "means_array": [
        0
    ],
    "case": "Warmup Samples",
    "dim": 1,
    "samples": [
        26.520164560606034,
        -4.454438551134639,
        -41.785168768268974,
        7.8055144516764
    ]
}