mu,var_rmse_t_stat,var_rmse_p_value,var_rmse_paired_cohens_d
"(0.0, 0.0)",1.2333451101595654,0.2324882143908174,0.27578435060337547
