mu,mean_rmse_t_stat,mean_rmse_p_value,mean_rmse_paired_cohens_d
"(0.0, 0.0)",3.702008914100431,0.0015128003242005342,0.8277943585238743
