mu,ws_t_stat,ws_p_value,ws_paired_cohens_d
"(0.0, 0.0)",-5.0359491674061125,7.337185387263079e-05,-1.1260724669553535
