mu,mmd_rff_t_stat,mmd_rff_p_value,mmd_rff_paired_cohens_d
"(0.0, 0.0)",-4.371851331058723,0.0003280677374260407,-0.9775756763770241
