mu,var_rmse_t_stat,var_rmse_p_value,var_rmse_paired_cohens_d
"(0.0, 0.0)",-2.0588661381688653,0.05348315422078569,-0.4603764641518057
