mu,mean_rmse_t_stat,mean_rmse_p_value,mean_rmse_paired_cohens_d
"(0.0, 0.0)",2.510563683215109,0.02126130889794982,0.561379105751123
