mu,var_rmse_t_stat,var_rmse_p_value,var_rmse_paired_cohens_d
"(0, 0)",-1.5781940691229477,0.12536830726521284,-0.2881374972598353
