mu,mmd_rff_t_stat,mmd_rff_p_value,mmd_rff_paired_cohens_d
"(0, 0)",5.798252808530077,2.774143519367941e-06,1.058611285783202
