mu,mmd_rff_t_stat,mmd_rff_p_value,mmd_rff_paired_cohens_d
"(0, 0)",7.451465009382216,3.271392233136816e-08,1.3604451573663612
