run_id,mu,sampler,wasserstein_distance,mmd_rff,r_hat,ess,runtime
30,"(10, 10)",Metro,1.7483713885593495,0.1375909532576744,1.7481140562119024,6.096043650313243,2.574129581451416
30,"(2, 2)",Metro,1.1073645687727507,0.10967389444713906,1.3747848171575716,8.88930645518462,2.567389965057373
30,"(20, 20)",Metro,3.606667257140034,0.1196194378327854,1.8091158887663925,5.876226803329068,2.250051975250244
30,"(40, 40)",Metro,26.37672183560344,0.4447296109720584,1.0076931430822134,856.0092582284656,2.57515287399292
30,"(5, 5)",Metro,0.6549064610816687,0.06229423280545034,1.6614770673329655,6.416013736969921,2.245429277420044
