mu,global_median_wasserstein_distance,global_median_runtime,global_median_ess,global_median_ess_per_sec,global_median_r_hat,global_median_mmd_rff,global_q25_wasserstein_distance,global_q25_runtime,global_q25_ess,global_q25_ess_per_sec,global_q25_r_hat,global_q25_mmd_rff,global_q75_wasserstein_distance,global_q75_runtime,global_q75_ess,global_q75_ess_per_sec,global_q75_r_hat,global_q75_mmd_rff,ws_mcmc_mean,ws_iid_mean,ws_iid_std,mmd_rff_mcmc_mean,mmd_rff_iid_mean,mmd_rff_iid_std,ws_glass_delta,ws_t_stat,ws_p_value,mmd_rff_glass_delta,mmd_rff_t_stat,mmd_rff_p_value
"(4.618802, 0.0)",0.56253040517381,2.2241339683532715,36.66556526387288,15.218130880004907,1.1046668074093957,0.10086782623217369,0.438662906925939,2.1129539608955383,20.174116274332377,8.85606289692235,1.0722957598597045,0.07442249803249958,0.8460166731931908,2.557445526123047,85.09629231409187,40.85459800764048,1.1625372076863405,0.13539085706061763,0.6265650541213892,0.07614353877909243,0.025478998381824526,0.10526475269063575,0.010489236642472222,0.005061376494801091,21.602949499574546,10.60226985474856,1.4240349193314963e-11,18.725245226375545,10.639287375037085,1.2289343640033833e-11
