{
    "sampler": "DEMetro_Z",
    "value": 3,
    "means_array": [
        [
            0.0,
            0.0,
            0.0,
            0.0,
            0.0,
            0.0,
            0.0,
            0.0,
            0.0,
            0.0,
            0.0,
            0.0,
            0.0,
            0.0,
            0.0,
            0.0,
            0.0,
            0.0,
            0.0,
            0.0,
            0.0,
            0.0,
            0.0,
            0.0,
            0.0,
            0.0,
            0.0,
            0.0,
            0.0,
            0.0
        ],
        [
            13.0,
            0.0,
            0.0,
            0.0,
            0.0,
            0.0,
            0.0,
            0.0,
            0.0,
            0.0,
            0.0,
            0.0,
            0.0,
            0.0,
            0.0,
            0.0,
            0.0,
            0.0,
            0.0,
            0.0,
            0.0,
            0.0,
            0.0,
            0.0,
            0.0,
            0.0,
            0.0,
            0.0,
            0.0,
            0.0
        ]
    ],
    "case": "Warmup Samples",
    "dim": 30,
    "samples": [
        [
            -33.054771327788394,
            -40.657167771964524,
            -17.808561062395864,
            43.48969787041176,
            -28.981252463757997,
            30.271445005694822,
            0.8743106066137856,
            -5.78648332978016,
            28.82322049302349,
            -39.96356025858863,
            -41.42029702908101,
            40.315381368260404,
            48.864186181489686,
            -12.962370407877739,
            -42.411458514069594,
            -7.42369300844142,
            -43.831046897463246,
            -27.522022968641494,
            -39.74695235693975,
            48.40307293259863,
            -40.98819867394804,
            -25.079764366663436,
            -42.540425999820314,
            13.719691745622459,
            -23.72917887688351,
            -4.1766199761011364,
            5.028651634772031,
            -63.449725266003526,
            18.13605453797383,
            -25.150123605163653
        ],
        [
            -7.1981630327775985,
            41.190271570413444,
            -53.74064364186251,
            30.858698339087198,
            -1.2635080142338495,
            -28.037759246641492,
            -3.0886136512066535,
            20.904176321723575,
            -22.07654042447845,
            6.326672597425085,
            39.93681409304852,
            -33.70294381827636,
            -4.94795104677861,
            -34.266190166288084,
            22.429926698381013,
            -5.488918587894471,
            -18.815673575237106,
            21.40640556062379,
            -16.67442404340838,
            -40.36030879666326,
            26.588518306238587,
            17.909894389240296,
            42.02221222753582,
            2.9883020944056677,
            -28.858283523756214,
            -4.286877168519602,
            41.914471580366744,
            -63.26034381110928,
            5.123956347712477,
            11.759927112205641
        ],
        [
            -55.09488106928533,
            -9.756402664937905,
            -13.44039089077703,
            3.333141473960651,
            -46.34866939812369,
            38.17871383997225,
            5.923122215860817,
            23.876956288282297,
            19.27741172902978,
            23.50385158991462,
            36.915449712420696,
            -11.410966790854806,
            -29.6472374049652,
            -5.3721034067079385,
            43.23837335318606,
            -36.99693014532926,
            23.462837916448382,
            36.39459546947917,
            -4.098388479650405,
            30.620430782988397,
            50.9301689590044,
            39.33982919419006,
            31.806936317412585,
            30.2549352752518,
            11.029290767542218,
            44.044989194734185,
            -4.7589668965971725,
            -57.744775493397285,
            -5.1747920344751845,
            1.3573697393429343
        ],
        [
            -55.82930653099491,
            -30.80831376483767,
            37.70846018836127,
            -30.32041867574923,
            -32.820285532425785,
            -27.088472202057343,
            -21.749376292281777,
            28.35206104054929,
            -5.332151683953841,
            -37.44521501193883,
            -22.535313241932673,
            -45.31320656488973,
            -17.614899926557452,
            8.171100267605603,
            1.0222960149955171,
            26.70349096641444,
            -11.153506419767488,
            -50.7254171734755,
            15.284605757308844,
            39.95228432896817,
            2.2595842547587717,
            -4.51371638223587,
            20.945352354118487,
            5.3641723890948985,
            -46.55659018988556,
            -20.316875043729567,
            35.04250591431029,
            51.961009434378276,
            -35.00864628010205,
            -43.474827107910876
        ]
    ]
}