{
    "sampler": "Metro",
    "value": [
        5.0,
        10.0
    ],
    "means_array": [
        [
            0.0,
            0.0
        ],
        [
            10.0,
            0.0
        ],
        [
            5.0,
            10.0
        ]
    ],
    "case": "Posterior Samples",
    "dim": 2,
    "samples": [
        [
            0.40663469628476756,
            0.4386777533424353
        ],
        [
            8.525170639863383,
            0.030927866678163635
        ],
        [
            -0.2270006094563468,
            -1.2123519628022215
        ],
        [
            8.960494592722808,
            0.7462349718357321
        ]
    ]
}