run_id,mu,sampler,wasserstein_distance,mmd_rff,r_hat,ess,runtime
20,"(10.0, 0.0)",Metro,3.382567115084236,0.25653438517504584,1.7047768396020646,6.232635597768885,5.746629953384399
