run_id,nu,sampler,wasserstein_distance,mmd_rff,r_hat,ess,runtime
36,0.5,SMC,4878.55836676171,0.05809298992228963,1.0059341907865296,1959.6265412815035,0.6748416423797607
36,1.0,SMC,2.272738367570632,0.07389745602883183,1.006341222589771,903.5731425767422,1.4540462493896484
36,2.0,SMC,0.2838470195670568,0.08376687960416232,1.0119178878498039,613.8924445856389,0.6847546100616455
36,5.0,SMC,0.14559174326430685,0.09248153317009286,1.0162119702667152,373.9747010550237,0.7004597187042236
36,10.0,SMC,0.13640836926964822,0.08926341424951703,1.0209320193274698,296.1596893301051,1.4862737655639648
36,30.0,SMC,0.14591809915423992,0.09938685974499643,1.0210140507662857,279.0645089196656,0.7387657165527344
36,100.0,SMC,0.15016568126046076,0.10449838552706175,1.0244456018080523,262.0997416419646,0.706989049911499
36,500.0,SMC,0.12364875931515096,0.09133974579625878,1.0274798523634645,244.2635426817161,1.5557458400726318
