{
    "sampler": "DEMetro_Z",
    "value": 10,
    "means_array": [
        [
            -5.0000000025,
            0.0
        ],
        [
            5.0000000025,
            0.0
        ]
    ],
    "case": "Posterior Samples",
    "dim": 2,
    "samples": [
        [
            -4.6480202854173305,
            0.24293790779302527
        ],
        [
            5.235880194655141,
            1.491455396021755
        ],
        [
            4.36813635936926,
            0.9175490178612935
        ],
        [
            5.193792332033742,
            0.7051020984394377
        ]
    ]
}