{
    "sampler": "HMC",
    "value": 5,
    "means_array": [
        [
            -2.5,
            0.0
        ],
        [
            2.5,
            0.0
        ]
    ],
    "case": "Posterior Samples",
    "dim": 2,
    "samples": [
        [
            -2.430648132786141,
            0.6286713864943451
        ],
        [
            2.4573818179904587,
            0.08794928439862014
        ],
        [
            3.633795556140047,
            0.49936726952826593
        ],
        [
            -4.0929947487689295,
            -1.8889709513761541
        ]
    ]
}