{
    "sampler": "DEMetro_Z",
    "value": 30,
    "means_array": [
        0
    ],
    "case": "Posterior Samples",
    "dim": 1,
    "samples": [
        -0.9897426905050152,
        0.38870620542195605,
        -0.9600157848712936,
        -1.1329201021991908
    ]
}