{
    "sampler": "DEMetro_Z",
    "value": 30,
    "means_array": [
        0
    ],
    "case": "Warmup Samples",
    "dim": 1,
    "samples": [
        20.038401120789082,
        -0.128692541626221,
        15.316535978850606,
        28.63358378002177
    ]
}