{
    "sampler": "Metro",
    "value": [
        0.0,
        0.0,
        -5.163978,
        0.0,
        0.0
    ],
    "means_array": [
        [
            0.0,
            0.0,
            -5.163978,
            0.0,
            0.0
        ],
        [
            0.688077,
            -0.084829,
            1.032796,
            -4.990158,
            0.466562
        ],
        [
            4.394785,
            0.327205,
            1.032796,
            1.714687,
            -1.799625
        ],
        [
            -2.468947,
            4.239863,
            1.032796,
            0.780392,
            -0.958567
        ],
        [
            -2.468947,
            -3.631096,
            1.032796,
            0.780392,
            -2.38965
        ],
        [
            -0.144968,
            -0.851142,
            1.032796,
            1.714687,
            4.681281
        ]
    ],
    "case": "Posterior Samples",
    "dim": 5,
    "samples": [
        [
            -2.2998132809030434,
            4.614657345740691,
            0.11366510616583847,
            -0.541235553758336,
            -1.9957990317902738
        ],
        [
            -3.7211297415997198,
            -3.612303865354629,
            0.5388601156102046,
            -1.0843964121748804,
            -4.102850036158935
        ],
        [
            -2.9751440808120195,
            4.0235692021808855,
            1.6623433037622433,
            1.1998932535310751,
            -1.767697253918752
        ],
        [
            1.5513822320646098,
            0.22267676019107763,
            -6.880045169722385,
            -1.00110157426995,
            1.4360946077568961
        ]
    ]
}