{
    "sampler": "Metro",
    "value": 40,
    "means_array": [
        [
            0.0,
            0.0,
            0.0,
            0.0,
            0.0,
            0.0,
            0.0,
            0.0,
            0.0,
            0.0,
            0.0,
            0.0,
            0.0,
            0.0,
            0.0,
            0.0,
            0.0,
            0.0,
            0.0,
            0.0,
            0.0,
            0.0,
            0.0,
            0.0,
            0.0,
            0.0,
            0.0,
            0.0,
            0.0,
            0.0,
            0.0,
            0.0,
            0.0,
            0.0,
            0.0,
            0.0,
            0.0,
            0.0,
            0.0,
            0.0
        ]
    ],
    "case": "Warmup Samples",
    "dim": 40,
    "samples": [
        [
            11.627228918786813,
            -32.83240553162783,
            -27.10321242770429,
            81.63027778897204,
            95.55618198963185,
            -21.610703457327904,
            -83.58786636925304,
            39.92461376605913,
            79.47475049240373,
            -91.8981945713814,
            39.31315419802854,
            82.2900398065947,
            -95.73950380701011,
            -31.14869034150624,
            17.881917941363906,
            19.51149301463633,
            2.4823713896609,
            -90.82926366660828,
            84.86891970210762,
            68.14887229008892,
            55.832630303891946,
            13.800804885455474,
            53.9632232409576,
            41.21817969413882,
            46.89569424692912,
            -14.92349468070475,
            97.47949106235788,
            83.03450869286844,
            -7.829047286686389,
            -1.966228344255721,
            81.48190010228632,
            40.65688934306268,
            -8.925222728609247,
            17.520854942785874,
            -79.6328161652462,
            -58.85941121650522,
            -31.28230721194514,
            -88.58075389481093,
            1.8639053164195813,
            -71.67835518465371
        ],
        [
            -59.25517254943966,
            4.526428536693248,
            20.971706672706688,
            -24.2028734380991,
            -52.01582671429522,
            34.57583018114002,
            -19.432970481267333,
            -14.023295172724184,
            -77.57102121918095,
            -77.04988381193208,
            -53.10996823400408,
            18.536459643896823,
            -9.992512220706345,
            67.54368035387759,
            -13.04515053035145,
            -53.964625124957784,
            -9.719701852257096,
            -49.6577484992459,
            33.28924787937052,
            68.97591200247632,
            -26.10934710053155,
            -50.67730615111139,
            42.32773412207123,
            87.35942164738813,
            71.11297383349998,
            -0.5867183788520354,
            -34.84178521813462,
            65.65465981095615,
            -50.950047961548584,
            -94.87960858437387,
            -5.072350721275182,
            -19.035248244767573,
            -46.15223983938006,
            52.498009549688966,
            28.75453211115485,
            84.52251342857878,
            -93.3972408013868,
            8.186997867353881,
            5.288993120327931,
            -15.72756227181058
        ],
        [
            -96.68513254531751,
            -67.67998106915249,
            90.08993689013307,
            42.783057881218014,
            -19.81087420528848,
            45.95186265392283,
            10.037235042822395,
            -25.852908460757988,
            -85.84497189272577,
            92.99772834419855,
            95.8310512409409,
            -28.39617687119924,
            -72.21327746973503,
            79.1682128086577,
            -17.850712679959276,
            81.55354479331025,
            -64.65272964333002,
            -41.5619141995476,
            79.65065370177106,
            -89.1029552077828,
            -21.66855397182447,
            25.262026245476704,
            7.4489338270142404,
            -8.704015683182272,
            9.47461745829547,
            -22.259562656997517,
            -53.904052935338854,
            91.79584630500148,
            59.88590602409094,
            62.52653023784151,
            -29.33221374078761,
            21.138417228454443,
            7.21040682090551,
            48.21761393789309,
            81.92364692882173,
            47.39118263683536,
            -72.03922020570305,
            -11.003597504286688,
            -13.199213726603137,
            11.900123032657113
        ],
        [
            -84.02712783619054,
            -18.464019005846666,
            84.70683209211185,
            -8.210803500150991,
            24.60412199911203,
            -95.44196695206793,
            35.46030001430209,
            -32.47653501457027,
            -25.275472356845842,
            52.30630527279256,
            50.420018184109495,
            73.23792557429039,
            56.92566138740769,
            92.53326009932577,
            80.66806439136086,
            -28.528606222774116,
            -82.85859170733842,
            -28.32557124812624,
            -37.06367378175683,
            -94.63467208061473,
            84.99206398685192,
            46.33482373531206,
            -90.246240088646,
            -31.096874615755524,
            -37.917119113382526,
            70.2646328720825,
            -62.487430822937995,
            96.257731034714,
            -16.884039978529838,
            -63.60434086069924,
            -27.51790462147335,
            -12.431659143694546,
            -41.643723717145654,
            -34.2011621693501,
            -50.97892913435611,
            69.9077050663387,
            -73.72319660805363,
            60.373741612206196,
            -52.71993686866152,
            47.60909484342888
        ]
    ]
}