{
    "sampler": "Metro",
    "value": 10,
    "means_array": [
        0
    ],
    "case": "Posterior Samples",
    "dim": 1,
    "samples": [
        0.029054111543827865,
        0.6243454714506981,
        0.3596479796913676,
        1.0136428930655321
    ]
}