run_id,mu,sampler,wasserstein_distance,mmd_rff,swd_zscore,r_hat,ess,runtime
13,"(10, 10, 10, 10, 10, 20, 20, 20, 20, 20, 30, 30, 30, 30, 30, 40, 40, 40, 40, 40)",HMC,0.025543147680996917,0.01883465323190585,0.9876166987558778,1.0032248039795422,6438.15261181493,9.47268033027649
