run_id,mu,sampler,wasserstein_distance,mmd_rff,r_hat,ess,runtime
57,8,SMC,0.04042221053786719,0.011972984014085745,0.9996522778733099,3813.5293900502784,0.8753986358642578
57,10,SMC,0.07469860569306755,0.0190418219099791,0.9999013967999024,3788.0680297771123,0.895829439163208
57,12,SMC,0.11286029119131988,0.014619504081948466,0.9998276866231028,3826.5086292241144,0.9701240062713623
57,14,SMC,0.09724566152713565,0.018040422065618213,0.9992329429328315,3858.6988156892494,0.9342756271362305
57,16,SMC,0.197863474162652,0.015989522019265758,1.0005300144511338,3915.7742856713908,1.0505955219268799
57,18,SMC,0.42193674769307116,0.03236586637159721,0.9999740341428951,3824.983610854332,1.7360281944274902
57,20,SMC,0.1953784675412346,0.010821025545984587,1.0007503256168218,3826.593031584997,1.1096820831298828
57,22,SMC,0.12714857031581556,0.010299162540572282,0.9999771668059309,3571.7180630297385,1.0209975242614746
57,40,SMC,0.48255225433052823,0.01702158877513232,1.0002315009719713,4009.955358059142,1.7117555141448975
