{
    "sampler": "DEMetro_Z",
    "value": 5,
    "means_array": [
        [
            0.0,
            0.0,
            0.0,
            0.0,
            0.0,
            0.0,
            0.0,
            0.0,
            0.0,
            0.0,
            0.0,
            0.0,
            0.0,
            0.0,
            0.0,
            0.0,
            0.0,
            0.0,
            0.0,
            0.0,
            0.0,
            0.0,
            0.0,
            0.0,
            0.0,
            0.0,
            0.0,
            0.0,
            0.0,
            0.0
        ]
    ],
    "case": "Posterior Samples",
    "dim": 30,
    "samples": [
        [
            38.374454014377804,
            17.309453856730443,
            -3.2802066493987336,
            7.65797427459541,
            -31.98299535555251,
            -22.85106069452808,
            8.527337567173644,
            34.15159337010282,
            -6.693998086761227,
            29.533858153456634,
            -16.783836742809505,
            -25.19226910828629,
            -9.631880250535477,
            -20.92172483177327,
            27.185191373478,
            16.1268546895152,
            -28.58050578916515,
            0.691840532846489,
            -9.306872227676955,
            9.708086627873778,
            41.69540857020467,
            13.255326207972814,
            16.689282219796297,
            -2.496515098480467,
            28.545582990682135,
            31.574378611552394,
            -10.866488865044364,
            0.9962284115705575,
            7.7804007749105875,
            -11.385876171990285
        ],
        [
            33.525796016989325,
            -56.61259759315978,
            -68.31374834909518,
            -24.680304478402874,
            -49.75413869995859,
            -64.72238193414032,
            -29.145322891797253,
            -15.863193155740923,
            -44.2370033466385,
            -22.16836502347546,
            -18.82555448167072,
            -18.197757192549243,
            3.680869196259294,
            28.029926107372713,
            -78.15360890541406,
            23.68311768896651,
            17.206011737940894,
            -70.43158535504422,
            -13.830267073405498,
            4.7038994597428045,
            26.453402581007733,
            -7.010112318006121,
            85.78059840820993,
            -72.3401209640971,
            -37.13918588838396,
            27.74336949208965,
            -37.46344799230661,
            1.49271757524585,
            13.050928666187549,
            -19.178243126162858
        ],
        [
            -32.02761658406189,
            -39.15144043637428,
            -40.648347464888204,
            9.092974659021818,
            10.836152292312846,
            -28.808605117814277,
            -22.048354358067037,
            -25.231142291461772,
            -4.178324153252047,
            5.877196100565966,
            14.620930315513498,
            -32.73757775057256,
            6.582227395832383,
            6.876357124034198,
            -32.54619564839586,
            -1.2361471451522874,
            2.4083466495562647,
            -1.423405573143791,
            -12.360507959103247,
            -21.63844415291227,
            -29.309547032384994,
            11.434152073336847,
            25.129261297702964,
            -14.995938253861148,
            -9.628935705087887,
            -27.01799827122479,
            -30.446445847545206,
            -21.328759923777078,
            10.472211327460105,
            4.772007350621681
        ],
        [
            0.26448331859852736,
            -8.536713325002648,
            41.25567937636575,
            -9.96659833862211,
            -19.907999004291653,
            -2.9090171436958356,
            33.113459368339896,
            -20.48413580916349,
            -20.770917478146295,
            -34.086740203132045,
            -15.557588500102412,
            -52.53622614783035,
            27.322322486502326,
            -44.47731566228028,
            -28.220206290680473,
            -34.34768781445927,
            23.331254534985675,
            3.3653235317650925,
            -21.936150416502038,
            23.85093519363312,
            -16.71858918826442,
            -39.22177673453967,
            -38.822839879536836,
            -7.324202035899095,
            2.6312487371058695,
            -13.797530167418982,
            5.788001937063928,
            -52.44567715671579,
            1.5070676296787706,
            -71.6438666481682
        ]
    ]
}