{
    "run_id": 1,
    "case": "multimodal",
    "dim": 2,
    "means_array": [
        [
            -1.5612495148317918,
            0.0
        ],
        [
            1.5612495148317918,
            0.0
        ]
    ],
    "min_mode": [
        -1.5612495148317918,
        0.0
    ],
    "max_mode": [
        1.5612495148317918,
        0.0
    ],
    "border": [
        89.23076874806014,
        73.63328020636989
    ],
    "low": [
        -123.17044621935693,
        -109.75199140879002
    ],
    "high": [
        144.5218600248235,
        111.14784921031963
    ],
    "samples": [
        {
            "posterior": [
                31.393753144362165,
                -3.4922988409016824
            ]
        },
        {
            "posterior": [
                51.2534896464218,
                16.07865325670012
            ]
        },
        {
            "posterior": [
                53.46317120082776,
                -44.93294615159492
            ]
        },
        {
            "posterior": [
                -90.56419124473123,
                52.836770163502564
            ]
        }
    ]
}