{
    "sampler": "Metro",
    "value": [
        0.0,
        0.0,
        0.0,
        -5.059644
    ],
    "means_array": [
        [
            0.0,
            0.0,
            0.0,
            -5.059644
        ],
        [
            -3.810317,
            2.528724,
            1.756997,
            1.264911
        ],
        [
            -0.181444,
            -4.600403,
            1.674328,
            1.264911
        ],
        [
            -0.181444,
            -0.035591,
            -4.895489,
            1.264911
        ],
        [
            4.173205,
            2.10727,
            1.464164,
            1.264911
        ]
    ],
    "case": "Posterior Samples",
    "dim": 4,
    "samples": [
        [
            -1.984381547292608,
            3.095967439665711,
            2.459556184730004,
            0.40401158820549554
        ],
        [
            3.0987753808310297,
            1.8782109015409596,
            0.9166542811049748,
            0.6660191015553694
        ],
        [
            -2.0650849168049845,
            0.5931830306163657,
            -3.018229078050135,
            2.428012696765821
        ],
        [
            -3.9533664235993515,
            1.9069057860418088,
            1.200118111379154,
            1.113488146259689
        ]
    ]
}