mu,sampler,wasserstein_distance,reference_swd,relative_swd,swd_zscore,r_hat,ess,runtime
"(-10, 10)",DEMetro,0.0872379753336894,0.02926191683068049,0.057976058503008916,10.379284315141287,1.019584126128951,330.77277536637075,3.121941089630127
"(0, 0)",DEMetro,0.08289031160856389,0.03213023408109676,0.050760077527467126,11.201891452272035,1.0110402938816039,377.53728987193045,2.9419238567352295
"(20, -20)",DEMetro,0.06008734685283658,0.02874282263767,0.03134452421516658,6.316122187312342,1.0227238807678065,260.65604471183684,3.025535821914673
"(50, -50)",DEMetro,0.13219914497194435,0.028027712679331695,0.10417143229261265,18.910390677007875,1.0887808109422783,41.808967986835825,2.9427196979522705
