{
    "sampler": "HMC",
    "value": 30,
    "means_array": [
        [
            0.0,
            0.0,
            0.0,
            0.0,
            0.0,
            0.0,
            0.0,
            0.0,
            0.0,
            0.0,
            0.0,
            0.0,
            0.0,
            0.0,
            0.0,
            0.0,
            0.0,
            0.0,
            0.0,
            0.0,
            0.0,
            0.0,
            0.0,
            0.0,
            0.0,
            0.0,
            0.0,
            0.0,
            0.0,
            0.0
        ]
    ],
    "case": "Posterior Samples",
    "dim": 30,
    "samples": [
        [
            2.110835578843196,
            1.9587520220384407,
            1.2283407291260877,
            1.8372847061473125,
            1.337535176432756,
            2.3864706867318426,
            2.2898416026516526,
            2.072835983105798,
            2.045390829526535,
            2.06194144919542,
            1.5754541183628261,
            2.05047277358813,
            2.221256578137345,
            1.601788376859971,
            1.7013806778109655,
            1.9884434729089917,
            1.7109073597097326,
            2.0812580772976257,
            1.6187833849755906,
            2.4221085506155076,
            1.9407920539511927,
            1.437603781864142,
            1.7826775938686032,
            1.8153768798936833,
            2.0180317155176763,
            1.4225540728474595,
            1.803622558513268,
            1.8968568230728273,
            1.9439675677184678,
            1.6832662251550952
        ],
        [
            -0.8860537721238758,
            -1.2410097996290066,
            -0.930743085142402,
            -0.9104752125142332,
            -1.1986429916194707,
            -1.3646974558426646,
            -1.10956035647465,
            -1.133729053378566,
            -1.1670712596816384,
            -0.5981660412757205,
            -0.910777210617206,
            -0.9041778432860071,
            -1.4129781600754745,
            -0.666190579081052,
            -1.6736311230102987,
            -1.2242241043605997,
            -0.9224680489888377,
            -0.9114677426310098,
            -1.3476885948322432,
            -0.5968479216275547,
            -0.666826524753909,
            -0.12386191895851079,
            -0.9582892257960595,
            -1.2660601275350793,
            -1.2201083865713536,
            -0.6213216159578131,
            -1.0304817507291766,
            -1.1735182074769253,
            -0.7678419709228606,
            -0.6197491957538308
        ],
        [
            1.0511809409868313,
            1.4740485583813008,
            1.0189692357801563,
            1.5172344592563123,
            1.716075010238418,
            1.4237126931494957,
            1.1008908630899439,
            1.7645991767127007,
            0.8637913618612426,
            1.268910917140349,
            1.4423731566881473,
            1.2584902406638678,
            1.1248652203385152,
            1.7315098621797502,
            1.3610585197144722,
            1.3115687071066298,
            1.2017067061901088,
            1.421604842543539,
            1.3776732836639785,
            1.1029388501384632,
            1.9748086886659195,
            1.7687519294493161,
            1.2371034290585996,
            1.4034848195931955,
            1.266471203277689,
            1.478106109813105,
            1.2200870911431956,
            1.2695787941259202,
            1.2795398866760042,
            1.605868440000586
        ],
        [
            -0.4475256136279641,
            -0.02063463761412995,
            0.09099664664642625,
            -0.301326908406705,
            -0.4182081929954966,
            -0.3889720664992284,
            -0.570704514290752,
            0.3703175150912772,
            0.13706179498783755,
            -0.33244183573731506,
            0.15301758231913007,
            -0.5321802122738822,
            0.37166835246942204,
            0.08688565026740477,
            0.009044188526388473,
            -0.20743466106838224,
            0.22138140503866954,
            -0.00759917643234199,
            -0.3000662532784193,
            0.07844155343284775,
            -0.07880436544172491,
            -1.0530105904254203,
            -0.6964365973360725,
            -0.12980791186304194,
            0.3996425917402249,
            -0.34093703359743555,
            0.476227402330053,
            -0.7103123483624324,
            -0.013385544624997803,
            -1.0505940405031544
        ]
    ]
}