run_id,mu,sampler,wasserstein_distance,mmd_rff,r_hat,ess,runtime
45,"(10.0, 0.0)",HMC,2.3824884418341323,0.3593851187669619,2.170841566268964,5.136862898326219,7.302681922912598
