run_id,nu,sampler,wasserstein_distance,mmd_rff,r_hat,ess,runtime
7,0.5,SMC,8107.804225045962,0.08702966819822919,1.0237538986581902,651.535727090111,0.7192494869232178
7,1.0,SMC,2.174196326473716,0.056751864145524425,1.0277082796140584,391.65141377437595,0.7378709316253662
7,2.0,SMC,0.16939679552950282,0.057328790199300594,1.0399778633713237,221.23672183823567,0.7590463161468506
7,5.0,SMC,0.10451409389216129,0.0430004633918628,1.0499948649202648,162.45210798050155,0.7460348606109619
7,10.0,SMC,0.09384047035862893,0.04179359071854023,1.057808312026815,154.827445769857,0.7357015609741211
7,30.0,SMC,0.097810019759303,0.05025234259754204,1.0613251174475624,140.57221122480158,1.4500796794891357
7,100.0,SMC,0.07880789601674179,0.03755795983451458,1.064042997261076,112.47400732174385,0.7958862781524658
7,500.0,SMC,0.09649208666868425,0.047915648871745715,1.0406584406705524,110.59097371725602,0.7545380592346191
