{
    "sampler": "HMC",
    "value": 0.95,
    "means_array": [
        [
            0.0,
            0.0,
            0.0,
            0.0,
            0.0,
            0.0,
            0.0,
            0.0,
            0.0,
            0.0,
            0.0,
            0.0,
            0.0,
            0.0,
            0.0,
            0.0,
            0.0,
            0.0,
            0.0,
            0.0,
            0.0,
            0.0,
            0.0,
            0.0,
            0.0,
            0.0,
            0.0,
            0.0,
            0.0,
            0.0
        ]
    ],
    "case": "Warmup Samples",
    "dim": 30,
    "samples": [
        [
            -174.48962696016045,
            160.69577502704394,
            162.87033590456232,
            157.70434922464653,
            -55.324135293792885,
            -152.6229257197817,
            -321.4441238552797,
            18.240241025417372,
            -229.9034700218483,
            -43.91923896073053,
            202.53723955149687,
            -1.3614622215614292,
            90.00062497488986,
            44.27076542667005,
            -368.0567339382299,
            -384.2766713820052,
            -341.8931760407635,
            -108.88037608737206,
            -390.5031108801892,
            145.61012228771398,
            -181.83057131063475,
            -79.0021560473562,
            -228.91275450545947,
            202.64129552679339,
            -276.2031582907303,
            -185.87734793292717,
            -156.40116205350253,
            -48.10730910751248,
            -200.2919494736783,
            -188.6273319963922
        ],
        [
            164.31221750534766,
            -97.09640842547742,
            6.453348269333861,
            75.5050784024158,
            -140.7441872865482,
            25.086554300036745,
            -179.4616946862277,
            177.37316985113867,
            -142.49901739101065,
            -0.24269395770538774,
            -24.03286219304932,
            -320.85265818571935,
            -287.5021912278143,
            -7.682239111899896,
            -38.3658391149137,
            218.94177365261385,
            2.850179181855758,
            117.5273076867866,
            -164.69348242257766,
            -19.919365432647325,
            198.5299939459443,
            -48.56582090570851,
            -322.32251003520616,
            80.41893673426594,
            -58.08691818465897,
            -287.2420270577195,
            227.87042210347005,
            -328.0209416003014,
            -399.72707557415765,
            -56.92350384583272
        ],
        [
            -290.55989007245944,
            220.8750227811301,
            -184.23743349582512,
            -78.96684315044509,
            30.100136284006254,
            -169.54302949836247,
            -149.12939176360376,
            157.78522731419417,
            -185.99440509600922,
            -167.72759698459632,
            115.64858595240332,
            -230.5609817944316,
            -27.2561917831862,
            -209.60012808988915,
            177.9615780881694,
            -55.446121374661686,
            -67.43916945069071,
            -155.32773326609924,
            -387.3538776897678,
            5.080723233569226,
            169.1482207785226,
            183.71590946494084,
            -301.37443096777486,
            40.803374931338915,
            -203.3084990070367,
            45.99850664804175,
            -189.83154058435187,
            -52.58963625062465,
            -130.20334859237212,
            47.17593569690831
        ],
        [
            -309.88853532398696,
            -118.20123598254209,
            134.96569876908012,
            169.3513082638029,
            -258.6890284996589,
            130.0520094569888,
            -414.04312385161404,
            33.7105454853212,
            117.55931430236788,
            -341.001029075429,
            34.80017082237049,
            -143.07204777249953,
            -31.16860430353176,
            47.199362574516876,
            38.73909992801996,
            -54.342618885701164,
            8.196516923187106,
            -189.45231870078484,
            -346.2239703117714,
            98.87052429191361,
            137.52542954627967,
            70.50284724270915,
            -369.6604287221613,
            166.18609180522154,
            -128.35394244457666,
            58.01942508414906,
            -254.29667420123076,
            143.04214597175346,
            153.89828435838834,
            -125.01419076698048
        ]
    ]
}