{
    "sampler": "Metro",
    "value": 6,
    "means_array": [
        [
            -0.6822676452419572,
            0.0,
            0.0,
            0.0,
            0.0,
            0.0,
            0.0,
            0.0,
            0.0,
            0.0,
            0.0,
            0.0,
            0.0,
            0.0,
            0.0,
            0.0,
            0.0,
            0.0,
            0.0,
            0.0,
            0.0,
            0.0,
            0.0,
            0.0,
            0.0,
            0.0,
            0.0,
            0.0,
            0.0,
            0.0
        ],
        [
            0.6822676452419572,
            0.0,
            0.0,
            0.0,
            0.0,
            0.0,
            0.0,
            0.0,
            0.0,
            0.0,
            0.0,
            0.0,
            0.0,
            0.0,
            0.0,
            0.0,
            0.0,
            0.0,
            0.0,
            0.0,
            0.0,
            0.0,
            0.0,
            0.0,
            0.0,
            0.0,
            0.0,
            0.0,
            0.0,
            0.0
        ]
    ],
    "case": "Warmup Samples",
    "dim": 30,
    "samples": [
        [
            -20.07812544711523,
            -9.610620994091104,
            12.706735349016448,
            -2.547469889147826,
            12.740857659306243,
            5.00529401041549,
            -18.76745741226202,
            -27.756590763700952,
            2.0972455515957265,
            -4.311845475192364,
            -6.640213613562704,
            -7.991499360082314,
            -0.6747520728224288,
            -9.143607820995808,
            9.461938161324966,
            19.74240931014606,
            -17.1628862973609,
            2.829574564926631,
            -11.729684308291965,
            4.581176743975746,
            -26.155993880663466,
            -18.061231333170866,
            -28.6200168465881,
            16.25058944705104,
            -13.502491853073952,
            20.884351348847506,
            -18.947985342071966,
            18.963282541388452,
            9.767725740348444,
            -6.528610214780109
        ],
        [
            20.703691795460795,
            -25.16474633269786,
            15.335465937247157,
            -12.361828477272566,
            13.952075323594492,
            -3.373423270191328,
            21.679948821637474,
            -10.041306865812798,
            -27.935934751058095,
            6.54260413635739,
            -13.962476881291614,
            -16.728444920129952,
            19.180664993103367,
            20.108163341990423,
            -16.187614297032678,
            21.509226197578037,
            -23.69068151021037,
            21.944386832582353,
            -3.1626487819057814,
            21.2750011262696,
            1.2844519110545227,
            4.468239979438579,
            -11.417079462777654,
            -11.36466111309937,
            -28.596459357399425,
            16.121212021435543,
            23.101149810651183,
            -0.6467902147698261,
            0.3842844826400884,
            -25.487834170866837
        ],
        [
            -4.119765762084077,
            -9.123292368098264,
            9.837788579978227,
            -23.075506652213942,
            19.438742804622187,
            1.9065901850933225,
            -23.41177299163342,
            6.138324604018161,
            -27.50158479489247,
            -27.423931733186315,
            -0.2811095242692412,
            -25.247515287919832,
            2.2686760546027256,
            -26.457837013335666,
            3.8385249650208095,
            -6.784126233568319,
            -22.769542973424613,
            25.899867646249653,
            -22.860843714481806,
            13.013444014009709,
            -13.10403093219024,
            -5.838741859082637,
            -9.4615184742159,
            -23.110435972345808,
            9.120060095885446,
            -13.238348552948013,
            11.12088067576072,
            -16.455681909785127,
            29.787094247317746,
            -9.293094550411201
        ],
        [
            -10.31379987343816,
            0.6199678545110032,
            -10.374172587417561,
            3.48790911253608,
            -9.605555113754356,
            -3.6608328447500966,
            3.2544070701646106,
            7.995547932480479,
            26.300962542245436,
            27.52364901430279,
            -29.193619330366815,
            -23.176662757817578,
            11.031597657667175,
            -13.128242902049795,
            7.985885450887331,
            11.259539566024415,
            27.849379436506684,
            -24.589778563479108,
            -26.69829394052419,
            18.804948807914656,
            -4.124380866007456,
            18.66542289058444,
            -11.009729514373644,
            2.1232768505946424,
            -14.115112381763671,
            29.701893739988076,
            -16.880072323279695,
            -22.59929584174052,
            -15.96221502283509,
            -11.409207010471246
        ]
    ]
}