{
    "sampler": "HMC",
    "value": 5,
    "means_array": [
        [
            0.0,
            0.0,
            0.0,
            0.0,
            0.0
        ]
    ],
    "case": "Warmup Samples",
    "dim": 5,
    "samples": [
        [
            94.06481544982769,
            -99.29195807045771,
            -26.814131355309758,
            -42.959748461754415,
            -124.6818463945098
        ],
        [
            19.79029035153038,
            93.93029670729341,
            33.7144779750095,
            70.07732741179878,
            -54.30257099944757
        ],
        [
            -46.05159804647121,
            -37.76334173545237,
            -71.27138322902874,
            -10.016719074554434,
            44.98721557303012
        ],
        [
            10.849474465698686,
            -10.061840889205154,
            26.441286234681193,
            49.86942512037518,
            49.929956759149434
        ]
    ]
}