{
    "sampler": "DEMetro_Z",
    "value": 5,
    "means_array": [
        0
    ],
    "case": "Warmup Samples",
    "dim": 1,
    "samples": [
        21.504842285753075,
        36.22303119952408,
        69.59763606115537,
        21.554451044387818
    ]
}