alpha,sampler,wasserstein_distance,swd_zscore,r_hat,ess,runtime
2,HMC,8.422024737107435,-0.2777323679695961,1.1741790740065592,2291.476180787751,9.205707788467407
