run_id,mu,sampler,wasserstein_distance,mmd_rff,r_hat,ess,runtime
62,"(0, 0, 0, 0, 0)",Metro,0.07113138881654985,0.06214492308368472,1.264306621538211,12.968547114010422,1.312612533569336
