mode_means,sampler,wasserstein_distance,r_hat,ess,chain_seeds,mode_distance
"(0, 3)",DEMetro,1.1455330428822017,3.9917535508464064,6.835300609488069,"[649673, 553103, 961522, 654102]",3
"(0, 10)",DEMetro,5.397001983715554,2.332774515540631,7.279950094766222,"[649673, 553103, 961522, 654102]",10
"(0, 20)",DEMetro,2.8873406762955063,1.368494340278793,13.430117959813627,"[649673, 553103, 961522, 654102]",20
