{
    "sampler": "Metro",
    "value": 2.5,
    "means_array": [
        0
    ],
    "case": "Warmup Samples",
    "dim": 1,
    "samples": [
        4.804223418064571,
        14.060784996025285,
        96.78593096256049,
        -9.942495909766716
    ]
}