{
    "sampler": "DEMetro_Z",
    "value": 6,
    "means_array": [
        0,
        6
    ],
    "case": "Posterior Samples",
    "dim": 1,
    "samples": [
        5.753446035463386,
        8.214067627136096,
        -1.0890332542034464,
        6.661869263424905
    ]
}