{
    "sampler": "DEMetro_Z",
    "value": 2,
    "means_array": [
        [
            0.0,
            0.0
        ]
    ],
    "case": "Posterior Samples",
    "dim": 2,
    "samples": [
        [
            -0.8571268031822169,
            -1.4678436939188588
        ],
        [
            2.306435706893006,
            0.24693855268561907
        ],
        [
            0.25658843337457565,
            -0.3341148295478729
        ],
        [
            -1.725526563721708,
            -0.03980092214434998
        ]
    ]
}