run_id,mu,sampler,wasserstein_distance,mmd_rff,r_hat,ess,runtime
22,"(0, 0, 0, 0, 0)",Metro,0.04041950021564483,0.026669132637778613,1.0243451106989208,215.02801278415797,1.3079257011413574
