{
    "sampler": "HMC",
    "value": 15,
    "means_array": [
        [
            0.0,
            0.0,
            0.0,
            0.0,
            0.0,
            0.0,
            0.0,
            0.0,
            0.0,
            0.0,
            0.0,
            0.0,
            0.0,
            0.0,
            0.0
        ],
        [
            12.0,
            0.0,
            0.0,
            0.0,
            0.0,
            0.0,
            0.0,
            0.0,
            0.0,
            0.0,
            0.0,
            0.0,
            0.0,
            0.0,
            0.0
        ]
    ],
    "case": "Warmup Samples",
    "dim": 15,
    "samples": [
        [
            -12.193168153481224,
            -22.157527574797914,
            12.2484703709167,
            22.501125991672033,
            1.9099066544581806,
            12.546440013838255,
            7.423027660580261,
            -8.74589184111544,
            21.985333899788156,
            18.898288563676132,
            -18.307909428258828,
            -24.495904609136282,
            -24.83230717324086,
            -19.535667335185934,
            25.53977772924217
        ],
        [
            11.400681120128283,
            -22.98621043487343,
            -9.89718810153948,
            7.123897422375884,
            23.09666038177657,
            11.828130501299473,
            3.224443483725838,
            -15.059668575022632,
            -12.476713243516018,
            -7.246135155352725,
            19.304622557610397,
            -19.426212742332524,
            8.221503774488605,
            -10.430671774210685,
            18.030247383053723
        ],
        [
            -19.57278070301398,
            -20.768639690593726,
            -21.737376691320314,
            -11.210538456286455,
            -6.881610069250983,
            4.073297127959746,
            1.5174801440932035,
            -10.187783347692408,
            -28.35092459908235,
            14.73395910432727,
            -12.759052808041409,
            -16.533070986911273,
            -26.71449450991887,
            -19.58406868487306,
            -17.52939962318779
        ],
        [
            14.983307582628646,
            14.739564683761692,
            -20.559503073950545,
            -13.790916095305496,
            14.872553695211314,
            8.890058357321315,
            6.882341400208669,
            6.020677670092676,
            -19.08377299143217,
            26.34645984657078,
            -27.522345633295814,
            -10.039376091996866,
            -9.318313217949093,
            5.593882519516765,
            -21.5908945429936
        ]
    ]
}