{
    "sampler": "Metro",
    "value": 0.5,
    "means_array": [
        [
            0.0,
            0.0,
            0.0,
            0.0,
            0.0,
            0.0,
            0.0,
            0.0,
            0.0,
            0.0,
            0.0,
            0.0,
            0.0,
            0.0,
            0.0,
            0.0,
            0.0,
            0.0,
            0.0,
            0.0,
            0.0,
            0.0,
            0.0,
            0.0,
            0.0,
            0.0,
            0.0,
            0.0,
            0.0,
            0.0
        ]
    ],
    "case": "Warmup Samples",
    "dim": 30,
    "samples": [
        [
            -41.32624599541419,
            -2.582744056763535,
            -57.517175184058125,
            85.84283808726146,
            -46.184149693026086,
            -14.597960319871461,
            -49.07084182062675,
            85.99317309936276,
            -25.54696137734348,
            -31.058810972120128,
            -9.184229437555373,
            32.6152385048715,
            -7.809422388956279,
            -40.7335293309261,
            79.22268339427573,
            -7.169328615468049,
            53.00192839080893,
            -91.994632775977,
            -10.506670002393234,
            3.060460185901546,
            -59.20700543718613,
            31.239387033375245,
            -14.758059298437587,
            -98.48891303233842,
            -53.32515678818304,
            -15.198047796529707,
            86.56809331546424,
            -60.95899798591553,
            75.75905957752721,
            -77.66192489744111
        ],
        [
            -32.97913131397854,
            -50.43739112960866,
            -59.7016625069142,
            77.8971627059943,
            75.62631538737125,
            -25.848339817072087,
            47.849342041751676,
            -47.489843095595425,
            63.40341801699222,
            69.1945696644209,
            89.8564451761838,
            40.912318405576066,
            -91.9714733185441,
            -8.059858524130412,
            90.50419302490914,
            66.1778975359961,
            81.72352621834048,
            27.574766741446762,
            3.458363445458403,
            -25.388554455002236,
            -44.76664562119814,
            -74.09959072388544,
            88.56673570343449,
            -6.323811853395881,
            51.67692335675554,
            -77.38000437200607,
            77.15204981483566,
            -68.69440347260124,
            9.027533459773966,
            33.43416911512617
        ],
        [
            -1.8194016339240868,
            -7.244944836017175,
            97.21849068889236,
            -13.873984254271797,
            -73.0517844385009,
            75.35678699462414,
            -10.249301322671664,
            12.17069926103739,
            12.072577953614854,
            59.41750830583455,
            -5.445927546022801,
            76.15998785419774,
            24.413084448238543,
            56.744602244779514,
            40.02794891035762,
            -30.84302337870587,
            -46.036164568744084,
            -22.719088124101575,
            55.30027500746806,
            66.41558309465637,
            6.410107810081064,
            81.75023486734207,
            -82.3882402733091,
            66.64837306933538,
            91.3774572564113,
            31.25617587158013,
            10.182833417365345,
            75.58506237229867,
            27.38326169252356,
            70.82401498240907
        ],
        [
            -91.26408381159558,
            8.360498758290543,
            -40.24597543314823,
            14.059834388300603,
            -18.734547949284767,
            -61.8783186651946,
            -53.011437787298334,
            -53.053021436716634,
            -30.999896945830585,
            78.95174160212629,
            4.9718147538957425,
            -68.41397964192863,
            75.60944877623375,
            22.40997292264734,
            97.14077542172858,
            -13.232443818561602,
            -56.993436415449075,
            86.49020443949965,
            -35.9681822265861,
            36.53059490284726,
            -56.77220477839138,
            -13.028636368068192,
            -71.80117768876877,
            23.14800647324544,
            42.29867294766234,
            49.97946068172837,
            -74.00916580742616,
            -84.56467230562835,
            43.35749319682074,
            -30.931964655604176
        ]
    ]
}