mu,sampler,wasserstein_distance,r_hat,ess,runtime
2,DEMetro,0.19733716471080162,1.0407781347850347,113.96120873796544,0.8019952774047852
5,DEMetro,0.11838303214873573,1.0295227729466492,84.94785798294552,0.6849837303161621
10,DEMetro,0.216449646976419,1.0201164191329253,112.39990920608815,0.6752519607543945
