mu,sampler,wasserstein_distance,r_hat,ess,runtime
2,HMC,0.09403723856772482,1.032319786640753,226.78805288566764,0.8265271186828613
5,HMC,0.08391646869233574,1.0321129221254735,226.78805288566764,0.8351259231567383
10,HMC,0.05292838153133733,1.032319786640753,226.78805288566764,0.9665055274963379
