run_id,mu,sampler,wasserstein_distance,mmd_rff,swd_zscore,r_hat,ess,runtime
2,"(10, -10)",HMC,3.5826178871113665,0.27446587003798684,85.67876480140394,1.6153531145052316,9.927726558645245,4.545157432556152
2,"(20, 20)",HMC,8.23237552858057,0.40381290574394085,99.45409132045384,1.3771471714442767,13.228948836183612,4.506483316421509
2,"(5, 5)",HMC,0.28810579720049295,0.05183948315886699,14.515192540881968,1.055988624843894,84.56294416719088,4.704365015029907
2,"(50, 10)",HMC,6.772598825837261,0.1582034061198291,52.21415223607561,1.7082929932689537,9.32205172224746,4.3717896938323975
2,"(80, 0)",HMC,10.278378301426553,0.14030339234799163,41.61077179666717,1.709037063792298,9.283202244761481,4.624444484710693
