{
    "sampler": "DEMetro_Z",
    "value": 2,
    "means_array": [
        [
            0.0,
            0.0
        ]
    ],
    "case": "Posterior Samples",
    "dim": 2,
    "samples": [
        [
            -0.8864428617643402,
            0.030186642687408515
        ],
        [
            1.0996252023150896,
            1.1160982810845683
        ],
        [
            0.02990635754703734,
            0.25387534072664786
        ],
        [
            0.9006026617152484,
            1.5006017741159097
        ]
    ]
}