{
    "sampler": "DEMetro_Z",
    "value": 4,
    "means_array": [
        [
            -2.000000001,
            0.0
        ],
        [
            2.000000001,
            0.0
        ]
    ],
    "case": "Posterior Samples",
    "dim": 2,
    "samples": [
        [
            -2.8719881671964895,
            -1.1323077761551246
        ],
        [
            -2.531534191249731,
            0.4180784738307969
        ],
        [
            -3.7085801371301756,
            0.8950206920516056
        ],
        [
            -1.2716188475221568,
            -0.5168568601169992
        ]
    ]
}