{
    "sampler": "DEMetro_Z",
    "value": 0.3,
    "means_array": [
        [
            0.0,
            0.0,
            0.0,
            0.0,
            0.0,
            0.0,
            0.0,
            0.0,
            0.0,
            0.0,
            0.0,
            0.0,
            0.0,
            0.0,
            0.0,
            0.0,
            0.0,
            0.0,
            0.0,
            0.0,
            0.0,
            0.0,
            0.0,
            0.0,
            0.0,
            0.0,
            0.0,
            0.0,
            0.0,
            0.0
        ]
    ],
    "case": "Posterior Samples",
    "dim": 30,
    "samples": [
        [
            13.83815364988626,
            58.12812199756472,
            83.39279628993998,
            39.5420423196892,
            43.11470697113122,
            56.887876066725426,
            53.20521131758928,
            49.28232845051133,
            14.695853095351517,
            27.803137401987602,
            58.049952483153746,
            30.18556751252187,
            -7.181643245434316,
            10.29828283059254,
            17.419969104031836,
            -6.561903177687241,
            14.166985558718494,
            7.4933350437848505,
            143.9756905878679,
            37.15163475950923,
            -48.55304232428562,
            16.314509802314355,
            -31.654294255858808,
            30.709066224085696,
            -20.290180501119835,
            50.88703035580568,
            17.43843964736955,
            56.15191124126198,
            29.576530145519357,
            19.003435167436123
        ],
        [
            7.927508012301994,
            -31.621296919746108,
            38.72343754148953,
            36.85476019110304,
            -0.3435149116441938,
            9.861352403025561,
            96.22549620739952,
            -50.03958609135303,
            8.746640211239939,
            -70.19779164789605,
            78.65698729491017,
            44.63826265819148,
            -48.32709247360488,
            42.721160710977266,
            8.64082273103109,
            57.559535825081156,
            -79.94138758846334,
            -49.00042046526598,
            78.69674013791004,
            33.787873615586776,
            85.1031983404807,
            76.57138241552096,
            27.086932875175645,
            -54.993880512284996,
            -11.69221713869672,
            102.48395262873888,
            -14.810493961140375,
            133.55637268629238,
            -113.10475962190023,
            -34.149517736213255
        ],
        [
            -24.580326346973177,
            53.93708110583613,
            2.7045741995588424,
            37.06495740524752,
            1.9562980112557007,
            39.28964005209326,
            20.701031362556023,
            49.18447444708693,
            17.647824045717588,
            4.893742838273042,
            25.90326877338033,
            6.56887106514519,
            -4.566821268958254,
            24.094049967340656,
            40.40072838568087,
            18.826404998773207,
            41.63970075894754,
            -5.640071675397207,
            45.85155897282285,
            47.17925673560935,
            11.213463233759475,
            67.1668381839428,
            -11.085358998771943,
            19.49441726983482,
            33.81078995482585,
            55.17117527788383,
            43.02117123658,
            -13.225013647651915,
            25.214088934820957,
            45.57082458316179
        ],
        [
            28.25500508335525,
            4.243395530057855,
            82.0179420184024,
            70.25575931443764,
            39.98536452814206,
            12.534036746354655,
            38.90836088081921,
            13.247972416299717,
            9.348965990404027,
            -34.256747702888156,
            48.3986887652297,
            19.085954169749925,
            41.52103453644234,
            30.916434973866984,
            29.710071389644956,
            21.073620563108943,
            41.896536266899766,
            -28.649889834993274,
            27.03916601964363,
            -60.846104270647835,
            -18.239953566669072,
            19.942610401789416,
            75.56466906387861,
            -29.807850360221735,
            2.158825851042197,
            58.857968926874655,
            17.22516915097627,
            4.530821626879714,
            43.821268739601464,
            29.642840360691135
        ]
    ]
}