mu,global_median_mean_rmse,global_median_var_rmse,global_median_wasserstein_distance,global_median_runtime,global_median_ess,global_median_ess_per_sec,global_median_r_hat,global_median_mode_transitions,global_median_mmd_rff,global_q25_mean_rmse,global_q25_var_rmse,global_q25_wasserstein_distance,global_q25_runtime,global_q25_ess,global_q25_ess_per_sec,global_q25_r_hat,global_q25_mode_transitions,global_q25_mmd_rff,global_q75_mean_rmse,global_q75_var_rmse,global_q75_wasserstein_distance,global_q75_runtime,global_q75_ess,global_q75_ess_per_sec,global_q75_r_hat,global_q75_mode_transitions,global_q75_mmd_rff,ws_mcmc_mean,ws_iid_mean,ws_iid_std,mean_rmse_mcmc_mean,mean_rmse_iid_mean,mean_rmse_iid_std,var_rmse_mcmc_mean,var_rmse_iid_mean,var_rmse_iid_std,mmd_rff_mcmc_mean,mmd_rff_iid_mean,mmd_rff_iid_std,ws_glass_delta,ws_t_stat,ws_p_value,var_rmse_glass_delta,var_rmse_t_stat,var_rmse_p_value,mean_rmse_glass_delta,mean_rmse_t_stat,mean_rmse_p_value,mmd_rff_glass_delta,mmd_rff_t_stat,mmd_rff_p_value
"(0, 0)",0.017063765610126,0.03297153180994382,0.02718618406095334,1.4152071475982666,4096.113822443543,2796.575305288774,1.0010382712574575,,0.013786455563596745,0.0118818101981195,0.020326694640074847,0.02459341542307939,1.4111272096633911,3813.47082522874,2671.0899944828006,1.0008631210933754,,0.012149813192927406,0.018980169444525977,0.04422497366302721,0.028588801049540532,1.429404616355896,4193.322734200483,2937.3672488795974,1.0020634575126965,,0.014700796264061924,0.026907795185648658,0.029199621841823637,0.006512843524495807,0.016407639498283434,0.018407592658506024,0.010935488419007908,0.031379388521900885,0.03207307823081968,0.010850686317365972,0.013045102926390316,0.01368589399490621,0.003942876515171911,-0.35189340071737735,-1.0803219668365833,0.2954516935949626,-0.06393049145735426,-0.13278549201034706,0.8956647289312885,-0.1828864961117147,-0.5435274544092235,0.5934385171398017,-0.16251867540111273,-0.47352711585033486,0.6412984121365726
