mu,mmd_rff_t_stat,mmd_rff_p_value,mmd_rff_paired_cohens_d
"(0, 0)",0.6897713779512873,0.5046297600541154,0.19911984536973742
