{
    "sampler": "Metro",
    "value": 18,
    "means_array": [
        [
            -9.0,
            0.0
        ],
        [
            9.0,
            0.0
        ]
    ],
    "case": "Warmup Samples",
    "dim": 2,
    "samples": [
        [
            46.7212504033154,
            -83.35998778816999
        ],
        [
            127.14827191665483,
            7.223577153161068
        ],
        [
            -110.38513390587465,
            4.072215385222531
        ],
        [
            -115.87539689852665,
            -21.25031581505643
        ]
    ]
}