{
    "sampler": "HMC",
    "value": 3,
    "means_array": [
        [
            -4.000000002,
            0.0,
            0.0,
            0.0,
            0.0,
            0.0,
            0.0,
            0.0,
            0.0,
            0.0,
            0.0,
            0.0,
            0.0,
            0.0,
            0.0,
            0.0,
            0.0,
            0.0,
            0.0,
            0.0,
            0.0,
            0.0,
            0.0,
            0.0,
            0.0,
            0.0,
            0.0,
            0.0,
            0.0,
            0.0
        ],
        [
            4.000000002,
            0.0,
            0.0,
            0.0,
            0.0,
            0.0,
            0.0,
            0.0,
            0.0,
            0.0,
            0.0,
            0.0,
            0.0,
            0.0,
            0.0,
            0.0,
            0.0,
            0.0,
            0.0,
            0.0,
            0.0,
            0.0,
            0.0,
            0.0,
            0.0,
            0.0,
            0.0,
            0.0,
            0.0,
            0.0
        ]
    ],
    "case": "Warmup Samples",
    "dim": 30,
    "samples": [
        [
            -6.997044234171856,
            -5.210284641427361,
            -7.111710198005755,
            42.57325488320372,
            -54.02263774939264,
            -36.14724537565685,
            5.513425040877293,
            11.142438021291172,
            -16.76790013575407,
            43.704631568622915,
            2.151665080234329,
            0.9679424520622637,
            -63.84938954845725,
            39.41033806260201,
            27.69436733654504,
            -40.75668256443936,
            34.00838344635875,
            11.46817280296274,
            -0.5259198797353277,
            0.229027600662888,
            56.133384903126945,
            -26.49701525477345,
            22.328224829944087,
            -19.535361392036297,
            -2.2298098159188187,
            -25.50469575675689,
            58.55242000737813,
            -25.435277719102388,
            -11.647818143919254,
            48.318788851257644
        ],
        [
            -13.961954908453208,
            -8.186475952505354,
            -13.887697292731616,
            -4.0995698818504405,
            8.529929771046113,
            8.678782214282776,
            22.466709427874857,
            16.901095880800373,
            56.0997881271403,
            -38.34724227497,
            7.122870619577423,
            -14.344242517740936,
            -33.02074494587079,
            -37.42593308683607,
            -49.30146333356943,
            -60.21627790118621,
            35.16374406944147,
            -38.44088564264777,
            -6.730577449544046,
            24.994725369379314,
            -35.359259926044764,
            -19.83457099142511,
            19.084801878808488,
            -19.70643328263681,
            11.011759790644918,
            29.85559279703432,
            30.80984657235595,
            -9.951942636073083,
            -2.737032790032655,
            -26.94730676750711
        ],
        [
            -38.346396673072064,
            25.341280510284488,
            10.583015325752994,
            -6.409111820228892,
            38.874695404685646,
            -86.15071321470693,
            -27.086772989785366,
            26.882715805918497,
            7.97979851417669,
            56.18157848144898,
            -15.911265728569429,
            -10.636440981455348,
            4.8979751766309185,
            21.195293982926216,
            22.60604430208814,
            -29.81524478094947,
            -1.9873937896598997,
            -8.361838648079141,
            -25.406508568402607,
            -23.608658353863458,
            54.91344715683681,
            -13.154570835772613,
            -41.78147046907503,
            23.93239575265689,
            -28.93954148259274,
            40.22563810170123,
            6.089412395627277,
            13.244347809855238,
            21.740063071730596,
            -24.679325408293625
        ],
        [
            -42.70334488113726,
            36.62453338398425,
            15.859768930338845,
            49.746927991987,
            74.60552325480448,
            3.998725778947477,
            -47.982090789434515,
            9.714455335395057,
            47.59778254214882,
            -58.31854742214483,
            -17.03081417933423,
            -30.741397784879823,
            -62.28157122849876,
            -30.171833857288522,
            -47.6442174339053,
            -24.29764113262788,
            -25.145956798241958,
            15.432725283493607,
            -40.46187665567795,
            24.983572698161076,
            60.930436013634306,
            -2.0217790895205097,
            -63.20649255801213,
            18.323015814865936,
            -1.7187105934066804,
            -49.8300033463306,
            -12.660441393732922,
            -13.499658533773585,
            10.225977401090798,
            15.869343334671582
        ]
    ]
}