mu,ws_t_stat,ws_p_value,ws_paired_cohens_d
"(0, 0)",0.26805939142208524,0.790551138928706,0.04894072514432764
