{
    "sampler": "Metro",
    "value": 30,
    "means_array": [
        [
            10,
            10,
            10,
            10,
            10,
            20,
            20,
            20,
            20,
            20,
            30,
            30,
            30,
            30,
            30,
            40,
            40,
            40,
            40,
            40,
            50,
            50,
            50,
            50,
            50,
            60,
            60,
            60,
            60,
            60
        ]
    ],
    "case": "Posterior Samples",
    "dim": 30,
    "samples": [
        [
            12.411839058515927,
            10.753209451928843,
            9.291760964606944,
            10.74742473075401,
            9.450237848921278,
            20.226183964822685,
            20.633124330279692,
            21.642016096298683,
            20.985216945611317,
            19.468273571597983,
            31.254271990902033,
            32.90917374444966,
            30.969589908070645,
            29.750786940872484,
            30.53250962838916,
            39.682527649860326,
            40.334991683924684,
            39.84734180001741,
            39.216349610227205,
            39.9658748988765,
            48.96464601635546,
            52.45754167756826,
            49.57384300712252,
            48.77363918538757,
            51.07175723571608,
            59.75849822624842,
            59.43130537502905,
            60.29868576823121,
            59.9965764178518,
            59.383550693730115
        ],
        [
            9.394179731157166,
            12.550533220197066,
            10.537321048184534,
            9.349852123661663,
            10.979147078942695,
            20.20503926422182,
            20.055037621160253,
            19.939418824558764,
            19.76701192976067,
            20.944978819827277,
            30.11409696253352,
            30.28067055941779,
            30.202476427890293,
            29.751535797374835,
            29.649767520016365,
            38.72782055704072,
            41.15127637079068,
            39.6544138976034,
            40.79384165576166,
            40.58124885888319,
            48.637546584522866,
            49.27859290482845,
            48.74922641579728,
            49.62706940283091,
            49.005379328604015,
            61.01129496653223,
            60.48020370955543,
            58.56999441375649,
            60.16163029048041,
            58.071098149413935
        ],
        [
            9.64161810781709,
            9.231164119016121,
            9.882533374443877,
            10.155929770878815,
            9.799999489459308,
            21.44686563550303,
            21.029292771376635,
            19.64492628466535,
            22.30699413228804,
            20.04902374429661,
            30.133410775206702,
            29.68764534585107,
            29.196835299927805,
            30.16997818085543,
            32.029906103366855,
            40.52830577100037,
            40.62952306007509,
            38.24957851350144,
            39.78269902197001,
            38.807520937501145,
            51.94168584862125,
            50.03897547190821,
            49.6145938498215,
            49.22726211646928,
            49.22566028655097,
            60.22403762762798,
            60.95362456531846,
            60.553897836888225,
            59.41392447490668,
            59.57927650936883
        ],
        [
            9.282631285333713,
            9.175666312203504,
            10.510006837163695,
            10.430149001304919,
            9.394958555879647,
            19.693445542027572,
            18.658604725912213,
            19.306976593643093,
            21.453776431363288,
            19.820576156349627,
            30.110244152478412,
            29.98773125383965,
            28.503829359918413,
            27.837319049099264,
            32.47868850730315,
            41.68322662710879,
            39.23189912352957,
            38.922074569128775,
            40.620196447287825,
            39.04677738824735,
            48.9335796154085,
            50.84630187111631,
            49.872964372312715,
            50.19114449896222,
            50.524683488420294,
            59.93854016390042,
            62.400693652633066,
            58.75866422697902,
            58.08454712394286,
            59.43806622969813
        ]
    ]
}