{
    "sampler": "Metro",
    "value": 5,
    "means_array": [
        [
            0.0,
            0.0,
            0.0,
            0.0,
            0.0
        ]
    ],
    "case": "Posterior Samples",
    "dim": 5,
    "samples": [
        [
            0.9118513794584202,
            2.672775495811218,
            0.1898104491197936,
            2.4598082571228055,
            0.3346198528771418
        ],
        [
            1.6721958539558042,
            1.7914595771717063,
            -0.47593538900013105,
            0.655732406719898,
            1.1558353233558836
        ],
        [
            -0.6757269288918316,
            0.8604744353261964,
            -0.8388375689113705,
            -0.30267541101133943,
            -0.4708884997720045
        ],
        [
            -0.03215252104605171,
            0.3713702284643423,
            -1.7821153981410074,
            -0.8974528988928581,
            0.3407129461322127
        ]
    ]
}