{
    "sampler": "HMC",
    "value": 12,
    "means_array": [
        0,
        12
    ],
    "case": "Warmup Samples",
    "dim": 1,
    "samples": [
        8.961225145690165,
        -0.7199152561727651,
        11.277666933661978,
        1.195033828056773
    ]
}