{
    "sampler": "DEMetro_Z",
    "value": 0.3,
    "means_array": [
        [
            0.0,
            0.0,
            0.0,
            0.0,
            0.0,
            0.0,
            0.0,
            0.0,
            0.0,
            0.0,
            0.0,
            0.0,
            0.0,
            0.0,
            0.0,
            0.0,
            0.0,
            0.0,
            0.0,
            0.0,
            0.0,
            0.0,
            0.0,
            0.0,
            0.0,
            0.0,
            0.0,
            0.0,
            0.0,
            0.0
        ]
    ],
    "case": "Warmup Samples",
    "dim": 30,
    "samples": [
        [
            19.647241336610307,
            0.513808154569311,
            -5.154312431598376,
            12.75889100995597,
            -3.0819649049769176,
            22.248256185949735,
            -27.732442693957147,
            -11.198459167161731,
            24.628273635689318,
            -19.070917343518204,
            26.248639497801427,
            26.287109396578344,
            7.299585533576522,
            -22.97103560360353,
            17.122482756407944,
            14.84518131038885,
            -3.4149001096600506,
            10.084890499850678,
            12.361617265760563,
            9.908810861060564,
            1.2644561958699596,
            -8.832175036105752,
            -9.893520890041378,
            -0.08445277377000424,
            -5.720705286186295,
            3.603976384993413,
            -10.023902367698417,
            9.28535009121622,
            -19.84738886248017,
            -1.7207827593434968
        ],
        [
            28.409383411315666,
            9.498263471261037,
            20.372621589776454,
            12.230320796763898,
            16.62738739550164,
            -11.532697257221034,
            -19.248301077399955,
            -12.605370571710056,
            15.457078344742719,
            -8.793979553248075,
            28.887438247496593,
            13.522374879672103,
            28.935130644090734,
            -15.48529550521273,
            10.372536859727457,
            25.707232883610278,
            7.685135975443379,
            23.838248644674774,
            18.600495322448644,
            16.76044223760679,
            -3.265778307503475,
            19.120921519206455,
            10.504969254983727,
            18.743200079381737,
            -12.728801082916416,
            -10.123190500504187,
            -22.680456152163426,
            10.180999574595297,
            19.636551058522258,
            16.71195918318687
        ],
        [
            26.860224116086624,
            -6.331321766967364,
            18.323608248775894,
            -13.885955406043811,
            -2.7380595692950145,
            3.0060564443378106,
            -10.742540946349566,
            19.696918744321046,
            20.23689230025838,
            -29.64910933804919,
            17.72528604045341,
            23.59682522907816,
            -28.947851430692577,
            21.835145581234787,
            6.1816767639365535,
            -16.08855753660208,
            -8.58053709686841,
            23.788007831022608,
            14.036378828751698,
            -20.075041460762,
            -16.04398435217306,
            -10.864280973523824,
            -26.674227900976472,
            25.063044584972605,
            28.966490045975757,
            -21.15550368172813,
            15.154038417999637,
            26.929197008992613,
            19.603228889192636,
            -7.767997288374546
        ],
        [
            -17.24485398917122,
            25.714687606896955,
            -19.93787946954973,
            -16.00072767036766,
            5.553864086051963,
            5.3843952784756075,
            28.29517371067975,
            17.237658132265825,
            2.7714467427802405,
            -26.00467570790528,
            -9.537154380835888,
            2.5155477829348194,
            -28.485529727859895,
            10.993677220003711,
            9.40448583538049,
            21.489472379515185,
            -5.341758000048797,
            12.004466640031547,
            28.70538775772659,
            -10.109695918866395,
            28.986929669627923,
            28.446962870381945,
            -11.566834806456518,
            28.40415948560413,
            17.734268093631222,
            23.228150089337184,
            -27.660972415240618,
            2.8151418939935713,
            29.428391089695875,
            -22.7540035944865
        ]
    ]
}