run_id,mu,sampler,wasserstein_distance,mmd_rff,swd_zscore,r_hat,ess,runtime
20,5,HMC,0.27198630584973726,0.04399515800497455,6.117461902664432,1.0071360383159225,586.1413631224145,2.721827507019043
20,10,HMC,0.1936062698709019,0.013386845231276976,1.095290742742848,1.1164454070965193,39.120632840621944,2.6868414878845215
20,20,HMC,2.399137577807806,0.11381397609254337,23.43063819903632,1.3288368152092098,14.231748170541918,2.5737476348876953
