mm,var_rmse_t_stat,var_rmse_p_value,var_rmse_paired_cohens_d
5,-3.7809177038351494,0.0030422324616616063,-1.0914569270465226
8,3.523110797557603,0.004772282143943433,1.0170344836773797
10,6.7906748648576265,2.9906651560364565e-05,1.9602989806023883
12,0.9898568986122623,0.3435182925147209,0.2857470734364989
15,-1.5823752299134126,0.14187023548711153,-0.4567923824747524
18,-1.9123791771640946,0.08220848185468804,-0.5520563163641625
