mm,var_rmse_t_stat,var_rmse_p_value,var_rmse_paired_cohens_d
5,3.053782909851625,0.010973114587269375,0.8815511925247572
8,3.899170196642251,0.0024801179463251645,1.125593481323785
10,335.61398839063764,2.0634346197816257e-23,96.88341327056929
12,1257.5721344009237,1.009646454535685e-29,363.0298051608728
15,1129.9549279512662,3.276086050616032e-29,326.1898909124039
18,853.0992024158408,7.211380338752945e-28,246.26852708012035
