mm,mmd_rff_t_stat,mmd_rff_p_value,mmd_rff_paired_cohens_d
5,-1.675497535625213,0.12199652794877892,-0.4836744766098857
8,3.5299148444575614,0.004715543900563645,1.0189986428320146
10,5.73798873523613,0.00013066000044106981,1.6564146704478102
12,1.3372030316958718,0.20815068644568704,0.38601726515539764
15,0.4526372050113397,0.6596069057041447,0.1306651060792684
18,0.40604104764493887,0.6924993889013029,0.11721395407992156
