mm,mmd_rff_t_stat,mmd_rff_p_value,mmd_rff_paired_cohens_d
5,40.652558772649265,2.4235511997572617e-13,11.735382875318068
8,35.801872957574844,9.710494564057705e-13,10.33511049477431
10,59.366748637183406,3.830008121351197e-15,17.137704153295346
12,57.63948751080444,5.294648036646608e-15,16.63908681515751
15,60.24274602806063,3.2615295575712326e-15,17.39058281801153
18,54.31336752823082,1.01593511499325e-14,15.678918681509572
