mm,var_rmse_t_stat,var_rmse_p_value,var_rmse_paired_cohens_d
5,6.128036041231195,7.435251000309054e-05,1.7690116290042797
8,2.6161423016996435,0.02399318473778223,0.7552152310623282
10,2.5218365544320496,0.02838264424920129,0.7279915067767911
12,17.321032127795807,2.4850004968196863e-09,5.000151280812533
15,1193.0270950682232,1.8025038599532414e-29,344.397257244078
18,891.520207408664,4.441943203984225e-28,257.3597158676916
