mm,var_rmse_t_stat,var_rmse_p_value,var_rmse_paired_cohens_d
5,7.5331374733411804,1.1515956548431171e-05,2.174629474037994
8,8.561822944973196,3.406608071746717e-06,2.471585391017095
10,12.72988689599469,6.32587362336469e-08,3.6748018130780125
12,17.93061724674859,1.7191368780915215e-09,5.176123347073222
15,12.523056403619673,7.493948475902234e-08,3.6150949928533427
18,12.829342824880086,5.835917083471474e-08,3.703512266735256
