mm,mean_rmse_t_stat,mean_rmse_p_value,mean_rmse_paired_cohens_d
5,-16.721351117192473,3.6138024124571576e-09,-4.827038284362662
8,-14.257890872113443,1.941849238105933e-08,-4.115898566545503
10,-16.048697496552254,5.584413349392925e-09,-4.6328599098886585
12,-10.273394139979239,5.642658957864969e-07,-2.9656734361040686
15,-14.379600548257272,1.776308288157465e-08,-4.151033123687814
18,-15.73277419010004,6.891200945547576e-09,-4.541660706876928
