nu,sampler,wasserstein_distance,reference_swd,relative_swd,swd_zscore,r_hat,ess,runtime
1,HMC,11.811048508515555,4.80068673086402,7.010361777651535,0.877271063077097,1.3979486993480499,307.1501086649293,7.923946380615234
2,HMC,0.31044046816309645,0.1624712665978962,0.14796920156520024,2.9251841715803315,1.0058046549271864,253.15341825314223,5.160979986190796
5,HMC,0.40514254942484335,0.08807081875215447,0.3170717306726889,6.0466716789624,1.0363381345347662,116.81225211041424,4.156604290008545
10,HMC,0.921424340685037,0.0782772867797368,0.8431470539053002,15.555373992681837,1.1078610322589766,24.331211404572212,5.639151573181152
