{
    "run_id": 1,
    "case": "multimodal",
    "dim": 2,
    "means_array": [
        [
            -2.5,
            0.0
        ],
        [
            2.5,
            0.0
        ]
    ],
    "min_mode": [
        -2.5,
        0.0
    ],
    "max_mode": [
        2.5,
        0.0
    ],
    "border": [
        20.0,
        20.0
    ],
    "low": [
        -30.04365685092106,
        -30.0455062283417
    ],
    "high": [
        29.95634314907894,
        29.9544937716583
    ],
    "samples": [
        {
            "posterior": [
                13.888629092715036,
                1.6785849057028948
            ]
        }
    ]
}