mu,sampler,wasserstein_distance,r_hat,ess,runtime
"(-10, 20, -30)",DEMetro,0.03818945742450292,1.014009635997865,819.1947101363855,2.8652398586273193
"(-5, 0, 5)",DEMetro,0.02717377959797228,1.0144118015901489,682.2476499100418,2.9255716800689697
"(0, 0, 0)",DEMetro,0.04822424169814605,1.0141348422422634,905.3526240123825,2.8170816898345947
"(50, -50, 100)",DEMetro,0.0409842161138632,1.0164442183968143,895.9939797787175,3.0519533157348633
