mode_means,sampler,wasserstein_distance,r_hat,ess,chain_seeds,mode_distance
"(0, 8)",HMC,0.6639321337540373,1.4848289860112804,7.602144738936883,"[749631, 709015, 606351, 310190]",8
"(0, 10)",HMC,0.09727982728681439,1.7348814207639984,6.110416403492018,"[749631, 709015, 606351, 310190]",10
"(0, 15)",HMC,0.18081552325509498,1.7333822832407273,6.151462426528302,"[749631, 709015, 606351, 310190]",15
"(0, 20)",HMC,0.07100576372021572,1.7331426363609768,6.135241781979442,"[749631, 709015, 606351, 310190]",20
