mode_means,sampler,wasserstein_distance,r_hat,ess,chain_seeds,mode_distance
"(0, 8)",Metro,1.4899302447327556,1.0915825913483022,31.68700246659117,"[749631, 709015, 606351, 310190]",8
"(0, 10)",Metro,3.006267971548688,1.3511671048831022,9.373016661856086,"[749631, 709015, 606351, 310190]",10
"(0, 15)",Metro,7.649585030629782,1.0034984997604732,799.5965068227174,"[749631, 709015, 606351, 310190]",15
"(0, 20)",Metro,10.06822331224991,1.0069517322710484,758.0520749938163,"[749631, 709015, 606351, 310190]",20
