{
    "run_id": 1,
    "case": "unimodal",
    "dim": 30,
    "low": [
        -100.0,
        -100.0,
        -100.0,
        -100.0,
        -100.0,
        -100.0,
        -100.0,
        -100.0,
        -100.0,
        -100.0,
        -100.0,
        -100.0,
        -100.0,
        -100.0,
        -100.0,
        -100.0,
        -100.0,
        -100.0,
        -100.0,
        -100.0,
        -100.0,
        -100.0,
        -100.0,
        -100.0,
        -100.0,
        -100.0,
        -100.0,
        -100.0,
        -100.0,
        -100.0
    ],
    "high": [
        100.0,
        100.0,
        100.0,
        100.0,
        100.0,
        100.0,
        100.0,
        100.0,
        100.0,
        100.0,
        100.0,
        100.0,
        100.0,
        100.0,
        100.0,
        100.0,
        100.0,
        100.0,
        100.0,
        100.0,
        100.0,
        100.0,
        100.0,
        100.0,
        100.0,
        100.0,
        100.0,
        100.0,
        100.0,
        100.0
    ],
    "means_array": [
        [
            0.0,
            0.0,
            0.0,
            0.0,
            0.0,
            0.0,
            0.0,
            0.0,
            0.0,
            0.0,
            0.0,
            0.0,
            0.0,
            0.0,
            0.0,
            0.0,
            0.0,
            0.0,
            0.0,
            0.0,
            0.0,
            0.0,
            0.0,
            0.0,
            0.0,
            0.0,
            0.0,
            0.0,
            0.0,
            0.0
        ]
    ],
    "samples": [
        {
            "posterior": [
                -96.4947541386755,
                -52.77005096476501,
                -48.67706785484629,
                35.18866629511456,
                -95.12764064064731,
                -92.98333611427483,
                -88.32497051957051,
                -43.20541729047913,
                -17.242355378140388,
                -47.32748316732718,
                -73.56572470207452,
                85.79130252661648,
                7.255439489825278,
                -90.7987911417069,
                -61.689784036281935,
                -68.70794057334741,
                -59.25456143906587,
                -17.73870755178264,
                -62.59260630503085,
                -24.937122570492846,
                -81.47268311894867,
                36.641823338469436,
                63.31230817881604,
                -65.77890094973391,
                8.889955093132002,
                53.91126855252753,
                76.60153296587052,
                6.772902825040703,
                -35.89850071917546,
                74.35867819360624
            ]
        }
    ]
}