mode_means,sampler,wasserstein_distance,r_hat,ess,chain_seeds,mode_distance
"(0, 8)",HMC,1.5394296740521303,1.4457737117548237,7.9765919386328195,"[952953, 82496, 310410, 376540]",8
"(0, 10)",HMC,2.3876533853614665,1.5280697825944547,7.265611092596488,"[952953, 82496, 310410, 376540]",10
"(0, 15)",HMC,0.20698341312770768,1.7325182694582217,6.150388084213731,"[952953, 82496, 310410, 376540]",15
"(0, 20)",HMC,0.062148375130476746,1.7375012997422827,6.149517549356728,"[952953, 82496, 310410, 376540]",20
