run_id,dimension_corr,sampler,wasserstein_distance,mmd_rff,r_hat,ess,runtime
7,2,SMC,0.014623488837846093,0.010497559338856538,1.0006327831697188,7388.850634078189,2.2090396881103516
7,5,SMC,0.010386790266475937,0.010811366138609495,1.000121641217162,7960.320852688627,3.365093946456909
7,10,SMC,0.014047901702021607,0.014090185204524831,1.0003573303161735,7935.4204321547495,5.351046323776245
7,15,SMC,0.02824402419222591,0.016718667355963574,1.0003852135306812,7760.75346378101,6.311667442321777
7,20,SMC,0.016872983182044075,0.01546164446975076,1.0004799435280818,7357.021957674347,8.848977327346802
