{
    "sampler": "HMC",
    "value": 10,
    "means_array": [
        0
    ],
    "case": "Warmup Samples",
    "dim": 1,
    "samples": [
        -89.49690930473108,
        31.294015416692385,
        14.68123857166658,
        32.95921800653748
    ]
}