{
    "run_id": 1,
    "case": "multimodal",
    "dim": 2,
    "means_array": [
        [
            -1.2489996118654334,
            0.0
        ],
        [
            1.2489996118654334,
            0.0
        ]
    ],
    "min_mode": [
        -1.2489996118654334,
        0.0
    ],
    "max_mode": [
        1.2489996118654334,
        0.0
    ],
    "border": [
        90.74897350956968,
        66.55796958920615
    ],
    "low": [
        -135.90044658500207,
        -98.11242112744836
    ],
    "high": [
        136.34647394370697,
        101.5614876401701
    ],
    "samples": [
        {
            "posterior": [
                -42.55083870092514,
                41.73682095405849
            ]
        },
        {
            "posterior": [
                104.2677693677322,
                -86.41932467856992
            ]
        },
        {
            "posterior": [
                -14.77681780389068,
                -83.20659046462181
            ]
        },
        {
            "posterior": [
                -64.73607342811161,
                -49.07676940435374
            ]
        }
    ]
}