{
    "sampler": "DEMetro_Z",
    "value": 0.9,
    "means_array": [
        [
            -1.7435595857211195,
            0.0
        ],
        [
            1.7435595857211195,
            0.0
        ]
    ],
    "case": "Posterior Samples",
    "dim": 2,
    "samples": [
        [
            -1.8209211212287446,
            0.3744719534541143
        ],
        [
            5.019996545928936,
            2.4581772962927206
        ],
        [
            -2.1351002196920903,
            -0.17305593769786953
        ],
        [
            -2.5063280161284793,
            -0.8997957168406215
        ]
    ]
}