mu,global_median_wasserstein_distance,global_median_r_hat,global_median_ess,global_median_runtime,global_median_mmd_rff,global_q25_wasserstein_distance,global_q25_r_hat,global_q25_ess,global_q25_runtime,global_q25_mmd_rff,global_q75_wasserstein_distance,global_q75_r_hat,global_q75_ess,global_q75_runtime,global_q75_mmd_rff,ws_mcmc_mean,ws_iid_mean,ws_iid_std,mmd_rff_mcmc_mean,mmd_rff_iid_mean,mmd_rff_iid_std,ws_dist_glass_delta,mmd_rff_glass_delta
0,0.03968538638009068,1.005406806833103,891.6799254831357,0.7201638221740723,0.018301076670781537,0.033771198328914426,1.0036324449564638,853.4552916537967,0.701416015625,0.014767340889277123,0.04688622332092031,1.0067368897155469,963.4579048200225,0.7422239780426025,0.02175713815321431,0.044393276844495136,0.027038721347116074,0.007556211375255406,0.020248966686663875,0.01289631997591076,0.004803453160721774,2.2967271077422002,1.5307001993641376
