nu,global_median_mean_rmse,global_median_var_rmse,global_median_wasserstein_distance,global_median_runtime,global_median_ess,global_median_ess_per_sec,global_median_r_hat,global_median_mode_transitions,global_median_mmd_rff,global_q25_mean_rmse,global_q25_var_rmse,global_q25_wasserstein_distance,global_q25_runtime,global_q25_ess,global_q25_ess_per_sec,global_q25_r_hat,global_q25_mode_transitions,global_q25_mmd_rff,global_q75_mean_rmse,global_q75_var_rmse,global_q75_wasserstein_distance,global_q75_runtime,global_q75_ess,global_q75_ess_per_sec,global_q75_r_hat,global_q75_mode_transitions,global_q75_mmd_rff,ws_mcmc_mean,ws_iid_mean,ws_iid_std,mean_rmse_mcmc_mean,mean_rmse_iid_mean,mean_rmse_iid_std,var_rmse_mcmc_mean,var_rmse_iid_mean,var_rmse_iid_std,mmd_rff_mcmc_mean,mmd_rff_iid_mean,mmd_rff_iid_std,ws_glass_delta,ws_t_stat,ws_p_value,var_rmse_glass_delta,var_rmse_t_stat,var_rmse_p_value,mean_rmse_glass_delta,mean_rmse_t_stat,mean_rmse_p_value,mmd_rff_glass_delta,mmd_rff_t_stat,mmd_rff_p_value
2.1,0.08990231134779209,4.655602437611254,0.2565718459610118,0.8105628490447998,319.708215486089,357.87861099289046,,,0.028163745242913235,0.07171877633276016,4.2266467094986595,0.2088191568709961,0.7919524908065796,283.5220015796719,333.0366453042011,,,0.020694347581446105,0.17387760815775744,8.304936632708516,0.32924297697220833,0.8302573561668396,366.4240629845625,448.0250287151922,,,0.04306442767072772,0.27257727137695165,0.11827974441847595,0.037383606349598274,0.12312940362557567,0.07462897881632771,0.03983034229033953,9.319020154739864,8.262007390166106,16.61678450422927,0.032897919658178135,0.014120805050905547,0.003857082720186989,4.127411505341132,4.075253259191299,0.002839307337269806,0.06361114957618479,0.1484439538324079,0.8843825240749342,1.2176753203803443,1.4101443487610645,0.18971743096722785,4.868216724779573,3.3386931776150126,0.010492741823465322
