nu,mmd_rff_t_stat,mmd_rff_p_value,mmd_rff_paired_cohens_d
2.1,1.604950486840674,0.15253963813785193,0.5674356863568457
