nu,mean_rmse_t_stat,mean_rmse_p_value,mean_rmse_paired_cohens_d
2.1,0.6365215968503461,0.5446805238409513,0.22504436875228476
