nu,ws_t_stat,ws_p_value,ws_paired_cohens_d
2.1,-1.4760391278561613,0.18344399176409795,-0.5218586383018845
