nu,var_rmse_t_stat,var_rmse_p_value,var_rmse_paired_cohens_d
2.1,3.779408784175536,0.00689760049189421,1.336222790083263
