mu,global_avg_wasserstein_distance,global_avg_r_hat,global_avg_ess,global_avg_runtime,global_avg_wasserstein_distance_std,global_avg_r_hat_std,global_avg_ess_std,global_avg_runtime_std
"(-50, 0, 50)",0.41332404873293266,1.0413800953180843,89.73606501032168,2.7749284505844116,0.2841992233052873,0.032816484393646164,34.91707478344464,0.06420667760889001
"(43, 21, 1500)",0.37932326191224397,1.0841709093827974,54.067643651665186,2.9019397497177124,0.17629566996562823,0.0988945208306575,50.508619686747416,0.3096338456340112
