{
    "sampler": "HMC",
    "value": 0.5,
    "means_array": [
        0
    ],
    "case": "Posterior Samples",
    "dim": 1,
    "samples": [
        0.6049586900459859,
        0.5217787604405051,
        0.9328545605413622,
        -0.04018088823898897
    ]
}