{
    "sampler": "DEMetro_Z",
    "value": 100,
    "means_array": [
        [
            0.0,
            0.0,
            0.0,
            0.0,
            0.0,
            0.0,
            0.0,
            0.0,
            0.0,
            0.0,
            0.0,
            0.0,
            0.0,
            0.0,
            0.0,
            0.0,
            0.0,
            0.0,
            0.0,
            0.0,
            0.0,
            0.0,
            0.0,
            0.0,
            0.0,
            0.0,
            0.0,
            0.0,
            0.0,
            0.0,
            0.0,
            0.0,
            0.0,
            0.0,
            0.0,
            0.0,
            0.0,
            0.0,
            0.0,
            0.0,
            0.0,
            0.0,
            0.0,
            0.0,
            0.0,
            0.0,
            0.0,
            0.0,
            0.0,
            0.0,
            0.0,
            0.0,
            0.0,
            0.0,
            0.0,
            0.0,
            0.0,
            0.0,
            0.0,
            0.0,
            0.0,
            0.0,
            0.0,
            0.0,
            0.0,
            0.0,
            0.0,
            0.0,
            0.0,
            0.0,
            0.0,
            0.0,
            0.0,
            0.0,
            0.0,
            0.0,
            0.0,
            0.0,
            0.0,
            0.0,
            0.0,
            0.0,
            0.0,
            0.0,
            0.0,
            0.0,
            0.0,
            0.0,
            0.0,
            0.0,
            0.0,
            0.0,
            0.0,
            0.0,
            0.0,
            0.0,
            0.0,
            0.0,
            0.0,
            0.0
        ]
    ],
    "case": "Warmup Samples",
    "dim": 100,
    "samples": [
        [
            61.21195354266227,
            86.01173528530552,
            20.082573521092854,
            -92.54936086340096,
            -12.936652221945955,
            -69.9612980173073,
            -42.49659666940136,
            52.147416127766554,
            33.403115999673034,
            -9.801087642414632,
            38.97349622216275,
            -71.12246509497803,
            84.88139335736996,
            -60.18842106452326,
            -79.51332485799804,
            48.492149664185625,
            -23.380633766901834,
            36.32751164090449,
            -59.512813939172446,
            -29.30981818006243,
            -60.70775835578841,
            -70.60966115426477,
            70.00185054759142,
            -39.227549822582326,
            -14.445132092532281,
            29.413606457499196,
            -32.32755353239581,
            -54.9594944978056,
            68.38711759274943,
            71.20286429488968,
            75.31980745171545,
            93.91350562489637,
            57.88038951732544,
            -94.51679881087236,
            -50.59038529760902,
            -86.26040587985685,
            -53.972319807404695,
            -49.51871420866082,
            2.561522577906144,
            -13.49687424679383,
            -5.867172343481676,
            -9.404345507657144,
            32.80703847064398,
            49.6910926433612,
            85.53249843611691,
            -57.26987102130883,
            -43.194958802653495,
            -37.02767369220376,
            70.315642459438,
            88.31956012723485,
            -67.25609251215336,
            -12.11174358712108,
            89.49655802488954,
            42.422462030748214,
            51.66995965586032,
            -51.91639885082323,
            21.554443300504552,
            -40.10114270742297,
            -18.452688935476136,
            81.25929175367384,
            -70.9216259770426,
            13.978100800865313,
            84.21143099869303,
            -42.81900840233258,
            -60.01977188415007,
            -9.835609572845012,
            -68.02654786432103,
            -45.25244361111517,
            91.28629967592305,
            89.08634610539642,
            1.4657638434872147,
            -7.869240730244887,
            -30.984583082268646,
            -59.44357145451582,
            63.846817686407,
            -40.56912269690633,
            -51.44612549385943,
            -18.541224222643194,
            91.04113534852533,
            -37.97913741345053,
            44.37046464909375,
            -83.96401658459096,
            29.493599204656004,
            -53.114618081273974,
            33.39784975233404,
            -10.256868772490968,
            -41.71923607618989,
            90.29716808532235,
            -4.578147409300901,
            -92.30787382550722,
            22.055821630041503,
            63.80380928350153,
            15.233152826889276,
            7.744075667585797,
            33.639865509145565,
            -39.81060975720776,
            90.5511857893554,
            -98.9078868025108,
            61.93209109744072,
            -51.32387875915294
        ],
        [
            -36.031656653739425,
            20.104792546923736,
            -33.632571538305555,
            -62.675962438467224,
            -2.5544265301300704,
            2.412960713477694,
            22.318015672031432,
            93.49097980284358,
            -7.057021883854587,
            91.36902066578918,
            74.39208481570843,
            43.26822240129961,
            72.14171126415235,
            62.95365821863682,
            24.95649129442449,
            71.5519548542818,
            26.02057814964547,
            50.12744642124824,
            -16.481579904437872,
            17.206260880680915,
            -86.59470603181217,
            46.279686182818736,
            63.16335585676143,
            99.83048096503737,
            -68.8975688873375,
            -42.29670127746437,
            -86.24696764467129,
            42.37812917403415,
            52.44742847364036,
            -32.3247946469876,
            89.00163031265528,
            -6.989132625763714,
            -63.754623997053436,
            70.57815155768556,
            -40.10749488004808,
            18.99687451351633,
            -69.45339140138535,
            45.92376198183154,
            -99.8647875252068,
            -76.40876838864169,
            72.45659920021865,
            -47.60180185789353,
            -56.6635223750216,
            -65.53391375427753,
            89.00045158851145,
            -64.84344286109197,
            69.20099372373504,
            -50.32243399278271,
            44.08114072427155,
            74.18075505545609,
            -55.330545764993275,
            -63.05126418837413,
            48.10192235799879,
            -66.52410175820732,
            -71.62745402731747,
            71.47758656059823,
            -20.229132485386145,
            -51.84647437709986,
            70.54334367246913,
            86.12000270612928,
            -73.12606713005049,
            68.3998366475112,
            -7.592194294323028,
            -20.48842319443033,
            9.366512708058956,
            71.88972244656364,
            2.759187187199408,
            85.70360235793702,
            97.80382830771866,
            -40.093735203186256,
            -39.889519268481045,
            46.53995638395572,
            47.87550620407478,
            85.47921771748439,
            98.81730137648734,
            42.61393211253306,
            54.7786140395749,
            -17.84710917969566,
            -41.92243116152112,
            -65.52986821972218,
            40.149668276463466,
            -46.21080046770281,
            33.684944374571266,
            92.71799833949824,
            -42.1484680018389,
            -77.70531869942977,
            -91.78006894518221,
            44.36099223278966,
            -99.62932220884595,
            44.19834627609493,
            -15.866515165335404,
            -9.88618141892055,
            74.102681528248,
