run_id,mu,sampler,wasserstein_distance,mmd_rff,r_hat,ess,runtime
61,"(10.0, 0.0)",HMC,2.4726793677557115,0.33815957928905443,2.1006365413576167,5.550497214693416,7.123032808303833
