run_id,mu,sampler,wasserstein_distance,mmd_rff,r_hat,ess,runtime
64,"(10.0, 0.0)",SMC,0.12879018239947673,0.02298351442900488,1.000716833220315,3482.6219426924176,6.9727373123168945
