run_id,mu,sampler,wasserstein_distance,mmd_rff,swd_zscore,r_hat,ess,runtime
14,"(10, 10, 20, 30, 30)",DEMetro,1.5768644147880608,0.38629145266482195,497.77969574952755,2.6836724533001752,7.050969518160015,2.280360460281372
