{
    "run_id": 1,
    "case": "multimodal",
    "dim": 30,
    "means_array": [
        [
            -2.000000001,
            0.0,
            0.0,
            0.0,
            0.0,
            0.0,
            0.0,
            0.0,
            0.0,
            0.0,
            0.0,
            0.0,
            0.0,
            0.0,
            0.0,
            0.0,
            0.0,
            0.0,
            0.0,
            0.0,
            0.0,
            0.0,
            0.0,
            0.0,
            0.0,
            0.0,
            0.0,
            0.0,
            0.0,
            0.0
        ],
        [
            2.000000001,
            0.0,
            0.0,
            0.0,
            0.0,
            0.0,
            0.0,
            0.0,
            0.0,
            0.0,
            0.0,
            0.0,
            0.0,
            0.0,
            0.0,
            0.0,
            0.0,
            0.0,
            0.0,
            0.0,
            0.0,
            0.0,
            0.0,
            0.0,
            0.0,
            0.0,
            0.0,
            0.0,
            0.0,
            0.0
        ]
    ],
    "min_mode": [
        -2.000000001,
        0.0,
        0.0,
        0.0,
        0.0,
        0.0,
        0.0,
        0.0,
        0.0,
        0.0,
        0.0,
        0.0,
        0.0,
        0.0,
        0.0,
        0.0,
        0.0,
        0.0,
        0.0,
        0.0,
        0.0,
        0.0,
        0.0,
        0.0,
        0.0,
        0.0,
        0.0,
        0.0,
        0.0,
        0.0
    ],
    "max_mode": [
        2.000000001,
        0.0,
        0.0,
        0.0,
        0.0,
        0.0,
        0.0,
        0.0,
        0.0,
        0.0,
        0.0,
        0.0,
        0.0,
        0.0,
        0.0,
        0.0,
        0.0,
        0.0,
        0.0,
        0.0,
        0.0,
        0.0,
        0.0,
        0.0,
        0.0,
        0.0,
        0.0,
        0.0,
        0.0,
        0.0
    ],
    "border": [
        20.0,
        20.0,
        20.0,
        20.0,
        20.0,
        20.0,
        20.0,
        20.0,
        20.0,
        20.0,
        20.0,
        20.0,
        20.0,
        20.0,
        20.0,
        20.0,
        20.0,
        20.0,
        20.0,
        20.0,
        20.0,
        20.0,
        20.0,
        20.0,
        20.0,
        20.0,
        20.0,
        20.0,
        20.0,
        20.0
    ],
    "low": [
        -30.259127914507022,
        -29.66394425103832,
        -29.822516281048735,
        -30.035263866077614,
        -30.09817925007237,
        -29.989890707232345,
        -29.77438533396712,
        -30.573783675973697,
        -30.027836448749213,
        -29.76691810296353,
        -29.99222748092214,
        -29.999715645942935,
        -29.923668439978222,
        -29.92140579742445,
        -29.9781143346975,
        -30.105476204383308,
        -30.06101400322145,
        -29.88462533725185,
        -29.926956578741493,
        -29.98505458972963,
        -29.81317873353361,
        -29.90359969793709,
        -29.93635062861753,
        -29.99498211717868,
        -29.906597874828442,
        -29.817809316132063,
        -29.95159035211588,
        -30.05611845780345,
        -30.325293547070526,
        -29.543660226963446
    ],
    "high": [
        29.740872085492978,
        30.33605574896168,
        30.177483718951265,
        29.964736133922386,
        29.90182074992763,
        30.010109292767655,
        30.22561466603288,
        29.426216324026303,
        29.972163551250787,
        30.23308189703647,
        30.00777251907786,
        30.000284354057065,
        30.076331560021778,
        30.07859420257555,
        30.0218856653025,
        29.894523795616692,
        29.93898599677855,
        30.11537466274815,
        30.073043421258507,
        30.01494541027037,
        30.18682126646639,
        30.09640030206291,
        30.06364937138247,
        30.00501788282132,
        30.093402125171558,
        30.182190683867937,
        30.04840964788412,
        29.94388154219655,
        29.674706452929474,
        30.456339773036554
    ],
    "samples": [
        {
            "posterior": [
                -9.909240255465203,
                -15.900496444084165,
                -20.48288133182706,
                13.92021436312671,
                19.162941648853213,
                -2.3476480838781235,
                11.541895584419134,
                -0.11260392910590511,
                5.099974109176266,
                -4.2688069671313364,
                -19.406789053990234,
                25.62201793778268,
                14.078490226738651,
                -10.462927396061382,
                -10.029030456215107,
                6.846633892379884,
                0.002670892390487012,
                -3.7147671785493763,
                5.732432299297546,
                13.744135562137686,
                30.176628231367587,
                7.355147700628436,
                5.403038104479716,
                22.632189905159123,
                -13.042198502348988,
                -12.769968979740284,
                -17.885918752816583,
                -7.155340077353198,
                -7.565006310122641,
                -8.670601247316473
            ]
        }
    ]
}