run_id,dimension_corr,sampler,wasserstein_distance,mmd_rff,r_hat,ess,runtime
11,2,HMC,0.028054622925460824,0.015703032132941983,1.001611515338663,2054.656151902552,2.560232639312744
11,5,HMC,0.011089434773922406,0.010525395622387674,1.0022164750294098,1405.287313888968,2.658907890319824
11,10,HMC,0.047260536126983936,0.021301298144489007,1.0067637995219716,621.8644978371677,2.902933359146118
11,15,HMC,0.050145349799631915,0.018312897894583346,1.0076832272866454,448.6952648607611,3.469177007675171
11,20,HMC,0.06264151097450325,0.017119815760722683,1.013562320228175,416.794446023372,3.330296754837036
