run_id,dimension_corr,sampler,wasserstein_distance,mmd_rff,r_hat,ess,runtime
11,2,Metro,0.021917442704900047,0.01846924056636506,1.0163675377048538,188.96262941568457,1.3107595443725586
11,5,Metro,0.10453631316341115,0.04663259325233878,1.1008182216908218,41.148100695458865,1.950521469116211
11,10,Metro,0.05855497752389992,0.05162661612666341,1.356294963201551,9.374051329030786,2.0025641918182373
11,15,Metro,0.08125669418524631,0.05225638773077774,1.4681359960324682,7.630677317971017,2.473068952560425
11,20,Metro,0.2558520121893318,0.052191663629173456,1.5334346212947652,7.592544103195753,2.972440719604492
