run_id,mu,sampler,wasserstein_distance,mmd_rff,swd_zscore,r_hat,ess,runtime
10,"(10, 10, 10)",DEMetro,2.9540891425863625,0.18826444656101896,69.08986761148175,1.022986770047945,326.6066499447043,3.792241096496582
10,"(20, 20, 20)",DEMetro,14.257024304156264,0.4256133556277904,141.59724391758837,1.021586509674369,394.01648752776345,3.6268181800842285
10,"(3, 3, 3)",DEMetro,0.09612526277987486,0.05543827693207035,7.220803252229315,1.0221293745326165,241.87059145694263,3.4933700561523438
10,"(6, 6, 6)",DEMetro,0.45553086200206655,0.07805219037256157,13.293844869350098,1.0233833288595995,225.8138123317746,3.480222702026367
