{
    "run_id": 1,
    "case": "multimodal",
    "dim": 2,
    "means_array": [
        [
            -6.0,
            0.0
        ],
        [
            6.0,
            0.0
        ]
    ],
    "min_mode": [
        -6.0,
        0.0
    ],
    "max_mode": [
        6.0,
        0.0
    ],
    "border": [
        20.0,
        20.0
    ],
    "low": [
        -30.108691538209747,
        -29.89874270226084
    ],
    "high": [
        29.891308461790253,
        30.10125729773916
    ],
    "samples": [
        {
            "posterior": [
                21.647012333194944,
                -28.798049673662234
            ]
        },
        {
            "posterior": [
                -14.160891501483292,
                2.027095968251146
            ]
        },
        {
            "posterior": [
                29.86430654164544,
                5.1907967618659825
            ]
        },
        {
            "posterior": [
                -25.783849989682707,
                18.11408424556212
            ]
        }
    ]
}