num_chains,global_avg_ws,global_avg_ws_std,global_avg_rhat,global_avg_rhat_std,global_avg_ess,global_avg_ess_std,global_avg_time,global_avg_time_std
4,2.1057440269204672,0.4406287282919664,1.4320103893639522,0.3522724919832313,39.78753119555091,41.2054675819322,1.7403370141983032,0.006000193941404918
6,1.3912784979175823,0.0859777903798519,1.6113060640236405,0.10902080097805507,25.68654547061135,10.409411099843878,2.4507322311401367,0.004849247802269424
8,0.7232194751868476,0.40177598051202346,1.661415840510863,0.12304400044630096,37.069770955166376,8.18326112207446,3.145421862602234,0.00935542025766017
