mu,ws_t_stat,ws_p_value,ws_paired_cohens_d
"(0, 0)",-1.738669092818557,0.09270079926445261,-0.3174360940579224
