mu,var_rmse_t_stat,var_rmse_p_value,var_rmse_paired_cohens_d
"(0, 0)",-0.6252070625241173,0.5367242915362533,-0.11414667041866727
