{
    "sampler": "HMC",
    "value": 15,
    "means_array": [
        [
            -7.5,
            0.0
        ],
        [
            7.5,
            0.0
        ]
    ],
    "case": "Warmup Samples",
    "dim": 2,
    "samples": [
        [
            -13.780467677239034,
            6.643431685677482
        ],
        [
            -5.533455647768451,
            -17.686464005929793
        ],
        [
            22.06159425020317,
            2.7092271834466604
        ],
        [
            6.318341334999151,
            -7.350547020090701
        ]
    ]
}