{
    "sampler": "HMC",
    "value": 15,
    "means_array": [
        [
            -7.5,
            0.0
        ],
        [
            7.5,
            0.0
        ]
    ],
    "case": "Posterior Samples",
    "dim": 2,
    "samples": [
        [
            -6.4147709725731294,
            1.0800358354438935
        ],
        [
            -8.134669142709871,
            -2.7570217492859905
        ],
        [
            7.38071076050415,
            0.40288233216303515
        ],
        [
            8.218164344230974,
            -0.6920754669444592
        ]
    ]
}