{
    "sampler": "Metro",
    "value": [
        5,
        5
    ],
    "means_array": [
        [
            0,
            0
        ],
        [
            5,
            5
        ],
        [
            -10,
            -10
        ]
    ],
    "case": "Warmup Samples",
    "dim": 2,
    "samples": [
        [
            3.1155665153926755,
            -6.968555495077901
        ],
        [
            -5.678758215119463,
            -8.35063564909927
        ],
        [
            5.137016978475436,
            -10.681242695893609
        ],
        [
            4.258604172096547,
            -6.274418762850542
        ]
    ]
}