{
    "sampler": "DEMetro_Z",
    "value": 8,
    "means_array": [
        [
            -4.000000002,
            0.0,
            0.0,
            0.0,
            0.0,
            0.0,
            0.0,
            0.0,
            0.0,
            0.0,
            0.0,
            0.0,
            0.0,
            0.0,
            0.0,
            0.0,
            0.0,
            0.0,
            0.0,
            0.0,
            0.0,
            0.0,
            0.0,
            0.0,
            0.0,
            0.0,
            0.0,
            0.0,
            0.0,
            0.0
        ],
        [
            4.000000002,
            0.0,
            0.0,
            0.0,
            0.0,
            0.0,
            0.0,
            0.0,
            0.0,
            0.0,
            0.0,
            0.0,
            0.0,
            0.0,
            0.0,
            0.0,
            0.0,
            0.0,
            0.0,
            0.0,
            0.0,
            0.0,
            0.0,
            0.0,
            0.0,
            0.0,
            0.0,
            0.0,
            0.0,
            0.0
        ]
    ],
    "case": "Posterior Samples",
    "dim": 30,
    "samples": [
        [
            -19.178319355628656,
            -92.1626122621788,
            -0.5708260785105619,
            -160.7387980130848,
            -71.32891964282854,
            52.56369663914206,
            -204.7340828590045,
            18.570718363259886,
            -176.11476778609648,
            -267.79491386337617,
            -52.02138047707368,
            -3.9306914207550996,
            442.8295194968328,
            44.13851108869292,
            124.4916865522726,
            -467.9750229794447,
            -256.34454720988276,
            -5.971122652547775,
            -181.02381635635504,
            -126.76856074217753,
            289.81894630720313,
            -349.8865480879866,
            60.538509870026445,
            -89.91461736388403,
            21.77576271821959,
            9.89220578167447,
            -298.35924747313464,
            -42.59357343397595,
            94.84772975173199,
            -311.5442109102032
        ],
        [
            423.40133508867393,
            -201.2398105878503,
            -331.7393225103598,
            -363.49943377617683,
            -253.51479397500776,
            -232.1233429670503,
            262.67972222766684,
            -96.57704237476504,
            160.52179467173585,
            48.46420928498184,
            -45.68317425243272,
            -114.85668003606939,
            138.30679519291778,
            -150.05379240841057,
            -181.09634531537634,
            -249.47818054359004,
            -183.4971749714089,
            159.79725127140225,
            215.77548670092423,
            226.97008935956197,
            168.75309167254073,
            186.476376842629,
            218.36423683835454,
            -296.7899467949415,
            -169.081481780928,
            40.278364327211136,
            194.91969533869087,
            -75.22997956392021,
            262.4547586785365,
            -71.67973772426973
        ],
        [
            -14.23957547972595,
            -63.99866370001565,
            75.47603459001846,
            67.19430368034031,
            40.256578514830586,
            128.1103769577859,
            -50.2015403150079,
            -98.04036017888859,
            -202.86544455671338,
            88.46158739599595,
            65.87723705302761,
            -22.66399257784688,
            9.93184440033096,
            -51.882057028446766,
            27.822389903250645,
            -9.794523724175527,
            159.31649814168517,
            -77.21876229748692,
            -70.27215964572422,
            3.01462353995052,
            -8.829895772465738,
            55.270963401880806,
            -22.795186867748168,
            -28.100750963466957,
            120.98069307010078,
            -182.6748818610531,
            105.8024825234349,
            148.31558201326487,
            100.03059340814285,
            110.66968706995752
        ],
        [
            -306.8100083432756,
            224.01597329716282,
            -522.2982702912991,
            -137.47520995741746,
            -25.150475640912187,
            259.08160447108656,
            -75.00395683232088,
            156.9546506403782,
            -270.4197142280734,
            183.80031017554194,
            -52.480192848006254,
            -95.50649739997752,
            -173.66611041727603,
            -401.12918508941544,
            177.73158192241053,
            -46.36631384427265,
            129.6327018976722,
            -4.416852088875622,
            215.1823280368383,
            45.70654087829245,
            -12.582726084625206,
            211.5344986327628,
            198.40078387524542,
            -153.39477573757995,
            128.37265703631806,
            91.03294059019308,
            323.81702858610254,
            -56.26850262768685,
            -77.71408168532105,
            119.18203032018253
        ]
    ]
}