{
    "sampler": "DEMetro_Z",
    "value": 2.5,
    "means_array": [
        [
            0.0,
            0.0
        ],
        [
            16,
            0
        ]
    ],
    "case": "Posterior Samples",
    "dim": 2,
    "samples": [
        [
            16.097283552416005,
            0.15044645481664973
        ],
        [
            16.46144373245679,
            -0.828301754853182
        ],
        [
            17.114991853955118,
            0.29998638568897185
        ],
        [
            16.572503604897975,
            -2.429040100832498
        ]
    ]
}