mm,mmd_rff_t_stat,mmd_rff_p_value,mmd_rff_paired_cohens_d
5,1.80735984767092,0.09810299461156127,0.5217398472876634
8,0.9426055294526725,0.366124520760885,0.2721067780845651
10,0.8501111031815499,0.4133843142800405,0.2454059371314788
12,-1.0860337720785294,0.30069051267769464,-0.3135109453292818
15,0.5674484950597921,0.5818053400719901,0.1638082706870095
18,-0.1513397753080138,0.882447498357089,-0.04368803000658962
