mm,mean_rmse_t_stat,mean_rmse_p_value,mean_rmse_paired_cohens_d
5,1.8503395080976586,0.09128560072519602,0.5341470065461915
8,0.9893235550961695,0.3437676716491085,0.2855931104252055
10,0.7763839330102198,0.45389300595404414,0.2241227363589754
12,0.5315058378587247,0.6056350846972474,0.15343251928179616
15,1.0324725737538814,0.32401732496254343,0.2980491591938546
18,-1.2053050353232775,0.2533744455796474,-0.3479415932997528
