{
    "sampler": "DEMetro_Z",
    "value": 100,
    "means_array": [
        [
            0.0,
            0.0,
            0.0,
            0.0,
            0.0,
            0.0,
            0.0,
            0.0,
            0.0,
            0.0,
            0.0,
            0.0,
            0.0,
            0.0,
            0.0,
            0.0,
            0.0,
            0.0,
            0.0,
            0.0,
            0.0,
            0.0,
            0.0,
            0.0,
            0.0,
            0.0,
            0.0,
            0.0,
            0.0,
            0.0,
            0.0,
            0.0,
            0.0,
            0.0,
            0.0,
            0.0,
            0.0,
            0.0,
            0.0,
            0.0,
            0.0,
            0.0,
            0.0,
            0.0,
            0.0,
            0.0,
            0.0,
            0.0,
            0.0,
            0.0,
            0.0,
            0.0,
            0.0,
            0.0,
            0.0,
            0.0,
            0.0,
            0.0,
            0.0,
            0.0,
            0.0,
            0.0,
            0.0,
            0.0,
            0.0,
            0.0,
            0.0,
            0.0,
            0.0,
            0.0,
            0.0,
            0.0,
            0.0,
            0.0,
            0.0,
            0.0,
            0.0,
            0.0,
            0.0,
            0.0,
            0.0,
            0.0,
            0.0,
            0.0,
            0.0,
            0.0,
            0.0,
            0.0,
            0.0,
            0.0,
            0.0,
            0.0,
            0.0,
            0.0,
            0.0,
            0.0,
            0.0,
            0.0,
            0.0,
            0.0
        ]
    ],
    "case": "Posterior Samples",
    "dim": 100,
    "samples": [
        [
            -0.298747454008517,
            -36.01600187373129,
            -11.817736156711632,
            -5.488811898426506,
            -9.388454716355808,
            -5.04238829976514,
            -5.324188387615051,
            -0.5718308810671963,
            -22.201022167336873,
            -12.00736690833759,
            -8.624297454817112,
            9.867807815651664,
            15.931282648598573,
            -20.94239016543928,
            14.294937170805884,
            -23.015917196700247,
            0.5187193276029162,
            10.584222601572105,
            18.304102381269615,
            7.826400700272254,
            1.0446188882602223,
            -23.952396218967817,
            6.992299014205673,
            -19.35009843243428,
            -1.8318296861550047,
            0.3684789986429868,
            -11.04573740830924,
            -4.28555662218648,
            4.9961304443075925,
            -42.16718351341327,
            -20.161901083131337,
            -10.89892705548609,
            -1.4119170760231874,
            1.2823291145299316,
            -17.009064694378665,
            -1.21561879750803,
            -13.985371260637834,
            26.068064744047213,
            18.077744617779377,
            -13.064518707162252,
            -1.002978655821664,
            -7.749986486223657,
            -15.405001468706514,
            8.451818199375854,
            -2.624724105340275,
            19.277890746410844,
            -9.316710168046688,
            7.715170839547618,
            -14.535341036359254,
            -2.855207805750903,
            -4.215599664696989,
            -11.091757974451166,
            3.3671908320275903,
            14.769515896866062,
            25.43284689771098,
            14.812506150562827,
            -1.425512082087189,
            16.253186934361292,
            0.6286692280736782,
            5.9770568685535,
            14.852138196672335,
            13.024058659190883,
            -9.313579092400214,
            2.489784762979352,
            -17.157250612332835,
            -9.025711907124533,
            6.642150507625624,
            -15.448648243706636,
            11.380338549074045,
            -13.527643561553573,
            2.3351553335078146,
            -9.74113484205388,
            13.334301580038003,
            1.5762690362930414,
            -12.644220028381108,
            20.935520960456067,
            19.189736786030313,
            0.7367167233475197,
            7.482484727523125,
            -33.90741249372297,
            2.2966356546126065,
            -6.642609212681446,
            -19.067777711767523,
            -18.33172099571948,
            1.3892261649213398,
            6.19465870868114,
            2.9182197981463958,
            -5.193070118607854,
            -10.954491680695954,
            -21.956191889608526,
            -22.916149036593325,
            8.637733905395347,
            2.563027969092258,
            9.204527027691931,
            -10.88036189062238,
            -24.807930812028193,
            5.161874573063498,
            17.51821291037326,
            -7.7327183019645025,
            -14.420256408936357
        ],
        [
            -22.38033233156948,
            -22.22413318205456,
            29.269310098905688,
            -5.520968352144474,
            2.283612651494403,
            19.112807934075434,
            -18.05049990617617,
            -0.07711572333172925,
            26.993184298073906,
            24.25936970334768,
            20.530194798108475,
            -5.791512842190163,
            21.383956394838002,
            22.42768421599561,
            -8.570935305316139,
            16.219829048576482,
            -15.015618703684565,
            5.031607401507841,
            -12.86631390616207,
            16.43734702542878,
            -12.979522080773355,
            9.694386880333509,
            -9.214318224951956,
            -14.894885755865598,
            9.144572175834165,
            9.036959181483333,
            -5.550514749690092,
            10.457551658695458,
            -22.242775209758193,
            5.816510922325923,
            19.867393816474117,
            -21.740027692723597,
            32.01278023776672,
            -14.804324660350641,
            15.954981917042705,
            -26.062124235745564,
            11.143169499461537,
            7.859688072190438,
            24.204524541507315,
            -34.02163737826229,
            -19.158754999555768,
            15.707933433370174,
            -10.891428355005647,
            22.071857449877143,
            4.230591748619166,
            8.571203496548625,
            -13.385632438757213,
            12.986487294170871,
            21.66777911355207,
            -12.844709525406309,
            -7.6358547151494465,
            -30.494925256325338,
            -19.038231231914473,
            -23.483149364576448,
            0.742628047747551,
            7.407233520285056,
            7.143678015602974,
            0.13828284848758188,
            20.825393616824552,
            11.506369196062813,
            13.663525894716225,
            14.41606400278625,
            10.883614411710077,
            -13.910543948785673,
            -17.948651318668894,
            -17.638340632371193,
            -19.52347694688257,
            -10.791462583758943,
            0.3835743614781868,
            -15.122769047362489,
            26.224553638414637,
            3.870786401489692,
            -27.83235759427604,
            -20.240284044351533,
            -20.383937981152663,
            -9.750347644827237,
            -17.320701085800657,
            25.418433450683967,
            -12.744582194215132,
            -20.454934595243735,
            -14.46250397507517,
            -5.3904190802291225,
            -25.08604005214829,
            14.603140580544563,
            -0.9800462953842911,
            0.6464334170580913,
            -21.399771227893655,
            18.763115997345995,
            -8.780846020198513,
            10.499853265335046,
