mm,ws_t_stat,ws_p_value,ws_paired_cohens_d
5,0.36418637828583167,0.7506176197697835,0.21026310353851982
20,0.44936553828052744,0.6971705766013724,0.2594413144908036
