mm,mmd_rff_t_stat,mmd_rff_p_value,mmd_rff_paired_cohens_d
5,-1.5917335881367374,0.2524366124507307,-0.9189878155889143
20,0.3145865268797461,0.782861140155078,0.18162661597745086
