mm,ws_t_stat,ws_p_value,ws_paired_cohens_d
5,-1.994636039302319,0.18423532344919125,-1.1516036542265229
20,0.3731402507607553,0.7448808914585849,0.21543262422220655
