mm,var_rmse_t_stat,var_rmse_p_value,var_rmse_paired_cohens_d
5,-1.341434529734172,0.3118084926234326,-0.7744775868422834
20,-0.5618978507754858,0.630755967272279,-0.32441187540229893
