mm,var_rmse_t_stat,var_rmse_p_value,var_rmse_paired_cohens_d
5,-0.4672731936556278,0.6862697486934702,-0.26978030414217286
20,2.0251292269171217,0.1801263143034204,1.169208904304379
