mm,mean_rmse_t_stat,mean_rmse_p_value,mean_rmse_paired_cohens_d
5,0.4716493658571758,0.6836244231436832,0.2723068883407568
20,0.461086137855967,0.6900222155455944,0.2662082058107475
