{
    "run_id": 1,
    "case": "multimodal",
    "dim": 5,
    "means_array": [
        [
            0.0,
            0.0,
            0.0,
            0.0,
            0.0
        ],
        [
            4.0,
            0.0,
            0.0,
            0.0,
            0.0
        ]
    ],
    "min_mode": [
        0.0,
        0.0,
        0.0,
        0.0,
        0.0
    ],
    "max_mode": [
        4.0,
        0.0,
        0.0,
        0.0,
        0.0
    ],
    "border": [
        2.5,
        2.5,
        2.5,
        2.5,
        2.5
    ],
    "low": [
        -10.551789629394303,
        -12.178208787404275,
        -12.844049760311375,
        -12.148602602102708,
        -12.842447440166382
    ],
    "high": [
        14.448210370605697,
        12.821791212595725,
        12.155950239688625,
        12.851397397897292,
        12.157552559833618
    ],
    "samples": [
        {
            "posterior": [
                13.6559581886556,
                -5.236758895988231,
                -2.226437386040823,
                0.8288130731032339,
                -1.236952924700196
            ]
        },
        {
            "posterior": [
                12.81422420722582,
                12.644054561002305,
                -3.158862316193007,
                -6.520283889613203,
                -11.538656562297072
            ]
        },
        {
            "posterior": [
                -9.199535079744889,
                2.5472760603883824,
                -0.5233605555176641,
                11.567460325877624,
                4.02610232661927
            ]
        },
        {
            "posterior": [
                -1.2237072034511929,
                4.756348508515293,
                -12.204798939466336,
                8.036327266847168,
                -10.301660136224928
            ]
        }
    ]
}