mode_means,global_avg_ws,global_avg_ws_std,global_avg_rhat,global_avg_rhat_std,global_avg_ess,global_avg_ess_std
8,0.9821974972972827,0.28222986138558537,1.2103215899819615,0.2353452454773513,63.87819260837009,43.72253968327403
10,1.243651460966918,0.1237511842807717,1.1398656036900137,0.14324573327278,55.857115125286214,40.24230193680146
15,2.2686591272211625,0.5153860851040388,2.4098803277489282,1.4703680485901525,35.39878173735209,64.02333928008454
20,3.2926807926164323,0.6716526027370919,3.604056812624657,1.565706115303164,19.076598180557063,32.621847774935055
