{
    "sampler": "HMC",
    "value": 0.9,
    "means_array": [
        [
            0.0,
            0.0
        ]
    ],
    "case": "Posterior Samples",
    "dim": 2,
    "samples": [
        [
            -0.295969138919981,
            -1.3440339147797076
        ],
        [
            -0.9707441158596747,
            -0.3574100270637718
        ],
        [
            -0.22106996191461317,
            -0.09256762686299999
        ],
        [
            1.023647956468922,
            1.5616019509528125
        ]
    ]
}