{
    "sampler": "DEMetro_Z",
    "value": [
        0,
        0
    ],
    "means_array": [
        [
            0,
            0
        ]
    ],
    "case": "Warmup Samples",
    "dim": 2,
    "samples": [
        [
            -3.394397420273251,
            18.857570707211334
        ],
        [
            6.592460694159429,
            -2.603538649697759
        ],
        [
            -6.3094296228649185,
            -27.33814943803586
        ],
        [
            -9.217666603958621,
            -16.47592569890902
        ]
    ]
}