{
    "sampler": "HMC",
    "value": 10,
    "means_array": [
        [
            10.0,
            0.0
        ],
        [
            8.090169943749475,
            5.877852522924732
        ],
        [
            3.0901699437494745,
            9.510565162951535
        ],
        [
            -3.0901699437494736,
            9.510565162951536
        ],
        [
            -8.090169943749473,
            5.877852522924733
        ],
        [
            -10.0,
            1.2246467991473533e-15
        ],
        [
            -8.090169943749476,
            -5.87785252292473
        ],
        [
            -3.0901699437494754,
            -9.510565162951535
        ],
        [
            3.0901699437494723,
            -9.510565162951536
        ],
        [
            8.090169943749473,
            -5.877852522924734
        ]
    ],
    "case": "Posterior Samples",
    "dim": 2,
    "samples": [
        [
            -7.948603788997654,
            -4.885577773545851
        ],
        [
            -4.301083437376318,
            -8.158577818613292
        ],
        [
            -7.870338443984465,
            -5.217658061629178
        ],
        [
            -6.956463161457228,
            -5.379296956829545
        ]
    ]
}