{
    "sampler": "Metro",
    "value": 0,
    "means_array": [
        0
    ],
    "case": "Warmup Samples",
    "dim": 1,
    "samples": [
        -40.67354228874931,
        20.73234399538191,
        -52.16922732191121,
        20.176011298097336
    ]
}