{
    "sampler": "Metro",
    "value": [
        10.0,
        0.0
    ],
    "means_array": [
        [
            10.0,
            0.0
        ],
        [
            8.09,
            5.88
        ],
        [
            3.09,
            9.51
        ],
        [
            -3.09,
            9.51
        ],
        [
            -8.09,
            5.88
        ],
        [
            -10.0,
            0.0
        ],
        [
            -8.09,
            -5.88
        ],
        [
            -3.09,
            -9.51
        ],
        [
            3.09,
            -9.51
        ],
        [
            8.09,
            -5.88
        ]
    ],
    "case": "Warmup Samples",
    "dim": 2,
    "samples": [
        [
            -5.455146650250642,
            -4.281339080502283
        ],
        [
            -13.399784879401743,
            -2.494041683829471
        ],
        [
            3.6363792213258193,
            -14.033705006310829
        ],
        [
            8.627520814391064,
            -0.24579229805166783
        ]
    ]
}