{
    "sampler": "Metro",
    "value": [
        0,
        0
    ],
    "means_array": [
        [
            0,
            0
        ]
    ],
    "case": "Posterior Samples",
    "dim": 2,
    "samples": [
        [
            0.2084209060220512,
            0.7162731641197487
        ],
        [
            1.2845069894218641,
            0.26200530133371125
        ],
        [
            0.6776805230794652,
            1.8463850999592768
        ],
        [
            0.9746961262735253,
            2.089833108718901
        ]
    ]
}