{
    "sampler": "HMC",
    "value": 30,
    "means_array": [
        [
            0.0,
            0.0,
            0.0,
            0.0,
            0.0,
            0.0,
            0.0,
            0.0,
            0.0,
            0.0,
            0.0,
            0.0,
            0.0,
            0.0,
            0.0,
            0.0,
            0.0,
            0.0,
            0.0,
            0.0,
            0.0,
            0.0,
            0.0,
            0.0,
            0.0,
            0.0,
            0.0,
            0.0,
            0.0,
            0.0
        ]
    ],
    "case": "Warmup Samples",
    "dim": 30,
    "samples": [
        [
            29.588459770773607,
            -24.84645575161372,
            3.5266849745254696,
            17.54401179482788,
            -6.626103401074525,
            22.019254699239855,
            -7.637923687648346,
            22.02719770724805,
            -25.29003209524843,
            2.90838374006802,
            1.1051105343786005,
            -2.8615852447971917,
            20.553100218579246,
            -20.29831002973385,
            2.9841424827711935,
            -11.417223919940534,
            4.620666372613962,
            -6.523207594970157,
            11.022755116732277,
            -1.0744089735930824,
            4.511741306915571,
            -1.9473505142463552,
            -9.960414460674514,
            6.367733091889926,
            11.778664922110787,
            11.993805560209816,
            -16.259193133201077,
            0.9546651712330559,
            15.21448121976832,
            -2.561676080571609
        ],
        [
            13.662972513018172,
            19.694946468071574,
            21.07062574522409,
            26.82120414171261,
            -18.617267601050518,
            18.413901959343598,
            -4.1913581910836495,
            -17.79265051238748,
            29.354354234390293,
            28.892643020631215,
            11.075382541354404,
            -14.309494998297668,
            28.889343236452067,
            -1.0446406897335614,
            22.018510702806893,
            -19.367018853893224,
            -12.015937503777172,
            -26.463342158147434,
            19.15424494703054,
            -24.724274551186976,
            -4.543554611815439,
            16.873553086040577,
            -25.702374856731687,
            -21.81100858949916,
            -15.600857204662686,
            -7.675096613394449,
            -27.188490764710096,
            18.769789400747445,
            4.76116231924891,
            -11.02296297821682
        ],
        [
            15.704231823167635,
            -12.420356408609774,
            27.28965248616689,
            -25.845813845927655,
            8.381178478965559,
            21.073775394260394,
            26.036007267485534,
            5.440757864918608,
            26.058661487456025,
            -1.9571889430190395,
            -22.385277377770805,
            -19.762989544627068,
            6.403398468956039,
            7.677999868281308,
            16.07584389386505,
            24.894974962448245,
            6.247400076214605,
            4.3741246325493535,
            -21.38831220259356,
            18.899431099232412,
            2.0381394540995386,
            -2.2707943085149083,
            -10.22555265229781,
            -1.5461205320960878,
            10.039244416097914,
            -20.549380887734312,
            21.570408341416968,
            23.115499582736874,
            18.80410888745502,
            16.94646222481644
        ],
        [
            -25.53979257539197,
            24.28991677920443,
            3.6175557990719676,
            15.75550153593808,
            -1.5789720285485815,
            8.672992836810247,
            5.345329448818464,
            -8.841372758011897,
            1.0303598257121496,
            13.52577332122151,
            -19.638748158085825,
            -26.038402038805177,
            6.3475455197412485,
            -21.975707258041638,
            12.209412236275275,
            27.406247921116922,
            -13.2583606828641,
            9.156099794813402,
            -18.606533223587725,
            17.01522802686172,
            -16.034943578573948,
            23.33370720862218,
            12.320457076808873,
            -22.827669193651978,
            -19.642644035455348,
            -19.22805249569466,
            5.608526486718361,
            28.415749239996245,
            11.280351056828824,
            -3.661997203055485
        ]
    ]
}