{
    "sampler": "Metro",
    "value": [
        4.618802,
        0.0
    ],
    "means_array": [
        [
            4.618802,
            0.0
        ],
        [
            -2.309401,
            4.0
        ],
        [
            -2.309401,
            -4.0
        ]
    ],
    "case": "Warmup Samples",
    "dim": 2,
    "samples": [
        [
            6.820221454034437,
            11.793843969765302
        ],
        [
            11.692100635171988,
            -9.83580563434767
        ],
        [
            -1.3368568283018143,
            -2.2658397980818545
        ],
        [
            12.949300551780725,
            3.9686509323603616
        ]
    ]
}