{
    "run_id": 1,
    "case": "multimodal",
    "dim": 2,
    "means_array": [
        [
            -5.0,
            0.0
        ],
        [
            5.0,
            0.0
        ]
    ],
    "min_mode": [
        -5.0,
        0.0
    ],
    "max_mode": [
        5.0,
        0.0
    ],
    "border": [
        20.0,
        20.0
    ],
    "low": [
        -29.973743629681184,
        -30.266976834235702
    ],
    "high": [
        30.026256370318816,
        29.733023165764298
    ],
    "samples": [
        {
            "posterior": [
                7.231926003433326,
                23.966167452041542
            ]
        }
    ]
}