{
    "sampler": "Metro",
    "value": 3,
    "means_array": [
        [
            0.0,
            0.0,
            0.0,
            0.0,
            0.0,
            0.0,
            0.0,
            0.0,
            0.0,
            0.0,
            0.0,
            0.0,
            0.0,
            0.0,
            0.0,
            0.0,
            0.0,
            0.0,
            0.0,
            0.0,
            0.0,
            0.0,
            0.0,
            0.0,
            0.0,
            0.0,
            0.0,
            0.0,
            0.0,
            0.0
        ]
    ],
    "case": "Posterior Samples",
    "dim": 30,
    "samples": [
        [
            -18.758094915598416,
            1.1600360541174541,
            3.2457274770218127,
            -1.302921804704896,
            -5.2878680577718615,
            6.980932756121179,
            -12.267166535447977,
            -3.5586909213665865,
            -1.0705620406020575,
            -3.855309742979859,
            -2.8397697624693645,
            -3.020688646812898,
            -3.1387500344551036,
            -15.778617153161392,
            -9.496034910808767,
            12.358114507010661,
            -11.114094228494071,
            4.371341260526307,
            -12.51950094267629,
            8.75611218593134,
            -11.117815659871022,
            -5.276375180932503,
            -1.5410696371926305,
            8.93361708924288,
            -6.207288910159128,
            0.4218942882123127,
            21.24126362338744,
            0.8784930020643231,
            -2.2449064221869888,
            -39.031752605077145
        ],
        [
            -3.481004378501296,
            -0.21877023203430035,
            -2.951224927767239,
            -2.1658773427624185,
            2.852213756469461,
            2.0790079905540826,
            1.1120651631220775,
            2.5515317988187944,
            -4.441113640488076,
            -0.42226892358033363,
            -2.351190599091286,
            -0.9510258528530899,
            3.394820780134243,
            -2.008504993614359,
            -5.33539284417557,
            -1.0511680470794194,
            0.8805233425696237,
            -5.159820810980952,
            -3.643125620619907,
            3.8942511483904805,
            5.49671076005428,
            0.13523479077266432,
            2.754412178192093,
            1.4602273943580992,
            -2.1229309143227795,
            -2.602601900418664,
            1.7605621409522199,
            -2.27612251912382,
            -1.3253309267848357,
            1.750206551622123
        ],
        [
            -0.7424326646139723,
            -0.10577544156039465,
            0.40832036846276565,
            -0.9512845746401752,
            0.44717659617572814,
            0.5730597078627447,
            0.5781863281773746,
            0.2744099508996011,
            1.0705080745723694,
            -0.6709767532388557,
            -0.751032106761537,
            0.5103970991709023,
            0.32142439632338293,
            0.02790614034122263,
            0.24610317715642294,
            0.962602225895041,
            -0.4346402586160804,
            -1.0307007778995856,
            0.09688884007117304,
            -1.0294779944915142,
            -0.6647390982585408,
            0.4970563191625822,
            -0.34669993146612715,
            0.6040230656717936,
            -0.70696304450237,
            -0.11999112572398385,
            0.5435025880727841,
            -0.42119326217198666,
            -0.558609993021282,
            -0.08127876317094168
        ],
        [
            0.9320677247308532,
            -1.0000574942599774,
            1.1974331285522464,
            0.9569977127453874,
            -0.9426627280014759,
            -0.32691321679703844,
            0.9830620899667464,
            0.29031586122888386,
            0.18986867840389654,
            -1.6528579604353348,
            1.2361754690854991,
            0.7045571719778522,
            0.07520303019786279,
            -2.492746261881363,
            -0.1570447184319239,
            1.4075506194275214,
            -0.9293514734219808,
            -1.1200798805963712,
            1.224172750798187,
            -0.8612272136605583,
            0.0950665283120764,
            0.1678939869679481,
            0.6749262279427941,
            -1.4058196838115453,
            -0.29902845494729857,
            -0.11461670411439484,
            0.5569549877727701,
            0.6336228420437382,
            0.6213963767294617,
            -1.6651726194397387
        ]
    ]
}