{
    "sampler": "HMC",
    "value": 10,
    "means_array": [
        [
            10,
            10,
            10,
            10,
            10,
            20,
            20,
            20,
            20,
            20
        ]
    ],
    "case": "Posterior Samples",
    "dim": 10,
    "samples": [
        [
            21.12063655097452,
            20.781264780913595,
            22.013867104320465,
            23.668299229392943,
            23.62993739054507,
            29.33742501525844,
            31.713016535575683,
            32.88273712823062,
            29.185179080154743,
            32.17971921046827
        ],
        [
            11.076935567677214,
            11.822702281312512,
            12.050903580186592,
            5.738853660553737,
            9.965812344218694,
            18.956489254410187,
            18.56351515277313,
            21.64920631554235,
            21.573683638180274,
            18.98884019101968
        ],
        [
            8.813633043163685,
            8.278457544436938,
            9.000343569696353,
            8.721420479650817,
            8.61526330529918,
            19.80617874817894,
            18.164163615886764,
            18.757526169947027,
            19.289182356774667,
            19.11402359149893
        ],
        [
            7.618045983629189,
            7.864434317272993,
            8.20836411416584,
            6.5705808104522925,
            6.578122631742732,
            16.83168806130572,
            18.579696318173564,
            17.358748865030396,
            18.446941307159367,
            17.966254796588164
        ]
    ]
}