{
    "sampler": "HMC",
    "value": 1,
    "means_array": [
        0,
        10
    ],
    "case": "Posterior Samples",
    "dim": 1,
    "samples": [
        -0.2438776233500402,
        1.7518347415244426,
        1.4001366305652254,
        2.3527352017156042
    ]
}