run_id,alpha,sampler,wasserstein_distance,mmd_rff,r_hat,ess,runtime
26,0,SMC,0.07001708625352593,0.03590173511860976,1.0231614787231216,232.0351424078884,0.7473366260528564
26,2,SMC,0.054118937629610925,0.019436798055936975,1.0304737788320868,254.5558455438712,0.7614989280700684
26,4,SMC,0.04957645228989163,0.01780375072289488,1.0317645329884733,191.20275177268314,0.7795064449310303
26,6,SMC,0.05522255643648744,0.025240236426341184,1.0546706388248068,154.36684930328198,0.7757883071899414
26,8,SMC,0.043913508735151305,0.021756082568728567,1.0480783783205803,149.27082702484657,0.7739617824554443
26,10,SMC,0.049070141917998925,0.0231708369032733,1.0455659183125476,136.64867417908823,0.8380405902862549
26,80,SMC,0.052940661732926754,0.030769980287859777,1.0505944679231667,70.58722947395758,0.7782652378082275
26,100,SMC,0.05339206051346192,0.026309592014771434,1.0603922170609223,77.78528424502436,0.8127431869506836
