{
    "sampler": "HMC",
    "value": 15,
    "means_array": [
        [
            -7.5,
            0.0,
            0.0,
            0.0,
            0.0,
            0.0,
            0.0,
            0.0,
            0.0,
            0.0,
            0.0,
            0.0,
            0.0,
            0.0,
            0.0,
            0.0,
            0.0,
            0.0,
            0.0,
            0.0,
            0.0,
            0.0,
            0.0,
            0.0,
            0.0,
            0.0,
            0.0,
            0.0,
            0.0,
            0.0
        ],
        [
            7.5,
            0.0,
            0.0,
            0.0,
            0.0,
            0.0,
            0.0,
            0.0,
            0.0,
            0.0,
            0.0,
            0.0,
            0.0,
            0.0,
            0.0,
            0.0,
            0.0,
            0.0,
            0.0,
            0.0,
            0.0,
            0.0,
            0.0,
            0.0,
            0.0,
            0.0,
            0.0,
            0.0,
            0.0,
            0.0
        ]
    ],
    "case": "Posterior Samples",
    "dim": 30,
    "samples": [
        [
            7.990211820314768,
            -0.17518646459462603,
            -0.6501804299022144,
            0.48959613240733607,
            0.3941963154195881,
            2.5185956883672795,
            0.9868029992597337,
            -1.6911977977457233,
            0.3829230253527213,
            0.44041556595956666,
            -0.7869156988330653,
            -0.46391215043195017,
            0.6756979519192673,
            -2.05343837769681,
            0.25711290319806074,
            -1.1364315084113128,
            0.5380500283900141,
            -0.507691701232294,
            -1.0304055421115934,
            0.28480644980086167,
            1.4271332127556784,
            0.7054707234417116,
            0.07706839049477986,
            0.5141415295965213,
            -0.25768015973122543,
            0.4977659553877204,
            0.94355389851973,
            0.9966405780532228,
            -0.9074513276759284,
            -0.7292289643335823
        ],
        [
            -7.982476823093162,
            -0.5236788732577073,
            -0.699257787620249,
            -0.045160386671136955,
            -0.20272829228675468,
            -0.0290786628513407,
            -0.8108501684391604,
            0.8283975318992453,
            0.6187492159358119,
            0.2748789767391409,
            -0.5556774645260405,
            0.5373022546376207,
            0.30813768166175126,
            0.13890920004510746,
            -1.6504297539810429,
            -1.173722772706812,
            -0.41288172691784525,
            -0.834865661525912,
            -1.2392036355123446,
            -1.8310216530405035,
            -0.5471711574458876,
            0.32367185253513936,
            -1.612657815859786,
            -1.5376677735614983,
            -1.025980738495403,
            -0.6978453543390294,
            -0.38970466766483053,
            0.5850698690215325,
            -0.05354993252436034,
            -0.07482228419534573
        ],
        [
            8.393307463655267,
            -2.1966425303138117,
            0.7859955528758442,
            -0.22846109907648865,
            0.6733370446529994,
            -0.5164018244708238,
            1.1589388038068518,
            -0.8596133373265187,
            -0.15271410076410644,
            1.316753158374764,
            -0.10321909219062056,
            -0.0329292762295439,
            -0.1018612311729206,
            -0.10721704920991591,
            0.430374942130071,
            1.5599955882422545,
            -0.21744195736547955,
            -1.2045404376143545,
            -1.469059320591542,
            0.486039750065069,
            -0.299844890087362,
            -0.7661344198588843,
            0.10079484033845287,
            0.05057356001054316,
            0.41839945656749683,
            0.42018740739706517,
            0.5679549614390013,
            -0.9994992500887228,
            0.4116469652194307,
            0.8410401159736208
        ],
        [
            5.540901678815888,
            -0.36845815002979293,
            1.8193587707176693,
            -0.346508184782254,
            1.0566582087043033,
            -0.3484150388807412,
            -0.4366453914265205,
            -1.064075444921103,
            -2.859133083455618,
            0.31112807175718316,
            -1.0154864521326663,
            -1.4030270393466489,
            -1.4776684112500624,
            -1.6395051194507688,
            -0.10963496571715783,
            2.1724873539237164,
            2.17396439614729,
            0.5806450747121933,
            1.1066075994104083,
            -2.162224868671406,
            -0.8081887801534187,
            1.4233937576296185,
            0.4030779200491417,
            -1.9868700186606454,
            0.8101082689392243,
            0.8441288678609488,
            -0.3116145730811897,
            0.2760373476055843,
            0.7992132351176255,
            -1.7356706597267941
        ]
    ]
}