{
    "sampler": "Metro",
    "value": 50,
    "means_array": [
        [
            0.0,
            0.0,
            0.0,
            0.0,
            0.0,
            0.0,
            0.0,
            0.0,
            0.0,
            0.0,
            0.0,
            0.0,
            0.0,
            0.0,
            0.0,
            0.0,
            0.0,
            0.0,
            0.0,
            0.0,
            0.0,
            0.0,
            0.0,
            0.0,
            0.0,
            0.0,
            0.0,
            0.0,
            0.0,
            0.0,
            0.0,
            0.0,
            0.0,
            0.0,
            0.0,
            0.0,
            0.0,
            0.0,
            0.0,
            0.0,
            0.0,
            0.0,
            0.0,
            0.0,
            0.0,
            0.0,
            0.0,
            0.0,
            0.0,
            0.0
        ],
        [
            1.0628725571523252,
            0.07355109183254656,
            0.8956302320649748,
            0.43424221848326566,
            -2.1404917488862116,
            1.8782291888307563,
            0.3094494342554124,
            1.3000105899884198,
            -1.6836607460693118,
            -3.0929450589931045,
            -1.3463788566743264,
            -0.25645141496801804,
            3.759218529496265,
            -0.3194431439643799,
            3.407484121461654,
            -0.6738861697447635,
            3.4330677301330788,
            1.1221606582699548,
            -2.5851607139166832,
            -0.1258076249070867,
            -0.7690414510077095,
            0.43465188173066577,
            1.963435785522518,
            -0.7947687139834179,
            0.9201619042107821,
            -0.931745176423824,
            0.19342068609117039,
            0.16418509994473182,
            2.7011961919613965,
            -0.11086454853064294,
            -0.46661298876625235,
            -0.31720966846593035,
            0.5736391541561822,
            -0.3508938417286671,
            -1.8109259131736732,
            -3.637403908545442,
            -0.2726131704824048,
            1.418912320809975,
            -1.6965054110439726,
            0.5861709366139407,
            -1.3342678019944438,
            -0.1730881201971945,
            -2.5502867273944485,
            -1.3441220179733768,
            -1.2360059831592014,
            0.8421852531305725,
            -1.0829514661867568,
            -3.224329241808479,
            4.289335295107088,
            -4.16965940408611
        ]
    ],
    "case": "Posterior Samples",
    "dim": 50,
    "samples": [
        [
            -0.3318004207825611,
            1.2040625281450688,
            -0.39028547731379964,
            0.6321597483628447,
            1.2861498637683026,
            -0.49063119390306964,
            0.28851171994892355,
            -0.1057835354730784,
            1.136431670421334,
            1.7441559986569133,
            0.9807240664248527,
            -0.4793139429546056,
            -0.15452623641248997,
            -0.23396078670470044,
            1.2221881037160218,
            -1.0026328223430063,
            0.11016145215389406,
            -0.3928764978152578,
            0.6861594117898212,
            0.9331732404773285,
            0.04253896975684546,
            0.8701976575239708,
            -0.8424364626547585,
            1.7454766033216,
            -0.4147189453176363,
            -0.2309976122275525,
            -1.1084753179814681,
            1.600132191974653,
            -0.9945717530639427,
            -0.9039876150112683,
            1.7398595659698906,
            -0.23938647538901267,
            0.23916163724336154,
            -0.36244698446621454,
            1.4613192046945236,
            1.1453406878559433,
            -1.2014014515219131,
            0.5330961042228961,
            -1.6403555653259319,
            0.6041609225466914,
            -0.1351131585895986,
            0.471153239724158,
            -0.3168341855779499,
            -1.0243952288485043,
            1.4690647290801133,
            0.3866850637147472,
            -1.7186885467023936,
            1.1312902684904227,
            0.055880184878987216,
            -0.22358039397633134
        ],
        [
            0.9297187369075789,
            -1.0552668479979588,
            0.38422005698637013,
            -1.5134521005736485,
            -1.8461043143598563,
            1.5934078398478047,
            2.789527244219544,
            1.8849678930167917,
            -0.6633284492030482,
            -4.807141140575338,
            -1.3052001288707373,
            -1.5138955011181547,
            4.101819985074238,
            -1.622805677367538,
            4.915590189097898,
            -1.1506340757567945,
            4.065229014358455,
            0.285088219928515,
            -2.9570773856178567,
            0.48985771798703054,
            -0.6715335184667768,
            -0.28635934086871273,
            1.803578028008824,
            0.18246406021982464,
            2.3090777694708393,
            -1.2293030293021967,
            0.040333187882085064,
            0.5232986466316241,
            3.5207567869525205,
            1.266939858722166,
            -1.5065075109073254,
            -1.2185949810719792,
            0.3890823793466647,
            -0.8516416986283017,
            -2.432983790064221,
            -3.9272207584655816,
            -0.8808916148730894,
            1.63541642376883,
            -0.7794736554466574,
            0.04981448141532291,
            -1.7170260344331945,
            -0.09769504505648707,
            -2.34535258464164,
            -2.1152267698302496,
            -1.7948394457503754,
            2.0322868037620134,
            -1.339362763496051,
            -3.340309098998712,
            3.47015749269063,
            -2.4528474649288747
        ],
        [
            0.6550522582320251,
            1.5789147899318312,
            1.0572457623688187,
            -0.5888808415927513,
            0.7976622169072041,
            0.9674354530512277,
            0.8514064947590315,
            -0.5987305315749358,
            -1.6359545840706813,
            0.03951140117942842,
            -0.9704591339579072,
            0.2672804713673823,
            -0.6439081907738329,
            0.010877168322395825,
            -1.1140404921752123,
            -2.3193101431544036,
            0.4796973540195083,
            -2.316197242607377,
            -0.23365414538220586,
            0.6976298469913543,
            0.8432585972036488,
            0.5711024060077916,
            -0.7019977160319171,
            0.36917796481544374,
            -0.41943994301334375,
            -0.8999858484272747,
            0.09492417998209651,
            -0.1777318271017615,
            -0.030547681762054524,
            1.4677062963778278,
            1.3786613557070875,
            0.9543572371376287,
            0.8840398738051347,
            -0.6348061822907957,
            0.9441211837800507,
            0.6342390469609688,
            -0.05731272677895494,
            -2.4755093706695788,
            0.148459005038725,
            -0.3398400134765517,
            -0.8330037499279688,
            -0.6308564518257739,
            -0.210473538529517,
            1.336920229210973,
            1.1678551155578636,
            -0.07061012998135863,
            -0.8261043186075252,
            0.6140410324248315,
            0.10922763029637161,
            -2.2706877272796504
        ],
        [
            1.7971150836201346,
            -1.0305807528004152,
            -0.6121805209338052,
            1.868357373311906,
            -1.6448262585672107,
            0.04373633915228792,
            -0.032454784837136486,
            -2.9624226223400942,
            0.31961632227552583,
            0.8424588348971065,
            -0.40675999015022013,
            -1.4977730754179042,
