{
    "sampler": "HMC",
    "value": 3,
    "means_array": [
        0
    ],
    "case": "Posterior Samples",
    "dim": 1,
    "samples": [
        1.2064553185100377,
        0.18970076849597278,
        0.7841430169096456,
        -1.6712101266977004
    ]
}