run_id,dimension_corr,sampler,wasserstein_distance,mmd_rff,r_hat,ess,runtime
24,2,HMC,0.020114215688648875,0.012734274686683377,1.000616579828844,7838.672500131543,2.2283313274383545
24,5,HMC,0.016521301492637926,0.013829584693311478,1.0011554836844907,13031.062735841435,2.05730938911438
24,10,HMC,0.021862688623579544,0.016230577104794423,1.0015370752188504,9614.164232480818,2.6942977905273438
24,15,HMC,0.01832183636865045,0.01638300587848599,1.001113486733661,12609.466348200367,2.607513904571533
24,20,HMC,0.02018639082253753,0.01548588699197182,1.0039045466242424,14037.647422939248,2.9649107456207275
