mu,ws_t_stat,ws_p_value,ws_paired_cohens_d
"(-20, 0, 0, 0, 0)",9.215383503313422,4.0739219333473207e-10,1.6824911402752483
