mu,ws_t_stat,ws_p_value,ws_paired_cohens_d
"(-20, 0, 0, 0, 0)",-8.42219831235906,2.7850366675962053e-09,-1.5376759998203327
