mu,mmd_rff_t_stat,mmd_rff_p_value,mmd_rff_paired_cohens_d
"(-20, 0, 0, 0, 0)",-10.510898893648204,2.1057068684255697e-11,-1.919018807902405
