mu,mmd_rff_t_stat,mmd_rff_p_value,mmd_rff_paired_cohens_d
"(-20, 0, 0, 0, 0)",8.790295767782716,1.129635582464001e-09,1.6048810930522623
