mu,mmd_rff_t_stat,mmd_rff_p_value,mmd_rff_paired_cohens_d
"(-20, 0, 0, 0, 0)",-3.231979477448654,0.003057707901767828,-0.5900760217307957
