run_id,mu,sampler,wasserstein_distance,mmd_rff,r_hat,ess,runtime
56,"(0, 0, 0, 0, 0)",SMC,0.017267804839774793,0.015324042623093906,1.0015209914761378,3694.9326970681864,2.2246298789978027
