run_id,nu,sampler,wasserstein_distance,mmd_rff,r_hat,ess,runtime
18,0.5,SMC,15050.25468843162,0.035063190546857206,1.015046331828705,1013.5144311486634,1.0233540534973145
18,1.0,SMC,2.634619510836478,0.048943339857277814,1.009100396859126,559.378944059139,0.7536756992340088
18,2.0,SMC,0.1844245096433317,0.05013535427344422,1.017105365598509,357.4037028277425,0.7352175712585449
18,5.0,SMC,0.13949485936826805,0.054870821027864794,1.0439108350347688,251.6866182030142,0.7485759258270264
18,10.0,SMC,0.10620945156517217,0.03794095023295283,1.0515126822375285,206.94106690998814,0.744002103805542
18,30.0,SMC,0.11090684219402246,0.04744590969077397,1.0584340452359005,188.95559920829862,0.7762722969055176
18,100.0,SMC,0.11015723497235791,0.05257752693685165,1.0626113704184104,182.9227991401023,0.7373573780059814
18,500.0,SMC,0.09038339200481817,0.032416253311746544,1.066692297273344,167.66475755127163,0.7395720481872559
