{
    "sampler": "HMC",
    "value": 8,
    "means_array": [
        [
            -0.9096901936559428,
            0.0,
            0.0,
            0.0,
            0.0,
            0.0,
            0.0,
            0.0,
            0.0,
            0.0,
            0.0,
            0.0,
            0.0,
            0.0,
            0.0,
            0.0,
            0.0,
            0.0,
            0.0,
            0.0,
            0.0,
            0.0,
            0.0,
            0.0,
            0.0,
            0.0,
            0.0,
            0.0,
            0.0,
            0.0
        ],
        [
            0.9096901936559428,
            0.0,
            0.0,
            0.0,
            0.0,
            0.0,
            0.0,
            0.0,
            0.0,
            0.0,
            0.0,
            0.0,
            0.0,
            0.0,
            0.0,
            0.0,
            0.0,
            0.0,
            0.0,
            0.0,
            0.0,
            0.0,
            0.0,
            0.0,
            0.0,
            0.0,
            0.0,
            0.0,
            0.0,
            0.0
        ]
    ],
    "case": "Warmup Samples",
    "dim": 30,
    "samples": [
        [
            -63.44891867042091,
            25.92080352138516,
            -21.918022342290477,
            71.80900460431661,
            -43.73916906016935,
            64.80598368252805,
            65.15082678522661,
            5.625818037314216,
            -72.82966754554296,
            -5.805813199278437,
            -38.09029018120254,
            -43.90978208647189,
            40.44179762468167,
            52.963790403796374,
            -63.428784534830434,
            7.4737532206360076,
            15.897895120548766,
            -36.21821403904136,
            -43.28242782030627,
            114.76276223479209,
            -40.66065046059606,
            19.87982807121015,
            -13.169086906885608,
            -68.11519049925205,
            33.609498159601465,
            -100.0892089715753,
            27.841060576827626,
            77.64418802001418,
            -63.883535457152846,
            78.96167460857987
        ],
        [
            -59.30598881567242,
            10.167136391984632,
            11.344721741930172,
            -59.25127723729449,
            -42.056781151239896,
            -72.9622057484132,
            -19.732492001758263,
            24.969956294230442,
            -77.15624077331539,
            3.2690448277053266,
            -19.34994622195789,
            -21.405957246712614,
            -37.252518927756405,
            -21.710419685171637,
            -25.5538399424094,
            -10.111380722828466,
            61.72564025033383,
            -42.034146511519026,
            -22.00538996583044,
            -92.3933858080868,
            -84.27796363146525,
            9.145057059352823,
            -15.786929754046197,
            17.48280276282815,
            -38.366811038105105,
            12.968690196469545,
            -16.1681741378111,
            54.69151633955413,
            5.271872451475698,
            -50.87224511954888
        ],
        [
            -28.478644518477754,
            55.25772670857259,
            5.859544015402941,
            -18.620085168517782,
            48.31642470113294,
            6.228995168585885,
            -41.976585617571395,
            62.842411695134444,
            -23.187379949259896,
            -59.65545529047044,
            47.28100032700955,
            25.139980589511065,
            102.15293536780868,
            -44.958324505726566,
            -105.89905240576289,
            2.4202234598661283,
            -52.07612974635029,
            -63.13784406680597,
            26.271165360264376,
            36.351351124576645,
            55.51759213137514,
            -48.4897549258316,
            71.75164951589764,
            -41.614616918795946,
            -17.956715286986007,
            53.50517197326427,
            -47.35547311855352,
            -83.28655015160565,
            -7.25741657325288,
            -14.115162123138445
        ],
        [
            -93.16904693058765,
            38.36944378276245,
            5.951141354900912,
            38.53298910516984,
            -9.65030122265308,
            -61.90197042280242,
            -61.121774770888386,
            -81.92302949471411,
            -60.52035129517787,
            36.84802440817094,
            19.89875753993179,
            -36.16579032908914,
            44.65546297716859,
            8.185125733756546,
            -19.74556182596385,
            68.44017064462182,
            49.49613788185874,
            69.22414407660416,
            76.01608166140542,
            72.00806910733131,
            48.62408691691184,
            -62.653558528040804,
            0.29359374759262336,
            79.91337872692164,
            -53.88069477723414,
            63.693654393957644,
            -14.378638918345969,
            60.14091863839053,
            45.557224683244165,
            -35.03618451385575
        ]
    ]
}