run_id,mu,sampler,wasserstein_distance,mmd_rff,r_hat,ess,runtime
63,"(0, 0, 0, 0, 0)",Metro,0.11360802504650104,0.05428445162566395,1.0183514471511421,311.2966359594383,1.288703203201294
