run_id,mu,sampler,wasserstein_distance,mmd_rff,r_hat,ess,runtime
63,"(0, 0, 0, 0, 0)",SMC,0.024368571669998465,0.021136005124959934,1.0009429299641546,3614.7223872318414,2.0068745613098145
