run_id,mu,sampler,wasserstein_distance,mmd_rff,swd_zscore,r_hat,ess,runtime
20,5,DEMetro,0.23609635553595587,0.028431137028297422,4.913362156006953,1.0284077491161387,592.250500350428,2.6939334869384766
20,10,DEMetro,0.35039542796005774,0.034495178871276524,3.8973486387312395,1.0185439681156758,318.554451751605,1.999891996383667
20,20,DEMetro,1.957930608307634,0.09726874568862819,18.774725992912874,1.2522490399879234,19.163736379010512,2.284008741378784
