run_id,mu,sampler,wasserstein_distance,mmd_rff,r_hat,ess,runtime
14,8,SMC,0.05423298099387519,0.014994662127775438,1.0000027370215196,3850.297819054964,0.8970515727996826
14,10,SMC,0.08564646792678747,0.01655860754119008,0.9994890032724462,4015.069641972938,1.6899147033691406
14,12,SMC,0.20755844365987514,0.01817029423545357,1.0004363089875257,3778.6225633829868,1.0078058242797852
14,14,SMC,0.15064291296411866,0.01829710760490608,1.000903363336959,4124.826925747734,1.0263583660125732
14,16,SMC,0.30667335750623936,0.03241967804984269,1.0000595117434785,4081.2902708125603,1.0893194675445557
14,18,SMC,0.12612332268681828,0.01634281305203056,0.9995672245624049,3904.927143483848,1.0606682300567627
14,20,SMC,0.40742786503321216,0.0261055686201827,0.9999000866078541,4082.202234820369,1.1450574398040771
14,22,SMC,0.0902620226675983,0.0137816637836703,0.99987060868685,3954.411986668963,1.1596877574920654
14,40,SMC,0.06248467978162418,0.011565559029589698,1.0011988226046038,3855.3127871011425,0.8885717391967773
