{
    "sampler": "DEMetro",
    "value": [
        0,
        0,
        0
    ],
    "means_array": [
        [
            0,
            0,
            0
        ]
    ],
    "case": "Posterior Samples",
    "dim": 3,
    "samples": [
        [
            0.27785669052464634,
            0.2664308487025515,
            0.5454634802466427
        ],
        [
            0.0654884898607584,
            0.1349849271514528,
            0.2672206589158678
        ],
        [
            0.4795074905980241,
            0.7922903767606118,
            0.3954736435296779
        ],
        [
            -1.5420540383173538,
            -0.9288073664596609,
            -1.894002898575473
        ]
    ]
}