{
    "sampler": "DEMetro_Z",
    "value": [
        0.0,
        0.0,
        -5.163978,
        0.0,
        0.0
    ],
    "means_array": [
        [
            0.0,
            0.0,
            -5.163978,
            0.0,
            0.0
        ],
        [
            0.688077,
            -0.084829,
            1.032796,
            -4.990158,
            0.466562
        ],
        [
            4.394785,
            0.327205,
            1.032796,
            1.714687,
            -1.799625
        ],
        [
            -2.468947,
            4.239863,
            1.032796,
            0.780392,
            -0.958567
        ],
        [
            -2.468947,
            -3.631096,
            1.032796,
            0.780392,
            -2.38965
        ],
        [
            -0.144968,
            -0.851142,
            1.032796,
            1.714687,
            4.681281
        ]
    ],
    "case": "Warmup Samples",
    "dim": 5,
    "samples": [
        [
            -0.7946907937114143,
            1.2182580771064169,
            2.5489688532955284,
            6.656589514666931,
            -7.394201249422563
        ],
        [
            -8.039103786327969,
            7.4150559005370775,
            -6.074042328655597,
            5.885657490382722,
            -5.66898839644715
        ],
        [
            1.2518416486891644,
            7.327443616731936,
            3.5381333225128135,
            5.915838668911333,
            -6.673819077124754
        ],
        [
            -5.464239694962195,
            0.427754079392762,
            -10.86147804372258,
            4.7940043809287385,
            3.493289699116314
        ]
    ]
}