{
    "run_id": 1,
    "case": "multimodal",
    "dim": 1,
    "means_array": [
        [
            0
        ],
        [
            11
        ]
    ],
    "min_mode": [
        0
    ],
    "max_mode": [
        11
    ],
    "border": [
        10.0
    ],
    "low": [
        -10.0
    ],
    "high": [
        21.0
    ],
    "samples": [
        {
            "posterior": 5.362496256016849
        },
        {
            "posterior": -8.145370018540456
        },
        {
            "posterior": 2.407413741446403
        },
        {
            "posterior": 14.981359306822526
        }
    ]
}