{
    "sampler": "HMC",
    "value": [
        -16,
        0,
        0,
        0
    ],
    "means_array": [
        [
            -16,
            0,
            0,
            0
        ],
        [
            -8,
            0,
            0,
            0
        ],
        [
            0,
            0,
            0,
            0
        ],
        [
            8,
            0,
            0,
            0
        ],
        [
            16,
            0,
            0,
            0
        ]
    ],
    "case": "Warmup Samples",
    "dim": 4,
    "samples": [
        [
            30.930447143362464,
            21.21205852619075,
            17.569624867986313,
            18.469053098284213
        ],
        [
            36.097913800984344,
            3.5171747427561773,
            -3.623274608112284,
            10.770502506979904
        ],
        [
            32.86180958548246,
            19.709221756779947,
            -23.37443733577891,
            -14.652709367548722
        ],
        [
            0.7053168633585402,
            -10.211465988648687,
            -18.0283792621626,
            -18.60827071828221
        ]
    ]
}