run_id,mu,sampler,wasserstein_distance,mmd_rff,swd_zscore,r_hat,ess,runtime
5,"(10, 10, 10, 10, 10, 20, 20, 20, 20, 20, 30, 30, 30, 30, 30, 40, 40, 40, 40, 40)",DEMetro,3.9805188833167957,0.41592719059003985,1775.8809212513781,107.67306274429292,6.0489088338988815,2.38086199760437
