{
    "sampler": "HMC",
    "value": [
        -5,
        0,
        5
    ],
    "means_array": [
        [
            -5,
            0,
            5
        ]
    ],
    "case": "Posterior Samples",
    "dim": 3,
    "samples": [
        [
            -6.023134100632574,
            -1.0967546363281047,
            3.644770359159554
        ],
        [
            -4.868478883847841,
            0.8453886264931698,
            5.288849718904771
        ],
        [
            -4.770325854136991,
            0.04201521789712622,
            4.74114583630475
        ],
        [
            -5.957964509949493,
            -0.44112734294942957,
            4.180509227247596
        ]
    ]
}