{
    "sampler": "HMC",
    "value": 15,
    "means_array": [
        0,
        15
    ],
    "case": "Warmup Samples",
    "dim": 1,
    "samples": [
        -7.306805193738388,
        14.409400631381516,
        0.4109648273633274,
        23.158787464548528
    ]
}