mu,sampler,wasserstein_distance,reference_swd,relative_swd,swd_zscore,r_hat,ess,runtime
"(-10, 20, -30)",HMC,0.057407324327000506,0.027701170898020745,0.02970615342897976,2.938822182388879,1.0118243556854754,717.7986659486852,4.4733686447143555
"(-5, 0, 5)",HMC,0.04423536836273306,0.02742416271393581,0.01681120564879725,2.0677409953617203,1.0115140204769664,699.0687977599673,4.03798508644104
"(0, 0, 0)",HMC,0.03186635766264958,0.027377589318154354,0.004488768344495225,0.41330890825444966,1.0115832203175639,680.2191671368771,4.048782587051392
"(50, -50, 100)",HMC,0.034554522754659096,0.0244777304909871,0.010076792263671995,1.4153466217113797,1.0111334787057085,663.6233991443459,4.223828554153442
