{
    "run_id": 1,
    "case": "unimodal",
    "dim": 1,
    "low": [
        -9.848742056469654
    ],
    "high": [
        10.151257943530346
    ],
    "means_array": [
        [
            0
        ]
    ],
    "samples": [
        {
            "posterior": 8.785857880687054
        }
    ]
}