b,sampler,wasserstein_distance,r_hat,ess,runtime
0.5,Metro,0.017365750175796363,1.006251118748705,1874.3638095985164,1.7541725635528564
1.0,Metro,0.06941460621506827,1.0078180964412444,1854.7560359987774,1.5418949127197266
2.0,Metro,0.113572457539768,1.0065713772237157,1558.6602943645598,1.4704952239990234
5.0,Metro,0.2995255688051067,1.0044833026774027,1776.3150325792376,1.6945223808288574
