{
    "sampler": "HMC",
    "value": 10,
    "means_array": [
        [
            0.0,
            0.0,
            0.0,
            0.0,
            0.0,
            0.0,
            0.0,
            0.0,
            0.0,
            0.0
        ]
    ],
    "case": "Warmup Samples",
    "dim": 10,
    "samples": [
        [
            7.246051332392413,
            -19.95316921034523,
            -17.855473751073355,
            9.160714743565835,
            -10.756348136452763,
            -18.00526124338218,
            -19.920753197761517,
            -6.36689431218665,
            0.345092816828341,
            9.675182382226533
        ],
        [
            -4.181300004540489,
            -7.203892553916485,
            -0.8167987066385407,
            -16.39414228501733,
            -16.474575523424832,
            7.991414713820617,
            -12.494048890865445,
            -12.438919101529109,
            -16.134326346286155,
            4.185466163975564
        ],
        [
            -0.8650816403073032,
            4.704955137978342,
            17.51621465613572,
            12.179662849662188,
            7.441908607212588,
            4.08542486712015,
            15.421278928379515,
            -11.241198173138223,
            -11.893242662414568,
            12.444282201558456
        ],
        [
            23.16875923530675,
            -9.119949317516424,
            -1.3372338114454672,
            -22.126956512082756,
            7.91143520959403,
            -7.91302770710249,
            25.084863256102512,
            21.078405941712976,
            -15.99519111588613,
            -26.036715312419155
        ]
    ]
}