{
    "sampler": "HMC",
    "value": 0.9,
    "means_array": [
        [
            0.0,
            0.0
        ]
    ],
    "case": "Warmup Samples",
    "dim": 2,
    "samples": [
        [
            6.056894491225628,
            -29.48937171676923
        ],
        [
            1.4646060804404615,
            64.46155292589701
        ],
        [
            -39.97988789093621,
            -56.97250631908928
        ],
        [
            39.857720481678015,
            24.349831361853063
        ]
    ]
}