{
    "run_id": 1,
    "case": "unimodal",
    "dim": 2,
    "low": [
        -100.0,
        -100.0
    ],
    "high": [
        100.0,
        100.0
    ],
    "means_array": [
        [
            0.0,
            0.0
        ]
    ],
    "samples": [
        {
            "posterior": [
                38.51932922671054,
                -87.51578265830761
            ]
        },
        {
            "posterior": [
                -42.084794476558265,
                1.6230006845808305
            ]
        },
        {
            "posterior": [
                -11.738110502553198,
                -51.024431032585404
            ]
        },
        {
            "posterior": [
                -81.86717145237871,
                -30.349438899419184
            ]
        }
    ]
}