run_id,mu,sampler,wasserstein_distance,mmd_rff,r_hat,ess,runtime
20,8,HMC,0.3758755845328674,0.05764223053347666,1.1271024590266663,23.40449828397605,1.543499231338501
20,10,HMC,4.498668968657034,0.4868198854570372,1.5283638931115349,7.180774565209655,1.5579957962036133
20,12,HMC,2.492914235567385,0.22912011777387195,1.732540370348654,6.105558829772344,1.8067412376403809
20,14,HMC,2.802498940238964,0.22217726954802322,1.7328015388034788,6.118974247773773,1.5576198101043701
20,16,HMC,0.9781090614211607,0.06703737547701157,1.5279381895737947,7.177328976806814,1.5320591926574707
20,18,HMC,5.469063361520914,0.33312681358505375,1.0001384290706286,3348.672037066506,1.535308599472046
20,20,HMC,4.077305093311644,0.2183802530568104,1.7334141180941445,6.12561979692602,1.805663824081421
20,22,HMC,9.787627886862017,0.48451722764868127,1.5288191538917484,7.188223211984877,1.536742925643921
20,40,HMC,18.023249188663915,0.5027587623531788,1.5288798860121728,7.1765010262210085,1.5257084369659424
