{
    "sampler": "HMC",
    "value": 18,
    "means_array": [
        [
            -9.0,
            0.0
        ],
        [
            9.0,
            0.0
        ]
    ],
    "case": "Warmup Samples",
    "dim": 2,
    "samples": [
        [
            49.84474883092929,
            19.64646586987274
        ],
        [
            96.92420676201169,
            52.43581297024563
        ],
        [
            6.484878070843316,
            -49.55803602920521
        ],
        [
            -107.09533588021172,
            -12.290777707724523
        ]
    ]
}