run_id,dimension_corr,sampler,wasserstein_distance,mmd_rff,r_hat,ess,runtime
6,2,SMC,0.01498017653478278,0.010673487228226336,1.0003572134940815,7502.531094714609,2.2434821128845215
6,5,SMC,0.020982908898778078,0.014156273047002938,1.0003098030601918,7523.693135643308,4.229371786117554
6,10,SMC,0.022554928417030037,0.015993002994948127,1.0004951430048798,7351.704970233496,3.8023126125335693
6,15,SMC,0.018561379444878057,0.01602935098396434,1.0007030162749702,7258.413940393141,6.408222675323486
6,20,SMC,0.0218297124417329,0.015876925019114356,1.0008821749670724,7102.856159975816,6.871988296508789
