b,global_avg_wasserstein_distance,global_avg_r_hat,global_avg_ess,global_avg_runtime,global_avg_wasserstein_distance_std,global_avg_r_hat_std,global_avg_ess_std,global_avg_runtime_std
2,0.23434438206928498,1.022623193381744,199.4304792460086,1.1326130628585815,0.1323864808618921,0.005901132679702233,25.016429846105474,0.10658179345131888
20,2.593427351621968,1.0277116441288972,209.4704779840983,1.5335477590560913,1.502663201330257,0.023541216952462914,56.00466962522301,0.1324201718120137
