run_id,alpha,sampler,wasserstein_distance,mmd_rff,r_hat,ess,runtime
58,0,HMC,0.03609486336646274,0.01820955831430691,1.002821982403161,1560.609107049333,1.1389648914337158
58,2,HMC,0.01692140081738648,0.010047300373920862,1.000859037123002,1576.6022340985137,1.372490644454956
58,4,HMC,0.03369165846595837,0.017363761904774115,1.004715506649481,836.0119381800185,1.4045794010162354
58,6,HMC,0.017941907472205705,0.011157680505654957,1.003473293179965,1085.1511444591013,1.4056370258331299
58,8,HMC,0.02943296418149847,0.019751687922952545,1.0036752237701845,994.9406783674472,1.4096646308898926
58,10,HMC,0.016938537494845717,0.009075255516616504,1.0048826343796378,765.9610110222525,1.460235357284546
58,80,HMC,0.015008920118242742,0.007886004676582396,1.0162294129859863,440.20279654728694,1.6891894340515137
58,100,HMC,0.027020030374737006,0.016464119122420146,1.022630261467892,472.163244297705,1.6940662860870361
