{
    "sampler": "DEMetro_Z",
    "value": 0.0,
    "means_array": [
        [
            0.0,
            0.0,
            0.0,
            0.0,
            0.0,
            0.0,
            0.0,
            0.0,
            0.0,
            0.0,
            0.0,
            0.0,
            0.0,
            0.0,
            0.0,
            0.0,
            0.0,
            0.0,
            0.0,
            0.0,
            0.0,
            0.0,
            0.0,
            0.0,
            0.0,
            0.0,
            0.0,
            0.0,
            0.0,
            0.0
        ]
    ],
    "case": "Posterior Samples",
    "dim": 30,
    "samples": [
        [
            -15.317093939404398,
            21.703750507510467,
            20.961947003223163,
            14.997911779094375,
            12.250049894003178,
            6.373924546756771,
            13.960458319444346,
            4.3029132962904955,
            11.689373413510932,
            12.700875156595758,
            -9.08028190342668,
            -31.69390090844243,
            -0.6144354693607001,
            11.514161277554916,
            -21.525758980672137,
            8.955180828419198,
            1.3930229341090172,
            7.747393385864006,
            -4.621163057575689,
            27.946339904611058,
            20.274981953339335,
            10.605540658543138,
            7.465463182912241,
            0.14170831028599143,
            -17.669130319966605,
            25.849970267420513,
            1.1293823175272524,
            3.828314538333727,
            7.2734064736383734,
            -25.6534845248973
        ],
        [
            -17.535469936454486,
            20.350944673106476,
            13.52711968559502,
            -3.0952371142818658,
            -17.040175248265108,
            -35.137558397827334,
            -11.884720097231721,
            13.821160613189502,
            -3.435843421576444,
            16.231560039434232,
            -13.164717921840946,
            9.413909266959742,
            -1.239484511532213,
            -0.6187700499914651,
            -6.212446067327285,
            -3.567092262679066,
            -3.0939273216086773,
            -4.710648112272474,
            11.410970533477924,
            10.329959798824632,
            1.7118720772589266,
            -9.668667294446472,
            -8.265670427647857,
            -6.140103677036473,
            -0.8564974204959075,
            -8.883651203131189,
            -14.920441037485105,
            7.219575223084541,
            -18.93074280445953,
            10.62849495922697
        ],
        [
            -14.72428080469013,
            13.10268329835532,
            19.58570464375031,
            -11.628662749379206,
            -12.497563815536035,
            14.81110870768117,
            -4.095782166615482,
            -6.379303065275724,
            -3.358270073715317,
            4.133966984586385,
            -7.001815226698273,
            0.09316926840795194,
            -6.509029557430496,
            13.2479555152742,
            3.0950110515008364,
            -23.302638295994345,
            18.664768169424484,
            27.902212269648107,
            8.518772454941368,
            2.754620724386281,
            5.383044124516103,
            -16.689803017285406,
            33.010474727397586,
            -3.275206493122986,
            -23.043305851378868,
            -11.046166434368486,
            11.597139094951682,
            -23.75495764941688,
            14.178452675895322,
            -18.861132496001268
        ],
        [
            10.149610487230637,
            7.228583186223483,
            -1.022829536987878,
            -16.09763085255878,
            5.984247627559781,
            26.776395228618625,
            -7.821429598379404,
            -11.123654576979817,
            -11.930300379911966,
            -5.092155094433855,
            -21.951169673580377,
            -4.2908590364798656,
            5.914159335850535,
            -19.954280801129322,
            7.801243180180965,
            18.836143361911375,
            26.27718012705338,
            -16.94420431313125,
            24.741827315280684,
            -25.27516134356878,
            -17.388635897101036,
            5.042399901867268,
            -6.1162796769192225,
            -12.398248328261625,
            6.9032822728786405,
            30.187132140773098,
            30.996067184875265,
            -11.818638859201089,
            17.832335028856928,
            -8.925812959493808
        ]
    ]
}