weights,sampler,wasserstein_distance,r_hat,ess,runtime
"(1, 1)",DEMetro,5.983523826111107,1.0969383279686802,37.785151639593536,2.9932193756103516
"(1, 2)",DEMetro,1.1769802616274772,2.8215666817708924,6.810539569774913,1.9468591213226318
"(5, 1)",DEMetro,5.884259033883115,1.5200969863388116,12.58063846773107,2.1033358573913574
