weights,sampler,wasserstein_distance,r_hat,ess,runtime
"(1, 1)",HMC,5.292954731078959,1.0974403947107978,32.49230200276712,1.7896864414215088
"(1, 2)",HMC,6.712254945555447,1.0974403947107978,32.49230200276712,0.14667010307312012
"(5, 1)",HMC,1.9219526010881012,1.0974403947107978,32.49230200276712,1.8338191509246826
