{
    "sampler": "Metro",
    "value": 6,
    "means_array": [
        0,
        6
    ],
    "case": "Posterior Samples",
    "dim": 1,
    "samples": [
        1.1530902659473048,
        5.481689273382598,
        6.313498947432297,
        6.655259713292109
    ]
}