run_id,mu,sampler,wasserstein_distance,mmd_rff,swd_zscore,r_hat,ess,runtime
11,0,DEMetro,0.4426909221461066,0.03541270727808818,3.6083921211021055,1.0115531730633784,585.4190013246882,3.3677005767822266
11,3,DEMetro,0.3362985927929574,0.028459420175192582,4.273435398081488,1.0072560096365526,633.896359176735,3.6183254718780518
11,6,DEMetro,0.1866650522142535,0.02693443516540017,0.28955117351349385,1.01174823005056,659.3274428098629,3.7051920890808105
11,10,DEMetro,0.21440946195279043,0.02275226061681912,0.387326427976143,1.0101224023282678,1092.994439636006,3.775200128555298
