mu,global_avg_wasserstein_distance,global_avg_swd_zscore,global_avg_r_hat,global_avg_ess,global_avg_runtime,global_avg_wasserstein_distance_std,global_avg_swd_zscore_std,global_avg_r_hat_std,global_avg_ess_std,global_avg_runtime_std
"(10, -10)",6.4785880027295235,130.81271163362905,1.0546194052759086,3341.747341075825,9.086970090866089,1.2702126853299183,26.110176065914043,0.1672958970345927,1181.8092121053917,3.334571149888105
"(20, 20)",8.90425756646297,70.20627892701518,1.2137764484723674,1435.9849538861556,12.233477973937989,2.001390213433754,16.203281537464346,0.2737374981723715,1233.5112888574909,11.358819301641017
"(5, 5)",3.592211353950687,69.8637517809159,1.0621378381281612,64.38418280050978,9.468387985229493,0.567611635066602,11.469610711590935,0.025896145571574127,26.805075230359517,3.5572365763271394
"(50, -50)",21.03202351554963,99.76264135781204,1.0018870506735051,3583.235629784003,8.717133283615112,3.232876224902971,15.665794454653122,0.0007805754954492089,159.18894766436216,2.96949280341378
