{
    "sampler": "DEMetro_Z",
    "value": 7,
    "means_array": [
        0,
        7
    ],
    "case": "Posterior Samples",
    "dim": 1,
    "samples": [
        -0.7659834709567983,
        7.081972598606463,
        7.962453662759833,
        4.9481686895678685
    ]
}