run_id,mu,sampler,wasserstein_distance,mmd_rff,r_hat,ess,runtime
35,"(10, 10)",Metro,3.8701520566745007,0.2724743201201999,1.165375355218965,18.94415356795411,2.8028109073638916
35,"(2, 2)",Metro,1.1643761710806582,0.1786279673243182,1.0334123730999483,123.4005379715966,2.4791159629821777
35,"(20, 20)",Metro,8.006528992259454,0.24371090183947972,1.1376189294662247,22.459595768595438,2.5115718841552734
35,"(40, 40)",Metro,4.2486175250588305,0.07379866887655331,1.9108168909443206,5.588016587453992,2.771299123764038
35,"(5, 5)",Metro,2.2043269449350893,0.22545946527253136,1.5293677735980171,7.192039226896933,2.8132736682891846
