{
    "sampler": "DEMetro_Z",
    "value": 3,
    "means_array": [
        [
            0.0,
            0.0
        ],
        [
            16,
            0
        ]
    ],
    "case": "Posterior Samples",
    "dim": 2,
    "samples": [
        [
            -5.239488577989795,
            -4.484960401421757
        ],
        [
            2.1094539052627765,
            1.7769552272209166
        ],
        [
            0.10216908950254429,
            0.7087976058184835
        ],
        [
            17.159437175834203,
            0.8661765070150761
        ]
    ]
}