{
    "sampler": "Metro",
    "value": [
        -5,
        0,
        5
    ],
    "means_array": [
        [
            -5,
            0,
            5
        ]
    ],
    "case": "Warmup Samples",
    "dim": 3,
    "samples": [
        [
            -4.481899724326276,
            0.3674228055357906,
            4.933068653674822
        ],
        [
            -4.424472369109549,
            0.6604968285728313,
            5.429310973784326
        ],
        [
            -3.882213627399089,
            0.6314499406839986,
            4.337396924106354
        ],
        [
            -6.034279649873894,
            -0.1477452966958111,
            4.508499930800022
        ]
    ]
}