{
    "sampler": "HMC",
    "value": 18,
    "means_array": [
        0,
        18
    ],
    "case": "Warmup Samples",
    "dim": 1,
    "samples": [
        17.33728742669466,
        6.590274971649354,
        4.035118138086234,
        4.408239138192033,
        2.927801279273382,
        2.5541531943294578
    ]
}