{
    "sampler": "Metro",
    "value": 0.3,
    "means_array": [
        [
            0.0,
            0.0
        ],
        [
            13,
            0
        ]
    ],
    "case": "Warmup Samples",
    "dim": 2,
    "samples": [
        [
            8.326201970797442,
            -13.954554123394486
        ],
        [
            25.49669862321804,
            -14.341024741792904
        ],
        [
            -8.046192379870277,
            -0.430935031607383
        ],
        [
            -4.1988376829223135,
            3.502453588715505
        ]
    ]
}