run_id,mu,sampler,wasserstein_distance,mmd_rff,swd_zscore,r_hat,ess,runtime
2,5,DEMetro,0.12496453812816577,0.018577685464040414,1.1849147211014228,1.0080866719572499,767.725140640804,2.286851167678833
2,10,DEMetro,0.7970987212881261,0.06923289881084843,11.880607848033062,1.0306256152358078,301.6398661174461,1.9970636367797852
2,20,DEMetro,1.141578615292968,0.05945355562345322,10.160031594327,1.1141764005485377,40.06186759489213,2.2733957767486572
