run_id,mu,sampler,wasserstein_distance,mmd_rff,swd_zscore,r_hat,ess,runtime
2,5,Metro,0.22552242964818056,0.022929001940875774,4.558609324884861,1.0117720877414815,783.2776576963314,1.8817737102508545
2,10,Metro,0.38296292669177423,0.04160221147156672,4.479378787282116,1.098829096334558,53.33635202596955,1.6383399963378906
2,20,Metro,0.363262609769029,0.019942109122263622,1.946718476346589,1.345152445978648,14.208028499441534,1.9349334239959717
