run_id,mu,sampler,wasserstein_distance,mmd_rff,r_hat,ess,runtime
6,"(10.0, 0.0)",Metro,2.179261517966598,0.18209203022262152,2.0750961429235777,5.29258301016065,5.405991077423096
