run_id,mu,sampler,wasserstein_distance,mmd_rff,r_hat,ess,runtime
28,"(10.0, 0.0)",Metro,2.7777822042288727,0.23033856874001293,2.5353972459273084,4.831245804175918,5.308379411697388
