nu,mean_rmse_t_stat,mean_rmse_p_value,mean_rmse_paired_cohens_d
2.1,-1.1217869398427018,0.2989540704375546,-0.39661157610464004
