nu,mean_rmse_t_stat,mean_rmse_p_value,mean_rmse_paired_cohens_d
2.1,-1.0503680618691293,0.32845294536887837,-0.3713611896447162
