nu,mean_rmse_t_stat,mean_rmse_p_value,mean_rmse_paired_cohens_d
2.1,0.38704204967412736,0.7102228547535285,0.13684002896445802
