nu,mean_rmse_t_stat,mean_rmse_p_value,mean_rmse_paired_cohens_d
2.1,-0.01519023007135354,0.9883042966084996,-0.005370557345618951
