nu,mmd_rff_t_stat,mmd_rff_p_value,mmd_rff_paired_cohens_d
2.1,-3.429034835908157,0.010999612331199216,-1.212346892697779
