nu,var_rmse_t_stat,var_rmse_p_value,var_rmse_paired_cohens_d
2.1,0.8220297384457647,0.4381592650552607,0.29063140119600206
