nu,mmd_rff_t_stat,mmd_rff_p_value,mmd_rff_paired_cohens_d
2.1,-4.622818138643502,0.002418086038375644,-1.6344130270134967
