{
    "run_id": 1,
    "case": "unimodal",
    "dim": 30,
    "low": [
        -322.61575019146323,
        -990.3373693025734,
        -243.26033246429108,
        -216.15484329532035,
        -557.6399416911736,
        -214.16015654269933,
        -312.9129152849885,
        -264.82156242792485,
        -245.05838882001464,
        -134.7958894138401,
        -314.92670482078495,
        -261.2635848760492,
        -574.497274881259,
        -338.53058761190334,
        -289.07677489762585,
        -482.87561366882403,
        -183.51067965892108,
        -274.48361851450204,
        -268.2154215335817,
        -322.1007763591565,
        -619.5801415713877,
        -593.4108383668372,
        -222.62995255944747,
        -167.58407921469507,
        -187.34677813519613,
        -303.05976266347943,
        -246.83685190539347,
        -177.36516642841963,
        -286.1015290735618,
        -230.56739639256392
    ],
    "high": [
        472.80688431044416,
        561.9231340384952,
        156.30164115292976,
        349.36867744649817,
        332.2604116800923,
        136.90040691658587,
        276.7839000778545,
        162.4589377648901,
        380.2793586423396,
        169.98118365232162,
        501.5142676302458,
        165.12101367734058,
        599.2465365318027,
        213.74403762201501,
        202.57972090460137,
        327.43204880365033,
        238.31692544645892,
        182.09987462401494,
        328.62142332848447,
        269.13014358788365,
        379.0525422428013,
        395.32577341186754,
        217.65055969645044,
        148.7138274785613,
        171.62259485122746,
        196.66328839702143,
        189.40861770474774,
        268.4572511907446,
        495.23941036044505,
        209.66092597100743
    ],
    "means_array": [
        [
            0.0,
            0.0,
            0.0,
            0.0,
            0.0,
            0.0,
            0.0,
            0.0,
            0.0,
            0.0,
            0.0,
            0.0,
            0.0,
            0.0,
            0.0,
            0.0,
            0.0,
            0.0,
            0.0,
            0.0,
            0.0,
            0.0,
            0.0,
            0.0,
            0.0,
            0.0,
            0.0,
            0.0,
            0.0,
            0.0
        ]
    ],
    "samples": [
        {
            "posterior": [
                -282.68383246449616,
                -250.28096448689337,
                -168.48254575615266,
                189.43338133502613,
                196.99693503498042,
                -112.51245927631535,
                -11.03913112221511,
                -224.75520655994035,
                -180.27349474446038,
                133.3809482416437,
                236.43703479600447,
                -237.64663763534696,
                376.0674226708294,
                -237.20344858764244,
                -114.55789547047348,
                -17.54167421011323,
                -52.55538381126536,
                -223.2212341519617,
                -195.74538811354108,
                -286.04767463988094,
                300.65689824126616,
                -291.39480178894473,
                54.86265013401271,
                117.68162675490305,
                -126.0909567522215,
                83.49103022187188,
                -200.7445743563838,
                9.664264022567096,
                261.4863055898255,
                -118.70745646400692
            ]
        },
        {
            "posterior": [
                355.03497027131493,
                492.42478727035007,
                45.42446160626753,
                -77.23504177335244,
                212.41349433762753,
                132.8352007909578,
                -69.6644324135707,
                -199.68077889756864,
                129.27422508741037,
                95.7148271762643,
                248.0653584403948,
                98.44169699793264,
                142.359816745717,
                129.45895027678893,
                67.46153909074053,
                -225.05167960106326,
                -181.68914976397497,
                177.29164744315904,
                177.20461386284143,
                -128.99804233957667,
                -321.11718166217275,
                390.0771778103551,
                -145.52465301064086,
                -5.875101218947236,
                -67.74269437230906,
                164.4013015208514,
                -78.08230426603689,
                -119.88636324863397,
                -76.7012003445235,
                -150.14073057226324
            ]
        },
        {
            "posterior": [
                439.2301944362365,
                -223.6512280484328,
                127.21139696806506,
                25.353301467784433,
                -509.56102303429196,
                13.850716272105132,
                50.830345526717906,
                -230.65974576994734,
                -140.23796296043744,
                47.48713611511482,
                -96.51361239791095,
                157.677764339522,
                -225.9735271423703,
                -177.01552097818845,
                5.0747970851407445,
                167.48501574800844,
                67.22990241143339,
                -244.29787018137912,
                135.39932059897563,
                -192.5862625759848,
                -47.982103809254454,
                -360.5801504138998,
                -17.110506885475615,
                144.76013937882647,
                93.92506046383028,
                -127.26751147140732,
                -228.85095430637193,
                104.07391353421662,
                325.08819650374073,
                -5.845773393528532
            ]
        },
        {
            "posterior": [
                344.9048245070393,
                -454.42229655360495,
                -77.00969559467072,
                -133.39110387864662,
                -300.8303661075562,
                126.33617706248208,
                60.76560480867647,
                -138.97851511192397,
                259.84800922106217,
                21.71265647980752,
                -126.04881078299337,
                90.77000201902365,
                -457.0936818236106,
                -141.49838468327155,
                133.71253852436234,
                -334.2640401090749,
                -115.83435039135148,
                162.28325524325828,
                144.96646186007212,
                259.4472763697154,
                6.182020853756512,
                43.359426000570465,
                102.32904794213749,
                -61.42229968014223,
                -157.22090368185084,
                -264.76541718377734,
                -224.28868763893436,
                244.27989810162103,
                -24.39194169060113,
                -11.838371754833702
            ]
        }
    ]
}