run_id,mu,sampler,wasserstein_distance,mmd_rff,r_hat,ess,runtime
7,8,HMC,3.119796912634447,0.3920594418492196,1.4000242495158608,8.606744170340757,1.577458143234253
7,10,HMC,2.0581060761263124,0.20638401721515456,1.7329011345539482,6.097695574877672,1.5514006614685059
7,12,HMC,2.3701961155306552,0.20346827375221807,1.7364144242680963,6.09889700199861,1.7884089946746826
7,14,HMC,0.7397251505138263,0.057640467485916516,1.5294116247091585,7.147722590089506,1.7860994338989258
7,16,HMC,0.7611770558118349,0.051833760984598964,1.5280509756544052,7.170527214298892,1.5464544296264648
7,18,HMC,8.18310079889538,0.47606697028344613,1.529272666041303,7.143759105920473,1.5426275730133057
7,20,HMC,0.9320498304217092,0.047532119254954965,1.5311292903849982,7.174530078312825,1.8101611137390137
7,22,HMC,4.510981433845317,0.22739402597874972,1.7346571227282799,6.097311362856061,1.7782938480377197
7,40,HMC,11.775393638263653,0.3081100832742059,1.0005468425652198,3308.571674978369,1.5317113399505615
