run_id,mu,sampler,wasserstein_distance,mmd_rff,r_hat,ess,runtime
7,8,SMC,0.11240488453992242,0.03140075795457008,1.0000062150972864,7793.8833230228665,0.7648284435272217
7,10,SMC,0.10519870869134734,0.01436839715533915,1.000170091876355,8066.684227280584,1.0276155471801758
7,12,SMC,0.0501197178514375,0.008925511745877988,1.0001433943296179,7870.555696183664,1.0092432498931885
7,14,SMC,0.04189431570683906,0.007412609455519811,1.0002635283072363,7621.054511341845,1.0958101749420166
7,16,SMC,0.08619327057455631,0.010253363831549001,1.0004217549746808,8055.100259393332,0.8370826244354248
7,18,SMC,0.15436811779161644,0.012342427395973478,1.0003853910462681,8063.618209222526,1.0754175186157227
7,20,SMC,0.08504610962351364,0.008268633951079001,0.9999156939514632,8456.283176088304,1.119131326675415
7,22,SMC,0.2212239998150064,0.013129073771032802,0.9997172321205285,8257.77157463997,1.007580280303955
7,40,SMC,0.3599557308714799,0.014814175894354648,1.0007769266702693,8093.552729034327,1.3262178897857666
