run_id,mu,sampler,wasserstein_distance,mmd_rff,r_hat,ess,runtime
60,"(0, 0, 0, 0, 0)",Metro,0.14590818851858064,0.09667779590567693,1.2317083042151393,13.558538251375618,1.2969815731048584
