{
    "sampler": "DEMetro_Z",
    "value": 0.995,
    "means_array": [
        [
            0.0,
            0.0
        ]
    ],
    "case": "Posterior Samples",
    "dim": 2,
    "samples": [
        [
            0.6123599618416837,
            0.7342250770913558
        ],
        [
            0.9761024473153602,
            0.9490440745375283
        ],
        [
            0.5381233974106957,
            0.4841039091923881
        ],
        [
            0.02954601051859484,
            0.09997079765621486
        ]
    ]
}