{
    "sampler": "HMC",
    "value": [
        -20,
        0,
        0,
        0,
        0
    ],
    "means_array": [
        [
            -20,
            0,
            0,
            0,
            0
        ],
        [
            -12,
            0,
            0,
            0,
            0
        ],
        [
            -4,
            0,
            0,
            0,
            0
        ],
        [
            4,
            0,
            0,
            0,
            0
        ],
        [
            12,
            0,
            0,
            0,
            0
        ],
        [
            20,
            0,
            0,
            0,
            0
        ]
    ],
    "case": "Posterior Samples",
    "dim": 5,
    "samples": [
        [
            -12.684780993278542,
            -0.853314636266937,
            0.04658849025108791,
            -1.8485118397111318,
            -0.5061535633777053
        ],
        [
            4.4727073929795065,
            1.3213145870491543,
            -1.0500875136787409,
            -1.0430937922058878,
            -0.08391420557283395
        ],
        [
            -11.749868623933311,
            -0.9330525083432808,
            0.6216440510626252,
            -1.2463783173232175,
            -0.6511978736313612
        ],
        [
            4.045641095575249,
            0.6643781123717069,
            -0.4764461267396472,
            -2.2427757414367253,
            1.42008954795844
        ]
    ]
}