correlation,ws_t_stat,ws_p_value,ws_paired_cohens_d
0.0,-1.4984985526806778,0.27273613108740596,-0.865158542770454
0.99,-2.5234653084570713,0.1276521591957153,-1.4569233751283721
