{
    "sampler": "DEMetro_Z",
    "value": 2,
    "means_array": [
        [
            0.0,
            0.0
        ]
    ],
    "case": "Posterior Samples",
    "dim": 2,
    "samples": [
        [
            -0.12312124287596964,
            -0.8045195864901216
        ],
        [
            0.4648188455360984,
            -0.6149173647665188
        ],
        [
            0.14406454294844623,
            0.11313831409186603
        ],
        [
            2.091162199428645,
            -1.2551843477119342
        ]
    ]
}