{
    "sampler": "Metro",
    "value": 8,
    "means_array": [
        [
            -4.0,
            0.0
        ],
        [
            4.0,
            0.0
        ]
    ],
    "case": "Posterior Samples",
    "dim": 2,
    "samples": [
        [
            -2.6474141354652634,
            0.9064652815019202
        ],
        [
            -5.799252755348787,
            -0.6718943000132483
        ],
        [
            -4.656315886367125,
            -0.7134937934944352
        ],
        [
            -5.376716842256248,
            -0.4123735182095496
        ]
    ]
}