{
    "sampler": "DEMetro_Z",
    "value": 5,
    "means_array": [
        [
            0.0,
            0.0,
            0.0,
            0.0,
            0.0
        ]
    ],
    "case": "Posterior Samples",
    "dim": 5,
    "samples": [
        [
            -1.0192724947477256,
            -1.5433600666942155,
            -0.8817875018160941,
            -0.9916439140483031,
            -0.45675265998669035
        ],
        [
            -4.373130005575198,
            2.9544700850748713,
            3.3758493584989964,
            9.48976442599801,
            -2.9275997559197373
        ],
        [
            -2.3874358292138713,
            0.2636845683012956,
            4.240319265067297,
            -1.0166754476574997,
            -1.1676482462057747
        ],
        [
            2.0756571242706237,
            -0.5903595557567767,
            -1.0598179342904879,
            -2.132906281669548,
            -0.5997034792122307
        ]
    ]
}