{
    "sampler": "DEMetro_Z",
    "value": 6,
    "means_array": [
        [
            -3.0000000015,
            0.0
        ],
        [
            3.0000000015,
            0.0
        ]
    ],
    "case": "Warmup Samples",
    "dim": 2,
    "samples": [
        [
            66.4395756321943,
            -58.9692538910962
        ],
        [
            51.383468472001105,
            80.18940869334217
        ],
        [
            62.10878492472893,
            32.20496978463561
        ],
        [
            42.95624297041905,
            -37.592187777111874
        ]
    ]
}