{
    "sampler": "Metro",
    "value": 0.99,
    "means_array": [
        [
            0.0,
            0.0
        ],
        [
            13,
            0
        ]
    ],
    "case": "Posterior Samples",
    "dim": 2,
    "samples": [
        [
            -1.8110979814614458,
            -1.5857041660334208
        ],
        [
            12.090691585617297,
            -0.9929998942262285
        ],
        [
            11.984906687991083,
            -1.003462984382498
        ],
        [
            0.6264553199696141,
            0.6550933673012389
        ]
    ]
}