{
    "run_id": 1,
    "case": "multimodal",
    "dim": 2,
    "means_array": [
        [
            0.0,
            0.0
        ],
        [
            16.0,
            0.0
        ]
    ],
    "min_mode": [
        0.0,
        0.0
    ],
    "max_mode": [
        16.0,
        0.0
    ],
    "border": [
        23.219918805941546,
        20.0
    ],
    "low": [
        -27.009711781314035,
        -29.742863921851395
    ],
    "high": [
        42.6500446365106,
        30.257136078148605
    ],
    "samples": [
        {
            "posterior": [
                34.114530948021525,
                4.509889496279726
            ]
        }
    ]
}