run_id,mu,sampler,wasserstein_distance,mmd_rff,r_hat,ess,runtime
67,"(5.0, 0.0)",HMC,0.21999015885809542,0.032301131548920135,1.013216225200388,112.44675106438714,3.867950916290283
67,"(5.0, 10.0)",HMC,2.079391248511211,0.2330638659663993,1.7350721706405816,6.104259135591296,2.9515838623046875
67,"(5.0, 20.0)",HMC,5.047504248249044,0.33731475587239157,1.5280199588252874,7.183064391098672,3.2785825729370117
67,"(5.0, 40.0)",HMC,10.858300721055013,0.31979028885996497,1.5297622269914743,7.152388969160555,3.285182476043701
67,"(5.0, 5.0)",HMC,0.6011503645860521,0.1078994866421051,1.6476468850646495,6.534136786572319,3.2933261394500732
