{
    "sampler": "Metro",
    "value": [
        4,
        0
    ],
    "means_array": [
        [
            0.0,
            0.0
        ],
        [
            4,
            0
        ]
    ],
    "case": "Warmup Samples",
    "dim": 2,
    "samples": [
        [
            5.784373276959464,
            7.619759140645538
        ],
        [
            0.13881628198047835,
            7.078540763674191
        ],
        [
            8.485633664270274,
            -0.7224439567989125
        ],
        [
            1.5386079649880007,
            4.157714373684084
        ]
    ]
}