{
    "sampler": "DEMetro_Z",
    "value": 0.3,
    "means_array": [
        [
            0.0,
            0.0
        ],
        [
            10,
            0
        ]
    ],
    "case": "Posterior Samples",
    "dim": 2,
    "samples": [
        [
            10.429669571535898,
            0.6095733192742419
        ],
        [
            10.629339690462352,
            0.7485025007989021
        ],
        [
            0.9531131251687335,
            0.7915712371568523
        ],
        [
            11.199818739522323,
            -0.9806891055530904
        ]
    ]
}