run_id,mu,sampler,wasserstein_distance,mmd_rff,swd_zscore,r_hat,ess,runtime
3,"(10, 10, 10)",Metro,5.127638087929447,0.30842868179066574,121.35817801122307,1.38309718492921,13.229905918129147,3.4674713611602783
3,"(20, 20, 20)",Metro,13.567105124531354,0.37342366471613225,134.67366441692627,1.0047567030819486,1213.668714964653,3.4909541606903076
3,"(3, 3, 3)",Metro,0.047373333257282824,0.02357420205556944,1.467728336060799,1.017139999393571,256.3566521062963,3.452484369277954
3,"(6, 6, 6)",Metro,0.2572207014223432,0.0394211156009099,6.6395075136236095,1.353060681357717,13.872013741413094,3.6258997917175293
