{
    "run_id": 1,
    "case": "unimodal",
    "dim": 20,
    "low": [
        -100.0,
        -100.0,
        -100.0,
        -100.0,
        -100.0,
        -100.0,
        -100.0,
        -100.0,
        -100.0,
        -100.0,
        -100.0,
        -100.0,
        -100.0,
        -100.0,
        -100.0,
        -100.0,
        -100.0,
        -100.0,
        -100.0,
        -100.0
    ],
    "high": [
        100.0,
        100.0,
        100.0,
        100.0,
        100.0,
        100.0,
        100.0,
        100.0,
        100.0,
        100.0,
        100.0,
        100.0,
        100.0,
        100.0,
        100.0,
        100.0,
        100.0,
        100.0,
        100.0,
        100.0
    ],
    "means_array": [
        [
            0.0,
            0.0,
            0.0,
            0.0,
            0.0,
            0.0,
            0.0,
            0.0,
            0.0,
            0.0,
            0.0,
            0.0,
            0.0,
            0.0,
            0.0,
            0.0,
            0.0,
            0.0,
            0.0,
            0.0
        ]
    ],
    "samples": [
        {
            "posterior": [
                -46.8508460139706,
                33.96700421039964,
                96.52106485328352,
                86.34655856912468,
                -28.6694816254698,
                89.08034964720929,
                47.19859351379162,
                56.848881444506105,
                -42.70812521941571,
                -19.812280203038227,
                -44.09942726831808,
                -61.303668704083016,
                74.82490361025461,
                47.44830693786753,
                -39.71796877491174,
                89.33330438130332,
                57.0465928485078,
                85.47723524104106,
                22.359455094964417,
                5.610196673696464
            ]
        }
    ]
}