{
    "sampler": "Metro",
    "value": [
        0,
        0,
        0,
        0,
        0
    ],
    "means_array": [
        [
            0,
            0,
            0,
            0,
            0
        ]
    ],
    "case": "Posterior Samples",
    "dim": 5,
    "samples": [
        [
            0.5932551981572322,
            0.6895317306962616,
            -0.7817629423350878,
            1.1753055193479625,
            1.2227764684714892
        ],
        [
            -0.7144507993168238,
            -0.08579460112006654,
            -1.2863943752257225,
            0.10813036922321562,
            0.39782271895998733
        ],
        [
            0.9656437572459841,
            0.5562581432165135,
            2.825199736465255,
            1.1606270491904989,
            0.3007096351113461
        ],
        [
            0.8494060417702661,
            -0.725977757411375,
            0.49539250850821914,
            0.012618007985034152,
            -0.6115510958630049
        ]
    ]
}