{
    "sampler": "HMC",
    "value": 30,
    "means_array": [
        [
            0.0,
            0.0
        ]
    ],
    "case": "Warmup Samples",
    "dim": 2,
    "samples": [
        [
            -3.235871902562728,
            10.635898064012933
        ],
        [
            10.438579186638846,
            23.58168692407595
        ],
        [
            -69.8551501634523,
            79.89316560288681
        ],
        [
            21.178406443004537,
            24.477957668126702
        ]
    ]
}