{
    "run_id": 1,
    "case": "unimodal",
    "dim": 30,
    "low": [
        -90,
        -90,
        -90,
        -90,
        -90,
        -80,
        -80,
        -80,
        -80,
        -80,
        -70,
        -70,
        -70,
        -70,
        -70,
        -60,
        -60,
        -60,
        -60,
        -60,
        -50,
        -50,
        -50,
        -50,
        -50,
        -40,
        -40,
        -40,
        -40,
        -40
    ],
    "high": [
        110,
        110,
        110,
        110,
        110,
        120,
        120,
        120,
        120,
        120,
        130,
        130,
        130,
        130,
        130,
        140,
        140,
        140,
        140,
        140,
        150,
        150,
        150,
        150,
        150,
        160,
        160,
        160,
        160,
        160
    ],
    "means_array": [
        [
            10,
            10,
            10,
            10,
            10,
            20,
            20,
            20,
            20,
            20,
            30,
            30,
            30,
            30,
            30,
            40,
            40,
            40,
            40,
            40,
            50,
            50,
            50,
            50,
            50,
            60,
            60,
            60,
            60,
            60
        ]
    ],
    "samples": [
        {
            "posterior": [
                -36.21587489837158,
                68.56014239831481,
                5.235347274437302,
                -25.012507711930766,
                89.09375052923014,
                35.79055939865219,
                -48.862278269567696,
                -6.088174942885445,
                -6.769918203227007,
                19.156694795067835,
                72.6427682519693,
                19.33589169127221,
                -18.617084833622528,
                19.640238059597465,
                -68.93358591581709,
                -27.958216232191916,
                50.49879201436961,
                47.479945197512535,
                94.589716241981,
                99.99396216767346,
                -29.404427146257284,
                51.805323580915385,
                -44.10050821684766,
                18.35285309416996,
                32.66998100480217,
                17.38479596972914,
                84.25994939945977,
                91.81469120575261,
                40.58022768796924,
                5.170412627482115
            ]
        }
    ]
}