{
    "sampler": "Metro",
    "value": 30,
    "means_array": [
        [
            0.0,
            0.0,
            0.0,
            0.0,
            0.0,
            0.0,
            0.0,
            0.0,
            0.0,
            0.0,
            0.0,
            0.0,
            0.0,
            0.0,
            0.0,
            0.0,
            0.0,
            0.0,
            0.0,
            0.0,
            0.0,
            0.0,
            0.0,
            0.0,
            0.0,
            0.0,
            0.0,
            0.0,
            0.0,
            0.0
        ]
    ],
    "case": "Posterior Samples",
    "dim": 30,
    "samples": [
        [
            -0.9363374152319153,
            -0.8740193940722478,
            0.7876961299448835,
            0.31045828336143444,
            -0.4803055931293048,
            0.6230270412117243,
            0.40228562834700204,
            -1.746529148463098,
            1.148431084159123,
            0.8840009292170974,
            -0.5996981835806731,
            -2.222236242748848,
            -2.0841756404012703,
            2.2118459914679995,
            -2.1154820572651905,
            0.5483451398448751,
            -0.32724458219431735,
            0.21140903092783847,
            -0.7002822403036344,
            0.527548728073113,
            -0.2953926041813473,
            -0.6197089756284662,
            -0.45850025740815453,
            0.9135032712526059,
            1.899731784366344,
            0.34461768881503213,
            -0.20255106422221902,
            -1.6713426518855958,
            -0.5935140143592224,
            -0.9838498337438678
        ],
        [
            0.03130219126865352,
            -0.45234765432854396,
            -0.03644672194189458,
            -0.3687864978506219,
            1.2471266337818703,
            -1.1190594757028287,
            0.5179716329077906,
            1.2104869742101512,
            2.188835214704442,
            0.33212670745403694,
            -1.581991125163571,
            -0.3971016488180043,
            -1.8918175070210927,
            1.367911538948352,
            -0.16800871295646846,
            0.627444828860629,
            0.7774514579417502,
            1.7499649722665285,
            1.235235604872294,
            -0.7184517397328367,
            0.3371256575290994,
            0.5113844864198798,
            -1.9266765317538448,
            1.0296585897033208,
            0.31462366434184275,
            -0.51907829576977,
            -1.8072234845108823,
            -0.5524840499238646,
            -0.5022034032828838,
            0.7839783216106789
        ],
        [
            1.3035237771729071,
            -0.7639254716906408,
            -0.7274571121433993,
            -1.5041695758769342,
            0.885052642460586,
            -2.82375040759991,
            -0.48942159998735757,
            1.2516235468369934,
            -0.2922945504022498,
            -2.3638318155676235,
            -0.9077210906819286,
            -0.5372352782403597,
            0.7933170853307175,
            1.0323063918563626,
            0.8370632754459023,
            -0.8691121872067442,
            -0.8869854416798668,
            -0.5533569483931378,
            1.0976845484825215,
            -2.3908371807542146,
            0.23366220547902627,
            -0.02971126568426552,
            -0.8246105791522192,
            -0.8735119506156606,
            0.7406644872254744,
            0.8683440749259151,
            0.5420593851151801,
            0.1289881422639163,
            -1.057617347658478,
            1.2648879942819704
        ],
        [
            -0.050967287244652715,
            1.7411296623413586,
            0.2809387202638305,
            -0.48075483156314447,
            -0.12096628348308691,
            0.5379472007506184,
            1.2076381992776353,
            0.4845426304939411,
            0.8652815678168737,
            0.4106258064369084,
            -1.3796364058975494,
            1.5547819317020606,
            0.6331924311461142,
            1.013582676174778,
            -0.8959508447394882,
            1.337816984132345,
            0.34668458785417533,
            -1.6821133713820613,
            -0.6313027154549757,
            -0.26131123082436325,
            -0.32712188084528393,
            -1.2936312137030987,
            1.1646182053988738,
            0.584447179001669,
            1.6150388827792106,
            -0.29673313672319024,
            -0.7685476383743032,
            -0.112657336310936,
            -1.1875387325322362,
            0.06368360324808586
        ]
    ]
}