{
    "component_types": [
        "MvNormal",
        "MvNormal"
    ],
    "component_params": [
        {
            "mu": [
                -3.815756807953044,
                0.0
            ],
            "cov": [
                [
                    1.0,
                    0.3
                ],
                [
                    0.3,
                    1.0
                ]
            ]
        },
        {
            "mu": [
                3.815756807953044,
                0.0
            ],
            "cov": [
                [
                    1.0,
                    0.3
                ],
                [
                    0.3,
                    1.0
                ]
            ]
        }
    ],
    "weights": [
        0.5,
        0.5
    ]
}