{
    "sampler": "Metro",
    "value": 0.995,
    "means_array": [
        [
            0.0,
            0.0
        ]
    ],
    "case": "Warmup Samples",
    "dim": 2,
    "samples": [
        [
            -87.13176843283537,
            12.438052885044954
        ],
        [
            -90.58219190127774,
            -91.3247251563406
        ],
        [
            -21.584913969181052,
            1.279282983688617
        ],
        [
            -49.993398510412305,
            62.14472884176321
        ]
    ]
}