{
    "sampler": "Metro",
    "value": 5,
    "means_array": [
        [
            0.0,
            0.0,
            0.0,
            0.0,
            0.0
        ],
        [
            12.0,
            0.0,
            0.0,
            0.0,
            0.0
        ]
    ],
    "case": "Warmup Samples",
    "dim": 5,
    "samples": [
        [
            15.235595621732573,
            -7.360616765402602,
            27.758500897077063,
            16.942247029091206,
            17.247675833437583
        ],
        [
            14.15719229776155,
            1.3077352862743494,
            12.093290882241341,
            17.25250959703859,
            20.63619948027692
        ],
        [
            18.807284349353324,
            12.385018198667037,
            5.78782865662199,
            1.7958076259131583,
            -16.271393568513613
        ],
        [
            -15.419143191436797,
            13.39535498856714,
            -16.647214584385033,
            0.6944440385404111,
            -5.483551112867972
        ]
    ]
}