mu,global_median_wasserstein_distance,global_median_runtime,global_median_ess,global_median_ess_per_sec,global_median_r_hat,global_median_mmd_rff,global_q25_wasserstein_distance,global_q25_runtime,global_q25_ess,global_q25_ess_per_sec,global_q25_r_hat,global_q25_mmd_rff,global_q75_wasserstein_distance,global_q75_runtime,global_q75_ess,global_q75_ess_per_sec,global_q75_r_hat,global_q75_mmd_rff,ws_mcmc_mean,ws_iid_mean,ws_iid_std,mmd_rff_mcmc_mean,mmd_rff_iid_mean,mmd_rff_iid_std,ws_glass_delta,ws_t_stat,ws_p_value,mmd_rff_glass_delta,mmd_rff_t_stat,mmd_rff_p_value
"(0.0, 0.0, 0.0, -5.059644)",0.7101139994893562,3.8586753606796265,10.68899057089774,2.7765780257094574,1.305253971900494,0.16087936477644815,0.5078841095360818,3.5077542066574097,8.742165634554945,2.3394821995473776,1.2836634164056568,0.11133670439867709,0.8682977120715427,3.8934154510498047,11.900069143029897,3.098967752837914,1.3990740938605333,0.2055287958713302,0.731655195314648,0.06900321711364148,0.014341865276642569,0.16645333527107792,0.01234109219432531,0.0038739209813526037,46.20403032792492,12.970805307452304,1.2309523827979484e-13,39.78197898681541,12.262135122089598,4.875032804274883e-13
