mu,mmd_rff_t_stat,mmd_rff_p_value,mmd_rff_paired_cohens_d
"(0.0, 0.0, 0.0, -5.059644)",12.8159150868563,1.8029244795462517e-13,2.339855262713992
