mu,ws_t_stat,ws_p_value,ws_paired_cohens_d
"(0.0, 0.0, 0.0, -5.059644)",2.1775784168638874,0.037716890636846113,0.39756960655091306
