mu,sampler,wasserstein_distance,r_hat,ess,runtime
0,Metro,0.014108034132671232,1.001759020210641,8938.25671726953,3.514976739883423
2,Metro,0.023524424722532265,1.001759020210641,8938.25671726953,3.5231306552886963
5,Metro,0.02334762248822834,1.001759020210641,8938.25671726953,3.6695570945739746
10,Metro,0.015693754467906548,1.001759020210641,8938.25671726953,3.518714189529419
