run_id,mu,sampler,wasserstein_distance,mmd_rff,swd_zscore,r_hat,ess,runtime
18,"(10, 10, 10, 20, 20, 30, 30, 30, 40, 40)",Metro,0.11093590474013947,0.03226311668532799,35.9200980325904,1.028221578766451,174.29763045397462,2.7345592975616455
