run_id,mu,sampler,wasserstein_distance,mmd_rff,r_hat,ess,runtime
39,"(10.0, 0.0)",Metro,2.5569756587941432,0.2048021614608745,2.3100675066224534,5.051757474029399,5.290046691894531
