run_id,mu,sampler,wasserstein_distance,mmd_rff,r_hat,ess,runtime
31,8,HMC,1.0206738733317284,0.15352033057598952,1.282962460210377,10.700212919162578,1.542536973953247
31,10,HMC,3.7409453369952783,0.4185359109993937,1.4991726157573784,7.462176438143062,1.5718154907226562
31,12,HMC,3.538165912756271,0.3280267617242303,1.001533235743782,3333.1309282828256,1.566471815109253
31,14,HMC,2.8172275688060147,0.22713605290011252,1.733499609342481,6.103393699769916,1.8718962669372559
31,16,HMC,3.195549199576395,0.2162279787373497,1.733892045134804,6.0903405981807435,1.5260071754455566
31,18,HMC,8.160538309394761,0.4998356975422369,1.5294417702842749,7.153366961875366,1.5031769275665283
31,20,HMC,1.0373589371545444,0.056071841961205966,1.5291883309498113,7.181450499990281,1.5299546718597412
31,22,HMC,1.0542055436857756,0.05536180986761334,1.5288379549130626,7.218462138204756,1.804844617843628
31,40,HMC,2.271137316840404,0.0643647624415389,1.5293067401136882,7.172005023742634,1.5366358757019043
