{
    "sampler": "Metro",
    "value": 2.1,
    "means_array": [
        [
            0.0,
            0.0
        ]
    ],
    "case": "Posterior Samples",
    "dim": 2,
    "samples": [
        [
            -0.21894440601602205,
            -0.09145712077722418
        ],
        [
            -0.6406941357287667,
            -1.0246478773713277
        ],
        [
            1.1918024957888054,
            1.15952721333495
        ],
        [
            -0.0972665738518943,
            -0.048686747819071396
        ]
    ]
}