mode_means,sampler,wasserstein_distance,r_hat,ess,chain_seeds,mode_distance
"(0, 8)",DEMetro,0.2517916614861662,1.0410039170208683,113.67873086271537,"[557671, 546075, 246913, 717486]",8
"(0, 10)",DEMetro,0.20728805917073817,1.062414050784346,65.1820314502916,"[557671, 546075, 246913, 717486]",10
"(0, 15)",DEMetro,0.3911374396332278,1.8987520379910212,5.840286851398553,"[557671, 546075, 246913, 717486]",15
"(0, 20)",DEMetro,5.1894567467793395,1.948742138261369,5.5442822588200995,"[557671, 546075, 246913, 717486]",20
