{
    "sampler": "Metro",
    "value": 5,
    "means_array": [
        [
            0.0,
            0.0,
            0.0,
            0.0,
            0.0
        ]
    ],
    "case": "Posterior Samples",
    "dim": 5,
    "samples": [
        [
            1.506764219049253,
            0.03417304470344851,
            0.1624696133700827,
            -0.3689299235020631,
            0.46504038317684104
        ],
        [
            0.3576896112528902,
            -1.3513977945294373,
            -0.5627223690131502,
            -0.14444427593390163,
            -0.6387291216369353
        ],
        [
            -0.0870332285369545,
            -0.858676895102283,
            1.4309902183816827,
            0.4453919340101914,
            -0.8357490689299306
        ],
        [
            1.8947252404173525,
            -0.5229866494391845,
            1.5433597024999741,
            0.7644219953522213,
            0.5291265031610745
        ]
    ]
}