{
    "run_id": 1,
    "case": "unimodal",
    "dim": 10,
    "low": [
        -162.88818521860787,
        -121.22853504681875,
        -186.49809556451874,
        -181.0411827434494,
        -130.34428371160516,
        -182.998887111526,
        -159.85810489829987,
        -115.51400864069005,
        -118.20541351352605,
        -157.45803965623804
    ],
    "high": [
        133.03092865588397,
        110.28419544233637,
        158.02624080802693,
        193.39775709023888,
        136.73297142151895,
        193.85756560224945,
        176.0387364725287,
        106.40992432868879,
        153.40626534227434,
        153.08858027335108
    ],
    "means_array": [
        [
            0.0,
            0.0,
            0.0,
            0.0,
            0.0,
            0.0,
            0.0,
            0.0,
            0.0,
            0.0
        ]
    ],
    "samples": [
        {
            "posterior": [
                -65.12660915537455,
                21.771582178989362,
                -106.91937739989989,
                -102.40211570657723,
                124.40672935277738,
                189.65956505042837,
                -122.35097101321324,
                -87.20862057431495,
                57.919200930997505,
                -109.54833732237891
            ]
        },
        {
            "posterior": [
                18.512611825835677,
                100.60257602534848,
                48.15653582046696,
                79.44777089084218,
                10.393996928029452,
                -89.41176245362801,
                -43.48505737392905,
                -53.52831596858525,
                -57.174741206288104,
                135.78130419571346
            ]
        },
        {
            "posterior": [
                68.63316232477285,
                -63.45423012909215,
                19.53921977350933,
                -110.9367236344489,
                119.07670290877962,
                116.56184431809518,
                132.73588897421848,
                -31.135101528940282,
                -18.919439033478398,
                12.746010695993846
            ]
        },
        {
            "posterior": [
                -157.34855011610935,
                -34.61864109757117,
                116.58666374430999,
                -44.88252852429761,
                116.03524308958706,
                37.39721115505492,
                162.8273136353227,
                -67.39967844531728,
                122.69821777979763,
                13.519563849650268
            ]
        }
    ]
}