mu,mmd_rff_t_stat,mmd_rff_p_value,mmd_rff_paired_cohens_d
0,-4.876632284892651,3.574028584224712e-05,-0.8903471690312215
