mu,ws_t_stat,ws_p_value,ws_paired_cohens_d
0,-5.397508543876269,8.40655552949626e-06,-0.985445727935965
