mu,mmd_rff_t_stat,mmd_rff_p_value,mmd_rff_paired_cohens_d
0,-2.6178843455476044,0.01391574396123133,-0.4779581029986906
