b,sampler,wasserstein_distance,r_hat,ess,runtime
0.5,HMC,0.009623493057550253,1.001486149964416,12473.217016464043,7.522881507873535
1.0,HMC,0.017798261247795905,1.001652709944145,12870.424420014666,6.9669787883758545
2.0,HMC,0.03710138197747429,1.001017085348906,11659.445693159563,7.7210693359375
5.0,HMC,0.08200428925040462,1.0020327969319909,12893.67853379121,7.560352563858032
