{
    "sampler": "HMC",
    "value": 0.3,
    "means_array": [
        [
            0.0,
            0.0
        ],
        [
            13,
            0
        ]
    ],
    "case": "Posterior Samples",
    "dim": 2,
    "samples": [
        [
            -0.28603472841246363,
            -0.696421291027919
        ],
        [
            13.624736274052692,
            0.05440276257930573
        ],
        [
            11.987900436286509,
            -2.933668478450523
        ],
        [
            12.753156932052818,
            -0.47235325723324534
        ]
    ]
}