{
    "sampler": "Metro",
    "value": 5,
    "means_array": [
        [
            0.0,
            0.0,
            0.0,
            0.0,
            0.0,
            0.0,
            0.0,
            0.0,
            0.0,
            0.0,
            0.0,
            0.0,
            0.0,
            0.0,
            0.0,
            0.0,
            0.0,
            0.0,
            0.0,
            0.0,
            0.0,
            0.0,
            0.0,
            0.0,
            0.0,
            0.0,
            0.0,
            0.0,
            0.0,
            0.0
        ]
    ],
    "case": "Warmup Samples",
    "dim": 30,
    "samples": [
        [
            35.692063802482004,
            -32.214671667796665,
            -49.662911090574134,
            -0.2637751109145009,
            -38.98589521369682,
            4.748159093088952,
            30.307158686670245,
            -19.32027202717981,
            51.85987313075336,
            53.92514969053301,
            -35.07403531293267,
            -87.7103792281835,
            98.15227421258255,
            -96.6511695665655,
            24.757230055613025,
            -81.37878466344372,
            -74.14157008891358,
            13.76034653120851,
            -48.2234840721779,
            46.45275448679047,
            92.66142586738376,
            26.655732364030726,
            -79.08950326178234,
            57.291571050378124,
            32.087300916556636,
            45.851958646707814,
            -44.44529762166043,
            -90.20414968940517,
            24.616754153045658,
            90.08485876647431
        ],
        [
            -3.9820925313361495,
            -74.07112838494604,
            -62.480228540643324,
            -87.8727950560208,
            -84.50505031636979,
            -91.66290705862517,
            -41.207624909440646,
            -25.34855673568449,
            -46.04410431858173,
            -47.61275835534605,
            58.74674229011053,
            96.04889446704662,
            2.830069014479957,
            19.16273988175137,
            57.78068140838903,
            80.0888338860521,
            18.104562035739868,
            -64.78892652818503,
            -42.67260253988032,
            24.869128563330285,
            46.42924348967041,
            -56.94722888251676,
            39.2106030631345,
            -17.952798930875495,
            -23.794390637668776,
            42.59358844063997,
            -36.154351422996264,
            96.24165803311962,
            46.17787978672802,
            28.212918280828386
        ],
        [
            67.41353276017806,
            55.130303788710776,
            -88.94098989557813,
            -96.34830687881026,
            -75.52486306468792,
            61.66483493684674,
            -74.06600496648319,
            53.06872444756835,
            40.74898681319504,
            -2.5433476666728483,
            78.34368808473724,
            -28.576773184783026,
            49.57212129500883,
            47.73982898618283,
            1.4666112065055013,
            -52.8236708545285,
            -24.88071062802682,
            -36.711899843906075,
            -3.53020113011665,
            -94.40218350521603,
            14.3908396278393,
            -78.66361858489068,
            65.95707765988894,
            -0.21133092372322304,
            99.26123710071626,
            -16.39117471625573,
            -88.85772867165282,
            -81.44963865435624,
            33.76549185736173,
            -77.09319711955753
        ],
        [
            -73.40224799200026,
            -40.089982989146826,
            70.42057166004791,
            76.56352472115974,
            -14.516351440951441,
            -74.00570441420236,
            22.272002448981173,
            -29.604038889633777,
            -58.45026252769162,
            -42.13829233314325,
            -60.49798913285542,
            39.68292348772565,
            -32.21657593899878,
            46.523200763512314,
            53.957575643793504,
            -20.081527396239906,
            -1.0896056481620684,
            49.13255776830341,
            -73.78813184993153,
            38.970414638938365,
            -33.35250178620902,
            -81.85486484536031,
            -96.69723322139319,
            -26.57284447158709,
            -20.526580275155634,
            15.834112308026155,
            -12.552675479755242,
            -39.050097050042545,
            80.32705937225117,
            -30.29752168034594
        ]
    ]
}