{
    "sampler": "DEMetro_Z",
    "value": 8,
    "means_array": [
        [
            -4.000000002,
            0.0,
            0.0,
            0.0,
            0.0,
            0.0,
            0.0,
            0.0,
            0.0,
            0.0,
            0.0,
            0.0,
            0.0,
            0.0,
            0.0,
            0.0,
            0.0,
            0.0,
            0.0,
            0.0,
            0.0,
            0.0,
            0.0,
            0.0,
            0.0,
            0.0,
            0.0,
            0.0,
            0.0,
            0.0
        ],
        [
            4.000000002,
            0.0,
            0.0,
            0.0,
            0.0,
            0.0,
            0.0,
            0.0,
            0.0,
            0.0,
            0.0,
            0.0,
            0.0,
            0.0,
            0.0,
            0.0,
            0.0,
            0.0,
            0.0,
            0.0,
            0.0,
            0.0,
            0.0,
            0.0,
            0.0,
            0.0,
            0.0,
            0.0,
            0.0,
            0.0
        ]
    ],
    "case": "Posterior Samples",
    "dim": 30,
    "samples": [
        [
            11.47600701416154,
            18.714236386560103,
            16.019997566343804,
            -8.013694727913315,
            -8.266291554420794,
            18.89565097712543,
            -14.427811857020513,
            15.758089806906614,
            27.219563980702304,
            -13.92297917569393,
            -6.1488519286198855,
            -21.49216939411598,
            -27.879529049137258,
            26.575633230393947,
            -11.018889353042757,
            -3.726399578217642,
            17.02992602558148,
            10.949705449638554,
            1.5857224503796545,
            22.699573345840605,
            32.48816624303241,
            -20.79991937284444,
            -22.771683656726417,
            -13.506533108076317,
            20.753832776842387,
            10.358574479028947,
            23.5538189997009,
            12.046988660190433,
            17.687834571999865,
            8.427096559601601
        ],
        [
            -3.121564878359389,
            -5.300078639450244,
            7.480184585816935,
            1.7291020914966917,
            20.964710842349078,
            -13.157942334812887,
            -3.2053450767141114,
            -2.331409554858359,
            10.69567546802001,
            -4.961014045041712,
            -9.92814646668554,
            -24.163334510614387,
            -20.210407893317953,
            -5.103111479952306,
            11.079098398270952,
            -4.744472219933007,
            15.80565144773177,
            5.997668777684192,
            -15.75759214647201,
            4.87126932521919,
            -15.649102105599338,
            9.70481309067737,
            -0.562272710275891,
            -7.055388351749356,
            12.935908172525206,
            -2.901364694049614,
            11.788550858458525,
            8.856954607753359,
            -23.11859736626978,
            6.937816433165643
        ],
        [
            1.098536101028605,
            -14.737442239297007,
            -5.872293235774689,
            7.447654993785661,
            7.957295151651934,
            -8.928156417704045,
            -26.281212524690535,
            -28.621881624718156,
            -5.700452176895019,
            14.161277763072443,
            0.554784596193973,
            6.27148721472503,
            -8.147090766721002,
            -5.265124133343507,
            20.806662590507713,
            8.307684122484792,
            4.6338422250830655,
            19.956183521790894,
            14.969573536474515,
            -4.373560485812298,
            -21.35612953754979,
            17.35527871529805,
            5.561377945947971,
            26.766434739726154,
            -12.26003740222861,
            22.38606771821319,
            2.7434394928777888,
            16.764145696966164,
            -14.717749220689807,
            -17.80229856362903
        ],
        [
            7.992898146624387,
            8.080286466081985,
            -4.169545053597199,
            10.770901684708742,
            -8.228401878413345,
            0.27573615826816633,
            9.322284649363482,
            -6.754183678162131,
            -14.579057026087288,
            -7.278428689175725,
            -9.325823110051635,
            7.543365551142806,
            9.113680532332136,
            18.381148588003946,
            18.026689813810588,
            21.263542704755064,
            24.461277946165893,
            -2.180980427094359,
            -6.35072532262769,
            4.341404536631864,
            20.8532001481134,
            -17.792809384264018,
            7.207516060489743,
            -12.413279504193897,
            -31.173585688838916,
            19.80819880071744,
            24.010749177160484,
            -32.5560474473525,
            18.299898175144993,
            12.570937087467298
        ]
    ]
}