dimension,ws_t_stat,ws_p_value,ws_paired_cohens_d
2,2.9133205291264623,0.014104999575406786,0.8410031958634131
5,5.376087484872554,0.00022468977686854167,1.5519427782890736
10,13.230909293826878,4.2378839099390333e-08,3.819434521207235
15,15.072370365570206,1.0833450093819438e-08,4.351018543943849
30,25.760125924523095,3.486308963718302e-11,7.436307818441033
