dimension,ws_t_stat,ws_p_value,ws_paired_cohens_d
2,5.422789170863025,0.00020929010958328588,1.5654243937781775
5,4.751983683433542,0.0005977761759635738,1.3717795294075326
10,4.907510595936477,0.00046601937193997445,1.416676281807433
15,5.13536812099978,0.0003255754608207826,1.4824530835235228
30,5.614358909687128,0.00015691680391974867,1.6207258139175185
