dimension,ws_t_stat,ws_p_value,ws_paired_cohens_d
2,4.288653830167118,0.0012800354886156103,1.2380277216540527
5,-5.299188068684496,0.00025272542193870265,-1.5297438289707237
10,-12.842687611632746,5.773373231904157e-08,-3.7073645748472193
15,-14.933578935567477,1.194151055990102e-08,-4.310952909207204
30,-26.053842610649014,3.083261687484626e-11,-7.521096522341176
