{
    "run_id": 1,
    "case": "unimodal",
    "dim": 2,
    "low": [
        -100,
        -100
    ],
    "high": [
        100,
        100
    ],
    "means_array": [
        [
            0,
            0
        ]
    ],
    "samples": [
        {
            "posterior": [
                67.11605236914394,
                -54.81226482335442
            ]
        },
        {
            "posterior": [
                -90.6304432581831,
                34.41694370114513
            ]
        },
        {
            "posterior": [
                -34.81410376541237,
                74.91526861630322
            ]
        },
        {
            "posterior": [
                -9.27512288212489,
                -77.06837241138413
            ]
        }
    ]
}