weights,sampler,wasserstein_distance,r_hat,ess,chain_seeds
"(1, 2)",HMC,2.5128148119174347,1.563846087483871,10.472578100875952,"[684495, 283908, 777988, 836896]"
"(3, 4)",HMC,3.0011004437903894,0.9815555655906621,131.80856160273007,"[684495, 283908, 777988, 836896]"
