weights,sampler,wasserstein_distance,r_hat,ess,chain_seeds
"(1, 2)",Metro,1.5016154681962333,1.7690293638825179,8.690495503472608,"[684495, 283908, 777988, 836896]"
"(3, 4)",Metro,0.9114388936173741,1.3082035890063857,13.68853825183327,"[684495, 283908, 777988, 836896]"
