{
    "run_id": 1,
    "case": "unimodal",
    "dim": 8,
    "low": [
        -90.21089191938046,
        -91.59536779994774,
        -121.98591291156839,
        -118.81530106572639,
        -136.39319697424904,
        -114.48290700584117,
        -119.63006708558292,
        -109.06241688503572
    ],
    "high": [
        90.42456678903386,
        98.88173716093002,
        140.78167427425277,
        125.4248753459801,
        175.63269173322084,
        142.4131574157163,
        119.73038008019496,
        115.74867202928846
    ],
    "means_array": [
        [
            0.0,
            0.0,
            0.0,
            0.0,
            0.0,
            0.0,
            0.0,
            0.0
        ]
    ],
    "samples": [
        {
            "posterior": [
                -19.40531699044027,
                -1.555821440390318,
                -93.76259798434278,
                -66.81903767809284,
                57.257224263530304,
                72.32702425933202,
                -74.15962019589183,
                89.48398518591567
            ]
        },
        {
            "posterior": [
                -14.457654477486798,
                27.2866786372487,
                56.539355052691235,
                -77.92851673941291,
                115.03774876477064,
                -95.31986918987467,
                11.36907258645654,
                -56.43921299355569
            ]
        },
        {
            "posterior": [
                -10.81967966532612,
                70.78338077451362,
                91.4206298995465,
                -115.34623921001861,
                -3.342575680184723,
                87.95250166239337,
                12.0625638792758,
                42.54856835163868
            ]
        },
        {
            "posterior": [
                -61.772045009593384,
                55.259075090666514,
                -7.949125514340167,
                -60.255558902570336,
                87.70962284914063,
                65.45390903412472,
                41.79264405022785,
                44.020278386177964
            ]
        }
    ]
}