{
    "sampler": "Metro",
    "value": 12,
    "means_array": [
        [
            -6.0,
            0.0
        ],
        [
            6.0,
            0.0
        ]
    ],
    "case": "Posterior Samples",
    "dim": 2,
    "samples": [
        [
            -7.872657416929322,
            -1.826807350750356
        ],
        [
            -4.876848301369756,
            0.9884492183428322
        ],
        [
            5.194132087688333,
            -0.7041629504209843
        ],
        [
            -7.224612286895162,
            -0.32908942074462066
        ]
    ]
}