run_id,mu,sampler,wasserstein_distance,mmd_rff,r_hat,ess,runtime
35,"(10.0, 0.0)",HMC,1.921102980402118,0.24773768427596346,2.839926262111368,4.600443273115763,8.011018753051758
