run_id,mu,sampler,wasserstein_distance,mmd_rff,r_hat,ess,runtime
35,"(10.0, 0.0)",Metro,1.9979017284690048,0.21667914722080142,1.924339216776437,5.642214216033236,5.7782299518585205
