correlation,global_median_wasserstein_distance,global_median_r_hat,global_median_ess,global_median_runtime,global_median_mmd_rff,global_q25_wasserstein_distance,global_q25_r_hat,global_q25_ess,global_q25_runtime,global_q25_mmd_rff,global_q75_wasserstein_distance,global_q75_r_hat,global_q75_ess,global_q75_runtime,global_q75_mmd_rff,ws_mcmc_mean,ws_iid_mean,ws_iid_std,mmd_rff_mcmc_mean,mmd_rff_iid_mean,mmd_rff_iid_std,ws_dist_glass_delta,mmd_rff_glass_delta
0.0,0.1373119716340122,,,5.002777099609375,0.017861467426886837,0.12017342242386295,,,4.888285160064697,0.016308564418350678,0.1971753150161102,,,5.109522342681885,0.02666444888662996,0.1657951677486447,0.09413122270366044,0.01595615584697815,0.02269485306102481,0.014445356709528684,0.0028175285810480588,4.491303903788099,2.9279193144608655
0.99,0.3652592476818139,,,5.985306739807129,0.0700070790928484,0.2561624675697693,,,5.882473707199097,0.046491607317386954,0.4045026385596099,,,6.689748644828796,0.0995264876028562,0.31869032152564813,0.12683461650853,0.034972646128116854,0.07400970358254598,0.012586829848657307,0.005341782657691798,5.485879001385385,11.498572231396194
