run_id,mu,sampler,wasserstein_distance,mmd_rff,r_hat,ess,runtime
44,"(10, 10)",HMC,0.7253144241560372,0.060902447708435156,2.208535677078851,5.099685704477344,3.0514349937438965
44,"(2, 2)",HMC,0.4621506048353144,0.0678878132213489,1.399594477577368,8.546920395509483,3.219244956970215
44,"(20, 20)",HMC,1.6307903093389668,0.0881353343106767,1.9350431551259304,5.544650297241543,3.4232330322265625
44,"(40, 40)",HMC,6.6878577632960665,0.1265242195043779,1.9174044029702428,5.577296033419491,3.0622363090515137
44,"(5, 5)",HMC,1.0557719408338846,0.20722839347651836,1.7415068195295638,6.112805470218329,3.5286755561828613
