mu,mmd_rff_t_stat,mmd_rff_p_value,mmd_rff_paired_cohens_d
"(0, 0)",6.313684408040965,6.761302453824762e-07,1.1527157904175627
