mu,var_rmse_t_stat,var_rmse_p_value,var_rmse_paired_cohens_d
"(0, 0)",4.101464480137186,0.0003035183375675017,0.7488215381924453
