mu,ws_t_stat,ws_p_value,ws_paired_cohens_d
"(0, 0)",7.704392799131462,1.7021622104416776e-08,1.40662324265489
