mu,var_rmse_t_stat,var_rmse_p_value,var_rmse_paired_cohens_d
"(0, 0)",-2.831175252117948,0.008341007968642221,-0.5168995166117919
