mu,mean_rmse_t_stat,mean_rmse_p_value,mean_rmse_paired_cohens_d
"(0, 0)",4.87479058639762,3.592362835188455e-05,0.8900109224279377
