{
    "sampler": "DEMetro_Z",
    "value": 0.99,
    "means_array": [
        [
            0.0,
            0.0
        ]
    ],
    "case": "Warmup Samples",
    "dim": 2,
    "samples": [
        [
            -87.87113895275003,
            12.438052885044954
        ],
        [
            -90.58185171766172,
            -92.08652070330234
        ],
        [
            -22.126205632170308,
            1.2780270397285858
        ],
        [
            -50.73747646330777,
            62.99604915130013
        ]
    ]
}