{
    "sampler": "Metro",
    "value": 18,
    "means_array": [
        [
            0.0,
            0.0,
            0.0,
            0.0,
            0.0,
            0.0,
            0.0,
            0.0,
            0.0,
            0.0,
            0.0,
            0.0,
            0.0,
            0.0,
            0.0,
            0.0,
            0.0,
            0.0,
            0.0,
            0.0,
            0.0,
            0.0,
            0.0,
            0.0,
            0.0,
            0.0,
            0.0,
            0.0,
            0.0,
            0.0
        ],
        [
            18.0,
            0.0,
            0.0,
            0.0,
            0.0,
            0.0,
            0.0,
            0.0,
            0.0,
            0.0,
            0.0,
            0.0,
            0.0,
            0.0,
            0.0,
            0.0,
            0.0,
            0.0,
            0.0,
            0.0,
            0.0,
            0.0,
            0.0,
            0.0,
            0.0,
            0.0,
            0.0,
            0.0,
            0.0,
            0.0
        ]
    ],
    "case": "Warmup Samples",
    "dim": 30,
    "samples": [
        [
            11.635471027876187,
            17.98454543527544,
            81.31294371587614,
            90.88803198461964,
            27.513319525075666,
            -23.932466492563723,
            -28.931705842362586,
            -54.081662835170896,
            -50.35289749716791,
            -78.15558283474644,
            107.14161720329489,
            73.63981681805039,
            -73.24934287377421,
            -90.37522775489042,
            42.23702906101773,
            -46.530077331579356,
            56.63246592611253,
            -6.018358031557369,
            -54.931689881771526,
            -39.11560710188623,
            -31.505987240695394,
            58.75657614004964,
            -7.374871166594787,
            52.27300328093553,
            -121.41561002753129,
            -110.18885932009186,
            -52.7202653269335,
            25.33664269364256,
            -76.12562381972461,
            103.65172762658744
        ],
        [
            -15.77775772779094,
            16.362450510644695,
            90.70880592732186,
            -46.5946487018792,
            49.03042052031777,
            -44.520753475873065,
            62.884079555635964,
            -84.77900880788377,
            61.417785352588155,
            -68.61359069657011,
            -129.5150291251183,
            109.41940094542566,
            -69.90603433858156,
            -46.07749464245144,
            -35.265987354896424,
            -95.10812042432336,
            1.2040532045622219,
            59.39263992366009,
            -47.44354796786804,
            25.918465347398104,
            -103.99511228630894,
            -16.622849244546163,
            95.54978814835641,
            -84.32861819864235,
            106.88347622104718,
            -94.0419770039302,
            68.72973702825037,
            45.40773091057729,
            -44.325456763106246,
            97.33516592321917
        ],
        [
            -75.2570982856428,
            -98.40048254553625,
            47.98995234792333,
            -17.654021417788538,
            -56.39480294686608,
            -144.95846990756925,
            5.987407433825602,
            -104.75063800018505,
            98.73170604623687,
            127.05250767391736,
            -87.97461484759674,
            30.73011134583343,
            88.5912950935592,
            -69.69413114069633,
            22.776097942922934,
            99.25064991103835,
            -38.564496619745256,
            -21.797068634975712,
            -24.50995320186122,
            -25.914117006992306,
            99.54202151668264,
            -22.579877579108334,
            -79.91762240270126,
            -115.38256967423133,
            -36.06085816564497,
            122.40672419961972,
            50.07338073719613,
            79.49220500116564,
            -69.31742766698281,
            -3.184536808141412
        ],
        [
            117.57400284372227,
            -30.532488248713427,
            111.43467588777499,
            -45.270033010057205,
            85.92537842033414,
            -116.89268188235323,
            48.19480025468397,
            21.546286905631085,
            -95.29009560807879,
            -96.35372528807352,
            79.24991887365152,
            -133.64490988742642,
            -0.1725648388275728,
            42.83272508594905,
            68.19564659775592,
            -29.2305291014881,
            -76.51722349953327,
            -40.883122737920274,
            72.14817422879042,
            -52.18765060544092,
            65.36485466283425,
            -88.52748545713898,
            95.05882935455965,
            119.80418083808655,
            93.95703131801551,
            -50.69198960074414,
            -46.38912190572544,
            34.023805531241855,
            -19.981284345588953,
            -41.307239334930415
        ]
    ]
}