run_id,mu,sampler,wasserstein_distance,mmd_rff,r_hat,ess,runtime
23,"(10.0, 0.0)",SMC,0.1348653315381597,0.014568413139260248,1.0004603291840302,7243.831542775556,9.723756551742554
