run_id,mu,sampler,wasserstein_distance,mmd_rff,r_hat,ess,runtime
11,"(10, 10)",SMC,0.12977527502564268,0.015997534290799486,1.0002739526479525,7824.311980568543,3.3292078971862793
11,"(2, 2)",SMC,0.15055972556282013,0.030480784337371957,1.000241839994616,7539.10851446838,2.446953535079956
11,"(20, 20)",SMC,0.1663631143503813,0.015506564375953142,1.000252369046183,7419.986733065096,4.384420156478882
11,"(40, 40)",SMC,0.09008451004527199,0.011839810661435229,0.9999359755138097,7901.528299425112,6.606075286865234
11,"(5, 5)",SMC,0.06091987205556644,0.013341017704258457,1.0001536774409328,7625.600097260418,3.6625540256500244
