run_id,dimension_corr,sampler,wasserstein_distance,mmd_rff,r_hat,ess,runtime
63,2,SMC,0.046178533244463214,0.025912607124543796,1.0018975227955411,4132.0968109976175,1.3013532161712646
63,5,SMC,0.028938209538721747,0.02194783948018616,1.000451958261392,3819.408532311874,1.9688434600830078
63,10,SMC,0.027276369103245827,0.02175895634369815,1.0011036645008784,3643.6645585857905,2.2236366271972656
63,15,SMC,0.02754685688061907,0.0216738037430137,1.001290940642615,3567.5179774082167,2.9074389934539795
63,20,SMC,0.024023189337265296,0.022315020528518685,1.0014955212710068,3450.620582338899,3.005263328552246
