run_id,mu,sampler,wasserstein_distance,mmd_rff,swd_zscore,r_hat,ess,runtime
1,"(10, 10)",DEMetro,0.32593083984830457,0.05425336227067079,5.901591440937422,1.0474010695175668,223.4901181170083,3.800152540206909
1,"(20, 20)",DEMetro,11.08472779180965,0.5625270787421306,133.88676947681245,1.007720215380515,662.6953399257981,3.5035274028778076
1,"(5, 5)",DEMetro,0.22703623727573366,0.05522589736912006,10.421646323451126,1.0197277186370157,285.79247421032983,3.5785140991210938
1,"(50, 10)",DEMetro,9.423819455893897,0.2604507911245856,74.52804289100149,1.635416277671755,10.097918883732673,3.4901316165924072
