{
    "sampler": "HMC",
    "value": 10,
    "means_array": [
        [
            0.0,
            0.0,
            0.0,
            0.0,
            0.0,
            0.0,
            0.0,
            0.0,
            0.0,
            0.0
        ]
    ],
    "case": "Warmup Samples",
    "dim": 10,
    "samples": [
        [
            72.80246525648482,
            -103.96591058621672,
            -58.685174928999984,
            -96.45362797743874,
            7.0311562779255565,
            -75.38086550442614,
            -34.134618761736455,
            -56.416092680579624,
            -49.662321672257754,
            72.13463766023267
        ],
        [
            -36.022078695448805,
            -28.451513315122693,
            1.965584424203076,
            59.16913410405375,
            37.63163919145866,
            -22.030104290344386,
            -103.35741592131295,
            71.84801659676364,
            60.87708440891257,
            -10.180753907826368
        ],
        [
            79.99645456758225,
            -38.21759965561861,
            -17.100581117685845,
            -25.6122762327209,
            -9.140235770927042,
            57.013827680648845,
            -60.90963726974001,
            -41.67431355815542,
            51.02515213191354,
            52.144662454157185
        ],
        [
            -0.46978787836477937,
            -45.125470095912085,
            -52.97301142817875,
            25.50529901310229,
            77.28922471820218,
            -20.15550137341114,
            7.152968511742786,
            -10.907564870894062,
            -69.83588914054506,
            7.1388952073640075
        ]
    ]
}