run_id,mu,sampler,wasserstein_distance,mmd_rff,r_hat,ess,runtime
67,8,HMC,0.18517609736516197,0.03220232117375415,1.3126933779068726,9.901312849679163,1.2852952480316162
67,10,HMC,0.4610459351723528,0.047859930463226896,1.5282539152395338,7.276227022522952,1.3196685314178467
67,12,HMC,2.2921099838916454,0.20775989267727976,1.7374857153516345,6.127457403883509,1.605905294418335
67,14,HMC,2.7093076231902002,0.21135405168100996,1.7371013162409759,6.122618474094244,1.2950141429901123
67,16,HMC,7.185714956159071,0.49763650253714514,1.5281112849076501,7.327555330492525,1.298525094985962
67,18,HMC,3.490066323485682,0.2222138692307954,1.7335900908866924,6.151340665775802,1.6168959140777588
67,20,HMC,3.9748853471109835,0.22047212729537716,1.7365819285401902,6.128018162273009,1.3334743976593018
67,22,HMC,4.475917239543623,0.23001889469708514,1.7329573863915304,6.175670259773257,1.3097319602966309
67,40,HMC,2.1322964570959435,0.06273220461825468,1.5286818741615826,7.241284015450122,1.675203800201416
