b,sampler,wasserstein_distance,r_hat,ess,runtime
0.5,DEMetro,0.022085762095842048,1.0065001940717302,1732.917784192777,2.111494779586792
1.0,DEMetro,0.039106308617484396,1.0101283562174133,1893.9421073667083,2.0532665252685547
2.0,DEMetro,0.09872513617713505,1.005542930495936,1734.3914690960783,2.0009617805480957
5.0,DEMetro,0.15275899212451066,1.01669901866046,1615.8228360231199,2.020031452178955
