{
    "run_id": 1,
    "case": "unimodal",
    "dim": 30,
    "low": [
        -290.384777883767,
        -753.6709167634594,
        -193.50125036891149,
        -528.9492413898545,
        -110.10266521452857,
        -153.93812451520162,
        -126.13987297115926,
        -117.5914938835385,
        -249.28151690459052,
        -334.878631810043,
        -371.54148389808563,
        -257.0497150681356,
        -157.33590851245694,
        -233.63124926152574,
        -758.1368962513375,
        -173.0785842128181,
        -260.0544531922649,
        -264.19576374970484,
        -296.5067572368686,
        -121.43933841319858,
        -211.82960170877078,
        -306.21649972051404,
        -364.4214632738484,
        -339.7986348626698,
        -181.58707599624603,
        -213.20396579366474,
        -293.6100991268891,
        -392.55930988980197,
        -202.22722975870752,
        -880.5275135630741
    ],
    "high": [
        191.68153435243107,
        430.2531848409061,
        156.03190379909174,
        340.92477708310463,
        121.46935397727478,
        201.1752740058074,
        166.32908185535547,
        136.38101635055364,
        204.97702013385697,
        207.67058501820392,
        495.31582255064944,
        393.2338217705536,
        200.2302191472678,
        296.0879366843317,
        429.0011490713407,
        179.31420178107115,
        170.28976538277166,
        177.5518387607536,
        425.00443650872245,
        96.04439059497244,
        242.56719140605838,
        249.6904565389725,
        490.18968875182,
        608.234915140434,
        224.7007602595765,
        339.05860539109267,
        439.96234995810556,
        253.27313278304356,
        140.94739065972243,
        477.18138452693995
    ],
    "means_array": [
        [
            0.0,
            0.0,
            0.0,
            0.0,
            0.0,
            0.0,
            0.0,
            0.0,
            0.0,
            0.0,
            0.0,
            0.0,
            0.0,
            0.0,
            0.0,
            0.0,
            0.0,
            0.0,
            0.0,
            0.0,
            0.0,
            0.0,
            0.0,
            0.0,
            0.0,
            0.0,
            0.0,
            0.0,
            0.0,
            0.0
        ]
    ],
    "samples": [
        {
            "posterior": [
                -286.84481560285406,
                -56.09252721208418,
                149.83409089226092,
                72.15591434948328,
                49.32199510725624,
                174.17978783071155,
                -8.796707708431455,
                77.0104978089403,
                -2.447474428122547,
                -271.4307687310759,
                -85.90103744552351,
                334.10235375407206,
                66.2816756669597,
                209.50301950727624,
                -157.9198915063181,
                -87.64755973502503,
                -0.38721863718598115,
                54.429229937641935,
                59.69771635451207,
                13.298834984257212,
                177.88747418533939,
                -193.70053752242194,
                -149.10071236298143,
                595.5253359398241,
                -149.6265926396349,
                -196.19957858377214,
                266.2494189260279,
                -130.4471283395851,
                -87.82021095206103,
                -456.2359031957623
            ]
        }
    ]
}