{
    "sampler": "Metro",
    "value": 3,
    "means_array": [
        [
            0.0,
            0.0
        ]
    ],
    "case": "Warmup Samples",
    "dim": 2,
    "samples": [
        [
            -47.05722140473637,
            39.927872021529154
        ],
        [
            38.23160862519959,
            -8.577827238083692
        ],
        [
            4.642072888247452,
            13.843009750662937
        ],
        [
            -46.164578498916995,
            12.917477181502285
        ]
    ]
}