{
    "run_id": 1,
    "case": "multimodal",
    "dim": 2,
    "means_array": [
        [
            0.0,
            0.0
        ],
        [
            13.0,
            0.0
        ]
    ],
    "min_mode": [
        0.0,
        0.0
    ],
    "max_mode": [
        13.0,
        0.0
    ],
    "border": [
        20.701580391920004,
        20.0
    ],
    "low": [
        -24.702293922398553,
        -29.774415627865434
    ],
    "high": [
        37.40244725336146,
        30.225584372134566
    ],
    "samples": [
        {
            "posterior": [
                37.13810662480642,
                26.77487283129261
            ]
        }
    ]
}