run_id,mu,sampler,wasserstein_distance,mmd_rff,r_hat,ess,runtime
10,"(0, 0, 0, 0, 0)",Metro,0.11878901588838378,0.08455508976584263,1.0637357986898495,45.65805664671478,1.3023552894592285
