{
    "run_id": 1,
    "case": "unimodal",
    "dim": 10,
    "low": [
        -162.88818521860787,
        -121.22853504681875,
        -186.49809556451874,
        -181.0411827434494,
        -130.34428371160516,
        -182.998887111526,
        -159.85810489829987,
        -115.51400864069005,
        -118.20541351352605,
        -157.45803965623804
    ],
    "high": [
        133.03092865588397,
        110.28419544233637,
        158.02624080802693,
        193.39775709023888,
        136.73297142151895,
        193.85756560224945,
        176.0387364725287,
        106.40992432868879,
        153.40626534227434,
        153.08858027335108
    ],
    "means_array": [
        [
            0.0,
            0.0,
            0.0,
            0.0,
            0.0,
            0.0,
            0.0,
            0.0,
            0.0,
            0.0
        ]
    ],
    "samples": [
        {
            "posterior": [
                -74.56680114165805,
                105.34434287847056,
                -159.0511268523014,
                123.35963323568595,
                64.68527828683872,
                154.55241130479774,
                -134.70089634180187,
                18.373074629810603,
                145.056605217849,
                22.96271906707102
            ]
        }
    ]
}