{
    "sampler": "DEMetro_Z",
    "value": 0.95,
    "means_array": [
        [
            0.0,
            0.0
        ]
    ],
    "case": "Posterior Samples",
    "dim": 2,
    "samples": [
        [
            -0.5443975003914359,
            -0.4920915746100517
        ],
        [
            -0.28541367791880584,
            0.12873657542187095
        ],
        [
            0.36873353510196993,
            0.7647708638707121
        ],
        [
            1.0757270751898456,
            1.0077585949270647
        ]
    ]
}