run_id,alpha,sampler,wasserstein_distance,mmd_rff,r_hat,ess,runtime
60,0,Metro,0.08172247882198609,0.04282598966926797,1.0025712895230514,825.3999593046811,0.9939703941345215
60,2,Metro,0.01650498692003551,0.004495228177621905,1.0066972326137162,893.5584717305597,1.4572210311889648
60,4,Metro,0.018428424570519415,0.008402193131712591,1.0093958815155,845.3062804518174,1.1908557415008545
60,6,Metro,0.036582390514262826,0.021118599196658323,1.0106343070024215,741.932745537647,1.4762096405029297
60,8,Metro,0.023420744222383397,0.0019018298823284536,1.0099265430221973,751.0776231318267,1.171499490737915
60,10,Metro,0.04734907802910699,0.030671109497993433,1.011579357598661,603.6041299616022,1.4770073890686035
60,80,Metro,0.01672042132178201,0.00884464580171332,1.0087083046781649,618.2242038581753,1.1599712371826172
60,100,Metro,0.03460150641700436,0.016853740960522653,1.0121434568976508,547.0472368765031,1.4038002490997314
