run_id,alpha,sampler,wasserstein_distance,mmd_rff,r_hat,ess,runtime
60,0,SMC,0.15168887375889137,0.09944040016657342,1.0816933655353076,136.93014895742905,0.754547119140625
60,2,SMC,0.11598554264620538,0.07177093739726262,1.0707956609134952,86.38839400498604,0.7573273181915283
60,4,SMC,0.12223131126801917,0.07586565308216657,1.1191724919099195,63.41580082452137,0.7903590202331543
60,6,SMC,0.12359214128967902,0.08067063712566987,1.0997717939338545,49.15908932927021,0.777580976486206
60,8,SMC,0.12232737523181453,0.07913460350711714,1.1049581129916533,55.399395917858,0.8284480571746826
60,10,SMC,0.18233454831176235,0.12475409538504993,1.104565172486684,50.36660745063014,0.7876186370849609
60,80,SMC,0.17420100553731532,0.11675435604211955,1.1687400678628186,33.94882249221762,2.169311761856079
60,100,SMC,0.15436787528285004,0.10010620583617956,1.1606373512255357,33.91990058137808,0.781383752822876
