{
    "sampler": "Metro",
    "value": 10,
    "means_array": [
        [
            0.0,
            0.0,
            0.0,
            0.0,
            0.0,
            0.0,
            0.0,
            0.0,
            0.0,
            0.0
        ],
        [
            0.2718240998216898,
            2.6325122412127158,
            -2.5729447711414966,
            4.036845763984289,
            -2.3667849154981346,
            7.995721877938209,
            4.811296877835691,
            -12.769414154141954,
            -11.109569253282574,
            -3.6629958743296394
        ]
    ],
    "case": "Posterior Samples",
    "dim": 10,
    "samples": [
        [
            1.4051483548758,
            -0.2737402191630922,
            0.3800470619620291,
            -0.35989552638582656,
            0.1651992948787424,
            0.9855447535011523,
            0.9253640611149034,
            -1.173846201548152,
            -0.051200795433056445,
            0.7237932438985655
        ],
        [
            -0.4732001602018143,
            -0.16890841284264896,
            -1.313987178539282,
            -0.6656030449254405,
            -0.6102899044862593,
            -0.21679023765503125,
            0.5256325418401384,
            -2.3817791576232237,
            -0.7943102990153967,
            0.42115506967450766
        ],
        [
            -0.47842550830981245,
            2.120473022349543,
            -2.5533652179517716,
            2.241190484999416,
            -1.4960830895375354,
            8.377032001983093,
            4.803328805725366,
            -12.608560824008515,
            -9.543698162825958,
            -6.2988005025011535
        ],
        [
            0.34060744114726305,
            4.5049389599603025,
            -1.334346623622468,
            3.2687277370376284,
            -1.6648385630782576,
            7.772624514077619,
            5.440957153973778,
            -14.17283469516145,
            -11.14599521657678,
            -1.838626639165449
        ]
    ]
}