run_id,alpha,sampler,wasserstein_distance,mmd_rff,r_hat,ess,runtime
42,0,HMC,0.025172457459403885,0.014790862571710748,1.0001870564097526,1521.6929370492326,1.1111674308776855
42,2,HMC,0.042947166942310856,0.02792320401984155,1.001505802553196,1472.4522857165289,1.3914449214935303
42,4,HMC,0.019658186459550184,0.009585412708561142,1.0050690643659996,977.4795360747312,1.380129337310791
42,6,HMC,0.023123899801978053,0.014334540620802364,1.0034098612024371,902.3801524374901,1.4431407451629639
42,8,HMC,0.015556931018846285,0.005898296257185673,1.001984352342456,1032.63757547865,1.425238847732544
42,10,HMC,0.022942054968233788,0.015292379400908331,1.005325588143163,847.6672358954163,1.4200127124786377
42,80,HMC,0.029188716178512177,0.01939820111767374,1.005663762783083,527.0346962877089,2.0234549045562744
42,100,HMC,0.012288475027747436,0.007177469968468894,1.0022483562722424,536.8795046412272,1.6081206798553467
