{
    "sampler": "HMC",
    "value": 0.5,
    "means_array": [
        [
            10,
            10,
            10,
            10,
            10,
            20,
            20,
            20,
            20,
            20,
            30,
            30,
            30,
            30,
            30,
            40,
            40,
            40,
            40,
            40,
            50,
            50,
            50,
            50,
            50,
            60,
            60,
            60,
            60,
            60
        ]
    ],
    "case": "Posterior Samples",
    "dim": 30,
    "samples": [
        [
            9.246197611940094,
            10.21731617496172,
            8.211551735207106,
            9.239377316342528,
            10.16947884390956,
            19.948645180801098,
            18.780469132966086,
            19.788602861746472,
            19.661788207926335,
            19.908555955690108,
            29.405520250298075,
            29.57480413598107,
            30.34069709680209,
            29.942247085930653,
            29.823307304167447,
            40.36132649894277,
            38.87767512216377,
            38.64021598511046,
            39.34012758016466,
            40.49506189555297,
            48.99304428944506,
            50.384039529412775,
            49.38338550354581,
            50.3752642674942,
            48.93068791587765,
            60.47789114854416,
            59.54898326358615,
            60.879089511809354,
            59.40367356289916,
            59.24447620281612
        ],
        [
            9.273039539868899,
            9.34762683366903,
            9.378835075824222,
            9.573952683345377,
            9.853571156540381,
            20.496932137095936,
            20.013395709965387,
            19.617843354558694,
            20.060324556812503,
            20.692007329526746,
            30.402619577765453,
            29.650501986500796,
            30.26114997259376,
            31.12525075833618,
            31.07897018879127,
            40.512513543708316,
            41.014619242438116,
            41.15153636932012,
            40.22860996113246,
            39.69274757966505,
            51.498414674100246,
            48.52221462890594,
            50.30371839464063,
            49.124471752384764,
            49.71610522716807,
            60.2477218003915,
            59.382396823040295,
            60.36822594191835,
            60.39951920024283,
            61.86761436977857
        ],
        [
            10.261690818250486,
            9.92263782967508,
            9.322337056224136,
            9.76201458533537,
            9.501995008150862,
            19.634200271989517,
            19.69416654055221,
            19.601916084279498,
            20.05553687992324,
            19.827293683792416,
            29.333453627891604,
            29.829461840140752,
            30.120207859363752,
            30.00120455971992,
            28.838789136452064,
            40.29974968391584,
            40.10811528776052,
            39.16967567182962,
            39.823625812186684,
            39.2690025142423,
            50.454426831841474,
            51.25129589306932,
            49.95209191481343,
            49.79977908784107,
            49.35940104645389,
            59.143192282520616,
            59.64424178630679,
            60.69806210306516,
            59.47867261879396,
            58.744838704384385
        ],
        [
            10.419228588513908,
            10.675508538217503,
            11.438744292932258,
            9.500851782091793,
            10.471342765462403,
            19.30775244908068,
            20.420577630302095,
            20.22291237845053,
            20.28097824467926,
            20.354552830943028,
            30.212535415130656,
            30.86635257922617,
            29.737303612523252,
            30.787775359729043,
            31.22871958690795,
            40.14694311885304,
            41.352191570919395,
            40.825443272887604,
            39.854917112560564,
            39.92116938766291,
            50.489199548104615,
            49.64551614035705,
            49.926159470781975,
            47.99430030955275,
            49.3891740434159,
            61.43151911804063,
            59.50109135527879,
            60.46202606180192,
            60.62876930900411,
            60.369677146699374
        ]
    ]
}