{
    "run_id": 1,
    "case": "multimodal",
    "dim": 30,
    "means_array": [
        [
            0.0,
            0.0,
            0.0,
            0.0,
            0.0,
            0.0,
            0.0,
            0.0,
            0.0,
            0.0,
            0.0,
            0.0,
            0.0,
            0.0,
            0.0,
            0.0,
            0.0,
            0.0,
            0.0,
            0.0,
            0.0,
            0.0,
            0.0,
            0.0,
            0.0,
            0.0,
            0.0,
            0.0,
            0.0,
            0.0
        ],
        [
            13.0,
            0.0,
            0.0,
            0.0,
            0.0,
            0.0,
            0.0,
            0.0,
            0.0,
            0.0,
            0.0,
            0.0,
            0.0,
            0.0,
            0.0,
            0.0,
            0.0,
            0.0,
            0.0,
            0.0,
            0.0,
            0.0,
            0.0,
            0.0,
            0.0,
            0.0,
            0.0,
            0.0,
            0.0,
            0.0
        ]
    ],
    "min_mode": [
        0.0,
        0.0,
        0.0,
        0.0,
        0.0,
        0.0,
        0.0,
        0.0,
        0.0,
        0.0,
        0.0,
        0.0,
        0.0,
        0.0,
        0.0,
        0.0,
        0.0,
        0.0,
        0.0,
        0.0,
        0.0,
        0.0,
        0.0,
        0.0,
        0.0,
        0.0,
        0.0,
        0.0,
        0.0,
        0.0
    ],
    "max_mode": [
        13.0,
        0.0,
        0.0,
        0.0,
        0.0,
        0.0,
        0.0,
        0.0,
        0.0,
        0.0,
        0.0,
        0.0,
        0.0,
        0.0,
        0.0,
        0.0,
        0.0,
        0.0,
        0.0,
        0.0,
        0.0,
        0.0,
        0.0,
        0.0,
        0.0,
        0.0,
        0.0,
        0.0,
        0.0,
        0.0
    ],
    "border": [
        86.44604859319364,
        83.37458179324015,
        65.28680320544865,
        52.33848536982069,
        63.825411618624656,
        39.462740287672304,
        54.74465218280602,
        79.57990287441825,
        60.51244985036105,
        63.443412773047285,
        55.03249842999848,
        64.6786914830602,
        53.774422995348296,
        56.643698274409815,
        50.72571997396298,
        61.46831275230511,
        70.67238379085373,
        66.03397344521642,
        73.86965948930772,
        65.46590760004374,
        61.72485989906603,
        67.22950767445842,
        73.3916238985984,
        91.86504597440972,
        77.5179703504914,
        49.569468126469616,
        64.7845765114444,
        46.45362315683997,
        68.66355110228767,
        60.38672634109625
    ],
    "low": [
        -121.38337226350268,
        -107.78621899640275,
        -98.14112793763962,
        -73.72420305381053,
        -84.64980238104897,
        -58.67000657112313,
        -81.88100796288461,
        -113.8756794794867,
        -85.4547886547031,
        -92.88828900688598,
        -79.80200649872256,
        -97.60925172579556,
        -79.7784283429043,
        -75.01981556634586,
        -70.47170712349966,
        -89.05006553081532,
        -97.56689848348088,
        -89.09471235521188,
        -100.04916508914523,
        -104.51643602786787,
        -89.92740967249605,
        -89.37970660983592,
        -102.78443262755675,
        -113.58834933249068,
        -121.17621951535878,
        -73.21584937393764,
        -96.02121267275763,
        -66.96330921549767,
        -102.1897902045493,
        -87.21529929481346
    ],
    "high": [
        137.95477351607823,
        142.3375263833177,
        97.71928167870632,
        83.29125305565154,
        106.826432474825,
        59.71821429189378,
        82.35294858553345,
        124.86402914376805,
        96.08256089638006,
        97.44194931225587,
        85.29548879127289,
        96.42682272338506,
        81.54484064314057,
        94.91127925688359,
        81.7054527983893,
        95.35487272610001,
        114.4502528890803,
        109.00720798043737,
        121.55981337877793,
        91.88128677226334,
        95.24717002470206,
        112.30881641353935,
        117.39043906823844,
        162.0067885907385,
        111.3776915361154,
        75.4925550054712,
        98.33251686157557,
        72.39756025502223,
        103.8008631023137,
        93.94487972847529
    ],
    "samples": [
        {
            "posterior": [
                -59.058588306589186,
                101.83397818879023,
                -73.03190393567225,
                -67.0606219220702,
                16.99954396187964,
                -33.3738470086664,
                -26.85393861031943,
                120.15084971471416,
                -76.0698611490828,
                71.81422951438047,
                -13.084798565415056,
                -48.95678347521147,
                -43.02917561815177,
                2.31484402644017,
                -55.550266112615645,
                75.48397871489595,
                -65.14748636864627,
                76.68252747854477,
                -93.54067933568236,
                57.061037022967795,
                86.45186904705852,
                -25.962517825544303,
                -38.90934781460622,
                32.19653527457828,
                78.76362388676375,
                62.21148071628265,
                -84.58552982977383,
                -7.22417004222158,
                -66.8053892083947,
                -63.887315263395806
            ]
        }
    ]
}