mu,sampler,wasserstein_distance,swd_zscore,r_hat,ess,runtime
"(10, -10)",DEMetro,5.978563673920729,120.53433588347104,1.0330112183460418,227.85611217453192,8.965323686599731
"(20, 20)",DEMetro,11.288562382183656,89.50964212972181,1.1869915013190575,16.319922147314173,16.28264856338501
"(5, 5)",DEMetro,0.7039053198548639,11.500350151329735,1.151242647667762,20.767804657948524,7.550926685333252
"(50, -50)",DEMetro,18.930459464346807,89.57893243452357,1.0261740172708491,239.7090269163551,7.354460954666138
