run_id,alpha,sampler,wasserstein_distance,mmd_rff,r_hat,ess,runtime
23,0,Metro,0.06534480187179202,0.03667266584206121,1.006310292095572,760.7088094049062,1.0051562786102295
23,2,Metro,0.03256922348810928,0.022498292317891477,1.0056342316671858,975.8053709990174,1.127375602722168
23,4,Metro,0.03336261630917922,0.021307910186880604,1.0057822330419235,833.7534911113712,1.4700098037719727
23,6,Metro,0.023598777800656653,0.005836225046081519,1.00462250480212,861.6504705087947,1.1646785736083984
23,8,Metro,0.014313894195475626,0.00503202987066069,1.0065387693082535,758.7339359380069,1.4350454807281494
23,10,Metro,0.013518472680442756,0.003127198345469235,1.007796490731349,770.3555213063796,1.2073593139648438
23,80,Metro,0.025744660266098042,0.018359932278632717,1.0050356890129613,775.1632650042138,1.4792742729187012
23,100,Metro,0.032447190095073936,0.024633166906247075,1.0104815029030574,716.4445463719585,1.1172752380371094
