{
    "sampler": "DEMetro_Z",
    "value": 2,
    "means_array": [
        [
            0.0,
            0.0
        ]
    ],
    "case": "Posterior Samples",
    "dim": 2,
    "samples": [
        [
            -1.8272135561443543,
            -0.992014173625897
        ],
        [
            1.5225174617323314,
            2.432182518784101
        ],
        [
            -0.18078614481489258,
            -0.1206655638819993
        ],
        [
            0.4013201765280941,
            0.40464944596131325
        ]
    ]
}