{
    "sampler": "HMC",
    "value": 0.9,
    "means_array": [
        [
            0.0,
            0.0,
            0.0,
            0.0,
            0.0,
            0.0,
            0.0,
            0.0,
            0.0,
            0.0,
            0.0,
            0.0,
            0.0,
            0.0,
            0.0,
            0.0,
            0.0,
            0.0,
            0.0,
            0.0,
            0.0,
            0.0,
            0.0,
            0.0,
            0.0,
            0.0,
            0.0,
            0.0,
            0.0,
            0.0
        ]
    ],
    "case": "Warmup Samples",
    "dim": 30,
    "samples": [
        [
            -2.8609128377272586,
            -0.9663073220489845,
            7.5080043762172926,
            3.3841793925876993,
            9.452069401920745,
            -6.290800710544421,
            2.9604256666515187,
            -3.6949121323274063,
            -2.5094066459513638,
            8.402855670664092,
            -3.1250569739209357,
            6.511945461052913,
            -3.7508293511685813,
            -2.3023358065135255,
            -2.9256973529066794,
            -3.9933358583984195,
            10.919297759702003,
            -2.1592279608041,
            -11.604899037785472,
            -3.275508767094268,
            -9.853688415757334,
            -5.181986443635536,
            11.923720268819379,
            9.970482056710438,
            -5.9962840853728245,
            -6.6031297146057195,
            -9.804359782332547,
            2.746588302512391,
            -3.649981605451946,
            -7.334247044068855
        ],
        [
            10.815957067030778,
            7.8002424163696125,
            0.18002445057072997,
            5.500594797252146,
            3.073297935833647,
            4.3112738413271385,
            5.080691139017943,
            17.411206443078687,
            14.018100710937649,
            3.904053462649426,
            11.909292489182965,
            7.891866572585458,
            7.336560237374558,
            17.49131960184281,
            -1.7816194362936033,
            17.667935652586937,
            16.661392726791167,
            1.133091745991257,
            13.510925528426364,
            10.628819518768408,
            11.785883540929973,
            0.8064652758776147,
            15.559665660053497,
            19.94625807880212,
            2.257156337047921,
            11.710055707457904,
            20.03287118333243,
            4.3782649934693545,
            7.381523227433897,
            2.4048976545408003
        ],
        [
            -26.601648115031857,
            -17.348091691398782,
            -22.119730936158223,
            -30.986731616269985,
            -21.37913134349217,
            -17.1100466623811,
            -13.206576574076916,
            -20.041449756239565,
            -10.012541859579095,
            -28.63103428209965,
            -7.14391070127352,
            -14.25543883329921,
            -11.677458441901466,
            -15.17067330194648,
            -19.911201251904938,
            -6.986573273140372,
            -14.384953034804823,
            -10.691798343665134,
            -10.478076875869181,
            -10.670360306235098,
            -6.516094642173546,
            -22.14123376084514,
            -25.86757133464395,
            -6.500551898052411,
            -11.846292293272734,
            -8.633160448932488,
            -20.449297756137,
            -17.401005441351124,
            -30.779949962553168,
            -16.74733349290683
        ],
        [
            -11.180709682873028,
            17.77721438990853,
            7.558467853949193,
            2.9895101551555916,
            3.309407924185738,
            -0.32628470056436015,
            9.772721868853074,
            5.022528861703608,
            -10.544513391625854,
            -6.364383250706543,
            18.76346861368614,
            14.25023805432824,
            9.175694973271131,
            23.37561205085204,
            -2.484121685765238,
            -7.871176306972776,
            19.001716269605588,
            5.581998531166127,
            15.229320965803355,
            22.675132184304243,
            14.833674658920694,
            6.668693762112465,
            -6.01788121110309,
            2.739573293331673,
            -14.510964480547731,
            26.121909798706202,
            7.288931244303135,
            -10.23043687260464,
            24.409011291647097,
            20.45435025439547
        ]
    ]
}