{
    "sampler": "DEMetro",
    "value": [
        20,
        -20
    ],
    "means_array": [
        [
            20,
            -20
        ]
    ],
    "case": "Warmup Samples",
    "dim": 2,
    "samples": [
        [
            20.653261291002377,
            -19.20691985404459
        ],
        [
            19.353218448415102,
            -19.532760335598972
        ],
        [
            20.398748752131993,
            -19.307571621612563
        ],
        [
            21.480164319046224,
            -19.899008472582903
        ],
        [
            19.149154555442053,
            -21.557658785741655
        ]
    ]
}