nu,mmd_rff_t_stat,mmd_rff_p_value,mmd_rff_paired_cohens_d
2.1,-3.152898929440322,0.009194555040418693,-0.9101635228200264
3.0,-3.332195773176789,0.006685184775948196,-0.9619220633180762
4.0,-1.9412556027910064,0.07827413294141336,-0.5603922224186284
10.0,-1.3752729262471715,0.19640763354938587,-0.3970070970890044
50.0,-1.3130091314384835,0.2159111299927029,-0.3790330877422226
