nu,mean_rmse_t_stat,mean_rmse_p_value,mean_rmse_paired_cohens_d
2.1,-2.125585686647625,0.057014779833466006,-0.6136037341858109
3.0,-1.6007656552977105,0.13773350898033185,-0.46210124099782046
4.0,-3.9199958770796877,0.0023928545494820777,-1.1316053374270905
10.0,-3.714644811576171,0.0034134427010388425,-1.0723255909536746
50.0,-1.8449402030966542,0.09211757923758389,-0.5325883614483081
