nu,var_rmse_t_stat,var_rmse_p_value,var_rmse_paired_cohens_d
2.1,2.669741533110395,0.021804069905867376,0.7706879964040054
3.0,-0.49640048162012834,0.6293819714023305,-0.1432984758446205
4.0,1.8340776578676503,0.09381244155846692,0.5294526147422831
10.0,2.194470906585625,0.05057203022574155,0.6334891843230064
50.0,2.586476501052808,0.02529660701856949,0.7466514520677401
