nu,mmd_rff_t_stat,mmd_rff_p_value,mmd_rff_paired_cohens_d
2.1,3.722503607876078,0.003367079843571499,1.0745942300333033
3.0,5.548807421502121,0.0001730675141642535,1.6018027292428216
4.0,4.068740859474404,0.0018553950789396583,1.1745443152401882
10.0,3.6441600248618213,0.0038599155713691397,1.051978385662023
50.0,3.7860121778244964,0.0030154831221221932,1.0929275750110872
