nu,var_rmse_t_stat,var_rmse_p_value,var_rmse_paired_cohens_d
2.1,3.694527719452211,0.0035351510718355426,1.066518286677134
3.0,-0.3238288683493958,0.7521412140375249,-0.09348134215644778
4.0,2.138225820481518,0.05577698172890977,0.6172526265216065
10.0,1.7071989830567142,0.11581857093066918,0.4928258962140247
50.0,3.0647123940450878,0.010761030672250002,0.884706262845357
