nu,mmd_rff_t_stat,mmd_rff_p_value,mmd_rff_paired_cohens_d
2.1,1.398804596523152,0.18942940247237797,0.40380010517316384
3.0,3.322345556422362,0.006802942837255806,0.9590785506707039
4.0,4.566323069855113,0.0008082288262480652,1.318183926793824
10.0,3.9948759883786362,0.0021045524628016034,1.153221363634789
50.0,4.023207286977181,0.002005105647070472,1.1613999050709698
