nu,var_rmse_t_stat,var_rmse_p_value,var_rmse_paired_cohens_d
2.1,1.259730765337586,0.23383821672467145,0.3636529482370543
3.0,-1.0567705136843224,0.31327278657846447,-0.3050633702736513
4.0,-0.5109239970731242,0.6195023134485166,-0.14749105362280393
10.0,0.20881331556315713,0.838410428551591,0.06027921197538352
50.0,0.44273105116722344,0.6665401555118545,0.12780544578500122
