run_id,mu,sampler,wasserstein_distance,mmd_rff,r_hat,ess,runtime
53,"(0, 0, 0, 0, 0)",HMC,0.027734812706771125,0.02253659005607034,1.0012234474010644,5976.667481102074,1.711822271347046
