{
    "sampler": "Metro",
    "value": 14,
    "means_array": [
        0,
        14
    ],
    "case": "Warmup Samples",
    "dim": 1,
    "samples": [
        14.449458787368275,
        8.894379572802329,
        2.54350967740869,
        14.027122811576907,
        13.117629979233293,
        9.868889793856814
    ]
}