nu,mean_rmse_t_stat,mean_rmse_p_value,mean_rmse_paired_cohens_d
2.1,-1.7390752747643161,0.10989056265965735,-0.5020277890131002
3.0,1.6636330024309265,0.12438318853204727,0.4802494808931204
4.0,2.346214488319779,0.0387452228803404,0.6772937832040123
10.0,19.218416725507986,8.192864131183637e-10,5.547879034935221
50.0,126.15488782026387,9.71803141014362e-19,36.417779221308194
