nu,mmd_rff_t_stat,mmd_rff_p_value,mmd_rff_paired_cohens_d
2.1,-1.8188758648587156,0.0962321938835531,-0.5250642350993464
3.0,1.663126437117972,0.12448600689133782,0.4801032480832222
4.0,2.3496567080416084,0.03851060889605721,0.6782874664455163
10.0,19.895088828340135,5.654497589656499e-10,5.743217445296847
50.0,141.0316859981933,2.853276669293243e-19,40.71234093766184
