nu,var_rmse_t_stat,var_rmse_p_value,var_rmse_paired_cohens_d
2.1,0.7368734819305915,0.4766220975821217,0.21271705157566195
3.0,-1.3469693417106232,0.20508400803701032,-0.38883655601340067
4.0,0.07684325065554062,0.9401281146161345,0.022182735725691134
10.0,3.589803553241298,0.0042450842065145985,1.0362870239008692
50.0,1.4904742973442526,0.16420623541851254,0.4302628683959613
