nu,mean_rmse_t_stat,mean_rmse_p_value,mean_rmse_paired_cohens_d
2.1,-2.38515510543675,0.03616995472138026,-0.688534971091459
3.0,-1.0924442718976703,0.29798611854137846,-0.3153614972273924
4.0,-0.9548903787226676,0.36014728109285876,-0.2756531086010579
10.0,3.037048196557379,0.011306054371469062,0.8767202969121352
50.0,1.3638565621702015,0.1998697587676731,0.3937114766525017
