nu,ws_t_stat,ws_p_value,ws_paired_cohens_d
2.1,1.7166430408235926,0.11403303762506743,0.4955521608609995
3.0,3.055516421607905,0.010939196713190678,0.882051614264323
4.0,2.9484732896429557,0.013245507908942253,0.851150923736891
10.0,3.0858826567885353,0.010361930443504329,0.8908175912922293
50.0,7.713630612038392,9.222285094991882e-06,2.2267333551448516
