nu,mmd_rff_t_stat,mmd_rff_p_value,mmd_rff_paired_cohens_d
2.1,-0.2707999531534988,0.7915588702703471,-0.0781732129248553
3.0,6.235294847527698,6.390783665784246e-05,1.7999745793484017
4.0,5.424595937143987,0.00020871732272602665,1.5659459622775158
10.0,26.721055064054394,2.343933664257627e-11,7.713704167131309
50.0,97.31808451649466,1.6840622109154053e-17,28.093311146308473
