nu,mean_rmse_t_stat,mean_rmse_p_value,mean_rmse_paired_cohens_d
2.1,-1.4154225834990304,0.18462785634527487,-0.4085973048001204
3.0,-0.5714774774026414,0.5791655522048511,-0.16497133770711167
4.0,0.6271904271024787,0.5433331732405329,0.18105428096038623
10.0,3.7157046490245653,0.0034071519363617583,1.0726315396717385
50.0,1.3547687616769384,0.20266192270761293,0.3910880546219382
