nu,ws_t_stat,ws_p_value,ws_paired_cohens_d
2.1,-1.9449316188793841,0.07778599314524103,-0.5614533968577136
3.0,1.6569020963843717,0.12575555033308136,0.4783064356841861
4.0,2.208390170306931,0.04935725023332349,0.637507329651215
10.0,19.602687651490427,6.627279325531302e-10,5.658808496214076
50.0,39.68600662747704,3.1527448928775096e-13,11.456363304717572
