nu,mmd_rff_t_stat,mmd_rff_p_value,mmd_rff_paired_cohens_d
2.1,-2.324724941898514,0.04024143602067419,-0.6710902854984722
3.0,-1.1351518507054814,0.28044113197647147,-0.32769011328795583
4.0,-0.9526919641941476,0.36121176749154604,-0.27501848099114223
10.0,2.9625111485369118,0.012917157664672566,0.8552033045425268
50.0,1.5000502909744633,0.16174517545205838,0.43302721964604146
