{
    "run_id": 1,
    "case": "unimodal",
    "dim": 15,
    "low": [
        -166.7828890759758,
        -204.66575973886927,
        -185.6576622907587,
        -175.49648702358394,
        -241.1421640301288,
        -136.63673484995695,
        -197.55378057342497,
        -196.40795172238626,
        -151.6261617464144,
        -202.5605501699443,
        -266.86737111673085,
        -201.01118827991652,
        -204.59081634091453,
        -91.47297175752763,
        -212.3452896297475
    ],
    "high": [
        179.82064288963417,
        156.0088980371718,
        229.44759600982795,
        185.59564411634523,
        215.96737644769678,
        101.79080636676127,
        208.40590111743856,
        294.7363003277392,
        181.12596425704615,
        180.05741640390625,
        266.51008239314217,
        155.67983540101804,
        178.46439101624412,
        86.06559797374865,
        277.2006303791296
    ],
    "means_array": [
        [
            0.0,
            0.0,
            0.0,
            0.0,
            0.0,
            0.0,
            0.0,
            0.0,
            0.0,
            0.0,
            0.0,
            0.0,
            0.0,
            0.0,
            0.0
        ]
    ],
    "samples": [
        {
            "posterior": [
                179.60284772774156,
                101.29304527814696,
                -181.8703755019043,
                -56.215187453932685,
                -197.6907324458254,
                81.06888444523483,
                105.95756227442254,
                -100.1372993082482,
                135.6474784507307,
                -90.66119376856712,
                -202.2494958277304,
                -142.66767883402656,
                -15.474672783847012,
                -84.84336793017881,
                -22.0092171815526
            ]
        },
        {
            "posterior": [
                112.93196799875778,
                -24.634764541239747,
                70.37421241547935,
                -83.50997243350113,
                78.89838285468034,
                -25.325433775518064,
                32.764420503692776,
                166.62773979952755,
                86.03790267703886,
                -123.13917525944412,
                -131.89079283725192,
                -22.71280238247894,
                -71.05153264459136,
                53.01120925370992,
                -99.55201801100351
            ]
        },
        {
            "posterior": [
                71.69907793050976,
                -81.20367712330476,
                -19.38793059768517,
                158.89021909521404,
                -55.56152878764834,
                3.6139094545961825,
                137.27662773031997,
                270.3997564836904,
                -112.01058309648565,
                -72.166532676304,
                27.724251712007913,
                -83.06235161853154,
                105.62905018156155,
                35.74763291199899,
                -177.1978157670945
            ]
        },
        {
            "posterior": [
                131.25988280361543,
                -2.4738516202569656,
                133.2339182735812,
                -168.45480392056197,
                -102.11263803333557,
                75.40646149699967,
                -171.07531345133145,
                207.1642776206291,
                152.3483906781785,
                -198.62054813323564,
                -170.82259151970737,
                -104.07078007217586,
                -118.58141990788971,
                -38.39596508149066,
                48.98047813192406
            ]
        }
    ]
}