{
    "sampler": "HMC",
    "value": 30,
    "means_array": [
        [
            0.0,
            0.0,
            0.0,
            0.0,
            0.0,
            0.0,
            0.0,
            0.0,
            0.0,
            0.0,
            0.0,
            0.0,
            0.0,
            0.0,
            0.0,
            0.0,
            0.0,
            0.0,
            0.0,
            0.0,
            0.0,
            0.0,
            0.0,
            0.0,
            0.0,
            0.0,
            0.0,
            0.0,
            0.0,
            0.0
        ],
        [
            -4.1917689611261935,
            21.56708167408371,
            3.065290601625385,
            -3.366796180866289,
            1.241954026252283,
            0.13085428787654507,
            10.393038967303164,
            20.22116916062828,
            -7.67393486352882,
            3.4464972926469013,
            3.068179393424437,
            21.576031095945563,
            13.643847091608581,
            11.131458231484203,
            9.667205935090607,
            -11.58441880582534,
            -18.46175027040547,
            0.23461680195189014,
            -0.4517535810054602,
            -5.037793999787051,
            -14.129773554084451,
            5.855307553382983,
            -0.2090113331443651,
            5.730880719854134,
            15.472989891140974,
            -4.60864396166162,
            -1.3475596428922083,
            19.576735744873453,
            18.732886386963653,
            24.18117314127321
        ]
    ],
    "case": "Posterior Samples",
    "dim": 30,
    "samples": [
        [
            0.8771225041975769,
            -0.754015540187096,
            -1.7835765641513652,
            -0.6753700772948307,
            -0.18029238269456366,
            0.7162354677297693,
            0.865843285329688,
            0.21493655594734332,
            -0.49494552850730944,
            0.5034048055824737,
            0.13424601543867462,
            -0.06712338923044146,
            0.7105645533161632,
            1.5289637734724622,
            -0.9960435045706055,
            -0.8310072801087398,
            -0.43363931077393875,
            0.15563557531550787,
            -0.6248120992058831,
            0.007859094967805576,
            0.8607502756848493,
            -0.6696499968730583,
            1.1049687317576684,
            1.1356253685558224,
            -0.19128264702828596,
            0.9112637698003443,
            -0.28923507398651127,
            -0.1896212049039875,
            -0.3179790681908009,
            -1.4136999729572577
        ],
        [
            -0.6243328214092637,
            -0.9623618716356945,
            -1.8371263360369436,
            0.8332269888060233,
            1.7235565460715674,
            1.2976537802332604,
            -0.706032768646675,
            -0.9237104870481562,
            -0.8886901405336303,
            -0.8324055018689874,
            -0.8551670554378902,
            1.0115285646124166,
            1.2911302263107718,
            -1.9090130557537475,
            -1.5565795448023656,
            -0.5568987157751996,
            0.10630949037364086,
            -1.7257696709357502,
            0.5099132857502415,
            -0.40258609645690396,
            -0.20088809637845487,
            -0.4451628131885758,
            -1.0872275894284016,
            0.621915442849556,
            -0.7253184073643856,
            0.7811872100639906,
            -0.6597203847362698,
            -0.7071070794885571,
            -0.9265968825829266,
            -1.5264799849663466
        ],
        [
            -1.084383315568293,
            0.5615899314403171,
            0.8716263220855199,
            -0.9527909020176916,
            0.31433787312107636,
            -0.1505077101502888,
            -1.3110103820344714,
            -0.8348503926468175,
            -0.353254517126429,
            -1.5713575797179733,
            -0.974422975396805,
            0.6197967728822912,
            0.05689817971644293,
            0.8465969652463695,
            1.6682529400445718,
            -0.0149408002345604,
            1.027501421399811,
            -0.2670028677329023,
            -0.2828498090032819,
            -0.7896772419215955,
            -0.8777588513804304,
            -0.2331442832457915,
            -1.5066648593947045,
            -0.20704872845261701,
            1.2684737861302786,
            -0.5602110262846186,
            -0.13518818474310867,
            0.8243554802439793,
            0.025414201602687356,
            -0.30494997268969626
        ],
        [
            -0.15593686776113994,
            -1.1278184465093204,
            -1.355634164233673,
            -0.9560036860546423,
            -1.496998805043108,
            1.0198322871686039,
            -0.6171808054081254,
            -0.466866646093393,
            -0.4963269647979565,
            -0.9852402854063377,
            0.5622276334321807,
            -0.5345327031370362,
            -2.404596438125739,
            -0.427013606063519,
            0.007459113828188867,
            1.5264226245436832,
            0.14044863930442697,
            -0.225799813140379,
            1.3937034306004623,
            0.5519941834550314,
            2.0977401680825785,
            0.12847989005811353,
            1.585130967025823,
            -0.4784066245111307,
            -0.3457627789111734,
            -0.8071077711765899,
            1.8899507322246631,
            -0.722610839845012,
            -0.8255460987850325,
            -0.5419958574492364
        ]
    ]
}