run_id,alpha,sampler,wasserstein_distance,mmd_rff,r_hat,ess,runtime
47,0,Metro,0.027021292945282258,0.01472689687989116,1.00642808945873,857.944946142354,1.000462532043457
47,2,Metro,0.01960584027526618,0.0031976103330960052,1.0061999662689538,847.0550024669641,1.1479241847991943
47,4,Metro,0.03407579829360717,0.022370862452100446,1.006305457718316,873.9937460092667,1.2180862426757812
47,6,Metro,0.01859051306970108,0.010328182498834293,1.0056834193338045,774.8962602692106,1.165189266204834
47,8,Metro,0.01561437267354976,0.004754733012099351,1.0053697587449715,890.039159856365,1.196028232574463
47,10,Metro,0.0254700899541397,0.015245132388353315,1.0060150594713493,765.6413852977946,1.1436891555786133
47,80,Metro,0.013909032032037796,0.008186735916467468,1.011260132709101,694.2385816408499,1.1564750671386719
47,100,Metro,0.017484766819113068,0.008097225526765504,1.0095050754336305,609.2671302408933,1.171720027923584
