{
    "run_id": 1,
    "case": "unimodal",
    "dim": 5,
    "low": [
        -100.0,
        -100.0,
        -100.0,
        -100.0,
        -100.0
    ],
    "high": [
        100.0,
        100.0,
        100.0,
        100.0,
        100.0
    ],
    "means_array": [
        [
            0.0,
            0.0,
            0.0,
            0.0,
            0.0
        ]
    ],
    "samples": [
        {
            "posterior": [
                -80.79650354455134,
                -35.130511369118736,
                -98.76871106491257,
                39.78717874373032,
                -8.50917807169968
            ]
        },
        {
            "posterior": [
                -51.859471771116716,
                -32.59301208982244,
                -11.067797472661141,
                58.11315586887662,
                67.35579124779878
            ]
        },
        {
            "posterior": [
                45.35201596490916,
                12.399223207977172,
                -71.33646717534779,
                -24.41612927342662,
                65.28368304884219
            ]
        },
        {
            "posterior": [
                46.601335737179596,
                -92.30954178778674,
                -98.16252638774554,
                -71.55305880110916,
                -93.81490929826167
            ]
        }
    ]
}