b,sampler,wasserstein_distance,r_hat,ess,runtime
0.5,DEMetro,0.018556545290917423,1.0054402897446577,1452.691889439818,1.9695932865142822
1.0,DEMetro,0.06793954246664427,1.0076204208120723,1572.7740516320262,2.0786497592926025
2.0,DEMetro,0.09198952541811094,1.0102609811105778,1769.583463308045,2.2242095470428467
5.0,DEMetro,0.32954785222378125,1.0102536014554064,1594.907121968453,2.0157454013824463
