run_id,dimension_corr,sampler,wasserstein_distance,mmd_rff,r_hat,ess,runtime
44,2,SMC,0.026619886195335923,0.012100644217329903,1.0003909324732352,3877.954568024735,1.2965383529663086
44,5,SMC,0.027172060394637133,0.021661344326444096,1.0008555489738875,3683.6919103077594,1.6942722797393799
44,10,SMC,0.038133699905863024,0.02104518057382057,1.0009130911553354,3750.282917152781,2.2179808616638184
44,15,SMC,0.027518935329683556,0.022212666017007745,1.0011573632864577,3426.033314190664,2.8361704349517822
44,20,SMC,0.035071630669063485,0.022130222276954527,1.001394397322364,3520.4400073487536,3.1546754837036133
