run_id,nu,sampler,wasserstein_distance,mmd_rff,r_hat,ess,runtime
32,0.5,HMC,1927438.3314757661,0.035783895249329664,1.0071526791427645,1232.4632774218587,5.057906627655029
32,1.0,HMC,7.224250728643183,0.012199353702349652,1.0036749005490548,2147.0189419187077,1.8465321063995361
32,2.0,HMC,0.1008208354196542,0.01084576764814526,1.0026019559194421,2302.8952406672947,1.2977268695831299
32,5.0,HMC,0.025740431517849514,0.0045853193890058284,1.0010203061164975,3317.342812137907,1.1543307304382324
32,10.0,HMC,0.03726852076433991,0.012602788865629502,1.000903064540078,3324.7922238867673,1.2022271156311035
32,30.0,HMC,0.0435679712910357,0.022065698888854107,1.0009841234067935,3386.130797639018,1.2092015743255615
32,100.0,HMC,0.01886557910337265,0.00893769398377109,1.0014216377291978,3396.9579334113955,1.21687650680542
32,500.0,HMC,0.02249341638927966,0.007654217237647175,1.0008218379637435,3926.461806529263,1.1679656505584717
