run_id,alpha,sampler,wasserstein_distance,mmd_rff,r_hat,ess,runtime
39,0,HMC,0.03450831418064264,0.01782938436491807,1.0010101267766307,3761.0437686597656,1.2029578685760498
39,2,HMC,0.015044830387357162,0.009390203696831778,1.0001308695584732,3367.570598480156,1.4054601192474365
39,4,HMC,0.021765284351314237,0.01145501850506054,1.0005198033761715,2070.550983810402,1.5069167613983154
39,6,HMC,0.016590437659262595,0.0061491025142441655,1.0019496019440972,1743.8153881668875,1.5154173374176025
39,8,HMC,0.010077696576812166,0.005101058078013089,1.001078782254193,2114.0939689607007,1.5193781852722168
39,10,HMC,0.009134904369470148,0.0055138719379671155,1.0007996812969264,1543.3133178292528,1.9062552452087402
39,80,HMC,0.029575470095111717,0.020565383951895534,1.0032580122876162,1165.2794908817307,1.7528305053710938
39,100,HMC,0.03723564313281617,0.028859242627202856,1.0857405466338295,33.36610992029256,1.8386836051940918
