{
    "sampler": "Metro",
    "value": 3,
    "means_array": [
        0
    ],
    "case": "Posterior Samples",
    "dim": 1,
    "samples": [
        -0.7732712449135967,
        2.611639096153099,
        0.14486021133703142,
        2.0956678212118267
    ]
}