{
    "sampler": "Metro",
    "value": 8,
    "means_array": [
        [
            0.0,
            0.0,
            0.0,
            0.0,
            0.0,
            0.0,
            0.0,
            0.0
        ]
    ],
    "case": "Warmup Samples",
    "dim": 8,
    "samples": [
        [
            22.729247863926613,
            1.2914918515129585,
            -6.464861025497334,
            20.03446369555939,
            -14.673251786772418,
            -9.758708857410841,
            -5.943869402966712,
            18.125335476818456
        ],
        [
            -10.146801586412243,
            -11.138967527660764,
            29.240011080832016,
            11.38417373549403,
            6.220055539989477,
            -12.430221706522715,
            -23.55265910570531,
            -9.909298897587808
        ],
        [
            -20.006757943148756,
            4.473044785985159,
            -21.062492901212558,
            13.617199353277208,
            25.008036033362703,
            9.878355760301558,
            21.86108219401631,
            22.6058043956308
        ],
        [
            23.42202895571825,
            2.4846104116625582,
            -22.224122043017598,
            22.042033469395058,
            15.1159224765468,
            28.729571906894304,
            -26.090155143184656,
            -14.014192765377391
        ]
    ]
}