{
    "sampler": "Metro",
    "value": 18,
    "means_array": [
        [
            -9.0,
            0.0
        ],
        [
            9.0,
            0.0
        ]
    ],
    "case": "Posterior Samples",
    "dim": 2,
    "samples": [
        [
            8.145090882101643,
            1.127141045778898
        ],
        [
            10.008100146657057,
            -0.6594280929739756
        ],
        [
            7.897768508784412,
            1.9128869426629869
        ],
        [
            8.797899214584408,
            0.5104124946727202
        ]
    ]
}