run_id,mu,sampler,wasserstein_distance,mmd_rff,r_hat,ess,runtime
65,"(0, 0, 0, 0, 0)",SMC,0.03291731725656269,0.022869154076879457,1.0006948473575934,3686.1486074243753,1.864974021911621
