run_id,circle_modes,sampler,wasserstein_distance,mmd_rff,r_hat,ess,runtime
2,4,HMC,5.755580344607299,0.5300395512574544,1.0025649142491426,3786.4665232398206,8.770945072174072
2,6,HMC,3.48697705094151,0.27852425932580405,1.9667364987070963,5.475415468219244,8.9568190574646
2,8,HMC,0.3148097676445811,0.0621180026927254,1.430001582016822,8.204425856995075,13.464894533157349
2,10,HMC,0.41472165878490086,0.05992947596527957,1.0824922078260428,34.42877094571591,14.659039974212646
2,12,HMC,0.4299139168847171,0.034013637463363694,1.0267849039421653,141.91753600104724,18.54159712791443
