run_id,circle_modes,sampler,wasserstein_distance,mmd_rff,r_hat,ess,runtime
2,4,Metro,4.401300978696616,0.36857379985224364,1.533389090366899,7.311439025034186,4.48459792137146
2,6,Metro,0.5924189832772595,0.08642533378574417,1.611929171873909,6.67340753369639,6.5205018520355225
2,8,Metro,1.0516093503418684,0.069485842554497,1.2709999545640513,11.951877506373203,8.584939002990723
2,10,Metro,0.8944321512599289,0.06428033841416256,1.1468660746912709,20.093977770864853,8.186883449554443
2,12,Metro,0.6281806933827484,0.05137732195320384,1.17884520268637,17.052649894743787,10.247971296310425
