{
    "sampler": "Metro",
    "value": 18,
    "means_array": [
        [
            -9.0,
            0.0
        ],
        [
            9.0,
            0.0
        ]
    ],
    "case": "Posterior Samples",
    "dim": 2,
    "samples": [
        [
            -8.235046186025432,
            0.8557744406653223
        ],
        [
            -9.117007260596642,
            -0.8138426936300571
        ],
        [
            9.01993527280818,
            -0.18607326379390696
        ],
        [
            10.314943208276823,
            0.8054897252131589
        ]
    ]
}