{
    "sampler": "HMC",
    "value": 2.1,
    "means_array": [
        [
            0.0,
            0.0,
            0.0,
            0.0,
            0.0,
            0.0,
            0.0,
            0.0,
            0.0,
            0.0,
            0.0,
            0.0,
            0.0,
            0.0,
            0.0,
            0.0,
            0.0,
            0.0,
            0.0,
            0.0,
            0.0,
            0.0,
            0.0,
            0.0,
            0.0,
            0.0,
            0.0,
            0.0,
            0.0,
            0.0
        ]
    ],
    "case": "Warmup Samples",
    "dim": 30,
    "samples": [
        [
            -38.25966172132098,
            -101.46792551164282,
            130.27054750049007,
            84.67155562650379,
            132.80651593626595,
            38.38625832713053,
            -62.48661559586305,
            90.43436759377548,
            -5.989896634721909,
            -102.45210462044494,
            -66.77037174706969,
            115.22787950555491,
            -68.64172848912665,
            36.73281735044638,
            60.01260716104999,
            -8.52543258772302,
            -80.94421356955371,
            -118.60041794761473,
            -74.35166216759879,
            57.32132785396955,
            51.71701934465269,
            112.82687602082613,
            68.66362451300495,
            -43.137666521651894,
            -180.39027890473767,
            -37.711048542404235,
            -90.58453422607653,
            -162.5570614199677,
            -76.52016458306292,
            -127.43130931943946
        ],
        [
            -23.736686339489996,
            37.01561394963604,
            -119.9972849231244,
            -53.65379164365158,
            99.42613032701699,
            15.009830276874316,
            7.787909997061122,
            -70.86608963848828,
            -108.018616971371,
            -229.6648890256696,
            18.112635353910953,
            47.76894086806427,
            -88.25355718211146,
            19.05378542671334,
            -110.16483644449887,
            -45.72025604496943,
            -62.87302188344749,
            8.368168694932972,
            -30.343659580637066,
            -36.535507609191626,
            57.78857515681227,
            142.16912694436908,
            -88.7756019101724,
            23.43091307755019,
            -207.72796983217881,
            -177.4591038281861,
            46.58872065160741,
            198.5025290961665,
            111.9486194242411,
            -104.41388422068101
        ],
        [
            28.12120521339153,
            34.14160264184582,
            -154.41725799856815,
            84.08098867350277,
            16.06787933146438,
            26.996254997085938,
            32.255932605793184,
            -51.86999166993564,
            -18.309304268819556,
            -153.8262226805157,
            12.724821721111143,
            70.57634386093008,
            48.04316164066217,
            88.96062985178726,
            -55.34648416806107,
            -15.325566329047318,
            32.16502336195251,
            -29.32856991206535,
            67.32633004986538,
            -18.1215251271156,
            48.962383730199285,
            -80.99176991220534,
            -95.61799112632058,
            77.79569672427324,
            -157.34065745607973,
            -268.6694564985909,
            -10.938787295666092,
            -82.7783615445822,
            -48.26602168035518,
            53.342776232232715
        ],
        [
            -234.18878202267314,
            66.50101066314025,
            -148.11243703856422,
            84.13192593447084,
            60.963984883444255,
            -79.41608310554626,
            102.18417572871547,
            40.36443458154465,
            150.9534615851557,
            -119.29994702400286,
            -90.2518026905644,
            -95.75943465798711,
            15.027611154407815,
            -107.63180286746105,
            110.32509846307033,
            -26.401463696779977,
            -69.89057877815026,
            50.96305927847137,
            -40.692770485077695,
            59.675215351865866,
            107.00981085777873,
            48.23517244555777,
            -78.88871767789692,
            -70.36422998701985,
            -227.48379728585275,
            -115.8849778574959,
            59.41904122827497,
            163.7053245771481,
            -87.76858770744377,
            81.35634130208153
        ]
    ]
}