mu,sampler,wasserstein_distance,swd_zscore,r_hat,ess,runtime
"(10, -10)",HMC,5.206110108114852,104.6559724890006,1.0026189940107273,3647.9236581927207,5.951336622238159
"(20, 20)",HMC,11.091966607231715,87.91800014544481,1.000608730974667,2399.4820002940523,5.419477939605713
"(5, 5)",HMC,3.9472438028686967,77.03781892031581,1.0460387467892533,71.79305115923863,6.742536306381226
"(50, -50)",HMC,16.51180974909927,77.85869736798915,1.0007450264871192,3529.853528346178,5.298503637313843
