{
    "sampler": "Metro",
    "value": 0,
    "means_array": [
        0
    ],
    "case": "Posterior Samples",
    "dim": 1,
    "samples": [
        -0.6058897911826417,
        0.3522637143776154,
        -0.09587910909037034,
        2.2592712910961925
    ]
}