mu,mmd_rff_t_stat,mmd_rff_p_value,mmd_rff_paired_cohens_d
"(-20, 0, 0, 0, 0)",8.73252181577391,1.2999758555861378e-09,1.5943330608017812
