run_id,mu,sampler,wasserstein_distance,mmd_rff,r_hat,ess,runtime
65,"(5.0, 0.0)",SMC,0.0435741988073241,0.016529209653605513,1.0003044838945234,3862.4679604864823,1.7612919807434082
65,"(5.0, 10.0)",SMC,0.0816334897715234,0.020607305216074623,1.0003467038735427,3616.0390608070397,3.5648536682128906
65,"(5.0, 20.0)",SMC,0.22731675396772083,0.024924092828600974,1.0009451521115316,3200.370033387124,2.711120128631592
65,"(5.0, 40.0)",SMC,0.8200599056986588,0.03160191365937974,1.0015711000950613,2885.9246123545927,3.0270376205444336
65,"(5.0, 5.0)",SMC,0.13042548103316454,0.02720583004757092,1.0000082420868992,3339.7477545790903,2.4344546794891357
