run_id,alpha,sampler,wasserstein_distance,mmd_rff,r_hat,ess,runtime
38,0,Metro,0.06283799361101833,0.019283956709556595,1.0012576743239305,1729.4136198232022,1.0616421699523926
38,2,Metro,0.03738784011918621,0.01810678475455541,1.0017719413163126,1657.5226414695512,1.5027315616607666
38,4,Metro,0.046442924093473475,0.027694951929427298,1.0015720938926793,1505.8490511114721,1.1886382102966309
38,6,Metro,0.018014753400972715,0.007845786397798834,1.0015190932676692,1379.0530363789753,1.5701336860656738
38,8,Metro,0.05417639232147942,0.0321320655004451,1.0015780129771907,1203.0573303781523,1.1630377769470215
38,10,Metro,0.042117900176825714,0.02448474744821477,1.001540166537812,1185.0591322949485,1.178907871246338
38,80,Metro,0.052850254335088956,0.0305977132892668,1.001446922969246,1119.1530853442414,1.183633804321289
38,100,Metro,0.03314616895450315,0.018846091467595867,1.002834542012624,1047.8304202196114,1.185889482498169
