run_id,mu,sampler,wasserstein_distance,mmd_rff,r_hat,ess,runtime
4,"(0, 0, 0, 0, 0)",HMC,0.028198351217330657,0.017197014894096804,1.0079086513829545,587.6572608874878,2.088179349899292
