{
    "sampler": "HMC",
    "value": 14,
    "means_array": [
        0,
        14
    ],
    "case": "Posterior Samples",
    "dim": 1,
    "samples": [
        -1.081984521644859,
        13.975541696590396,
        -1.410318002620136,
        14.807051933394646
    ]
}