run_id,mu,sampler,wasserstein_distance,mmd_rff,swd_zscore,r_hat,ess,runtime
3,"(10, 10)",Metro,6.059081910011911,0.5217110558987069,146.09794409463464,1.0058214482634966,1235.8455902040516,3.2142629623413086
3,"(20, 20)",Metro,12.505842876538907,0.5550216039351177,151.30724851996712,1.0043124977115327,1366.6148344977025,3.1708450317382812
3,"(5, 5)",Metro,0.08653740622270868,0.026744847102358648,2.28312747569701,1.0700120474515946,80.72237787833652,3.1777334213256836
3,"(50, 10)",Metro,19.566172463429947,0.40933893031560664,156.77423229733344,1.3792681102881108,13.312254665360847,3.181586742401123
