{
    "sampler": "DEMetro_Z",
    "value": 1.8,
    "means_array": [
        0
    ],
    "case": "Posterior Samples",
    "dim": 1,
    "samples": [
        -1.0524643656211066,
        0.3501881248996779,
        -0.34180125344459267,
        2.912977868098846
    ]
}