dimension,mmd_rff_t_stat,mmd_rff_p_value,mmd_rff_paired_cohens_d
2,148.05535087623537,1.672150127708801e-19,42.73989834167949
3,124.36443776642923,1.1371577446371056e-18,35.900920811032194
10,106.53875593518924,6.227690495563792e-18,30.755089709154678
30,72.72746636499822,4.1284103560859123e-16,20.99461114165559
50,163.7909540442826,5.507489856908924e-20,47.2823757041461
