mu,sampler,wasserstein_distance,swd_zscore,r_hat,ess,runtime
"(10, -10)",DEMetro,7.533266519249385,152.49242092744555,1.032934246031388,191.89671342335149,6.599086046218872
"(20, 20)",DEMetro,8.9387098408926,70.48520499472663,1.009890992651688,357.67871396399875,11.428598165512085
"(5, 5)",DEMetro,1.2760569447997716,23.06169949779312,2.3945541463006057,5.9016633701048065,19.037111282348633
"(50, -50)",DEMetro,24.577550736274077,116.94347254627294,1.0188049352378818,337.7713465414461,5.885974884033203
