mu,sampler,wasserstein_distance,swd_zscore,r_hat,ess,runtime
"(10, -10)",HMC,7.075991905164484,143.0927976815727,1.0019169526831713,3562.3791129608762,14.48834228515625
"(20, 20)",HMC,6.515584198846487,50.86754787060189,1.5297242385979324,7.187344420652214,10.86298656463623
"(5, 5)",HMC,3.591818676594169,69.85581703092794,1.1034264734768755,26.33374506124655,9.934080362319946
"(50, -50)",HMC,21.863308707836186,103.79086330310128,1.002802927177163,3619.408325174743,8.856711387634277
