run_id,mu,sampler,wasserstein_distance,mmd_rff,swd_zscore,r_hat,ess,runtime
9,"(10, 10, 10, 10, 10, 20, 20, 20, 20, 20, 30, 30, 30, 30, 30, 40, 40, 40, 40, 40)",HMC,0.02196015105938808,0.019312681769826395,-0.8422121051828153,1.0059055530841943,11972.643347345516,3.5531561374664307
