{
    "sampler": "DEMetro_Z",
    "value": [
        4.618802,
        0.0
    ],
    "means_array": [
        [
            4.618802,
            0.0
        ],
        [
            -2.309401,
            4.0
        ],
        [
            -2.309401,
            -4.0
        ]
    ],
    "case": "Warmup Samples",
    "dim": 2,
    "samples": [
        [
            6.6688468288412155,
            -7.7147256517875356
        ],
        [
            -10.55043145751025,
            -1.1824957927522317
        ],
        [
            -4.276377015377044,
            12.779722939335324
        ],
        [
            -1.789678842053705,
            -4.4618568998417905
        ]
    ]
}