run_id,mu,sampler,wasserstein_distance,mmd_rff,r_hat,ess,runtime
29,"(5.0, 0.0)",HMC,0.1989916924536064,0.04461527033085182,1.0484239411404874,120.57508200201889,3.598057270050049
29,"(5.0, 10.0)",HMC,2.1621166127350477,0.2307934876447344,1.7338097485191628,6.139744157775631,3.28887677192688
29,"(5.0, 20.0)",HMC,1.6111031770320263,0.10925360510391159,2.0991544968182394,5.253468335967601,2.970045566558838
29,"(5.0, 40.0)",HMC,2.6288050147096427,0.12046287644136959,2.097811226445119,5.253019939293558,3.265967607498169
29,"(5.0, 5.0)",HMC,1.8582616214424044,0.29244688504010313,1.3922073577325715,8.454633466066397,3.2761805057525635
