{
    "run_id": 1,
    "case": "multimodal",
    "dim": 2,
    "means_array": [
        [
            0.0,
            0.0
        ],
        [
            10.0,
            0.0
        ]
    ],
    "min_mode": [
        0.0,
        0.0
    ],
    "max_mode": [
        10.0,
        0.0
    ],
    "border": [
        10.0,
        10.0
    ],
    "low": [
        -10.0,
        -10.0
    ],
    "high": [
        20.0,
        10.0
    ],
    "samples": [
        {
            "posterior": [
                17.85060389195402,
                2.6285751058333027
            ]
        },
        {
            "posterior": [
                6.003702712174807,
                -9.651679803802399
            ]
        },
        {
            "posterior": [
                14.720503489563697,
                6.525575796873362
            ]
        },
        {
            "posterior": [
                -4.80507141027397,
                -0.9032921344597344
            ]
        }
    ]
}