{
    "sampler": "HMC",
    "value": [
        4.618802,
        0.0
    ],
    "means_array": [
        [
            4.618802,
            0.0
        ],
        [
            -2.309401,
            4.0
        ],
        [
            -2.309401,
            -4.0
        ]
    ],
    "case": "Posterior Samples",
    "dim": 2,
    "samples": [
        [
            -2.324436867024757,
            -3.816717055697146
        ],
        [
            -2.2313923186870186,
            1.890863467774835
        ],
        [
            -3.6178570898079765,
            -2.7568660004612613
        ],
        [
            4.852334744340313,
            -0.22163587657001269
        ]
    ]
}