{
    "sampler": "HMC",
    "value": 15,
    "means_array": [
        0,
        15
    ],
    "case": "Posterior Samples",
    "dim": 1,
    "samples": [
        16.52195386801371,
        -2.7851881993502396,
        -0.408339544259638,
        -0.3396988078526587
    ]
}