run_id,mu,sampler,wasserstein_distance,mmd_rff,r_hat,ess,runtime
24,"(5.0, 0.0)",HMC,0.10004357623097394,0.032016700493708306,1.0473131527429538,84.89671385669598,3.6066951751708984
24,"(5.0, 10.0)",HMC,2.0705793436485176,0.21247032303094046,1.7336601987168963,6.124334437854526,3.2812490463256836
24,"(5.0, 20.0)",HMC,1.5151621562695436,0.10952080239903039,2.098097704462691,5.253034571224359,2.9504377841949463
24,"(5.0, 40.0)",HMC,8.431693762350136,0.2896078757248046,1.5286129900609,7.183331402593711,3.2607321739196777
24,"(5.0, 5.0)",HMC,1.1878824429482646,0.16266873810378993,1.8085458128933674,5.859123105155852,3.3483901023864746
