nu,ws_t_stat,ws_p_value,ws_paired_cohens_d
2.1,-4.042346116326413,0.056097415912014476,-2.333849618418693
2.5,-8.735113921593662,0.012853638785332487,-5.043220374034148
3.0,-1.9164332247636493,0.1953664089903838,-1.1064532382012355
4.0,-26.320629646292325,0.0014403510627171918,-15.196222611527318
10.0,-22.62251821664029,0.0019482625517358168,-13.061116982124485
50.0,-61.49672655535929,0.00026431620409503884,-35.5051516310175
