nu,ws_t_stat,ws_p_value,ws_paired_cohens_d
2.1,-50.94083609544425,0.00038513847883822454,-29.410705432449344
2.5,-59.92091340668867,0.00027839521243276134,-34.59535548543996
3.0,-99.04401722177089,0.0001019241514264866,-57.18309000461135
4.0,-28.415474663148977,0.001236187320215864,-16.405681945920055
10.0,-35.73137229623258,0.0007823313466307597,-20.629517413744615
50.0,-74.29829429984402,0.00018110244878668223,-42.89614021434498
