run_id,mu,sampler,wasserstein_distance,mmd_rff,r_hat,ess,runtime
11,"(0, 0, 0, 0, 0)",SMC,0.02588996850928393,0.018096852544208734,1.0003996359153833,3872.6243902332226,2.167874574661255
