{
    "sampler": "Metro",
    "value": 5,
    "means_array": [
        [
            0.0,
            0.0,
            0.0,
            0.0,
            0.0
        ]
    ],
    "case": "Posterior Samples",
    "dim": 5,
    "samples": [
        [
            -1.1820353838919035,
            1.3739427322853257,
            0.5584073274464649,
            -1.919238020614693,
            -2.299807209562661
        ],
        [
            -0.3123864426788663,
            0.8815204959929912,
            0.051555243286644514,
            -0.5171626836831913,
            0.42205981946519705
        ],
        [
            -0.9798940035454309,
            0.08962235429855384,
            0.5087583459885006,
            -1.6256743612004945,
            -2.2908692577431813
        ],
        [
            -0.14496987271262196,
            0.12687539375633128,
            -1.5912819797235873,
            -0.04251164185129147,
            -0.8223740852168583
        ]
    ]
}