mu,global_median_wasserstein_distance,global_median_runtime,global_median_ess,global_median_ess_per_sec,global_median_r_hat,global_median_mmd_rff,global_q25_wasserstein_distance,global_q25_runtime,global_q25_ess,global_q25_ess_per_sec,global_q25_r_hat,global_q25_mmd_rff,global_q75_wasserstein_distance,global_q75_runtime,global_q75_ess,global_q75_ess_per_sec,global_q75_r_hat,global_q75_mmd_rff,ws_mcmc_mean,ws_iid_mean,ws_iid_std,mmd_rff_mcmc_mean,mmd_rff_iid_mean,mmd_rff_iid_std,ws_glass_delta,ws_t_stat,ws_p_value,mmd_rff_glass_delta,mmd_rff_t_stat,mmd_rff_p_value
"(4.618802, 0.0)",0.07915184731997685,5.27153217792511,,,,0.011643812674553243,0.06418199249327886,5.112710773944855,,,,0.008307452124013561,0.09811916261054773,5.589192152023315,,,,0.014882367365393502,0.08165218225525843,0.07614353877909243,0.025478998381824526,0.011546226468103526,0.010489236642472222,0.005061376494801091,0.21620329785395334,0.8415516383796969,0.40349580186109046,0.2088344597002447,0.8138102793615563,0.41908272219540266
