mu,mmd_rff_t_stat,mmd_rff_p_value,mmd_rff_paired_cohens_d
"(4.618802, 0.0)",5.935982844389169,1.8988757969393178e-06,1.0837572349452087
