mu,ws_t_stat,ws_p_value,ws_paired_cohens_d
"(4.618802, 0.0)",2.4990100635313626,0.018367305235458237,0.45625472774284853
