run_id,mu,sampler,wasserstein_distance,mmd_rff,swd_zscore,r_hat,ess,runtime
12,"(10, 10, 20, 30, 30)",DEMetro,2.214817638410072,0.4024749315967672,613.3055894906455,4.854518319262468,6.327619443907849,1.9832921028137207
