run_id,mu,sampler,wasserstein_distance,mmd_rff,r_hat,ess,runtime
37,8,HMC,1.0304731774729947,0.14021727579830565,1.2244132353158705,12.932511608235577,1.512237310409546
37,10,HMC,2.0048367456828595,0.20375818334351758,1.7327733245370291,6.102490433189118,1.827514886856079
37,12,HMC,2.3810903927562954,0.21146372688071563,1.7330748937249891,6.087385228298983,1.5451207160949707
37,14,HMC,0.6297073587216911,0.04802721933227292,1.527915771741691,7.178167518852296,1.558823585510254
37,16,HMC,7.143474171839177,0.4857095719625886,1.528297469466138,7.173369298332662,1.5450527667999268
37,18,HMC,8.10785596116304,0.4802750905396749,1.5285959494336456,7.179869868411732,1.7869946956634521
37,20,HMC,6.130832797074544,0.31890698254874233,1.0017571304419919,3348.581638929141,1.5213031768798828
37,22,HMC,15.379207644732778,0.7226837086556733,1.000754886942493,3302.4738042852796,1.5251860618591309
37,40,HMC,7.5559840090468064,0.2107930870530556,1.7343755199425985,6.081906635204579,1.8445956707000732
