run_id,dimension_corr,sampler,wasserstein_distance,mmd_rff,r_hat,ess,runtime
61,2,Metro,0.04980501435290389,0.030466519324746408,1.0044696268201447,796.8558887005361,1.1540946960449219
61,5,Metro,0.041587755882776925,0.026274936597685938,1.0080759766757885,769.71584530264,1.2972941398620605
61,10,Metro,0.044987096913242694,0.022631560162259062,1.0073158002162976,787.6849256137809,1.5731556415557861
61,15,Metro,0.05025639804214393,0.02320309372000762,1.0069313756793903,776.4439398309844,1.8821265697479248
61,20,Metro,0.03613968751864304,0.021471343390632242,1.010935210822531,680.326035271563,2.166285991668701
