run_id,dimension_corr,sampler,wasserstein_distance,mmd_rff,r_hat,ess,runtime
12,2,SMC,0.017381566763289263,0.011070441161001657,1.0006021392836735,6940.468536578365,2.2430315017700195
12,5,SMC,0.01739995692249202,0.01390552439026383,1.0003343235005073,7586.571811497785,4.1161885261535645
12,10,SMC,0.018046708140888143,0.012140189259371917,1.000224631035832,7636.438476686704,4.765957593917847
12,15,SMC,0.016041759194246108,0.017164915766948643,1.0001709523791256,7949.517719113889,7.988081693649292
12,20,SMC,0.014672299046246276,0.015825431731016287,1.0005717907617788,7775.479694012742,9.946723937988281
