run_id,mu,sampler,wasserstein_distance,mmd_rff,swd_zscore,r_hat,ess,runtime
12,"(10, 10, 10)",DEMetro,2.249261416133491,0.15081160558721704,52.140557837016296,1.0116770228045193,447.99821878418527,3.8013696670532227
12,"(20, 20, 20)",DEMetro,4.439817225838532,0.15497302821724007,43.07814821981553,1.0190590004714375,423.4915469611501,3.4547321796417236
12,"(3, 3, 3)",DEMetro,0.1617829462183665,0.06912262915200502,14.96887754062593,1.029093940101286,186.30073680340212,3.2678024768829346
12,"(6, 6, 6)",DEMetro,1.1370580690319947,0.16632254523855466,36.162627484550576,1.027890947611998,232.72492268299294,3.429255962371826
