{
    "sampler": "HMC",
    "value": [
        -20,
        0,
        0,
        0,
        0
    ],
    "means_array": [
        [
            -20,
            0,
            0,
            0,
            0
        ],
        [
            -12,
            0,
            0,
            0,
            0
        ],
        [
            -4,
            0,
            0,
            0,
            0
        ],
        [
            4,
            0,
            0,
            0,
            0
        ],
        [
            12,
            0,
            0,
            0,
            0
        ],
        [
            20,
            0,
            0,
            0,
            0
        ]
    ],
    "case": "Warmup Samples",
    "dim": 5,
    "samples": [
        [
            -10.513858592721098,
            2.8785948137049964,
            12.571664531908937,
            24.767723418398123,
            -25.097626957177596
        ],
        [
            -59.55149930150922,
            21.40381282060153,
            -12.824925570516426,
            22.23654009555566,
            -20.082452183659026
        ],
        [
            4.00128255653327,
            21.14150339615356,
            15.446224097567418,
            22.271583679519974,
            -23.045059208236726
        ],
        [
            -28.076131801521655,
            0.05396893425333759,
            -12.15536321274607,
            6.608011271036789,
            3.2280345052128356
        ]
    ]
}