{
    "sampler": "Metro",
    "value": 30,
    "means_array": [
        [
            -0.9096901936559428,
            0.0,
            0.0,
            0.0,
            0.0,
            0.0,
            0.0,
            0.0,
            0.0,
            0.0,
            0.0,
            0.0,
            0.0,
            0.0,
            0.0,
            0.0,
            0.0,
            0.0,
            0.0,
            0.0,
            0.0,
            0.0,
            0.0,
            0.0,
            0.0,
            0.0,
            0.0,
            0.0,
            0.0,
            0.0
        ],
        [
            0.9096901936559428,
            0.0,
            0.0,
            0.0,
            0.0,
            0.0,
            0.0,
            0.0,
            0.0,
            0.0,
            0.0,
            0.0,
            0.0,
            0.0,
            0.0,
            0.0,
            0.0,
            0.0,
            0.0,
            0.0,
            0.0,
            0.0,
            0.0,
            0.0,
            0.0,
            0.0,
            0.0,
            0.0,
            0.0,
            0.0
        ]
    ],
    "case": "Warmup Samples",
    "dim": 30,
    "samples": [
        [
            19.785527654863614,
            25.95569216308431,
            -1.3135969142536905,
            -12.947519651679311,
            -25.325485071204206,
            -11.122853678124127,
            -28.388690016083455,
            0.9468802945437425,
            -29.280504322244425,
            21.540723791916054,
            8.826331475128768,
            -4.57950115548222,
            28.150015437725777,
            -29.930139185307567,
            -13.852690238537573,
            -3.5791025328033577,
            3.5314819210414186,
            -19.51649049465883,
            28.487588314735547,
            10.406284608548361,
            -24.98269432999449,
            -8.382781964868993,
            -7.4687631143684605,
            -16.725150549494824,
            14.766894448866562,
            -6.8129460933352615,
            18.458512206104444,
            2.9775107343598144,
            -8.59280925827626,
            1.3138696773171752
        ],
        [
            -23.251587129960694,
            17.00930281141307,
            -3.2189824151070665,
            16.17394415887587,
            3.6019985354051762,
            16.401962137416827,
            18.64928805400232,
            -15.312689680984864,
            22.681741312892736,
            18.252191960409295,
            -12.741731488886138,
            -18.133836287082495,
            -24.366618111487448,
            20.34380003161063,
            18.553602198544063,
            9.247327660257238,
            22.69761573111681,
            -28.272014100468702,
            -14.717365236468337,
            23.915867600200936,
            6.036028959865538,
            3.053143702762474,
            -14.071089206307146,
            -16.064782264287686,
            -0.7641333829883266,
            27.9945440333757,
            -7.802026388630093,
            -0.03224482017859742,
            -5.256743783721319,
            20.305440192997956
        ],
        [
            7.725361978239171,
            -5.358553826758769,
            -26.48260739600752,
            -4.750477225405244,
            2.8927243161857703,
            6.658716403435491,
            -14.140070025937538,
            4.192856621448886,
            16.708168996598765,
            -9.674001968520265,
            3.308004532513891,
            9.893215525515764,
            14.633524278457422,
            24.82106543679924,
            19.2999199311931,
            -29.84631297584995,
            -14.73462027407405,
            8.727617670612286,
            29.602130535787648,
            12.943194091416396,
            8.948096915554775,
            -8.149752811813755,
            -12.870158635809048,
            -20.617954585462922,
            29.18831278802399,
            10.34941989470045,
            -16.56310109165053,
            2.868597491624815,
            -22.342341908145418,
            28.15751241734573
        ],
        [
            -3.8770927318038275,
            -12.805290216840266,
            -20.91204758202155,
            -26.56847808870496,
            -27.076809312073927,
            1.0847997546508135,
            -19.78122297655422,
            15.431161318096034,
            18.943682289694713,
            -19.958450163069465,
            -8.220777589717219,
            5.003337070849845,
            11.112482916097607,
            -11.403126751473911,
            -25.071662637171336,
            -6.600117194641161,
            26.39179233161169,
            -12.175102266036863,
            20.735729859007325,
            13.490869140378251,
            14.416674539457986,
            4.164740109803773,
            14.657860403426739,
            -27.79511534059182,
            -0.42546148569543263,
            -12.96593277015949,
            -29.545423621673663,
            24.78049318867542,
            25.41118798031372,
            13.915480377059227
        ]
    ]
}