run_id,mu,sampler,wasserstein_distance,mmd_rff,r_hat,ess,runtime
24,8,SMC,0.060352165276061055,0.01670943331277364,1.0000780676971455,7823.092381423145,0.7709729671478271
24,10,SMC,0.05202767595328267,0.015936933862679813,1.0003226019831193,7568.720392215932,0.9451093673706055
24,12,SMC,0.09425864026084345,0.014388434302978167,1.0001074199203521,8095.057211213035,1.0570106506347656
24,14,SMC,0.16550441168838154,0.014071077888554447,0.9998069812682725,7659.587362440861,1.3767008781433105
24,16,SMC,0.2254072403296242,0.01785320733952053,0.9998523630053037,8037.6424369707565,0.838080883026123
24,18,SMC,0.02732029169623848,0.009097935021047499,0.9999189503987115,7790.100139344842,1.027761459350586
24,20,SMC,0.14932569080878594,0.014181402602051625,0.9998671103998217,7419.817094442759,1.0474176406860352
24,22,SMC,0.19399973664505274,0.01423065297078954,1.0002179926370511,7692.475151441957,1.1829485893249512
24,40,SMC,0.10625143092721101,0.010066378337507979,1.0003076459904965,7291.613848192074,1.3832383155822754
