mu,global_median_wasserstein_distance,global_median_r_hat,global_median_ess,global_median_runtime,global_median_mmd_rff,global_q25_wasserstein_distance,global_q25_r_hat,global_q25_ess,global_q25_runtime,global_q25_mmd_rff,global_q75_wasserstein_distance,global_q75_r_hat,global_q75_ess,global_q75_runtime,global_q75_mmd_rff,ws_mcmc_mean,ws_iid_mean,ws_iid_std,mmd_rff_mcmc_mean,mmd_rff_iid_mean,mmd_rff_iid_std,ws_dist_glass_delta,mmd_rff_glass_delta
"(4.618802, 0.0)",0.07235299303813916,1.0004195730331633,3702.413085772555,2.007152557373047,0.00983803702750707,0.05522113902174883,1.000106217182945,3613.6605104336654,1.8928608894348145,0.006735149034452119,0.11146313206574654,1.001045119380132,3850.8246757180427,2.559765100479126,0.01630509685466709,0.08944256798142995,0.07684014821905588,0.024893367984896397,0.012578745955106458,0.010571811365768645,0.0050551933759471175,0.5062561148825006,0.3970045139889042
