{
    "sampler": "DEMetro_Z",
    "value": 3,
    "means_array": [
        [
            -0.9096901936559428,
            0.0,
            0.0,
            0.0,
            0.0,
            0.0,
            0.0,
            0.0,
            0.0,
            0.0,
            0.0,
            0.0,
            0.0,
            0.0,
            0.0,
            0.0,
            0.0,
            0.0,
            0.0,
            0.0,
            0.0,
            0.0,
            0.0,
            0.0,
            0.0,
            0.0,
            0.0,
            0.0,
            0.0,
            0.0
        ],
        [
            0.9096901936559428,
            0.0,
            0.0,
            0.0,
            0.0,
            0.0,
            0.0,
            0.0,
            0.0,
            0.0,
            0.0,
            0.0,
            0.0,
            0.0,
            0.0,
            0.0,
            0.0,
            0.0,
            0.0,
            0.0,
            0.0,
            0.0,
            0.0,
            0.0,
            0.0,
            0.0,
            0.0,
            0.0,
            0.0,
            0.0
        ]
    ],
    "case": "Posterior Samples",
    "dim": 30,
    "samples": [
        [
            -2.5168463573546846,
            12.051967824941249,
            -0.2796932952009873,
            -9.551857604804939,
            0.5736505821819233,
            -15.144662889873498,
            -0.6423583123718757,
            -16.304312689275136,
            1.8587956060593134,
            -3.921566110413743,
            4.695510638083176,
            4.949064412361509,
            12.396892435516891,
            -19.948679757488318,
            -5.599115556881765,
            -10.294744462542894,
            -4.856979108141536,
            7.279578475221174,
            -8.330105779779535,
            -10.158628112411842,
            -5.306069069080581,
            -2.402162773319465,
            -17.97764811240094,
            5.264343210964327,
            -17.170263180210103,
            -8.132119179250545,
            -8.462314311582427,
            4.643290614666846,
            -10.666283910559919,
            -21.812151104818508
        ],
        [
            31.108957707657908,
            8.20172582789555,
            10.461156014012028,
            7.697825389837839,
            22.863900687447344,
            27.965539412088127,
            24.740437203804124,
            -5.626948511794691,
            16.037666425281902,
            -3.2379727588824294,
            14.276886735056694,
            44.42342059564562,
            19.35002307869534,
            47.91557572725681,
            34.99366780668875,
            48.79594439187522,
            18.807846608696217,
            0.9759419833719436,
            17.483016796897388,
            37.40832023962891,
            23.191762444234147,
            29.644661350350916,
            -1.9401854119607456,
            32.175024923398716,
            22.304641424718515,
            5.813274377878685,
            -6.173584718644807,
            -38.75055802213691,
            28.41965741494316,
            -2.6294184165058176
        ],
        [
            -4.401023162544154,
            42.250088812940604,
            -16.939009531156966,
            -13.0709662642599,
            -14.788131420570648,
            -1.4858834248428803,
            32.69776056893133,
            20.835741781327396,
            -3.5586760972245592,
            17.35966242270637,
            -3.8662161751959436,
            -9.28575932665743,
            18.370599848678452,
            13.941660314964803,
            0.46098852964447623,
            14.759058428974742,
            7.590796682240346,
            -17.045603158770213,
            33.28207685652886,
            -24.659876070273093,
            -18.13016168935,
            -8.075884665475616,
            -5.491287021775004,
            24.773837487332763,
            -8.96707773371607,
            -22.039331606317656,
            22.248877424483304,
            12.524294081000347,
            23.118919559526454,
            11.650242954231455
        ],
        [
            -1.1448184445404075,
            62.62237530191539,
            32.810155684290294,
            -7.216268687939708,
            19.99553570275236,
            -5.051532334732641,
            -22.257132936332038,
            14.858577750230918,
            22.82313594913523,
            -0.2595667217807236,
            -25.450810802150176,
            -22.9758768123008,
            -0.19206341584642317,
            32.00650097350734,
            47.84957578426808,
            -44.25915824693425,
            -7.1921135562614165,
            3.39601052377777,
            1.6201307596667274,
            10.596823550197076,
            -9.170875492519372,
            -21.935497793531834,
            -22.823614497243558,
            16.007741703261956,
            26.388954770668068,
            11.68126983617225,
            17.650694550866433,
            30.776214091784347,
            -21.959580696691766,
            -45.47828735673836
        ]
    ]
}