{
    "sampler": "DEMetro_Z",
    "value": 0.0,
    "means_array": [
        [
            0.0,
            0.0
        ],
        [
            13,
            0
        ]
    ],
    "case": "Warmup Samples",
    "dim": 2,
    "samples": [
        [
            1.3303681870500057,
            23.671975140953347
        ],
        [
            33.62583929622845,
            0.9118224103952446
        ],
        [
            3.5573580401887224,
            19.431587307118146
        ],
        [
            -12.673617352986732,
            4.336735465383219
        ]
    ]
}