dimension,ws_t_stat,ws_p_value,ws_paired_cohens_d
2,5.5120679402319475,0.0001828843423156843,1.5911969545422104
5,4.653693065394748,0.0007008619577154935,1.3434054720157762
10,4.161558831477723,0.0015851665699886722,1.201338555801064
15,3.0188452084554993,0.011679790034397864,0.8714655468717972
30,3.9332177261061703,0.002339111980684703,1.1354221564744027
