dimension,var_rmse_t_stat,var_rmse_p_value,var_rmse_paired_cohens_d
2,3.6519845971951588,0.003807511873857705,1.054237145133496
5,3.261402812576417,0.00758006706039763,0.9414858958883986
10,2.8868957962251707,0.014787734398198894,0.8333750325365007
15,2.2741154839906255,0.04398850873796059,0.6564805934251419
30,2.8259597691023495,0.016490915304244912,0.8157843167051471
