dimension,var_rmse_t_stat,var_rmse_p_value,var_rmse_paired_cohens_d
2,1.8122836271102793,0.09729910020246733,0.5231612199800356
5,0.17381824045971125,0.8651658032414226,0.0501770039597407
10,0.841784379906115,0.4178339033647991,0.24300221916920886
15,0.47702971400063593,0.6426774471618859,0.1377066168948587
30,1.4692045910342442,0.1697878102433153,0.42412283306412746
