dimension,mmd_rff_t_stat,mmd_rff_p_value,mmd_rff_paired_cohens_d
2,4.071740618324795,0.0018459500693541239,1.175410271030077
5,3.298738557828128,0.007093851060150698,0.9522637971741338
10,5.733477347149862,0.00013153105316043178,1.6551123448847973
15,4.197642449027146,0.0014914997329573477,1.2117549989538114
30,3.651706896925802,0.003809359111869129,1.0541569799708623
