{
    "sampler": "HMC",
    "value": 0.5,
    "means_array": [
        [
            0.0,
            0.0
        ]
    ],
    "case": "Posterior Samples",
    "dim": 2,
    "samples": [
        [
            -0.3385109113292698,
            -1.086418307863205
        ],
        [
            -0.8004915850699428,
            0.8613112489586283
        ],
        [
            -0.5461079986365817,
            -0.49290418262298313
        ],
        [
            1.9778466005422195,
            1.0556597036827209
        ]
    ]
}