run_id,alpha,sampler,wasserstein_distance,mmd_rff,r_hat,ess,runtime
15,0,Metro,0.05636767855155812,0.021297944989561546,1.004037448281246,983.3274849821786,0.9891436100006104
15,2,Metro,0.05387235082805434,0.024963300501946596,1.004272668239648,811.5196298335973,1.1236464977264404
15,4,Metro,0.04759740776006148,0.024469260741129928,1.0061376219976914,766.901820790112,1.44669508934021
15,6,Metro,0.03243390077846059,0.016538210667927895,1.0078625533083336,884.667444000561,1.1678266525268555
15,8,Metro,0.03614299515514878,0.018543073636053432,1.0076508695789934,711.9800955772565,1.49247407913208
15,10,Metro,0.028416482990207458,0.007303893046874175,1.0083441702818792,745.0497528657191,1.1498265266418457
15,80,Metro,0.02142701926817102,0.008547869138346459,1.0053468893331148,566.2851118306037,1.4359252452850342
15,100,Metro,0.0192390009721722,0.0032260191580412278,1.0133819451231358,543.6306745262017,1.1584722995758057
