run_id,mu,sampler,wasserstein_distance,mmd_rff,r_hat,ess,runtime
13,"(10, 10)",HMC,3.72099261139985,0.25037857861823715,1.2816157220528681,10.676684589424564,3.8880765438079834
13,"(2, 2)",HMC,0.6948455486163567,0.11107750971973887,1.3118953580116168,10.357126814569769,4.136885404586792
13,"(20, 20)",HMC,2.5871923520301983,0.13541757087774509,1.7045961220044419,6.192714332865652,3.944713592529297
13,"(40, 40)",HMC,4.3461127513108595,0.13355509413588498,1.7630777113265697,6.027773859236587,3.6155662536621094
13,"(5, 5)",HMC,1.8611503808035865,0.17390554115539814,1.2578838895490052,12.249691636738577,3.739638566970825
