run_id,mu,sampler,wasserstein_distance,mmd_rff,r_hat,ess,runtime
66,8,HMC,2.4831007810323937,0.3118088932896262,1.6305361784779127,6.559478002107729,1.6111736297607422
66,10,HMC,0.46156357335879106,0.051289856981108266,1.5311848109808444,7.228877756539771,1.308323621749878
66,12,HMC,8.486385931512283,0.7572214782786838,1.0011365488809094,1863.7786882020887,1.3270277976989746
66,14,HMC,4.116598889542725,0.3165589652855802,1.0025415172765377,1802.5464177988172,1.3761436939239502
66,16,HMC,0.8362609729810416,0.05903845269028942,1.5328557290197868,7.200146594312776,1.3443520069122314
66,18,HMC,3.624987047768319,0.21444876196588517,1.7382628301167435,6.119167137579907,1.6373744010925293
66,20,HMC,3.8044083746041903,0.19730682731427537,1.7385055980567208,6.123123364332598,1.3104991912841797
66,22,HMC,1.1522416511717253,0.051656349831419555,1.5318867319115257,7.232415954578052,1.3188860416412354
66,40,HMC,7.85887178994903,0.2092650619963144,1.7353174064131072,6.156575846493951,1.632821798324585
