run_id,mu,sampler,wasserstein_distance,mmd_rff,r_hat,ess,runtime
66,8,Metro,1.1965652178983845,0.16227143705565464,1.1534654769601553,21.48550456086944,1.1591522693634033
66,10,Metro,0.5809483080248086,0.07113578628377444,1.3827082888464675,9.278450941308755,1.0984930992126465
66,12,Metro,5.423064658108118,0.4828652896372403,1.5292697894496163,7.33139083645284,1.45631742477417
66,14,Metro,4.152694282638341,0.3131074276167653,1.0039945666400745,862.2029644786072,1.0494604110717773
66,16,Metro,0.8717370770500574,0.06504582441756135,1.534233974768327,7.351283005908824,1.128366470336914
66,18,Metro,3.548666007577327,0.22341671413009104,1.7368615027096725,6.213855948363384,1.0597078800201416
66,20,Metro,3.7803395657955865,0.19645530446311119,1.7346007174180045,6.146597532468286,1.093156099319458
66,22,Metro,1.2339073838732175,0.06558698708901668,1.5331976716358102,7.400257277372861,1.4639248847961426
66,40,Metro,7.830942811742484,0.20844030266481375,1.735749501021458,6.184077242722868,1.112518548965454
