{
    "sampler": "DEMetro_Z",
    "value": 40,
    "means_array": [
        [
            0.0,
            0.0,
            0.0,
            0.0,
            0.0,
            0.0,
            0.0,
            0.0,
            0.0,
            0.0,
            0.0,
            0.0,
            0.0,
            0.0,
            0.0,
            0.0,
            0.0,
            0.0,
            0.0,
            0.0,
            0.0,
            0.0,
            0.0,
            0.0,
            0.0,
            0.0,
            0.0,
            0.0,
            0.0,
            0.0,
            0.0,
            0.0,
            0.0,
            0.0,
            0.0,
            0.0,
            0.0,
            0.0,
            0.0,
            0.0
        ]
    ],
    "case": "Warmup Samples",
    "dim": 40,
    "samples": [
        [
            7.711304765769726,
            -1.1573841978020496,
            -3.59252703716702,
            1.3626900617967475,
            8.74743643886077,
            3.2143359784569037,
            9.669631648445845,
            -4.780198145966028,
            6.489315411730756,
            -8.145448734757258,
            -4.080356257578443,
            8.965219325697275,
            -2.148770733608523,
            -8.931640768713102,
            -0.5446011890727122,
            -5.437857610017315,
            -5.511083992078578,
            5.3160553173077805,
            1.9952738435641573,
            -3.401109889527147,
            7.296306558684025,
            5.822871410575046,
            -6.675628777559904,
            4.619424926454036,
            9.867499415312466,
            1.4948214355118958,
            8.806122733323239,
            -4.778558744158799,
            -1.175726739407255,
            -0.12651260236810638,
            -8.960125490547021,
            3.522940484209748,
            6.528637407432237,
            8.282319429476528,
            -3.790572132090631,
            -8.063563023979592,
            -7.882552513330819,
            9.85538632871577,
            2.3262204384413145,
            -8.000031825742898
        ],
        [
            2.3727455265443753,
            5.971694653276292,
            -9.275861396578126,
            -3.542412215405789,
            6.663015206738536,
            -7.961028944918338,
            -4.042794142516268,
            -2.005342395586957,
            -7.506081227967118,
            -0.2332081414840184,
            -2.8644953899085674,
            3.8490893720234625,
            -6.746308476784459,
            9.836805039052264,
            7.603326822286252,
            8.179128502939648,
            -7.54247862526838,
            5.6191384964655775,
            -6.872754738763944,
            -8.630880226924672,
            -2.828230507616154,
            -4.1971598825410386,
            2.840150770524506,
            5.755627288228373,
            -4.8536286982921855,
            8.742723981717534,
            5.658148574761177,
            -4.189246323504565,
            9.797270100211906,
            1.419507291388128,
            -1.0420411950663324,
            -5.232674265276599,
            1.6039510661837029,
            1.1455912368110792,
            -8.104309622307714,
            2.351950166630679,
            3.5633414928634832,
            -9.18931149889218,
            6.921878745135611,
            6.609825374015805
        ],
        [
            2.7004790703058523,
            -2.7993477889069416,
            -2.1626447893950944,
            -4.676865216121782,
            3.6781090085515373,
            -2.9495016194674673,
            -4.500572171021115,
            -0.5628805064799487,
            -0.24109500729660038,
            -7.475629076728088,
            -10.094366846702707,
            -1.8257149695512505,
            -4.782007681238671,
            -7.9373839628204506,
            2.422284028356186,
            4.980747782619882,
            -7.20830287056784,
            9.615470514381824,
            -8.680349148305709,
            7.226365906191732,
            7.110826249423806,
            -3.147488146159131,
            0.6987044941556035,
            3.183989352717576,
            -0.9369764548524929,
            7.569498221821571,
            -1.3457236760136468,
            -6.602866833053626,
            -7.765941916985343,
            2.4187034317286527,
            1.8297451516207806,
            4.999274672794674,
            -9.349295970235003,
            -0.39589888924956584,
            -0.24714577809534644,
            4.623530901416155,
            -0.5232095413960272,
            4.725168111732033,
            5.667232630922775,
            -9.833415800082074
        ],
        [
            5.388490388863322,
            -7.825490626604781,
            2.5038431904463994,
            -9.057987787544027,
            -3.5671332542240743,
            -9.115710265788753,
            -1.2208499457309676,
            -1.9458277466132405,
            1.3458717730312328,
            9.36264212270501,
            -7.420435749865391,
            -5.103901315387546,
            -5.577392690134385,
            8.968158878461846,
            2.9206751612314235,
            7.343132821523463,
            6.548995628275089,
            -3.2914639039467977,
            -0.7377377696528494,
            -3.8157005297148294,
            -8.128717370142898,
            -7.102924829108627,
            8.585819518785852,
            4.7340664268460975,
            -8.78032230082013,
            5.0779138233139385,
            8.490916888855025,
            2.8712749582672776,
            5.0524330331986285,
            10.220595712620193,
            -0.1052718741199771,
            -0.6726299383751946,
            -8.059009965872294,
            5.591979369567996,
            -6.969695110035267,
            -6.472755919146965,
            0.5129074578836151,
            -1.3327389940741272,
            -1.1668418344559357,
            -9.256324258984955
        ]
    ]
}