{
    "sampler": "HMC",
    "value": 1.1,
    "means_array": [
        0
    ],
    "case": "Warmup Samples",
    "dim": 1,
    "samples": [
        -2.40682763403429,
        -38.66055288326633,
        45.855381072258126,
        -67.13415962367871
    ]
}