{
    "sampler": "HMC",
    "value": 30,
    "means_array": [
        [
            0.0,
            0.0,
            0.0,
            0.0,
            0.0,
            0.0,
            0.0,
            0.0,
            0.0,
            0.0,
            0.0,
            0.0,
            0.0,
            0.0,
            0.0,
            0.0,
            0.0,
            0.0,
            0.0,
            0.0,
            0.0,
            0.0,
            0.0,
            0.0,
            0.0,
            0.0,
            0.0,
            0.0,
            0.0,
            0.0
        ]
    ],
    "case": "Warmup Samples",
    "dim": 30,
    "samples": [
        [
            19.916522549640337,
            87.04886621379697,
            -52.51068270218759,
            23.91449890300042,
            35.50194717913009,
            -18.850861923644324,
            87.18090251389442,
            54.42160575156658,
            94.8402156210847,
            76.68494005173734,
            86.30375073812621,
            -95.2720712456313,
            -7.900611549103868,
            25.250143975086225,
            78.26405112177352,
            70.95577360422928,
            -24.56372571582724,
            -77.93355690032138,
            -114.63051210142707,
            26.274854817310388,
            -16.970591939510005,
            -12.149356778362916,
            41.81082590184079,
            -12.016657995119518,
            65.36649146045248,
            -76.35192538958526,
            -40.276982698622625,
            92.70965149928604,
            -72.62841039404834,
            -87.91376855599842
        ],
        [
            -18.67484369926644,
            -63.50960838381078,
            -14.94512668452269,
            69.35946889663234,
            88.14643618041855,
            -13.689257082180642,
            -91.78504644256098,
            28.526515193738717,
            31.600478605191448,
            73.29130716219721,
            20.88995154266915,
            59.97248188682658,
            -46.306543773670576,
            -22.594580775187612,
            99.05830554065973,
            38.40650114472309,
            29.198720801594252,
            59.95574617938941,
            -2.4113661957263908,
            -41.73835544437334,
            -89.13823175567208,
            36.38751616552784,
            -70.26432524155679,
            -86.22478782795626,
            1.9610517620827657,
            -87.32119283416849,
            55.182332629085565,
            -70.31948327951459,
            35.974728113949894,
            48.14198177480162
        ],
        [
            64.8996389340817,
            27.267698576424056,
            29.043876119807702,
            -28.570904579304216,
            14.700936312730558,
            -23.17433693583371,
            -26.565042489595154,
            19.539258578853737,
            61.841050702107964,
            90.72856642539722,
            73.48534332055034,
            -98.59642646465795,
            -45.665513746472165,
            -66.68986711779144,
            37.36216526575148,
            -15.36030298908937,
            44.55322962101624,
            -45.94003086932472,
            -81.45133594142142,
            33.10549899283621,
            -102.79862802202481,
            100.68964282391983,
            18.96610650413399,
            38.48932212559339,
            33.378464589168026,
            59.120343454719226,
            -40.141071117984815,
            -5.1666916727230445,
            25.789768040412948,
            56.693384438730675
        ],
        [
            -33.14356007488689,
            -3.620284924800578,
            -84.00224425240175,
            77.12467592459926,
            -89.61579728251311,
            -14.436081879314576,
            21.787823932218387,
            35.95539913446654,
            57.562072993632945,
            44.34471370607734,
            1.4280335152988684,
            91.93154973910961,
            -44.54400163147283,
            -23.100427641313807,
            -57.53533202147802,
            92.13549786889921,
            84.55849643779243,
            -59.91039816608231,
            25.080590097787976,
            97.85457012885199,
            -80.82344464997594,
            -69.33670966557331,
            -29.306846691200004,
            55.1873689019108,
            -71.55708483586953,
            10.737264354686928,
            19.268008591835585,
            80.86153139546599,
            33.242237296084504,
            31.37052581700493
        ]
    ]
}