{
    "run_id": 1,
    "case": "multimodal",
    "dim": 30,
    "means_array": [
        [
            -6.000000003,
            0.0,
            0.0,
            0.0,
            0.0,
            0.0,
            0.0,
            0.0,
            0.0,
            0.0,
            0.0,
            0.0,
            0.0,
            0.0,
            0.0,
            0.0,
            0.0,
            0.0,
            0.0,
            0.0,
            0.0,
            0.0,
            0.0,
            0.0,
            0.0,
            0.0,
            0.0,
            0.0,
            0.0,
            0.0
        ],
        [
            6.000000003,
            0.0,
            0.0,
            0.0,
            0.0,
            0.0,
            0.0,
            0.0,
            0.0,
            0.0,
            0.0,
            0.0,
            0.0,
            0.0,
            0.0,
            0.0,
            0.0,
            0.0,
            0.0,
            0.0,
            0.0,
            0.0,
            0.0,
            0.0,
            0.0,
            0.0,
            0.0,
            0.0,
            0.0,
            0.0
        ]
    ],
    "min_mode": [
        -6.000000003,
        0.0,
        0.0,
        0.0,
        0.0,
        0.0,
        0.0,
        0.0,
        0.0,
        0.0,
        0.0,
        0.0,
        0.0,
        0.0,
        0.0,
        0.0,
        0.0,
        0.0,
        0.0,
        0.0,
        0.0,
        0.0,
        0.0,
        0.0,
        0.0,
        0.0,
        0.0,
        0.0,
        0.0,
        0.0
    ],
    "max_mode": [
        6.000000003,
        0.0,
        0.0,
        0.0,
        0.0,
        0.0,
        0.0,
        0.0,
        0.0,
        0.0,
        0.0,
        0.0,
        0.0,
        0.0,
        0.0,
        0.0,
        0.0,
        0.0,
        0.0,
        0.0,
        0.0,
        0.0,
        0.0,
        0.0,
        0.0,
        0.0,
        0.0,
        0.0,
        0.0,
        0.0
    ],
    "border": [
        20.0,
        20.0,
        20.0,
        20.0,
        20.0,
        20.0,
        20.0,
        20.0,
        20.0,
        20.0,
        20.0,
        20.0,
        20.0,
        20.0,
        20.0,
        20.0,
        20.0,
        20.0,
        20.0,
        20.0,
        20.0,
        20.0,
        20.0,
        20.0,
        20.0,
        20.0,
        20.0,
        20.0,
        20.0,
        20.0
    ],
    "low": [
        -29.792238454287673,
        -29.713410387324224,
        -29.941741539566763,
        -30.13135461728094,
        -30.06564037227306,
        -29.791160092537734,
        -29.89643042936685,
        -30.542689892170323,
        -29.938397597407146,
        -30.025914727713314,
        -29.789847989412966,
        -30.091641629256646,
        -29.694139082754205,
        -30.11870155242969,
        -29.796400676972603,
        -30.043467157478343,
        -30.123216426906794,
        -29.870727022336503,
        -30.19516536245265,
        -30.003717683727146,
        -30.25163874509427,
        -30.06219570280011,
        -30.180259585348256,
        -29.92881284365857,
        -29.671911597518765,
        -30.545662008043465,
        -29.932236549049236,
        -30.084248100655017,
        -30.32047039488089,
        -30.030792903146093
    ],
    "high": [
        30.207761545712327,
        30.286589612675776,
        30.058258460433237,
        29.86864538271906,
        29.93435962772694,
        30.208839907462266,
        30.10356957063315,
        29.457310107829677,
        30.061602402592854,
        29.974085272286686,
        30.210152010587034,
        29.908358370743354,
        30.305860917245795,
        29.88129844757031,
        30.203599323027397,
        29.956532842521657,
        29.876783573093206,
        30.129272977663497,
        29.80483463754735,
        29.996282316272854,
        29.74836125490573,
        29.93780429719989,
        29.819740414651744,
        30.07118715634143,
        30.328088402481235,
        29.454337991956535,
        30.067763450950764,
        29.915751899344983,
        29.67952960511911,
        29.969207096853907
    ],
    "samples": [
        {
            "posterior": [
                7.7387242257554085,
                -5.280329664581693,
                13.587229445673984,
                13.018738893914005,
                20.881104959081334,
                -7.984652917241398,
                28.18322464683175,
                -28.51821732953565,
                -14.363668299998292,
                7.632751038636734,
                29.081002785828066,
                -27.926657649458623,
                17.985482344000616,
                27.25034036696887,
                5.608448096015721,
                13.497262432747522,
                -21.77428246528976,
                -14.639493616604007,
                -21.854783714217053,
                -19.373672704773597,
                -2.750896285095539,
                1.6832858405439772,
                -7.094644767193461,
                -7.234695442512866,
                -25.79027279232138,
                -16.53695897467093,
                -4.08835011164312,
                -13.70523397644115,
                -15.045569000192895,
                22.9738860920772
            ]
        }
    ]
}