{
    "run_id": 1,
    "case": "unimodal",
    "dim": 30,
    "low": [
        -100.0,
        -100.0,
        -100.0,
        -100.0,
        -100.0,
        -100.0,
        -100.0,
        -100.0,
        -100.0,
        -100.0,
        -100.0,
        -100.0,
        -100.0,
        -100.0,
        -100.0,
        -100.0,
        -100.0,
        -100.0,
        -100.0,
        -100.0,
        -100.0,
        -100.0,
        -100.0,
        -100.0,
        -100.0,
        -100.0,
        -100.0,
        -100.0,
        -100.0,
        -100.0
    ],
    "high": [
        100.0,
        100.0,
        100.0,
        100.0,
        100.0,
        100.0,
        100.0,
        100.0,
        100.0,
        100.0,
        100.0,
        100.0,
        100.0,
        100.0,
        100.0,
        100.0,
        100.0,
        100.0,
        100.0,
        100.0,
        100.0,
        100.0,
        100.0,
        100.0,
        100.0,
        100.0,
        100.0,
        100.0,
        100.0,
        100.0
    ],
    "means_array": [
        [
            0.0,
            0.0,
            0.0,
            0.0,
            0.0,
            0.0,
            0.0,
            0.0,
            0.0,
            0.0,
            0.0,
            0.0,
            0.0,
            0.0,
            0.0,
            0.0,
            0.0,
            0.0,
            0.0,
            0.0,
            0.0,
            0.0,
            0.0,
            0.0,
            0.0,
            0.0,
            0.0,
            0.0,
            0.0,
            0.0
        ]
    ],
    "samples": [
        {
            "posterior": [
                -12.601768184929995,
                -95.43346038501352,
                -85.48282889317291,
                -54.00847372333908,
                -65.90177589886581,
                -45.83348610691114,
                -27.309882892941644,
                19.21085534766904,
                92.7071116543155,
                -51.12887125721264,
                -34.48733008337648,
                -61.870767488221844,
                -27.345076853341823,
                66.5115135401631,
                17.06371938742626,
                -26.37443821122949,
                70.17653552490665,
                -50.35649005344549,
                -81.21156996330548,
                32.4445185070208,
                64.2141489680601,
                58.575623293422325,
                95.59399688069422,
                66.98096933768323,
                -59.91490128696315,
                32.23767746256226,
                70.20235491474546,
                1.0361778528259435,
                35.55751633361666,
                -18.871138500059132
            ]
        },
        {
            "posterior": [
                75.41621456244641,
                35.753255384246586,
                -44.805239004258745,
                -16.83219000258063,
                -11.85480583737339,
                -95.27398945812936,
                15.829764035340645,
                32.87454276945758,
                86.78002559306498,
                -95.52705704010667,
                -10.461604985476342,
                31.992973074388573,
                -12.252923539229087,
                27.206243182881167,
                5.800926182536898,
                -63.41061172696345,
                42.68781073279928,
                87.62659577500654,
                -89.82288105258257,
                -35.03258468113685,
                9.558337015787302,
                99.62556537403515,
                81.5219172337425,
                64.11298245506424,
                -84.84121069539255,
                43.07819282901312,
                15.331427161739853,
                44.5297870431738,
                -72.72251130394912,
                37.61031159078419
            ]
        },
        {
            "posterior": [
                20.854322186578074,
                99.136642036533,
                72.14074197260496,
                87.91994567518765,
                2.6916668267584924,
                -63.061175177229536,
                -98.94188353304216,
                49.62238143755141,
                -99.6553537526043,
                -80.1445428246148,
                -63.79190428163062,
                80.66200630981515,
                -5.190811982674589,
                -24.128741182021514,
                -23.512503203169487,
                73.88299290468927,
                27.369481933596234,
                50.074510551619966,
                83.59629530129041,
                71.11814839583423,
                80.0317438771433,
                -90.91583020241765,
                -56.05244159734537,
                76.802360847642,
                -9.566021817377248,
                -10.495504443297236,
                -84.63518832948928,
                81.24437478009531,
                -91.72936832885084,
                0.9557024600317874
            ]
        },
        {
            "posterior": [
                89.48450764634507,
                -78.45365465549499,
                73.87515728597597,
                53.49388550589617,
                72.09277859162634,
                -76.8219388053649,
                -22.739091462029066,
                8.878381572966148,
                52.84326501464639,
                93.33357763759852,
                3.448302735990353,
                -99.86027213016742,
                75.81037543312996,
                -7.581970049110382,
                -66.52085470672381,
                48.036647927952345,
                8.956196015659359,
                55.9483270139051,
                -90.6628105834598,
                98.12878564823967,
                78.45674526314079,
                -66.65172145584447,
                3.961775402048943,
                42.937528775292435,
                71.31005552430858,
                -42.354518115217466,
                -69.39544884816624,
                -86.73319096749512,
                -98.18599094218553,
                -0.7938451420754546
            ]
        }
    ]
}