run_id,dimension_corr,sampler,wasserstein_distance,mmd_rff,r_hat,ess,runtime
9,2,HMC,0.026972868916756664,0.01489821509640619,1.0013434151981244,3831.691904277486,1.5821938514709473
9,5,HMC,0.03524505018579634,0.02138845521878801,1.0007459091988504,6077.676868270336,1.7352955341339111
9,10,HMC,0.0368076838134975,0.02279416819753218,1.0024607766521416,4886.515285310165,1.8440313339233398
9,15,HMC,0.02482236202488935,0.022883413157208092,1.0050393538553994,5775.2353499619885,2.0132060050964355
9,20,HMC,0.027114607444152384,0.022391685140415476,1.0039133123062247,8495.070706000653,2.066840887069702
