mode_means,sampler,wasserstein_distance,r_hat,ess,chain_seeds,mode_distance
"(0, 8)",HMC,0.23047601819523567,1.6844510605794034,6.474763236367239,"[310714, 76908, 648208, 577441]",8
"(0, 10)",HMC,2.5244921772224878,1.5265791446344117,7.438102723377971,"[310714, 76908, 648208, 577441]",10
"(0, 15)",HMC,3.9640127577372364,1.5376418817544242,7.467820894015458,"[310714, 76908, 648208, 577441]",15
"(0, 20)",HMC,5.1457686659377755,1.5294322948934567,7.395990797883937,"[310714, 76908, 648208, 577441]",20
