{
    "sampler": "DEMetro",
    "value": 5,
    "means_array": [
        0
    ],
    "case": "Posterior Samples",
    "dim": 1,
    "samples": [
        -0.012707926380773024,
        -0.40653728146173645,
        -1.7019681406723428,
        3.175155639788863,
        -0.40678523745861284,
        0.4738877834846096
    ]
}