{
    "sampler": "DEMetro_Z",
    "value": 5,
    "means_array": [
        [
            0.0,
            0.0,
            0.0,
            0.0,
            0.0
        ]
    ],
    "case": "Posterior Samples",
    "dim": 5,
    "samples": [
        [
            -7.242222207266627,
            -1.1159925090891767,
            -7.833148205220959,
            0.7283182620332295,
            -7.308122571844234
        ],
        [
            7.818329234437513,
            -5.737034254431836,
            -0.9176123577317966,
            8.385606541659682,
            -4.261978350806291
        ],
        [
            -13.719858054588986,
            3.2398291742944565,
            5.9608291120141725,
            -17.32586437735818,
            0.9378277345782288
        ],
        [
            -1.0267555581461336,
            -5.723434125245124,
            -3.0822719504862452,
            5.458169606591231,
            6.022924166855799
        ]
    ]
}