{
    "sampler": "DEMetro",
    "value": 2,
    "means_array": [
        0
    ],
    "case": "Posterior Samples",
    "dim": 1,
    "samples": [
        3.7995869477524837,
        0.9198180390730095,
        1.1703427236470187,
        -0.44527426031933126
    ]
}