run_id,mu,sampler,wasserstein_distance,mmd_rff,r_hat,ess,runtime
14,"(10.0, 0.0)",Metro,3.2372582996000774,0.2517944805582286,2.463357170671669,4.835372003394245,5.6922078132629395
