{
    "sampler": "HMC",
    "value": 0.0,
    "means_array": [
        [
            -4.000000002,
            0.0
        ],
        [
            4.000000002,
            0.0
        ]
    ],
    "case": "Posterior Samples",
    "dim": 2,
    "samples": [
        [
            -4.15341508765941,
            -0.7621432739554134
        ],
        [
            -4.1968187334921305,
            1.258194711523407
        ],
        [
            -2.8739504326304117,
            -0.8302432140803866
        ],
        [
            3.8083673638269318,
            1.337442933323535
        ]
    ]
}