run_id,dimension_corr,sampler,wasserstein_distance,mmd_rff,r_hat,ess,runtime
5,2,Metro,0.07118040969707574,0.03123292202648181,1.0132401413930303,175.11292911833772,1.2939026355743408
5,5,Metro,0.10497666940815004,0.07681848072451014,1.0444850950414217,73.8900765247025,1.9289155006408691
5,10,Metro,0.11394510500171416,0.055602364841117836,1.1804373034269369,18.564791484987218,2.005234479904175
5,15,Metro,0.1563149614534851,0.07257315832425013,1.08948394396794,28.633989507562653,2.783247470855713
5,20,Metro,0.06335771500164435,0.037796150916507204,1.3105823638839134,10.46368229677394,2.9355101585388184
