run_id,dimension_corr,sampler,wasserstein_distance,mmd_rff,r_hat,ess,runtime
5,2,SMC,0.025483315030295394,0.014194333310805399,1.0005391971785582,7854.41020568667,2.622039556503296
5,5,SMC,0.020060642099292526,0.015869786703382086,1.000366374605341,7817.387876796822,3.3815088272094727
5,10,SMC,0.012719057100331435,0.013857463415361102,1.0005704274129252,7337.640449224185,4.703139781951904
5,15,SMC,0.01860443970513933,0.017743346686864052,1.0005653209693433,7618.394682500048,6.201578617095947
5,20,SMC,0.027735321928100118,0.01658203006544169,1.0007690276234673,7120.366441670945,9.931134939193726
