{
    "sampler": "HMC",
    "value": 5,
    "means_array": [
        [
            0.0,
            0.0,
            0.0,
            0.0,
            0.0
        ]
    ],
    "case": "Warmup Samples",
    "dim": 5,
    "samples": [
        [
            -26.577257642749235,
            -72.6611995687309,
            -63.09539989424747,
            -17.582866637694135,
            -41.31811645114206
        ],
        [
            14.846008353125251,
            17.222719024079726,
            18.733707040046266,
            18.49190716119942,
            14.564834259463698
        ],
        [
            67.63414564830182,
            -77.5217563916552,
            -34.317369396980084,
            5.318466645477111,
            -88.23874400691955
        ],
        [
            6.265282788999344,
            9.933044690119837,
            9.267779087311084,
            8.895964293799036,
            10.894813735309773
        ]
    ]
}