{
    "sampler": "HMC",
    "value": 2.1,
    "means_array": [
        [
            0.0,
            0.0,
            0.0,
            0.0,
            0.0,
            0.0,
            0.0,
            0.0,
            0.0,
            0.0,
            0.0,
            0.0,
            0.0,
            0.0,
            0.0,
            0.0,
            0.0,
            0.0,
            0.0,
            0.0,
            0.0,
            0.0,
            0.0,
            0.0,
            0.0,
            0.0,
            0.0,
            0.0,
            0.0,
            0.0
        ]
    ],
    "case": "Warmup Samples",
    "dim": 30,
    "samples": [
        [
            -46.07734618800073,
            -73.04232880420274,
            -144.3277666342347,
            -124.59370096039954,
            -26.959759882814062,
            -88.82737970589221,
            -74.59330685750247,
            -76.22705322186017,
            -228.85029877274133,
            -34.80426132519718,
            -49.078534819310896,
            -19.69208348772375,
            45.98978864089698,
            -127.53810765873955,
            -97.56198343327675,
            73.410592142938,
            -73.94471278100961,
            -92.23733090546563,
            -56.70067592278334,
            99.23717179687382,
            53.87994011239326,
            10.982895694933429,
            76.58359935817742,
            -119.31009844933186,
            158.90802234727715,
            313.32532678854756,
            -2.8680476445481067,
            42.139787995257116,
            118.54373758290832,
            -46.366579983084584
        ],
        [
            -208.9662129891132,
            -99.13508242659309,
            -78.02324599371264,
            -66.39174519489171,
            53.90808073938176,
            -122.6111561905838,
            -45.58904742956996,
            113.33316928400092,
            -220.17548481102028,
            -146.55934410401102,
            52.720248494090086,
            -83.01868281363882,
            -28.984799671035734,
            -17.963357976591723,
            89.89170888916419,
            -96.79901251870649,
            -12.552807147072652,
            -142.528007808417,
            3.509489570742899,
            94.92228579662986,
            -124.73427219571843,
            -30.47433464089822,
            0.38133490402923564,
            15.434964471438057,
            8.71628501366156,
            258.91788958952577,
            53.557282844949356,
            96.39018737306884,
            65.92573891553926,
            102.82186556369014
        ],
        [
            216.3133589460367,
            92.21045414723898,
            50.24614195018888,
            72.49940891259546,
            62.908623934125536,
            70.84349950074936,
            -46.55819474351815,
            -18.115810586506772,
            -74.5518165067651,
            116.19376061730347,
            14.134607129803454,
            -11.277442746985008,
            -2.1509773733616773,
            -25.215993158417614,
            -8.00495120830765,
            -12.47385109713952,
            -84.73566371329234,
            101.7279218061813,
            32.41166031414662,
            4.827974125058543,
            134.4055881342059,
            53.160532540103524,
            -115.42563420834571,
            42.83385939436846,
            -117.9288445367052,
            -135.48497171935279,
            120.91370355642994,
            -15.921537471444038,
            -94.45998800710773,
            -41.262297571886876
        ],
        [
            -153.96740032725333,
            2.5987225021888647,
            -123.80926091917779,
            -70.62272482604862,
            4.230375388739022,
            45.49673276183803,
            -7.314333384850256,
            167.5985127154789,
            124.66517482518567,
            63.21461239794577,
            -37.652058818479965,
            -109.78180622308717,
            120.78570635368189,
            77.37066815395207,
            14.747930411246697,
            -76.92860774712643,
            110.7082090148374,
            153.00346015189487,
            -96.0351740632989,
            -68.11646728253967,
            62.05763567143655,
            108.05096830066829,
            -6.448041421838766,
            -43.28522384544629,
            -50.82182794996078,
            -201.93382289810086,
            -72.13219244199358,
            -234.88660605201025,
            -12.706553746319445,
            -99.46787070968239
        ]
    ]
}