{
    "sampler": "HMC",
    "value": 2.1,
    "means_array": [
        [
            0.0,
            0.0,
            0.0,
            0.0,
            0.0,
            0.0,
            0.0,
            0.0,
            0.0,
            0.0,
            0.0,
            0.0,
            0.0,
            0.0,
            0.0,
            0.0,
            0.0,
            0.0,
            0.0,
            0.0,
            0.0,
            0.0,
            0.0,
            0.0,
            0.0,
            0.0,
            0.0,
            0.0,
            0.0,
            0.0
        ]
    ],
    "case": "Posterior Samples",
    "dim": 30,
    "samples": [
        [
            0.5186442549372715,
            0.025314834391107346,
            0.4667206582528223,
            -0.2312678584351551,
            2.3446911037873677,
            -0.5561220439116584,
            -0.1593687120899936,
            -0.31624086017647257,
            0.07220060459938733,
            0.8347069643985032,
            0.3792080225628381,
            1.3415818924193534,
            -2.58467646320604,
            -0.7723083727990429,
            0.3481538295667963,
            -2.2331013924263776,
            0.15846153147692013,
            0.2375238474212188,
            -1.0946977999143022,
            -0.0981092433137853,
            1.7683520891318383,
            0.4054214440974756,
            -1.002794040798848,
            0.045949426295319694,
            -0.9405079065281894,
            -1.284881459219267,
            -1.0132648073398705,
            -1.0058508777196904,
            0.5049711344816923,
            0.3399404943948059
        ],
        [
            -1.8742505171376211,
            0.503056937882004,
            0.18980200254750523,
            0.0012572003285679309,
            -0.785206243754173,
            -1.530697490788758,
            0.02573087593217501,
            -0.7622886145913039,
            -0.2912152805134749,
            -1.2655661482344407,
            0.6317723102065779,
            -0.43462469821528354,
            0.06910257548726104,
            -0.0760384004023633,
            -1.1876416444628364,
            2.146583950551233,
            -2.326679230672209,
            0.13829189856289165,
            -0.20495753974943032,
            1.728814468677625,
            -0.1106493775135292,
            -0.13498671475325183,
            -0.5979347668018561,
            -1.7882403051741813,
            1.33819632635056,
            1.163267881050717,
            -1.3553084667514914,
            -0.4901053805807174,
            0.2587552541244481,
            2.212931470047851
        ],
        [
            -1.3400741207371887,
            3.6696003623363116,
            3.916509719336108,
            2.8029876030475864,
            0.7402694893307181,
            3.010281167757023,
            -0.34584244208915316,
            -0.3171228887924842,
            -1.997513853919939,
            -2.00354132609248,
            -2.3361233236528127,
            6.181206388124056,
            2.022589249636222,
            0.3131903068216039,
            1.6997851117804579,
            -3.7251216124699265,
            0.9602828380727502,
            0.4190451791802021,
            -1.0378026879143918,
            -2.5177274815579986,
            1.6100661721019134,
            5.170459226093778,
            -1.3620338431071703,
            2.1069835042034364,
            -1.0597940696135548,
            4.507914962559596,
            -1.2207343356902882,
            3.3697922329805485,
            1.5079608109108231,
            4.044110099373048
        ],
        [
            -0.0029967228324330303,
            -0.3604913462065789,
            1.5296692765566897,
            -0.7317469882535919,
            0.08785674071947974,
            1.0973816575258597,
            -1.5432690991349767,
            -1.3231477906085514,
            -0.7333711963027439,
            -1.5163951313654938,
            2.2697805681520737,
            -0.33148091575223687,
            -0.7207240651545067,
            -1.1536205695691457,
            -1.658104318923359,
            0.4916915512722537,
            0.1207473347778653,
            2.6305345108584612,
            1.2001450691986293,
            0.018031239520249175,
            -0.14138239671284694,
            0.4210413521738716,
            0.6328026193315651,
            -0.9503147437828089,
            -0.34448383850993847,
            0.8504573228421483,
            0.7047233264585455,
            -0.2507671758789022,
            -1.6790554953403056,
            0.23566284113941924
        ]
    ]
}