run_id,mu,sampler,wasserstein_distance,mmd_rff,r_hat,ess,runtime
1,"(10.0, 0.0)",SMC,0.23579803799010737,0.021286762942149963,1.0001381703217036,3488.1737118042042,6.305192470550537
