{
    "sampler": "DEMetro_Z",
    "value": 18,
    "means_array": [
        [
            -9.0,
            0.0,
            0.0,
            0.0,
            0.0,
            0.0,
            0.0,
            0.0,
            0.0,
            0.0,
            0.0,
            0.0,
            0.0,
            0.0,
            0.0,
            0.0,
            0.0,
            0.0,
            0.0,
            0.0,
            0.0,
            0.0,
            0.0,
            0.0,
            0.0,
            0.0,
            0.0,
            0.0,
            0.0,
            0.0
        ],
        [
            9.0,
            0.0,
            0.0,
            0.0,
            0.0,
            0.0,
            0.0,
            0.0,
            0.0,
            0.0,
            0.0,
            0.0,
            0.0,
            0.0,
            0.0,
            0.0,
            0.0,
            0.0,
            0.0,
            0.0,
            0.0,
            0.0,
            0.0,
            0.0,
            0.0,
            0.0,
            0.0,
            0.0,
            0.0,
            0.0
        ]
    ],
    "case": "Warmup Samples",
    "dim": 30,
    "samples": [
        [
            -15.034045193989314,
            -0.4203949331237883,
            -2.4606352863032424,
            16.938777632345552,
            -13.374049472777173,
            -7.355807600609687,
            -12.658389416980782,
            -2.1187739001728745,
            11.484012639794383,
            -0.7108116840954174,
            -18.802889341178435,
            11.909132923462955,
            -1.0361618197276061,
            -9.953663599817428,
            2.7845476870844985,
            -5.787317818837081,
            -30.139823528768094,
            -19.206641457082238,
            5.873245476496978,
            22.71034901092789,
            -25.098887547987037,
            -25.704575629212595,
            -24.296070986788518,
            19.277904739353232,
            -19.568903550086382,
            -15.994854965105928,
            -23.15963317425521,
            8.40204863585928,
            -2.767940426356603,
            6.749416247364819
        ],
        [
            26.061320298759277,
            -29.2664000645507,
            5.460704612193879,
            -15.265035338313922,
            -5.478011495019349,
            11.904406096022214,
            -21.97689806797797,
            -15.836033881547067,
            -6.403851870358178,
            5.020072256563516,
            -10.854068922832202,
            -11.906420831342167,
            8.825340454970465,
            -27.86421037795193,
            29.653399138426213,
            13.323619822620842,
            2.6330837927187005,
            1.7985277729634532,
            -22.915231308646476,
            -10.938642900196935,
            -3.3036616758834008,
            -20.44211991302247,
            27.770637550182833,
            -4.0208347477839865,
            2.9890391635431364,
            6.197948636647691,
            -9.36700949988834,
            -27.438333320782878,
            -27.685702206031273,
            -14.299461103489955
        ],
        [
            -32.0450617890561,
            -1.633226566337205,
            -27.590932029818145,
            -5.468502921629425,
            -10.895395752887923,
            2.6077551185625536,
            0.2962693401848055,
            -7.467494811352296,
            26.581595971055666,
            18.98291169326182,
            -11.558963107821917,
            10.429481012198869,
            17.653603856113296,
            0.17723826920724262,
            -6.077564497423767,
            23.979543811958326,
            10.817371294974146,
            -18.984733933301563,
            -6.1069570401581235,
            26.207298600331956,
            16.86032242849501,
            25.615352080054546,
            4.345437606182276,
            11.770748984872403,
            26.729316987851973,
            29.47692728829785,
            -5.226200591060028,
            -15.798083993148163,
            26.426266453564526,
            21.142123861303542
        ],
        [
            -30.043553916773345,
            4.128815601302784,
            16.610885812777777,
            29.524838396081158,
            -27.2735673081101,
            4.852968823591171,
            -11.750898968922055,
            17.500650874683895,
            29.613995180658247,
            29.263712309039295,
            26.145626530591947,
            -14.683378908508823,
            -21.678198563895478,
            28.883413898678644,
            6.217038821333339,
            -28.186037881269122,
            -11.172786686559599,
            3.8840689543644222,
            28.306987813443776,
            7.774499124011563,
            5.158150216630294,
            6.53255770454028,
            -0.8599180933781987,
            25.153203889394653,
            3.3283826681911863,
            5.323561580556543,
            0.9636693353007173,
            29.39470360883175,
            -27.37370523510561,
            18.163488960053833
        ]
    ]
}