run_id,alpha,sampler,wasserstein_distance,mmd_rff,r_hat,ess,runtime
34,0,SMC,0.08038302706165176,0.04897153112649111,1.1064005650008042,118.01554002735169,0.7363355159759521
34,2,SMC,0.11766635108183846,0.07969378540819703,1.0549467118160532,96.25334152693989,0.7560949325561523
34,4,SMC,0.08717403500558776,0.0640454564927478,1.0771500752526906,49.159347896117005,0.7930138111114502
34,6,SMC,0.12304731469394117,0.09453480232487001,1.0984755163183444,57.186108989146085,0.8158168792724609
34,8,SMC,0.05986877898333773,0.04075757079183274,1.0934352550706976,34.009852927225985,0.776331901550293
34,10,SMC,0.08181053423356413,0.059555733229511354,1.126121426601013,28.78359686911303,0.7920606136322021
34,80,SMC,0.09168262965332155,0.0712953134502689,1.174461338055557,20.355345212443595,0.8063101768493652
34,100,SMC,0.12388494567520046,0.09266766096704193,1.193993776060624,15.9484409105458,1.486884355545044
