run_id,alpha,sampler,wasserstein_distance,mmd_rff,r_hat,ess,runtime
63,0,HMC,0.018412630621148486,0.008511396712276567,1.001340233885771,1838.393855623935,1.157334327697754
63,2,HMC,0.03309707583689113,0.020418518062201515,1.0022270432857499,1563.9324895819288,1.3922886848449707
63,4,HMC,0.016102895560305305,0.0057988126874452,1.0042516984470033,912.8794653729346,1.3956787586212158
63,6,HMC,0.01214900030304938,0.005142643662587579,1.0012008694571588,987.1366763655137,1.4271047115325928
63,8,HMC,0.03282155284326509,0.022796660830198035,1.0027115352035532,1048.9664905773168,1.7224655151367188
63,10,HMC,0.01473039474172734,0.0072954923522767,1.0024082983899478,860.2996705182097,1.4906671047210693
63,80,HMC,0.02209601086361114,0.015259348161975057,1.005010145720618,488.30529910835656,1.9302785396575928
63,100,HMC,0.03257590347366768,0.019552115228821648,1.0023425070314758,504.8228908324936,1.7237677574157715
