run_id,mu,sampler,wasserstein_distance,mmd_rff,r_hat,ess,runtime
10,"(0, 0, 0, 0, 0)",HMC,0.033211376903429554,0.024097927699833856,1.0022932511281784,1651.8940419523076,1.8844654560089111
