run_id,mu,sampler,wasserstein_distance,mmd_rff,r_hat,ess,runtime
10,"(0, 0, 0, 0, 0)",SMC,0.02535394686098482,0.02037447933846872,1.0008500410736048,3899.0981913191217,1.967555046081543
