{
    "sampler": "Metro",
    "value": 0.99,
    "means_array": [
        [
            0.0,
            0.0
        ]
    ],
    "case": "Warmup Samples",
    "dim": 2,
    "samples": [
        [
            -12.936949670259857,
            -0.936132701609278
        ],
        [
            -19.72088938138748,
            -7.422399055002191
        ],
        [
            59.12502425675376,
            -15.83166652797952
        ],
        [
            -33.9148662822702,
            50.679521140712076
        ]
    ]
}