{
    "sampler": "Metro",
    "value": 5,
    "means_array": [
        [
            0.0,
            0.0,
            0.0,
            0.0,
            0.0
        ]
    ],
    "case": "Warmup Samples",
    "dim": 5,
    "samples": [
        [
            1.0998251457742256,
            -3.521506284048634,
            -27.40429512973909,
            -15.650679734843708,
            14.348466125853326
        ],
        [
            -3.5875334390217284,
            -26.907831963506794,
            -20.969720401377046,
            26.256297136956128,
            -19.07640677442144
        ],
        [
            0.9578828711997867,
            -2.7988253820525104,
            -23.675740304530198,
            -5.844756697663759,
            -13.291535003958199
        ],
        [
            -3.7270768329701554,
            12.515467788585866,
            -0.8272712666139235,
            21.555985777581775,
            -19.0599782310689
        ]
    ]
}