{
    "sampler": "Metro",
    "value": 2,
    "means_array": [
        [
            0.0,
            0.0
        ]
    ],
    "case": "Warmup Samples",
    "dim": 2,
    "samples": [
        [
            7.916624969471259,
            -19.02099691509203
        ],
        [
            -10.951414454652433,
            -4.297264528763336
        ],
        [
            4.802579707829789,
            25.774464075296514
        ],
        [
            29.790444853010772,
            17.894501316610025
        ]
    ]
}