{
    "component_types": [
        "MvNormal",
        "MvNormal",
        "MvNormal",
        "MvNormal"
    ],
    "component_params": [
        {
            "mu": [
                8.0,
                0.0
            ],
            "cov": [
                [
                    1.0,
                    0.0
                ],
                [
                    0.0,
                    1.0
                ]
            ]
        },
        {
            "mu": [
                4.898587196589413e-16,
                8.0
            ],
            "cov": [
                [
                    1.0,
                    0.0
                ],
                [
                    0.0,
                    1.0
                ]
            ]
        },
        {
            "mu": [
                -8.0,
                9.797174393178826e-16
            ],
            "cov": [
                [
                    1.0,
                    0.0
                ],
                [
                    0.0,
                    1.0
                ]
            ]
        },
        {
            "mu": [
                -1.4695761589768238e-15,
                -8.0
            ],
            "cov": [
                [
                    1.0,
                    0.0
                ],
                [
                    0.0,
                    1.0
                ]
            ]
        }
    ],
    "weights": [
        0.25,
        0.25,
        0.25,
        0.25
    ]
}