{
    "sampler": "Metro",
    "value": 2.5,
    "means_array": [
        [
            -0.9096901936559428,
            0.0,
            0.0,
            0.0,
            0.0,
            0.0,
            0.0,
            0.0,
            0.0,
            0.0,
            0.0,
            0.0,
            0.0,
            0.0,
            0.0,
            0.0,
            0.0,
            0.0,
            0.0,
            0.0,
            0.0,
            0.0,
            0.0,
            0.0,
            0.0,
            0.0,
            0.0,
            0.0,
            0.0,
            0.0
        ],
        [
            0.9096901936559428,
            0.0,
            0.0,
            0.0,
            0.0,
            0.0,
            0.0,
            0.0,
            0.0,
            0.0,
            0.0,
            0.0,
            0.0,
            0.0,
            0.0,
            0.0,
            0.0,
            0.0,
            0.0,
            0.0,
            0.0,
            0.0,
            0.0,
            0.0,
            0.0,
            0.0,
            0.0,
            0.0,
            0.0,
            0.0
        ]
    ],
    "case": "Posterior Samples",
    "dim": 30,
    "samples": [
        [
            11.195400121823932,
            15.278930276932092,
            10.801450047978694,
            13.313373021542114,
            13.953318936327006,
            14.065791384974995,
            13.454816045557873,
            12.153775785164058,
            15.26703197132127,
            12.931779648552821,
            13.732173666762998,
            14.619394428663192,
            12.767706668928748,
            13.596440801388916,
            15.13139026584846,
            15.155247635743152,
            12.384906927024943,
            13.695875432635557,
            13.619587257543323,
            13.14843360397301,
            13.788446383065702,
            12.963716542088026,
            15.265498673299867,
            12.404026129278718,
            13.234360005233917,
            12.518223355987054,
            13.069727756421738,
            13.846592755050603,
            14.368876137287277,
            12.812136909058646
        ],
        [
            -32.27920359382455,
            -32.56321580269158,
            -23.622312679733803,
            -28.815461573140997,
            -31.91049859326685,
            -20.6734117671502,
            -31.791542491727146,
            -25.649044285350122,
            -29.99871641454653,
            -32.317330494766665,
            -25.668685454597234,
            -29.2031889961365,
            -32.754559009826934,
            -30.023203672275162,
            -25.330105941607837,
            -33.68751350815758,
            -27.254720693100772,
            -22.412283700079367,
            -18.540608035865095,
            -28.25899244864653,
            -20.898971988282,
            -30.107448969854467,
            -32.0548625346708,
            -33.1141636054791,
            -23.972723288474658,
            -22.116215895009855,
            -18.237322669845245,
            -25.907079981151412,
            -26.568497849667253,
            -28.701971299399155
        ],
        [
            -66.9709617670556,
            -59.54006569756673,
            -85.81084748853478,
            -94.27498046358421,
            -100.9800938900563,
            -72.37670703606405,
            -81.03344550445411,
            -97.04692995197429,
            -101.49189314511014,
            -82.63845186558638,
            -95.37389250272675,
            -93.49512643086801,
            -84.28345004857678,
            -52.727574062716776,
            -69.40176942356136,
            -79.29120854504917,
            -91.44792088494258,
            -77.2072467735603,
            -72.35945662686441,
            -83.02569058567815,
            -54.53630069515965,
            -64.90298175182012,
            -106.46871649539628,
            -71.5354843680432,
            -95.39125120339182,
            -81.43378942708652,
            -110.35115960765278,
            -55.02824439098235,
            -81.32361168648438,
            -101.95444432615028
        ],
        [
            22.8493929188066,
            34.65330380456366,
            32.04375279265588,
            28.10824860972824,
            34.374833055254264,
            27.0478242100247,
            32.58464057397314,
            33.681487732812094,
            31.404567344721485,
            28.864210111821613,
            34.037726617311016,
            39.50528993845687,
            19.532342574492,
            28.46122275277129,
            32.671365381761156,
            28.886906217926526,
            33.3987103648877,
            23.877593241228535,
            30.525451242641445,
            36.6459483823525,
            33.54393893703976,
            27.09342069869519,
            35.401294601187246,
            33.82845102724417,
            41.825216884006075,
            30.993955960040218,
            30.68318077063202,
            31.896327524666614,
            31.637809100815108,
            30.202665365521057
        ]
    ]
}