{
    "sampler": "Metro",
    "value": 18,
    "means_array": [
        0,
        18
    ],
    "case": "Posterior Samples",
    "dim": 1,
    "samples": [
        17.974999735356683,
        -0.9733499590002601,
        1.6634564436851953,
        -0.8063653630800135,
        -1.5624972965888047,
        -1.4524491927788268
    ]
}