{
    "sampler": "HMC",
    "value": 60,
    "means_array": [
        [
            0.0,
            0.0,
            0.0,
            0.0,
            0.0,
            0.0,
            0.0,
            0.0,
            0.0,
            0.0,
            0.0,
            0.0,
            0.0,
            0.0,
            0.0,
            0.0,
            0.0,
            0.0,
            0.0,
            0.0,
            0.0,
            0.0,
            0.0,
            0.0,
            0.0,
            0.0,
            0.0,
            0.0,
            0.0,
            0.0
        ]
    ],
    "case": "Posterior Samples",
    "dim": 30,
    "samples": [
        [
            -1.7858364862962657,
            0.7464759598193355,
            0.3406684249409759,
            -1.2066149621997762,
            -0.4065882699467985,
            1.0344904571405407,
            -1.0683434183474083,
            0.675922211955832,
            -1.0883369580080617,
            -2.5291166230291573,
            -0.4183166300089959,
            3.230783031562142,
            -0.20318122908158637,
            -0.18508415609723855,
            0.06175733835394714,
            1.070144019793018,
            -0.6812275236840348,
            0.9635119633954459,
            -0.6573034018170854,
            -0.17330160469161482,
            1.8376086811551784,
            -0.8774776370748711,
            -0.10393053260563745,
            -1.1023186222632229,
            -2.2059889553690324,
            0.4087294373832817,
            -1.3900811946697436,
            -0.4892502727301993,
            -1.227112622547007,
            -2.5677240233583714
        ],
        [
            -0.5825196372554101,
            -0.4535823088978823,
            -0.2248210607688305,
            0.03603747146008655,
            0.7237961791736014,
            0.8377395208027725,
            -1.0023114933287476,
            -0.5333199580102136,
            0.06583377259547508,
            1.095542924521767,
            -0.5680575012899417,
            -0.9482000192639661,
            2.5724618178495464,
            1.7252889202229833,
            -0.6621777756870324,
            0.42485601480583984,
            1.0852356023764886,
            -1.4693750936426795,
            1.5305795508028504,
            1.1915016824465483,
            0.2637357210730243,
            -0.27947547259862837,
            0.26477517681465546,
            0.936781792674473,
            -1.2606242232425664,
            -0.12267670108966139,
            -1.4102220368784706,
            -0.19739673575310268,
            -1.2832582126552505,
            1.7559530414192934
        ],
        [
            -0.1772088161393857,
            0.6707140636328018,
            -0.40303198196107487,
            0.09201907259152814,
            -0.8178005310360971,
            -0.8194062486935345,
            0.25723945900241146,
            -1.0422564481993166,
            0.3447772739125921,
            -0.11667788560308912,
            -0.4907699294124182,
            0.5100430083158046,
            0.30152915847781286,
            0.8649145598917374,
            1.599895160096552,
            2.2021822646616513,
            -0.09624440123744077,
            0.7012975626949954,
            0.6213994372276329,
            1.197838584039481,
            0.24423763075688898,
            1.1059083005574672,
            0.884408631761763,
            1.409136185129813,
            -0.443545151444707,
            1.8181374302763333,
            1.4475833988987845,
            0.9925162488181878,
            0.8623596888483769,
            0.14452427714581909
        ],
        [
            0.6048122443857683,
            1.252100358018862,
            -0.6175185069106942,
            -0.6707265683376832,
            0.21035074919362137,
            -0.4272540873218536,
            -0.12188927985719523,
            -0.5963237989309995,
            -0.2301394198142454,
            -1.1007756650296288,
            1.0397401529990675,
            0.8514497153475367,
            0.38547636428803106,
            0.21260519300414898,
            -0.9652118466938833,
            -0.3033675503326313,
            -0.005561682947530566,
            -2.040078280128625,
            0.2765211675559788,
            -1.022112095306282,
            0.851631161249799,
            0.41247104622746833,
            0.4861977929161915,
            -1.0770689721202606,
            1.5247213817297132,
            1.3304484480357994,
            -0.587539121309132,
            0.7335418119780514,
            -0.7110420305136526,
            -0.4118554105390503
        ]
    ]
}