{
    "sampler": "Metro",
    "value": 10,
    "means_array": [
        0
    ],
    "case": "Posterior Samples",
    "dim": 1,
    "samples": [
        -0.818086015184901,
        -0.48146923653397344,
        0.5053743262583105,
        2.323259488363312
    ]
}