b,sampler,wasserstein_distance,r_hat,ess,runtime
0.5,HMC,0.030541094205288843,1.003816041492598,1192.2251724201913,1.677377462387085
1.0,HMC,0.07936452659927008,1.0010296174249624,1390.0637821420419,1.612396240234375
2.0,HMC,0.12487197214256425,1.0020759196577818,1445.5104136597975,1.6478121280670166
5.0,HMC,0.3383296230921443,1.0060680278050953,1280.8622296403516,1.7263386249542236
