{
    "sampler": "Metro",
    "value": 0.3,
    "means_array": [
        [
            0.0,
            0.0
        ]
    ],
    "case": "Posterior Samples",
    "dim": 2,
    "samples": [
        [
            -2.76293046237443,
            1.9573629802154824
        ],
        [
            0.08610546764756977,
            0.1124141257959819
        ],
        [
            -1.065659262116782,
            1.3403125733291696
        ],
        [
            -0.7241851552264846,
            0.5523574957138084
        ]
    ]
}