{
    "sampler": "Metro",
    "value": 0.3,
    "means_array": [
        [
            0.0,
            0.0
        ]
    ],
    "case": "Warmup Samples",
    "dim": 2,
    "samples": [
        [
            27.600343610234138,
            -48.15696775875504
        ],
        [
            116.6752215962692,
            -98.69629946594107
        ],
        [
            22.760868748798604,
            -119.38556695704513
        ],
        [
            17.371178032887737,
            -66.05734446571917
        ]
    ]
}