{
    "sampler": "DEMetro_Z",
    "value": 8,
    "means_array": [
        [
            -4.0,
            0.0
        ],
        [
            4.0,
            0.0
        ]
    ],
    "case": "Warmup Samples",
    "dim": 2,
    "samples": [
        [
            121.53877391261959,
            99.17365709547
        ],
        [
            66.03834328815955,
            -25.0898098201081
        ],
        [
            94.04256423614122,
            -23.404769962812214
        ],
        [
            142.96710259649527,
            13.523362669898447
        ]
    ]
}