{
    "sampler": "DEMetro_Z",
    "value": 8,
    "means_array": [
        [
            -4.0,
            0.0
        ],
        [
            4.0,
            0.0
        ]
    ],
    "case": "Posterior Samples",
    "dim": 2,
    "samples": [
        [
            3.503942650544186,
            0.23076633150850384
        ],
        [
            -4.80375615153331,
            0.38713031229754175
        ],
        [
            3.8817984928308826,
            -0.23922019580540407
        ],
        [
            2.4085471300059402,
            -0.5527774883610617
        ]
    ]
}