{
    "sampler": "DEMetro_Z",
    "value": 4,
    "means_array": [
        [
            -2.000000001,
            0.0,
            0.0,
            0.0,
            0.0,
            0.0,
            0.0,
            0.0,
            0.0,
            0.0,
            0.0,
            0.0,
            0.0,
            0.0,
            0.0,
            0.0,
            0.0,
            0.0,
            0.0,
            0.0,
            0.0,
            0.0,
            0.0,
            0.0,
            0.0,
            0.0,
            0.0,
            0.0,
            0.0,
            0.0
        ],
        [
            2.000000001,
            0.0,
            0.0,
            0.0,
            0.0,
            0.0,
            0.0,
            0.0,
            0.0,
            0.0,
            0.0,
            0.0,
            0.0,
            0.0,
            0.0,
            0.0,
            0.0,
            0.0,
            0.0,
            0.0,
            0.0,
            0.0,
            0.0,
            0.0,
            0.0,
            0.0,
            0.0,
            0.0,
            0.0,
            0.0
        ]
    ],
    "case": "Posterior Samples",
    "dim": 30,
    "samples": [
        [
            1.4182005681939076,
            9.080216546412085,
            18.807088723312596,
            63.459948170299334,
            -24.203256252966145,
            2.8724661953441215,
            -64.01784109692876,
            46.00491298604014,
            -21.851301384933354,
            51.36508623169637,
            -22.267330033063402,
            -52.01666018723023,
            -35.40779912784415,
            -33.40962223056016,
            -14.148397763279439,
            -23.252038063654638,
            -26.940375299602888,
            63.334554332738186,
            -9.693797126666002,
            26.120738395739043,
            60.0159171682024,
            -68.94699644519525,
            9.651352031557833,
            -15.456820275945292,
            4.648511824977913,
            -13.572718005859212,
            32.1176594295669,
            -25.178177727829215,
            -37.58408169959032,
            -16.34403681812351
        ],
        [
            2.0391571932541277,
            -25.12380812602893,
            -28.5031800902442,
            16.30871438271842,
            -16.63673711765314,
            17.376485226797563,
            -10.728369422842006,
            -12.268206054302205,
            18.38303892540314,
            4.340220914366453,
            39.393987788336545,
            11.79000557791002,
            -16.768481777683228,
            28.738640764393658,
            -43.41741765368728,
            13.402835744614999,
            7.475579698433293,
            -42.14090026112299,
            -3.396874293252819,
            -0.6864050592123079,
            17.238945767044942,
            30.44505922257299,
            14.409314166398147,
            -1.791713778786589,
            -15.00614439562629,
            0.5484286825452358,
            -30.307951904692114,
            18.20990847629085,
            -18.515117813860847,
            -36.913516096910634
        ],
        [
            10.118460833834298,
            -4.973052049334962,
            31.738902336919267,
            1.3940436005770556,
            -30.697714474365345,
            -67.04791858907433,
            -9.854800090362936,
            45.9582117538764,
            52.07925371629368,
            -11.489162863828236,
            -31.914635331158685,
            0.3301953314774271,
            -13.39234046216907,
            16.104712818077438,
            -26.651265114101328,
            16.363760869944464,
            0.6463667415496239,
            17.98825626253786,
            -10.881240559688205,
            3.796695631161338,
            -1.8400243018889495,
            36.94192793660735,
            -32.04099862897025,
            -5.611261105549427,
            -14.639475177839962,
            17.00377905088152,
            -38.387290877377396,
            54.94932980864675,
            -7.07923327049107,
            -13.517020839170794
        ],
        [
            -42.14310928928771,
            39.60011452499441,
            -9.72952945686881,
            23.477829942246963,
            3.165635354360294,
            -36.76899223373009,
            8.153271522922626,
            43.318693232210386,
            36.33522979765591,
            55.81007772011779,
            -44.27846374591067,
            4.042982095692917,
            54.41740273068924,
            -32.21093148028022,
            58.12948270241226,
            -2.071708254552881,
            53.17109136575957,
            42.51687504213923,
            43.90330077522355,
            -6.1279142500286365,
            -52.0893285502219,
            -31.064968420188954,
            -1.0792663695498135,
            -35.2091519529599,
            -60.22649736965299,
            31.236035980278125,
            28.657472200137136,
            73.33676167223231,
            -7.421257957850818,
            -24.59649247262321
        ]
    ]
}