mu,sampler,wasserstein_distance,r_hat,ess,runtime
"(-10, 10)",Metro,0.03263037653866771,1.0073630757436802,2152.3645632161943,2.9525222778320312
"(0, 0)",Metro,0.03340642015109026,1.0073630757436802,2152.3645632161943,2.5325334072113037
"(20, -20)",Metro,0.025298821181191915,1.0073630757436802,2152.3645632161943,2.761776924133301
"(50, -50)",Metro,0.029821038051288072,1.0073630757436802,2152.3645632161943,2.7446868419647217
