run_id,alpha,sampler,wasserstein_distance,mmd_rff,r_hat,ess,runtime
33,0,SMC,0.06603189217671457,0.03472833890921811,1.0160939447470108,299.2977297603803,0.7394442558288574
33,2,SMC,0.051144688145532774,0.02144173237631372,1.0566571464154288,207.86029159723614,0.7648053169250488
33,4,SMC,0.05144504942082038,0.024036071038097018,1.0581810049440654,194.38757616681363,0.781724214553833
33,6,SMC,0.0367217718631256,0.009113444663759645,1.070440730416962,163.08267671653002,0.7712810039520264
33,8,SMC,0.0462465917086523,0.019521719398546813,1.0667819005666184,164.23886885812502,0.7876498699188232
33,10,SMC,0.046404420113421274,0.021729639031993996,1.0542874199467638,131.04341398534356,0.7740218639373779
33,80,SMC,0.05409029782830663,0.032395940700937716,1.0733556664703037,98.3255240093209,0.8052451610565186
33,100,SMC,0.06354646521266356,0.043839848788423015,1.0595160213164945,89.20247235686155,1.5058794021606445
