b,global_avg_wasserstein_distance,global_avg_r_hat,global_avg_ess,global_avg_runtime,global_avg_wasserstein_distance_std,global_avg_r_hat_std,global_avg_ess_std,global_avg_runtime_std
0.5,0.0298323589515603,1.0067094221521575,729.6748424656937,1.8065979480743408,,,,
1.0,0.1058430356075418,1.0067322201611606,485.15743930167736,1.0812852382659912,,,,
2.0,0.1204164283819855,1.0088408581274482,589.0767315313013,1.0645532608032229,,,,
5.0,0.5371457370659536,1.011705906832717,631.9086319740298,1.071462869644165,,,,
