mu,sampler,wasserstein_distance,r_hat,ess,runtime
"(-10, 20, -30)",Metro,0.08141224443998177,1.063827233383465,149.0029704880157,3.190262794494629
"(-5, 0, 5)",Metro,0.054456033686497166,1.063827233383465,149.0029704880157,3.186164617538452
"(0, 0, 0)",Metro,0.08945975093340054,1.063827233383465,149.0029704880157,2.8748600482940674
"(50, -50, 100)",Metro,0.09173027023842802,1.063827233383465,149.0029704880157,3.420758008956909
