run_id,dimension_corr,sampler,wasserstein_distance,mmd_rff,r_hat,ess,runtime
17,2,Metro,0.1484714314385942,0.06551322132628033,1.0344560072239273,134.7307354090834,1.3212394714355469
17,5,Metro,0.05540641370379224,0.029033279619274165,1.0859099420710472,53.21067959200326,1.5546739101409912
17,10,Metro,0.08702961406513898,0.06979704912026075,1.1094916855695822,29.743463978605767,2.007904529571533
17,15,Metro,0.5635332599370876,0.14077942360455334,1.3521806396589318,9.704912160039795,2.4528868198394775
17,20,Metro,0.2521679201960324,0.05935855649850359,1.434659624022065,8.043843044873814,2.9655253887176514
