run_id,mu,sampler,wasserstein_distance,mmd_rff,swd_zscore,r_hat,ess,runtime
10,"(10, 10)",DEMetro,1.6570807960704355,0.1318520989605982,38.453039399232,1.048226911780458,125.37786391118514,3.240947723388672
10,"(20, 20)",DEMetro,0.9416249191562089,0.062072919998106955,9.549400234626937,1.1076174083631587,50.051242548958726,3.908324718475342
10,"(5, 5)",DEMetro,0.12667118777652112,0.02506281107014526,4.607912209913605,1.0369078847100026,267.8873273112598,3.5723633766174316
10,"(50, 10)",DEMetro,3.3536996548417433,0.07902507731948843,25.304334890943814,1.6496973801163075,9.862222464786573,3.131868362426758
