{
    "sampler": "Metro",
    "value": 2,
    "means_array": [
        [
            0.0,
            0.0
        ]
    ],
    "case": "Warmup Samples",
    "dim": 2,
    "samples": [
        [
            -95.18217032296103,
            -21.928999365422
        ],
        [
            91.7939054072533,
            -55.683327212095534
        ],
        [
            -64.38281800037953,
            -30.65596093441644
        ],
        [
            47.26611471730919,
            16.980976964522938
        ]
    ]
}