run_id,mu,sampler,wasserstein_distance,mmd_rff,r_hat,ess,runtime
60,"(0, 0, 0, 0, 0)",HMC,0.03278717188823117,0.023980001945768815,1.0010657834579866,5489.036580018539,1.670255422592163
