run_id,mu,sampler,wasserstein_distance,mmd_rff,r_hat,ess,runtime
60,"(0, 0, 0, 0, 0)",SMC,0.037479611208552074,0.023180560750655953,1.0021340435715593,3922.517346534296,1.8296306133270264
