{
    "sampler": "Metro",
    "value": 1.1,
    "means_array": [
        0
    ],
    "case": "Warmup Samples",
    "dim": 1,
    "samples": [
        -820.0270768049458,
        100.99907401776032,
        -633.2223081680378,
        -11.597002333370938
    ]
}