dimension,var_rmse_t_stat,var_rmse_p_value,var_rmse_paired_cohens_d
2,102.56778753033566,9.504211825351873e-05,59.21753974082364
4,44.832627551425766,0.0004971502431203958,25.8841295852939
8,1.6940737174403646,0.23233291846157192,0.9780739167912645
30,0.9535618218140244,0.44094300865426594,0.5505391745132769
