{
    "sampler": "HMC",
    "value": 2,
    "means_array": [
        0,
        10
    ],
    "case": "Warmup Samples",
    "dim": 1,
    "samples": [
        11.633483299888297,
        0.42775062487310667,
        -0.7348915423799821,
        9.357230842555738
    ]
}