{
    "sampler": "HMC",
    "value": 20,
    "means_array": [
        [
            0.0,
            0.0,
            0.0,
            0.0,
            0.0,
            0.0,
            0.0,
            0.0,
            0.0,
            0.0,
            0.0,
            0.0,
            0.0,
            0.0,
            0.0,
            0.0,
            0.0,
            0.0,
            0.0,
            0.0
        ]
    ],
    "case": "Posterior Samples",
    "dim": 20,
    "samples": [
        [
            -1.7030644223345646,
            0.6055099340361989,
            -1.3396367864430476,
            0.27843581504435916,
            -0.062099242295641906,
            0.21227859805387503,
            -1.3154127088380156,
            -0.6913617812228304,
            1.0076127722958177,
            -0.9106965560856836,
            -0.6108875159632504,
            -0.03629022181815533,
            1.336847044527658,
            -1.3311633322009366,
            -0.06416687935985048,
            -0.4204018910887216,
            -0.639783705876095,
            0.6648009660369506,
            0.050999608975126565,
            1.3475221726193183
        ],
        [
            1.590859331699785,
            -0.09769699101911725,
            0.39542698516721414,
            -0.2711349604612789,
            -0.5856275477461504,
            0.6751548612421389,
            1.4972937121619743,
            0.3454259582208978,
            -0.16671594727970937,
            0.194352262186499,
            1.2861881669410482,
            0.591574365688998,
            -0.8561954788880664,
            0.13356550202949993,
            1.3715959870383623,
            -0.3321169025596187,
            0.09434101247511262,
            -0.21106748992355262,
            0.7360388791912009,
            -0.22285655128384688
        ],
        [
            0.33050583344777307,
            0.341088557703961,
            1.6331846675804624,
            -0.05292251087466528,
            0.48950126625631135,
            -0.31780751223268383,
            -0.13154657473532685,
            -0.9655556723783589,
            -0.6421423939097451,
            -1.7298339167041192,
            0.8855869215731065,
            -1.8000951548670867,
            -1.473051931089109,
            0.018170184185128224,
            -0.7128915238413815,
            1.015818402908583,
            0.7482592093677991,
            2.1737417336728266,
            -1.0502421521320184,
            2.183515641820935
        ],
        [
            -0.6250692378097038,
            -1.744400229318794,
            0.6810492064855026,
            -0.32735172090493725,
            -2.2096455854793717,
            -1.5520286621066983,
            -0.24800617520212445,
            -0.9524960257292775,
            -0.2706808353957517,
            0.4364454543285052,
            0.08143110375175137,
            1.7394670910750758,
            -0.5135891586358435,
            1.3831447335388878,
            0.5548881768874667,
            0.9483497079557384,
            0.7510868189320391,
            -0.804300369828577,
            -2.210376478970968,
            2.2629174941044106
        ]
    ]
}