{
    "sampler": "HMC",
    "value": 15,
    "means_array": [
        [
            0.0,
            0.0,
            0.0,
            0.0,
            0.0,
            0.0,
            0.0,
            0.0,
            0.0,
            0.0,
            0.0,
            0.0,
            0.0,
            0.0,
            0.0
        ]
    ],
    "case": "Posterior Samples",
    "dim": 15,
    "samples": [
        [
            -2.1696499233220687,
            -2.639906814623132,
            -1.9498578745063122,
            -3.5308784147539605,
            -3.248842311184629,
            -2.911978445752231,
            -3.3824279619293125,
            -2.5829360951513305,
            -2.009055995761661,
            -2.6948724995853057,
            -3.87913037669054,
            -2.2784774633900904,
            -1.5991334180743622,
            -2.654351197998698,
            -2.7989375600967494
        ],
        [
            -0.10348527098502971,
            -0.6800373913011151,
            -0.04888181900989876,
            -0.29550610473527195,
            -0.4608188942903766,
            -0.4672631341254368,
            -0.34172062207021425,
            -0.47602919243892555,
            -0.5854790142482024,
            -0.7463684973792437,
            -0.10030202587376054,
            -0.8353405590708056,
            -0.439399811800148,
            -0.3435662454103176,
            -0.1581447055311654
        ],
        [
            -0.8640895647623127,
            -1.7258083668350312,
            -1.133352486760779,
            -0.8814781670172065,
            -1.1422512179291442,
            -1.3260348236028647,
            -1.2890006663448397,
            -1.3120620092665154,
            -1.2008966225269178,
            -1.2698022445505897,
            -1.1361061935940133,
            -1.0030352240365874,
            -1.1601919730965211,
            -0.9922598295157039,
            -1.52138385758635
        ],
        [
            1.0227291109343297,
            0.9333189391069618,
            0.7839571545693776,
            0.4147619919984381,
            0.8274663701685476,
            0.8985602351321653,
            0.8746022905521177,
            1.0234138887403452,
            0.7885280324836632,
            0.8964175469150748,
            1.1804537274324347,
            0.9889079371979496,
            1.2130116900716221,
            1.0727615066960061,
            0.6732303607896754
        ]
    ]
}