{
    "sampler": "HMC",
    "value": 14,
    "means_array": [
        0,
        14
    ],
    "case": "Warmup Samples",
    "dim": 1,
    "samples": [
        14.26947384511531,
        9.435024303118455,
        1.1878614081098255,
        14.46409847907326,
        12.456163166589203,
        10.121637761208076
    ]
}