{
    "run_id": 1,
    "case": "unimodal",
    "dim": 2,
    "low": [
        -29.65846036133874,
        -30.94853372815775
    ],
    "high": [
        30.34153963866126,
        29.05146627184225
    ],
    "means_array": [
        [
            0.0,
            0.0
        ]
    ],
    "samples": [
        {
            "posterior": [
                -2.165959982485486,
                -18.83049623246792
            ]
        },
        {
            "posterior": [
                6.634191748180179,
                6.189596214238598
            ]
        },
        {
            "posterior": [
                5.399614545935158,
                21.71524889703904
            ]
        },
        {
            "posterior": [
                5.932367503361206,
                18.032669965377124
            ]
        }
    ]
}