run_id,mu,sampler,wasserstein_distance,mmd_rff,swd_zscore,r_hat,ess,runtime
11,"(10, 10)",Metro,4.552894253938848,0.38208464653119095,109.26618905988742,1.3856846101047664,13.148797308412682,3.2273292541503906
11,"(20, 20)",Metro,6.334884668936866,0.29758583905309716,75.66168730759334,1.6281126168809528,9.97829472059811,3.194441795349121
11,"(5, 5)",Metro,0.08535583603980967,0.024809520872699435,2.2146839795383935,1.1198152528527117,36.85346249943586,2.9444785118103027
11,"(50, 10)",Metro,17.282268922227768,0.3854916012257746,138.25364214473922,1.3809931990827717,13.398906118810885,3.137643337249756
