run_id,mu,sampler,wasserstein_distance,mmd_rff,r_hat,ess,runtime
34,8,SMC,0.05104626787620038,0.009643893803802053,0.9995203304766285,4024.2224617936795,0.9719367027282715
34,10,SMC,0.11411114385017904,0.014683829990712216,1.000867060916946,3847.3384554127792,1.0038018226623535
34,12,SMC,0.1313112827354997,0.01557540581186483,1.0000493504930896,3683.4452448664433,1.0213499069213867
34,14,SMC,0.07278412517709917,0.013899861980172951,1.000320780557443,3988.3709924386203,0.9687161445617676
34,16,SMC,0.24876442558323322,0.01808210815660054,1.0005805810100425,3985.2943374687848,1.10971999168396
34,18,SMC,0.30588045077625076,0.024415365649718045,1.00168075988596,4136.680523201664,0.99149489402771
34,20,SMC,0.19587803852115548,0.02030463744267628,1.0002121923679355,3995.506718262192,1.1638922691345215
34,22,SMC,0.1449531475884443,0.012265448385975796,1.0001794406540618,3894.1605079552833,1.107280969619751
34,40,SMC,0.18882261828333552,0.013139546537150135,1.000423064425932,3730.2154130529116,1.5302255153656006
