run_id,mu,sampler,wasserstein_distance,mmd_rff,r_hat,ess,runtime
60,"(10, 10)",Metro,0.9812105736136677,0.07753065532820551,1.958275030284931,5.568264873192727,2.5783236026763916
60,"(2, 2)",Metro,0.22125099921935854,0.05237253612984123,1.4163226703436453,8.374418376226314,2.5781311988830566
60,"(20, 20)",Metro,1.9796579529590985,0.05899247808189697,1.763391003793025,6.122058858925724,2.5872561931610107
60,"(40, 40)",Metro,6.715617358121324,0.11736858962948103,2.059134041695514,5.34298139009085,2.6144890785217285
60,"(5, 5)",Metro,1.1593668431712891,0.1776628110431163,1.467665520200767,7.961489455378932,2.2663657665252686
