{
    "sampler": "Metro",
    "value": 2,
    "means_array": [
        0
    ],
    "case": "Warmup Samples",
    "dim": 1,
    "samples": [
        0.11890707198989373,
        0.14941731218712084,
        -0.7378934202200295,
        -0.6455280321191474
    ]
}