correlation,ws_t_stat,ws_p_value,ws_paired_cohens_d
0.0,-0.43747772040398314,0.6843489276082112,-0.1956459842929906
0.99,-2.3056933056832687,0.08242142176137707,-1.031137393354798
