correlation,ws_t_stat,ws_p_value,ws_paired_cohens_d
0.0,1.5858440205832052,0.1879583061185492,0.7092110063471244
0.99,2.833498648040485,0.04717737939745566,1.267179118234455
