run_id,mu,sampler,wasserstein_distance,mmd_rff,r_hat,ess,runtime
34,"(0, 0, 0, 0, 0)",HMC,0.03352201392583822,0.02382892124614896,1.0013304120993562,5898.860267763287,1.7289397716522217
