{
    "sampler": "DEMetro_Z",
    "value": 4,
    "means_array": [
        0
    ],
    "case": "Posterior Samples",
    "dim": 1,
    "samples": [
        -0.8373530621036304,
        -1.4338646961034458,
        -0.6193941956835454,
        2.9600233031156638
    ]
}