mu,global_median_wasserstein_distance,global_median_runtime,global_median_ess,global_median_ess_per_sec,global_median_r_hat,global_median_mmd_rff,global_q25_wasserstein_distance,global_q25_runtime,global_q25_ess,global_q25_ess_per_sec,global_q25_r_hat,global_q25_mmd_rff,global_q75_wasserstein_distance,global_q75_runtime,global_q75_ess,global_q75_ess_per_sec,global_q75_r_hat,global_q75_mmd_rff,ws_mcmc_mean,ws_iid_mean,ws_iid_std,mmd_rff_mcmc_mean,mmd_rff_iid_mean,mmd_rff_iid_std,ws_glass_delta,ws_t_stat,ws_p_value,mmd_rff_glass_delta,mmd_rff_t_stat,mmd_rff_p_value
"(0.0, 0.0, -5.163978, 0.0, 0.0)",1.0548580851914706,3.498447895050049,5.737496138235166,1.6497537932220463,1.868911882590902,0.2603731568765107,0.961587543172898,3.478649377822876,5.18031239133637,1.5235644694310302,1.7139766400468028,0.21229580514305768,1.22883648881427,3.519365429878235,6.3304487257978534,1.840308508504202,2.19583490451091,0.2907053434570048,1.0730130964205025,0.06287632344501771,0.01259036823415343,0.25270312977069126,0.011985162668150258,0.0036128041075853177,80.2309157436177,20.23319499794077,1.0722690306595923e-18,66.62912240304918,20.45984585152126,7.493592211307314e-19
