mu,mmd_rff_t_stat,mmd_rff_p_value,mmd_rff_paired_cohens_d
"(0.0, 0.0, -5.163978, 0.0, 0.0)",-1.8149426443489165,0.07988899594204427,-0.3313616756293259
