run_id,mu,sampler,wasserstein_distance,mmd_rff,r_hat,ess,runtime
13,"(10.0, 0.0)",Metro,1.9895036578264906,0.17534074513098344,2.149805805753632,5.165897659959833,5.856388568878174
