run_id,mu,sampler,wasserstein_distance,mmd_rff,swd_zscore,r_hat,ess,runtime
1,"(10, -10)",Metro,2.929082583402199,0.27472667032360143,69.67057823309652,1.623195746935264,9.941256963548195,3.101430892944336
1,"(20, 20)",Metro,10.246267439986964,0.40245896009183857,124.28096437515643,1.3852975331609794,13.037827862263482,3.5524957180023193
1,"(5, 5)",Metro,0.10781847436877992,0.03915057799916607,3.6751185850102144,1.0614406018373637,88.06997998055964,3.3868491649627686
1,"(50, 10)",Metro,4.3444936581024045,0.09301182785893115,32.80981360277565,1.3903484158046615,12.993241968434381,3.4267661571502686
1,"(80, 0)",Metro,1.6603629483770483,0.041010216982258874,5.563491113209557,1.6227128812980103,9.995357288375823,3.4575440883636475
