{
    "sampler": "HMC",
    "value": [
        50,
        10
    ],
    "means_array": [
        [
            0,
            0
        ],
        [
            50,
            10
        ]
    ],
    "case": "Warmup Samples",
    "dim": 2,
    "samples": [
        [
            59.40411472431864,
            3.2768374737702275
        ],
        [
            6.019801254035599,
            10.723492897836508
        ],
        [
            36.557472585604344,
            5.7919623546864845
        ],
        [
            3.2508733428823833,
            1.7482453847624024
        ],
        [
            30.468478688639543,
            2.4939276008139055
        ],
        [
            52.819985926640086,
            1.9882881746079257
        ]
    ]
}