{
    "sampler": "Metro",
    "value": [
        4.618802,
        0.0
    ],
    "means_array": [
        [
            4.618802,
            0.0
        ],
        [
            -2.309401,
            4.0
        ],
        [
            -2.309401,
            -4.0
        ]
    ],
    "case": "Posterior Samples",
    "dim": 2,
    "samples": [
        [
            5.024815407363802,
            0.614195828486991
        ],
        [
            -1.1260654341313372,
            -4.63221786918627
        ],
        [
            4.12683512422017,
            1.6652736545130002
        ],
        [
            -3.0782185553014374,
            -4.086730472285439
        ]
    ]
}