{
    "run_id": 1,
    "case": "unimodal",
    "dim": 30,
    "low": [
        -100.0,
        -100.0,
        -100.0,
        -100.0,
        -100.0,
        -100.0,
        -100.0,
        -100.0,
        -100.0,
        -100.0,
        -100.0,
        -100.0,
        -100.0,
        -100.0,
        -100.0,
        -100.0,
        -100.0,
        -100.0,
        -100.0,
        -100.0,
        -100.0,
        -100.0,
        -100.0,
        -100.0,
        -100.0,
        -100.0,
        -100.0,
        -100.0,
        -100.0,
        -100.0
    ],
    "high": [
        100.0,
        100.0,
        100.0,
        100.0,
        100.0,
        100.0,
        100.0,
        100.0,
        100.0,
        100.0,
        100.0,
        100.0,
        100.0,
        100.0,
        100.0,
        100.0,
        100.0,
        100.0,
        100.0,
        100.0,
        100.0,
        100.0,
        100.0,
        100.0,
        100.0,
        100.0,
        100.0,
        100.0,
        100.0,
        100.0
    ],
    "means_array": [
        [
            0.0,
            0.0,
            0.0,
            0.0,
            0.0,
            0.0,
            0.0,
            0.0,
            0.0,
            0.0,
            0.0,
            0.0,
            0.0,
            0.0,
            0.0,
            0.0,
            0.0,
            0.0,
            0.0,
            0.0,
            0.0,
            0.0,
            0.0,
            0.0,
            0.0,
            0.0,
            0.0,
            0.0,
            0.0,
            0.0
        ]
    ],
    "samples": [
        {
            "posterior": [
                -10.633914242089062,
                81.81995624503932,
                23.270994497227406,
                -9.876242235439065,
                28.564883940732074,
                52.98476322159999,
                -56.819186089343376,
                -74.41093366186044,
                97.34035340101079,
                -67.39513476072483,
                47.25840026200336,
                97.6029431289559,
                -38.93335206901003,
                -99.46434584779918,
                -62.19736461580545,
                -46.63890298609572,
                -44.341529251161084,
                -55.52031799201753,
                67.0870491001433,
                36.65259226408472,
                -73.06008069653043,
                86.5139281290414,
                -44.07535469757573,
                40.48971388889154,
                97.54562968513807,
                58.679450688178804,
                -28.041507042516173,
                -63.31197042963082,
                -77.80141094801235,
                -61.47375455864006
            ]
        }
    ]
}