{
    "sampler": "DEMetro_Z",
    "value": 8,
    "means_array": [
        [
            -4.0,
            0.0
        ],
        [
            4.0,
            0.0
        ]
    ],
    "case": "Posterior Samples",
    "dim": 2,
    "samples": [
        [
            -3.389949831529963,
            -1.7466808973094041
        ],
        [
            3.7565620214344118,
            -1.5778583256457337
        ],
        [
            2.5431318337184314,
            0.7770586937371504
        ],
        [
            -2.9643786856745966,
            0.7817843533162786
        ]
    ]
}