mu,sampler,wasserstein_distance,swd_zscore,r_hat,ess,runtime
2,HMC,0.015886891461314303,-0.9884838184715722,1.0022788086844872,4347.081404438787,16.44719958305359
3,HMC,0.015024540039703316,-0.5688093591944602,1.0022788086844872,4347.081404438787,21.19564390182495
4,HMC,0.017565413685669332,0.719240310478821,1.0022788086844872,4347.081404438787,17.46634864807129
