mu,sampler,wasserstein_distance,swd_zscore,r_hat,ess,runtime
2,Metro,0.024583654104473347,0.5297111971115446,1.0052063627507333,2241.803525880943,8.707775592803955
3,Metro,0.01788091279754065,-0.1552968247811593,1.0052063627507333,2241.803525880943,11.303040027618408
4,Metro,0.019408796664932247,1.156690317150305,1.0052063627507333,2241.803525880943,14.132035255432129
