run_id,mu,sampler,wasserstein_distance,mmd_rff,swd_zscore,r_hat,ess,runtime
20,"(10, 20)",Metro,0.05281591457796771,0.019847267838640374,4.425745783180415,1.0066615860196162,1083.3914117064094,1.670992374420166
