mode_means,sampler,wasserstein_distance,r_hat,ess,chain_seeds,mode_distance
"(0, 8)",HMC,0.7098841444656903,1.5832665667726804,6.806479874640307,"[349745, 552872, 51182, 841753]",8
"(0, 10)",HMC,0.09901107113461133,1.7337689354448393,6.115867056146575,"[349745, 552872, 51182, 841753]",10
"(0, 15)",HMC,3.5573589089461053,1.5306646872381953,7.179410371463179,"[349745, 552872, 51182, 841753]",15
"(0, 20)",HMC,4.9669650230367814,1.527861739217813,7.212078897461061,"[349745, 552872, 51182, 841753]",20
