{
    "run_id": 1,
    "case": "unimodal",
    "dim": 1,
    "low": [
        -39.533694390754164
    ],
    "high": [
        113.12221590819021
    ],
    "means_array": [
        [
            0
        ]
    ],
    "samples": [
        {
            "posterior": 85.57700833953533
        },
        {
            "posterior": 44.14095046965453
        },
        {
            "posterior": -7.074581991579251
        },
        {
            "posterior": 53.766520152622135
        }
    ]
}