{
    "sampler": "DEMetro_Z",
    "value": 9,
    "means_array": [
        0,
        9
    ],
    "case": "Warmup Samples",
    "dim": 1,
    "samples": [
        6.964277331117003,
        -5.023405222821927,
        8.920258369765472,
        2.4280615368111587
    ]
}