{
    "sampler": "Metro",
    "value": 50,
    "means_array": [
        [
            0.0,
            0.0
        ]
    ],
    "case": "Warmup Samples",
    "dim": 2,
    "samples": [
        [
            -15.48539717326256,
            -11.34000052351079
        ],
        [
            -12.337462841705284,
            -26.114721855854825
        ],
        [
            -15.804780208374972,
            -18.492163642740394
        ],
        [
            27.424468500340375,
            12.833734147463964
        ]
    ]
}