{
    "sampler": "Metro",
    "value": 0.3,
    "means_array": [
        [
            -3.399624512351806,
            0.0,
            0.0,
            0.0,
            0.0,
            0.0,
            0.0,
            0.0,
            0.0,
            0.0,
            0.0,
            0.0,
            0.0,
            0.0,
            0.0,
            0.0,
            0.0,
            0.0,
            0.0,
            0.0,
            0.0,
            0.0,
            0.0,
            0.0,
            0.0,
            0.0,
            0.0,
            0.0,
            0.0,
            0.0
        ],
        [
            3.399624512351806,
            0.0,
            0.0,
            0.0,
            0.0,
            0.0,
            0.0,
            0.0,
            0.0,
            0.0,
            0.0,
            0.0,
            0.0,
            0.0,
            0.0,
            0.0,
            0.0,
            0.0,
            0.0,
            0.0,
            0.0,
            0.0,
            0.0,
            0.0,
            0.0,
            0.0,
            0.0,
            0.0,
            0.0,
            0.0
        ]
    ],
    "case": "Warmup Samples",
    "dim": 30,
    "samples": [
        [
            -63.301819424247164,
            -78.4037605207124,
            70.96053822491477,
            100.3769447963168,
            -135.66687367235468,
            289.71920379408016,
            -91.00113213851573,
            165.2624461583614,
            87.26499142383173,
            -20.646384349984995,
            131.50982118897147,
            -122.06549336967066,
            -7.852915217684945,
            -97.60241988579945,
            -79.51634239346804,
            162.01359070708145,
            3.184207003781453,
            57.90033724256749,
            73.22747414193604,
            73.31292309673438,
            152.4485070436793,
            -1.8596647377215445,
            90.03226381322497,
            22.446641761412938,
            73.59163333916138,
            -113.46673521930664,
            153.11976790268628,
            -35.54555494991703,
            48.27042716223245,
            165.5593253457112
        ],
        [
            -91.2337763391598,
            93.88647913291241,
            -26.559133995753896,
            10.859622508687265,
            -163.22213423672068,
            -138.81696564119906,
            -96.24892051286058,
            -160.55765640702444,
            -30.796489752262776,
            158.76832822349223,
            174.3057869135745,
            119.14166103879255,
            77.96705865053747,
            -47.06331490517614,
            34.9174850924811,
            -6.24375302103835,
            11.645814347043672,
            156.10153757335064,
            -66.58320945514919,
            48.11377788772114,
            -2.86452666023901,
            -50.08823931330509,
            46.721121087604814,
            68.78521113459293,
            -120.40682115126016,
            23.33133258486499,
            170.48348605045535,
            -133.78834200916438,
            -50.19228612573937,
            141.59879681862316
        ],
        [
            -61.16164532107633,
            -91.36196755103718,
            13.359490022565712,
            31.39606230347217,
            -31.5674717675197,
            313.32735358981523,
            -130.9177063583393,
            14.578360602263036,
            -76.54391944949981,
            -111.0493298217022,
            156.4200000066358,
            201.22110911474803,
            119.61645070821194,
            15.143015691334128,
            -102.40002430537938,
            73.43646087963097,
            -80.7727964030713,
            154.7532789564624,
            -59.09066818085753,
            105.26525287265738,
            42.405890185834856,
            47.63516848036421,
            5.00042987023638,
            7.4922673467426035,
            -59.63459321157836,
            -89.8907395543851,
            -88.68265966753845,
            97.5732094295539,
            -77.74276082674601,
            -37.879288075870576
        ],
        [
            117.68964863276352,
            -24.333565817269815,
            61.93376513823637,
            98.93859677220244,
            -69.38770894022163,
            -88.56525627043199,
            139.7743166712885,
            109.20324434396176,
            114.36425397231608,
            147.09079180865817,
            176.41934071845637,
            57.23801925017604,
            -57.96623524767758,
            -76.7164544360453,
            -42.27088589021915,
            120.21278063036758,
            -75.29879698653272,
            -166.54145611977071,
            89.50229974486288,
            43.10056168614801,
            155.23966630504768,
            20.09027183649162,
            4.124875269770266,
            129.94199934119004,
            -117.9373180607792,
            -94.18043613864484,
            30.534819308340968,
            65.18403938080866,
            50.4554229612087,
            106.48041041433594
        ]
    ]
}