mu,global_median_wasserstein_distance,global_median_runtime,global_median_ess,global_median_ess_per_sec,global_median_r_hat,global_median_mmd_rff,global_q25_wasserstein_distance,global_q25_runtime,global_q25_ess,global_q25_ess_per_sec,global_q25_r_hat,global_q25_mmd_rff,global_q75_wasserstein_distance,global_q75_runtime,global_q75_ess,global_q75_ess_per_sec,global_q75_r_hat,global_q75_mmd_rff,ws_mcmc_mean,ws_iid_mean,ws_iid_std,mmd_rff_mcmc_mean,mmd_rff_iid_mean,mmd_rff_iid_std,ws_glass_delta,ws_t_stat,ws_p_value,mmd_rff_glass_delta,mmd_rff_t_stat,mmd_rff_p_value
"(0.0, 0.0, 0.0, -5.059644)",0.0811243760257365,4.0817097425460815,2291.82581046803,543.0877741967142,1.0020663297406642,0.014578410940272027,0.07295281391645349,3.9969536662101746,2160.9442830284765,500.3810667580045,1.0015921773802736,0.01235875366552847,0.09057877652908554,4.285958886146545,2497.189417703286,615.7094050288373,1.0029416190401477,0.01762090166729094,0.0819644702340027,0.06900321711364148,0.014341865276642569,0.01499657641542665,0.01234109219432531,0.0038739209813526037,0.9037355232635024,3.1713699050802724,0.0024580671912296046,0.6854771261168474,2.4005044295828717,0.019712260594061837
