mu,ws_t_stat,ws_p_value,ws_paired_cohens_d
"(0.0, 0.0, 0.0, -5.059644)",16.86869633728452,1.5664570021879294e-16,3.0797884998785015
