a,global_avg_wasserstein_distance,global_avg_mmd_rff,global_avg_swd_zscore,global_avg_r_hat,global_avg_ess,global_avg_runtime,global_avg_wasserstein_distance_std,global_avg_mmd_rff_std,global_avg_swd_zscore_std,global_avg_r_hat_std,global_avg_ess_std,global_avg_runtime_std,ws_dist_cohens_d,ws_dist_glass_delta,mmd_rff_cohens_d,mmd_rff_glass_delta
1,0.30466869091878157,0.03188037910353629,3.9663359746562525,1.0146507268812706,425.49806190143,1.450750482082367,0.157061738229506,0.013452174082860546,3.812571205292351,0.008930891782356466,95.44606842724316,0.22640840055082367,1.423112046622184,3.9663359746562525,1.4420415425441844,3.1073115059874397
2,0.3403466874910738,0.03184959269266549,3.800129840914088,1.0130401678679062,413.7135228364574,1.3407956600189208,0.2284329343193997,0.013494160647068877,4.2776670459300785,0.006688012176443465,150.02360454414966,0.07815981795419734,1.2233546687003745,3.8001298409140882,1.6126153905662663,3.292343337690562
3,0.3783677986722759,0.035672368940668754,0.7432780068730886,1.0131103121495932,355.8694112381314,1.3737360954284668,0.32122745497287497,0.014465463753296874,1.7860182983260329,0.008654688935954025,87.27204743929953,0.11862061562611623,0.513530749782244,0.743278006873089,1.7029773531801164,3.2174945656938614
5,0.6227124779167664,0.040484304050455736,1.9673622559766244,1.020425218677244,284.8560969058375,1.365225863456726,0.2904534480406285,0.011793453111224084,1.612509960590266,0.013585251158275347,87.99039388550882,0.09702904670075846,1.4663468835003086,1.967362255976624,2.2774923204737503,4.001315861619668
