run_id,mu,sampler,wasserstein_distance,mmd_rff,r_hat,ess,runtime
62,"(0, 0, 0, 0, 0)",HMC,0.024279911239885214,0.02149573349623383,1.0031899762915857,5998.801144248086,1.723923921585083
