run_id,mu,sampler,wasserstein_distance,mmd_rff,r_hat,ess,runtime
41,"(5.0, 0.0)",HMC,0.36794205916509015,0.05756039584286201,1.0550516360337192,71.26929939770552,3.973412275314331
41,"(5.0, 10.0)",HMC,2.2427815356924534,0.2423572589024302,1.734699285039291,6.111273145137184,3.296598434448242
41,"(5.0, 20.0)",HMC,1.4821761230004966,0.11131490050797198,2.0986312071890603,5.2665911011693005,2.925119400024414
41,"(5.0, 40.0)",HMC,4.264125399832182,0.30125723499549506,1.5283033547651605,7.176354072013562,2.953056812286377
41,"(5.0, 5.0)",HMC,1.5196981164946737,0.24999632221761373,1.5791691406337174,6.860094014089382,2.9901628494262695
