run_id,mu,sampler,wasserstein_distance,mmd_rff,r_hat,ess,runtime
41,"(5.0, 0.0)",Metro,0.11815103516202394,0.042867791641397576,1.0250994942742253,208.52964213982528,2.0731546878814697
41,"(5.0, 10.0)",Metro,2.647048534712834,0.29858380207712865,1.4674025418619852,7.72956222391024,2.1211049556732178
41,"(5.0, 20.0)",Metro,1.4828602346549433,0.11815353026002542,2.10219663392134,5.288807338546019,2.46834397315979
41,"(5.0, 40.0)",Metro,4.041069398958601,0.27156930437720933,1.536308272053137,7.223479761296068,2.456873655319214
41,"(5.0, 5.0)",Metro,1.1922540295803428,0.16215170059692266,1.3973458431788683,8.563429705014185,2.475844383239746
