mode_means,sampler,wasserstein_distance,r_hat,ess,runtime,mode_distance
"(0, 3)",Metro,1.369460619093771,1.1332038995474751,23.905326579664248,2.393293619155884,3
"(0, 10)",Metro,4.854490780364506,1.1332038995474751,23.905326579664248,1.6418497562408447,10
"(0, 20)",Metro,10.86018201729613,1.1332038995474751,23.905326579664248,1.396498203277588,20
