{
    "sampler": "Metro",
    "value": 30,
    "means_array": [
        [
            0.0,
            0.0,
            0.0,
            0.0,
            0.0,
            0.0,
            0.0,
            0.0,
            0.0,
            0.0,
            0.0,
            0.0,
            0.0,
            0.0,
            0.0,
            0.0,
            0.0,
            0.0,
            0.0,
            0.0,
            0.0,
            0.0,
            0.0,
            0.0,
            0.0,
            0.0,
            0.0,
            0.0,
            0.0,
            0.0
        ]
    ],
    "case": "Warmup Samples",
    "dim": 30,
    "samples": [
        [
            -10.743195088102631,
            -27.621431026327095,
            -9.41387285769789,
            -0.2872674649505136,
            18.389874774187703,
            8.544223795646772,
            27.255853211298742,
            22.558094407479032,
            -11.771838000302832,
            -6.394406458577542,
            15.54780386959799,
            -18.307697581679182,
            20.163579152131213,
            -8.079400079945897,
            -4.287557581316416,
            -26.58872807181109,
            -25.944646505657886,
            -1.6585319718316214,
            26.31186173091774,
            21.77481426309872,
            6.720654622227651,
            17.80916881883455,
            22.432665031861312,
            29.574032936990395,
            5.630894455905928,
            -6.31404126505333,
            -21.014425144969636,
            3.91820879632043,
            20.972482586965548,
            -1.1720025728482388
        ],
        [
            19.419736917264743,
            15.159628958189142,
            -11.302753865840995,
            18.83156588467292,
            0.34726506672038115,
            -20.479178561030654,
            -9.34014086648542,
            -1.902928373543821,
            -2.5198634209557356,
            -21.717347556809976,
            -20.267148284488428,
            26.391328814211303,
            -2.9762943239014557,
            3.8183501530727924,
            15.613614753727411,
            -26.70752100700155,
            12.327170894793145,
            -8.88476868315702,
            -2.759049572229578,
            -6.024929509069352,
            -6.088561086436364,
            -25.05146577302983,
            1.7478138446293814,
            10.863469801446705,
            0.5996318301537654,
            6.465135166635331,
            -1.6304426236780603,
            -23.591427612642025,
            21.302652076716083,
            -3.3875899846294018
        ],
        [
            -2.4338366121638497,
            -27.25300795474913,
            -1.4410858685047967,
            8.587734439194174,
            11.682243917856077,
            21.43111237318186,
            0.006895232725087963,
            19.481047022185358,
            15.19434136776571,
            -11.158440104135622,
            25.961825886838277,
            7.202843815191342,
            0.19616150143765254,
            -24.210981693140916,
            22.918872565979083,
            -1.3185413693749335,
            12.837242940905625,
            16.87172595314651,
            23.116828770398016,
            -3.8852772399453315,
            -5.988364186537769,
            -12.342560782806451,
            0.4415196045221812,
            -3.4238255297655686,
            2.569703828921514,
            25.66199765832717,
            -27.465943238416365,
            -13.418120301323185,
            -0.7983627113065809,
            -20.647635594616073
        ],
        [
            16.67538355882529,
            -21.722668371858276,
            -26.889738295442175,
            10.636353611689863,
            17.269873784246872,
            11.753667232569205,
            5.2534325254903464,
            -5.081984940599752,
            27.139712238385417,
            29.61474242099976,
            25.553138771302336,
            -7.705900210654377,
            -22.21744712943984,
            -5.979492925547671,
            0.26362079455734844,
            25.789187370292748,
            -19.754249899527245,
            -10.909105291191082,
            23.273072469643107,
            15.109941882694642,
            -8.339101385568782,
            -2.978215035431941,
            -21.997860040947693,
            11.80626984725448,
            0.41673622141845357,
            11.006360831248829,
            13.641383523959473,
            3.3039192303964313,
            6.38711184652364,
            -18.76453196463382
        ]
    ]
}