run_id,mu,sampler,wasserstein_distance,mmd_rff,r_hat,ess,runtime
10,8,HMC,0.37945464274029705,0.04762583579522539,1.5260085929937028,7.211689100528204,1.833585262298584
10,10,HMC,0.4645297796999485,0.05284982757564518,1.5288589624553852,7.210208804437499,1.5174524784088135
10,12,HMC,2.2898431377817245,0.21463041043385886,1.73446020164904,6.117042999249495,1.544342279434204
10,14,HMC,2.8446328035319457,0.21955225413615215,1.7338985993234373,6.091594352288166,1.5580105781555176
10,16,HMC,3.1465593022464633,0.21618459949943583,1.7329374657866736,6.106470020225133,1.8734004497528076
10,18,HMC,12.720888261971862,0.7702806084031152,1.0004287432151593,3623.9661067237344,1.574174404144287
10,20,HMC,1.0230417194194843,0.061630586890880454,1.531520911481121,7.169223609585146,1.5334196090698242
10,22,HMC,0.870125081030386,0.037906383899351366,1.5289512364179663,7.160033605109299,1.8219923973083496
10,40,HMC,1.7356485817233274,0.04173921694546206,1.5280890666596296,7.198385135491281,1.8330495357513428
