run_id,mu,sampler,wasserstein_distance,mmd_rff,r_hat,ess,runtime
10,8,Metro,0.16004323612565485,0.020905671601233425,1.0467911865269095,89.67264375428242,1.2402234077453613
10,10,Metro,1.38064181056372,0.14814884152445487,1.2613747091800747,11.757552534279831,1.2479403018951416
10,12,Metro,1.571501070600465,0.1508025683669109,1.5581515611437635,6.985448537124271,1.2564830780029297
10,14,Metro,2.8448615559307164,0.22220962714601422,1.7335253823218006,6.134861552342802,1.5483934879302979
10,16,Metro,3.1577153671560927,0.22166819261179663,1.7337941886476795,6.122137949298356,1.2712156772613525
10,18,Metro,12.763049011567146,0.7675321072313639,1.0013226495666756,1749.8417679852375,1.3321616649627686
10,20,Metro,0.9924518515337777,0.054141731464707236,1.5322481960082608,7.209342051138774,1.594330072402954
10,22,Metro,0.853575268309903,0.04156576188901735,1.5318050622289805,7.1844549835421745,1.2388911247253418
10,40,Metro,8.288684747164922,0.21134275929195964,1.7354540398683023,6.122840325528511,1.286048173904419
