run_id,mu,sampler,wasserstein_distance,mmd_rff,r_hat,ess,runtime
10,8,SMC,0.07441196672369244,0.022601529465657407,1.000214611578614,7177.718825747985,0.7403724193572998
10,10,SMC,0.06924070229077772,0.011255391773774319,1.0007828567161883,7174.03916648319,1.5532886981964111
10,12,SMC,0.06587211638959659,0.010985577252155238,1.000212835319476,7168.666121143862,1.4338762760162354
10,14,SMC,0.05826979029593657,0.01124851661920271,1.0007139075672868,7352.146468117337,0.9556944370269775
10,16,SMC,0.11408287962776606,0.011312359517079386,0.9999978923992648,7871.135337746921,0.8583686351776123
10,18,SMC,0.12133113301858156,0.010350816427396648,0.9999631392359908,7843.792658224357,1.0711824893951416
10,20,SMC,0.038662113514710314,0.006940686343378804,1.0001037483472024,7677.544287497785,1.0429096221923828
10,22,SMC,0.21576069953750904,0.012060670435661884,1.0013089182468022,8137.93123881747,1.0803394317626953
10,40,SMC,0.4592240954629788,0.016108579877015576,1.0001608425406197,7740.63811549968,1.3809561729431152
