{
    "run_id": 1,
    "case": "unimodal",
    "dim": 2,
    "low": [
        -100.0,
        -100.0
    ],
    "high": [
        100.0,
        100.0
    ],
    "means_array": [
        [
            0.0,
            0.0
        ]
    ],
    "samples": [
        {
            "posterior": [
                -40.766779248257514,
                -43.1235407499875
            ]
        },
        {
            "posterior": [
                37.1473124792177,
                -86.63021525349018
            ]
        },
        {
            "posterior": [
                -5.447334408490789,
                16.699986423147962
            ]
        },
        {
            "posterior": [
                6.231480996524041,
                -22.77522435743755
            ]
        }
    ]
}