{
    "sampler": "HMC",
    "value": [
        10,
        10,
        10
    ],
    "means_array": [
        [
            0,
            0,
            0
        ],
        [
            10,
            10,
            10
        ]
    ],
    "case": "Warmup Samples",
    "dim": 3,
    "samples": [
        [
            10.996212888114744,
            5.688231795770525,
            6.282037255754381
        ],
        [
            13.408384029544145,
            9.604824447915808,
            13.162308693816504
        ],
        [
            2.432507916719587,
            2.307893167868867,
            10.933238446077015
        ],
        [
            8.274008124464963,
            11.064725132434807,
            7.690300391668444
        ],
        [
            -1.3422405811889204,
            -0.267739139080738,
            0.0680579017358071
        ],
        [
            12.278957973205769,
            9.138327555274042,
            -0.26333846948291034
        ]
    ]
}