run_id,alpha,sampler,wasserstein_distance,mmd_rff,r_hat,ess,runtime
9,0,Metro,0.04304225604591405,0.02590559997837053,1.0024130043878678,1871.591602271237,1.0690717697143555
9,2,Metro,0.028225083275749772,0.01596048464943864,1.002108712799223,1898.0347888750166,1.2405388355255127
9,4,Metro,0.018551156498811564,0.012906186333714605,1.004263967342007,1780.0174861736914,1.2261664867401123
9,6,Metro,0.00844581260073837,0.001988629059059296,1.003841961523296,1578.898923993917,1.1899566650390625
9,8,Metro,0.023104590250051273,0.017472649359527324,1.0027920959399221,1634.551680204523,1.2068936824798584
9,10,Metro,0.02086016225176421,0.014045641753951368,1.0027935591949828,1533.8977732716126,1.2020504474639893
9,80,Metro,0.01591726171288951,0.009716131991487836,1.002167188413484,1209.8620837981255,1.2392826080322266
9,100,Metro,0.031096899176415074,0.022202473896379707,1.0057554629841159,1173.2868105657205,1.5473723411560059
