run_id,mu,sampler,wasserstein_distance,mmd_rff,r_hat,ess,runtime
33,"(0, 0, 0, 0, 0)",Metro,0.038007565370050365,0.028703173533605637,1.0141148225166028,293.7267307412523,1.246593713760376
