{
    "run_id": 1,
    "case": "multimodal",
    "dim": 50,
    "means_array": [
        [
            0.0,
            0.0,
            0.0,
            0.0,
            0.0,
            0.0,
            0.0,
            0.0,
            0.0,
            0.0,
            0.0,
            0.0,
            0.0,
            0.0,
            0.0,
            0.0,
            0.0,
            0.0,
            0.0,
            0.0,
            0.0,
            0.0,
            0.0,
            0.0,
            0.0,
            0.0,
            0.0,
            0.0,
            0.0,
            0.0,
            0.0,
            0.0,
            0.0,
            0.0,
            0.0,
            0.0,
            0.0,
            0.0,
            0.0,
            0.0,
            0.0,
            0.0,
            0.0,
            0.0,
            0.0,
            0.0,
            0.0,
            0.0,
            0.0,
            0.0
        ],
        [
            0.6540754197860462,
            0.045262210358490186,
            0.5511570658861383,
            0.26722598060508657,
            -1.3172256916222842,
            1.155833346972773,
            0.19043042108025376,
            0.8000065169159507,
            -1.036098920658038,
            -1.903350805534218,
            -0.8285408348765085,
            -0.15781625536493418,
            2.3133652489207783,
            -0.19658039628577226,
            2.096913305514864,
            -0.4146991813813929,
            2.112657064697279,
            0.690560405089203,
            -1.5908681316410358,
            -0.0774200768658995,
            -0.47325627754320587,
            0.2674780810650251,
            1.2082681757061648,
            -0.489088439374411,
            0.5662534795143275,
            -0.5733816470300456,
            0.11902811451764331,
            0.10103698458137343,
            1.6622745796685516,
            -0.06822433755731873,
            -0.28714645462538607,
            -0.1952059498251879,
            0.3530087102499583,
            -0.21593467183302592,
            -1.1144159465684143,
            -2.2384024052587335,
            -0.16776195106609526,
            0.8731768128061385,
            -1.0440033298732139,
            0.3607205763778097,
            -0.8210878781504269,
            -0.10651576627519661,
            -1.5694072168581221,
            -0.8271520110605396,
            -0.7606190665595085,
            0.5182678480803523,
            -0.6664316714995426,
            -1.9842026103436794,
            2.6395909508351316,
            -2.5659442486683752
        ]
    ],
    "min_mode": [
        0.0,
        0.0,
        0.0,
        0.0,
        -1.3172256916222842,
        0.0,
        0.0,
        0.0,
        -1.036098920658038,
        -1.903350805534218,
        -0.8285408348765085,
        -0.15781625536493418,
        0.0,
        -0.19658039628577226,
        0.0,
        -0.4146991813813929,
        0.0,
        0.0,
        -1.5908681316410358,
        -0.0774200768658995,
        -0.47325627754320587,
        0.0,
        0.0,
        -0.489088439374411,
        0.0,
        -0.5733816470300456,
        0.0,
        0.0,
        0.0,
        -0.06822433755731873,
        -0.28714645462538607,
        -0.1952059498251879,
        0.0,
        -0.21593467183302592,
        -1.1144159465684143,
        -2.2384024052587335,
        -0.16776195106609526,
        0.0,
        -1.0440033298732139,
        0.0,
        -0.8210878781504269,
        -0.10651576627519661,
        -1.5694072168581221,
        -0.8271520110605396,
        -0.7606190665595085,
        0.0,
        -0.6664316714995426,
        -1.9842026103436794,
        0.0,
        -2.5659442486683752
    ],
    "max_mode": [
        0.6540754197860462,
        0.045262210358490186,
        0.5511570658861383,
        0.26722598060508657,
        0.0,
        1.155833346972773,
        0.19043042108025376,
        0.8000065169159507,
        0.0,
        0.0,
        0.0,
        0.0,
        2.3133652489207783,
        0.0,
        2.096913305514864,
        0.0,
        2.112657064697279,
        0.690560405089203,
        0.0,
        0.0,
        0.0,
        0.2674780810650251,
        1.2082681757061648,
        0.0,
        0.5662534795143275,
        0.0,
        0.11902811451764331,
        0.10103698458137343,
        1.6622745796685516,
        0.0,
        0.0,
        0.0,
        0.3530087102499583,
        0.0,
        0.0,
        0.0,
        0.0,
        0.8731768128061385,
        0.0,
        0.3607205763778097,
        0.0,
        0.0,
        0.0,
        0.0,
        0.0,
        0.5182678480803523,
        0.0,
        0.0,
        2.6395909508351316,
        0.0
    ],
    "border": [
        20.0,
        20.0,
        20.0,
        20.0,
        20.0,
        20.0,
        20.0,
        20.0,
        20.0,
        20.0,
        20.0,
        20.0,
        20.0,
        20.0,
        20.0,
        20.0,
        20.0,
        20.0,
        20.0,
        20.0,
        20.0,
        20.0,
        20.0,
        20.0,
        20.0,
        20.0,
        20.0,
        20.0,
        20.0,
        20.0,
        20.0,
        20.0,
        20.0,
        20.0,
        20.0,
        20.0,
        20.0,
        20.0,
        20.0,
        20.0,
        20.0,
        20.0,
        20.0,
        20.0,
        20.0,
        20.0,
        20.0,
        20.0,
        20.0,
        20.0
    ],
    "low": [
        -29.441375028053244,
        -30.17449864623475,
        -29.716477789154673,
        -30.087120793559407,
        -30.703096122369793,
        -29.493864722634335,
        -29.92794347177971,
        -29.584528771633366,
        -30.63274703343747,
        -30.797031099622963,
        -30.39564883252704,
        -29.887341605036344,
        -28.501342567792292,
        -29.773469711518032,
        -29.04959777211627,
        -30.309486279565746,
        -28.632384156498773,
        -29.467672662272097,
        -30.722044461632734,
        -29.86471431548284,
        -30.132746369152265,
        -29.97150108402768,
        -29.353013266063353,
        -30.084971742510355,
        -29.15438307061299,
        -30.409548073232965,
        -30.24527285625171,
        -30.166157508154136,
        -29.174598166100182,
        -29.769918553521013,
        -30.34237608972022,
        -29.57576989450042,
        -29.68816377860652,
        -29.844480900096556,
        -30.651215317765498,
        -31.10663739435161,
        -30.077997807460303,
        -29.43920025786462,
        -30.78102211319893,
        -29.889591462763683,
        -30.675341368110793,
        -29.854320029707182,
        -30.51520937408872,
        -29.875691892209375,
        -30.25133191933886,
        -29.964678740234454,
        -29.99633382803148,
        -31.04389650790585,
        -28.262946378518443,
        -30.998896822152616
    ],