{
    "sampler": "Metro",
    "value": 10,
    "means_array": [
        [
            0.0,
            0.0,
            0.0,
            0.0,
            0.0,
            0.0,
            0.0,
            0.0,
            0.0,
            0.0
        ]
    ],
    "case": "Warmup Samples",
    "dim": 10,
    "samples": [
        [
            89.66526133916891,
            -43.18116977901157,
            -93.09097601561066,
            -10.92011069072229,
            131.31061227530773,
            123.25708171736137,
            -58.80415750118856,
            95.2162487286136,
            152.08605497537658,
            -96.77380455590922
        ],
        [
            -162.1346324205249,
            25.62268484988796,
            91.48006677687879,
            -52.07129612591376,
            -38.12255697124767,
            192.76999690449176,
            -28.815173260744547,
            19.030655279640776,
            49.203569970194664,
            44.43756604004426
        ],
        [
            -290.0815037844071,
            -55.330202527260774,
            119.05382779220605,
            -206.64496752423892,
            78.52570873283969,
            2.4075340232803555,
            -87.17532877912204,
            44.3611945047603,
            -218.8006909276018,
            126.20933018558253
        ],
        [
            -101.51847403285804,
            -38.41896553850157,
            52.10012959124073,
            -11.24947016933063,
            139.02843365637548,
            -46.32393947404441,
            43.31187948597579,
            -28.4835760665904,
            83.89723476065313,
            87.0349492124993
        ]
    ]
}