{
    "sampler": "Metro",
    "value": 18,
    "means_array": [
        [
            0.0,
            0.0
        ],
        [
            -13.754511663506115,
            -11.61091765961994
        ]
    ],
    "case": "Posterior Samples",
    "dim": 2,
    "samples": [
        [
            -13.794027505026298,
            -12.124685558343907
        ],
        [
            -1.0260351952257558,
            0.23887303861834863
        ],
        [
            -0.6998865519176987,
            0.08452740546546444
        ],
        [
            0.5902006404189959,
            0.21220034435774116
        ]
    ]
}