{
    "sampler": "Metro",
    "value": 12,
    "means_array": [
        [
            -6.0,
            0.0
        ],
        [
            6.0,
            0.0
        ]
    ],
    "case": "Posterior Samples",
    "dim": 2,
    "samples": [
        [
            -8.562225143073755,
            -2.4461936165437237
        ],
        [
            5.940056747663302,
            0.4044220525905934
        ],
        [
            -4.783690644686642,
            1.1538166238620589
        ],
        [
            -5.748109376382762,
            0.14594042248360706
        ]
    ]
}