{
    "sampler": "HMC",
    "value": 10,
    "means_array": [
        0
    ],
    "case": "Posterior Samples",
    "dim": 1,
    "samples": [
        1.0447993782662675,
        1.0587274005104936,
        0.11943602460598597,
        0.1819849489066275
    ]
}