run_id,dimension_corr,sampler,wasserstein_distance,mmd_rff,r_hat,ess,runtime
13,2,SMC,0.016060755011698735,0.009954959786675245,1.0001324430236862,7993.613875260461,2.751582622528076
13,5,SMC,0.02439737210150153,0.01846737411484969,1.0001402626150355,7975.294060047069,2.749481201171875
13,10,SMC,0.02113404589152929,0.015356576087873943,1.0003901271619262,7476.707428124982,5.346538782119751
13,15,SMC,0.019079936728502823,0.015908226431041173,1.0005128787070412,7542.150073802039,4.403139352798462
13,20,SMC,0.019328551679921098,0.01528329786148091,1.0004802389095067,7504.657531719341,9.129281044006348
