mu,var_rmse_t_stat,var_rmse_p_value,var_rmse_paired_cohens_d
"(0, 0)",5.038639110064487,2.2782954129382558e-05,0.9199254332366917
