mu,mmd_rff_t_stat,mmd_rff_p_value,mmd_rff_paired_cohens_d
"(0, 0)",0.14653847913398574,0.8845102617693821,0.026754143521394696
