{
    "run_id": 1,
    "case": "unimodal",
    "dim": 2,
    "low": [
        -138.4247886087494,
        -127.839353196644
    ],
    "high": [
        135.2368583332839,
        145.2314304177388
    ],
    "means_array": [
        [
            0.0,
            0.0
        ]
    ],
    "samples": [
        {
            "posterior": [
                61.27670264938024,
                -86.99494693767613
            ]
        },
        {
            "posterior": [
                46.43864477736295,
                -91.43787444244666
            ]
        },
        {
            "posterior": [
                131.03899511572905,
                -12.959386101776275
            ]
        },
        {
            "posterior": [
                -131.2717169107367,
                -10.654396677174503
            ]
        }
    ]
}