mode_means,sampler,wasserstein_distance,r_hat,ess,chain_seeds,mode_distance
"(0, 8)",DEMetro,0.46045513448467623,1.0585023642033995,54.66562362682157,"[160143, 367926, 581031, 889520]",8
"(0, 10)",DEMetro,1.0082878369737849,1.0243458699813672,269.27460569727646,"[160143, 367926, 581031, 889520]",10
"(0, 15)",DEMetro,1.6970254475481434,1.0334199730091476,132.2245403953321,"[160143, 367926, 581031, 889520]",15
"(0, 20)",DEMetro,2.0120468894181536,1.163067474762408,52.45350481710852,"[160143, 367926, 581031, 889520]",20
