mu,sampler,wasserstein_distance,r_hat,ess,runtime
"(-10, 20, -30)",DEMetro,0.030493268433034702,1.0146042934653565,825.377812655828,2.6496689319610596
"(-5, 0, 5)",DEMetro,0.06632487580411044,1.008715752896023,846.7782610218264,3.026423931121826
"(0, 0, 0)",DEMetro,0.02407621645606111,1.0180484869185373,802.0859989832486,2.7554781436920166
"(50, -50, 100)",DEMetro,0.03721551788591802,1.0123730205736332,969.9896213606336,2.741431951522827
