{
    "sampler": "HMC",
    "value": 4,
    "means_array": [
        [
            0.0,
            0.0
        ],
        [
            16,
            0
        ]
    ],
    "case": "Posterior Samples",
    "dim": 2,
    "samples": [
        [
            14.178009212116022,
            -4.8362586668946
        ],
        [
            -0.28304656182991017,
            -0.3371723557204462
        ],
        [
            -1.565604713180996,
            1.2517756387246912
        ],
        [
            15.534314499394203,
            0.03220883700947726
        ]
    ]
}