nu,ws_t_stat,ws_p_value,ws_paired_cohens_d
4,3.1119124071138082,0.05280280001553731,1.5559562035569041
10,0.12769771900226484,0.9064672504733559,0.06384885950113242
