nu,var_rmse_t_stat,var_rmse_p_value,var_rmse_paired_cohens_d
4,0.4762384319777208,0.6664391689940026,0.2381192159888604
10,-0.8811968786729522,0.443097128643968,-0.4405984393364761
