nu,ws_t_stat,ws_p_value,ws_paired_cohens_d
4,-2.802305559786405,0.06772324445451268,-1.4011527798932024
10,-1.3586141387766064,0.26740049697271967,-0.6793070693883032
