nu,mmd_rff_t_stat,mmd_rff_p_value,mmd_rff_paired_cohens_d
4,2.608705339143599,0.07977400352996591,1.3043526695717995
10,1.8053149491689524,0.1687796211607356,0.9026574745844762
