{
    "sampler": "DEMetro_Z",
    "value": 10,
    "means_array": [
        0,
        10
    ],
    "case": "Posterior Samples",
    "dim": 1,
    "samples": [
        9.761249047671786,
        -1.0500307326789717,
        8.491596174491963,
        9.354927448991292
    ]
}