{
    "sampler": "HMC",
    "value": 8,
    "means_array": [
        0,
        8
    ],
    "case": "Posterior Samples",
    "dim": 1,
    "samples": [
        0.43872057611408277,
        0.003695634413547403,
        0.2278116531258248,
        1.0041995989551011
    ]
}