{
    "sampler": "Metro",
    "value": 3,
    "means_array": [
        [
            0.0,
            0.0,
            0.0,
            0.0,
            0.0,
            0.0,
            0.0,
            0.0,
            0.0,
            0.0,
            0.0,
            0.0,
            0.0,
            0.0,
            0.0,
            0.0,
            0.0,
            0.0,
            0.0,
            0.0,
            0.0,
            0.0,
            0.0,
            0.0,
            0.0,
            0.0,
            0.0,
            0.0,
            0.0,
            0.0
        ]
    ],
    "case": "Warmup Samples",
    "dim": 30,
    "samples": [
        [
            -97.85543462190846,
            -42.81115187984349,
            -43.552097142097885,
            4.539044304140475,
            26.720395433842217,
            85.06047578230768,
            55.8255422693202,
            36.18973347048335,
            -60.774806961734924,
            -38.238758712341884,
            -30.230395077194,
            -63.51497924174142,
            88.71056431491753,
            71.26311219032694,
            35.722231113716106,
            27.946083546260226,
            74.40300737302304,
            64.38779831088974,
            -23.115200824231007,
            91.84276115106479,
            -49.14140999100586,
            93.31017232497946,
            -73.6460510916667,
            93.86960224704619,
            90.73911938082875,
            20.48018394788938,
            -15.37869582952233,
            -77.56659900858695,
            -44.69766821961383,
            59.17333638434493
        ],
        [
            -80.31188697950302,
            23.77153063455019,
            -19.84723496691496,
            -0.7036341206081334,
            -23.32213120395935,
            11.070932176400891,
            -25.507529526424083,
            -97.36499350326712,
            3.0812665596547326,
            -85.08603378155588,
            -73.42003861078092,
            46.203570502734195,
            34.15107135633337,
            -73.43297409617271,
            -13.023523099213593,
            -50.4851318902156,
            -53.83355556414237,
            -71.8967187253716,
            -34.90448143428354,
            -23.99354020011503,
            -13.599640157528059,
            30.88732365288891,
            -92.35889087236916,
            29.827756694521884,
            -37.62471102255927,
            -22.177771010791353,
            -77.11519654556942,
            -61.65231505179058,
            -49.30818359367432,
            -54.320152903871644
        ],
        [
            -93.25898850339514,
            -29.380396301141324,
            21.856861649377816,
            37.49594418354234,
            28.24431882932437,
            -63.128282489607564,
            -42.81067343879829,
            21.898562041683018,
            -79.00467408434346,
            -54.8645405617897,
            -87.35409978160376,
            43.77407029767351,
            71.528065897472,
            -28.98176262780397,
            62.68436564301331,
            -75.00247787287738,
            23.374641018828978,
            31.73663106991638,
            36.84205853088418,
            63.22460442186049,
            -6.294591658029283,
            -66.09312837708451,
            50.00442327658765,
            61.37081801751043,
            59.26084432539456,
            89.31630361095657,
            -92.11808572923516,
            29.798413147195557,
            -14.516675786336846,
            -37.04621532725198
        ],
        [
            -90.83942280187861,
            95.26733292470966,
            59.12202201930531,
            -92.20485091717035,
            52.76300576996095,
            -14.470715909839765,
            -58.244458665670656,
            51.958312341905746,
            -3.319184518776645,
            -72.42077350700866,
            2.873852434906286,
            -46.900413278268374,
            63.77196238440277,
            -62.2562037877543,
            -57.51911920896855,
            48.31094038120868,
            -41.0234404677772,
            60.87195160952317,
            18.429085426390685,
            -54.72665194177236,
            -27.340905668548153,
            -46.544807956689596,
            6.946557451755647,
            35.3378484214338,
            -88.71458792071473,
            25.27366475622113,
            86.80112286466195,
            -30.166818852210966,
            26.875589526292224,
            72.88431705001611
        ]
    ]
}