{
    "sampler": "HMC",
    "value": [
        0,
        0
    ],
    "means_array": [
        [
            0,
            0
        ]
    ],
    "case": "Posterior Samples",
    "dim": 2,
    "samples": [
        [
            -1.2933974293449775,
            0.2973050117125114
        ],
        [
            1.846499806709639,
            0.6608835436315952
        ],
        [
            -2.6680879751962214,
            0.21453524358066392
        ],
        [
            0.16990717181843665,
            0.44568047421501755
        ]
    ]
}