{
    "sampler": "HMC",
    "value": [
        0,
        0
    ],
    "means_array": [
        [
            0,
            0
        ]
    ],
    "case": "Warmup Samples",
    "dim": 2,
    "samples": [
        [
            10.418890380472341,
            23.008101215691415
        ],
        [
            -4.788503212545099,
            -21.462682402349827
        ],
        [
            10.613411731248926,
            -21.958822708057316
        ],
        [
            21.787393372123297,
            8.059695485796249
        ]
    ]
}