{
    "sampler": "HMC",
    "value": 40,
    "means_array": [
        0,
        40
    ],
    "case": "Posterior Samples",
    "dim": 1,
    "samples": [
        -0.8559566772018838,
        40.06668415282904,
        -0.3051161884513416,
        0.5081527565242071
    ]
}