{
    "run_id": 1,
    "case": "multimodal",
    "dim": 2,
    "means_array": [
        [
            -9.0,
            0.0
        ],
        [
            9.0,
            0.0
        ]
    ],
    "min_mode": [
        -9.0,
        0.0
    ],
    "max_mode": [
        9.0,
        0.0
    ],
    "border": [
        88.54064538165812,
        62.224879128482115
    ],
    "low": [
        -118.15443657231984,
        -101.95329826261724
    ],
    "high": [
        147.46749957265453,
        84.72133912282912
    ],
    "samples": [
        {
            "posterior": [
                48.706417753165596,
                -83.72460516943161
            ]
        },
        {
            "posterior": [
                127.14827191665483,
                8.599341270367972
            ]
        },
        {
            "posterior": [
                -110.27963228226635,
                1.8457329525262622
            ]
        },
        {
            "posterior": [
                -116.82425511203304,
                -22.29968384131581
            ]
        }
    ]
}