{
    "sampler": "DEMetro_Z",
    "value": [
        6,
        0
    ],
    "means_array": [
        [
            0.0,
            0.0
        ],
        [
            6,
            0
        ]
    ],
    "case": "Warmup Samples",
    "dim": 2,
    "samples": [
        [
            10.023848843125966,
            5.119547278820231
        ],
        [
            -3.7009716196779254,
            -4.113817961854565
        ],
        [
            9.434055569704556,
            7.234585835531898
        ],
        [
            4.306904311202099,
            -8.979976693310403
        ]
    ]
}