{
    "sampler": "Metro",
    "value": 0.0,
    "means_array": [
        [
            0,
            0
        ]
    ],
    "case": "Posterior Samples",
    "dim": 2,
    "samples": [
        [
            0.5320291657054734,
            -0.7437423518992115
        ],
        [
            -0.6286485400495103,
            -0.8956720236868794
        ],
        [
            -0.94600325113596,
            -0.12890751823375046
        ],
        [
            0.6371533614999179,
            0.9353184997846651
        ]
    ]
}