{
    "sampler": "Metro",
    "value": 2.1,
    "means_array": [
        0
    ],
    "case": "Posterior Samples",
    "dim": 1,
    "samples": [
        0.5015387936973004,
        0.4822557899007083,
        -0.5094915154817974,
        -0.07901516644802298
    ]
}