run_id,mu,sampler,wasserstein_distance,mmd_rff,r_hat,ess,runtime
52,"(10, 10)",HMC,3.907614352960239,0.2871099946158536,1.201491607608428,14.868030462285036,3.0491366386413574
52,"(2, 2)",HMC,1.2967451647505657,0.190423146167229,1.1136243774203372,24.791253779864217,3.2103517055511475
52,"(20, 20)",HMC,4.328818578324625,0.2471301054876339,1.733652848800083,6.132690308369904,3.700100898742676
52,"(40, 40)",HMC,6.385038696686306,0.1389235826822075,1.9004541939224837,5.615440518654172,3.055305004119873
52,"(5, 5)",HMC,0.15364678021879008,0.02704226491158077,1.5757438729173383,7.022571668696928,3.589855432510376
