run_id,mu,sampler,wasserstein_distance,mmd_rff,r_hat,ess,runtime
9,"(10.0, 0.0)",Metro,3.375779847708626,0.2093535836875183,1.9230402730857932,5.812877288891922,5.231996774673462
