mu,sampler,wasserstein_distance,r_hat,ess,runtime
0,DEMetro,0.013378776283440202,1.001775863451533,8878.913422540867,6.8415539264678955
2,DEMetro,0.023472618265762378,1.0027531718736329,8908.098648858411,7.233848333358765
5,DEMetro,0.018621095381481843,1.0014154786825638,8901.831237079017,6.829819917678833
10,DEMetro,0.011441436768294842,1.0023279053136003,8703.529512342113,6.802126407623291
