run_id,nu,sampler,wasserstein_distance,mmd_rff,r_hat,ess,runtime
53,0.5,Metro,1087.3750933207207,0.043747885674178554,1.0749515797827387,82.37350303049254,0.9274618625640869
53,1.0,Metro,1.3370516070192808,0.03058454910016213,1.0018759093177636,327.0345030486386,0.9259655475616455
53,2.0,Metro,0.20031839778675226,0.024403433507393355,1.0175429986528506,552.0944827808838,0.9763782024383545
53,5.0,Metro,0.0479621725876008,0.016657171734700188,1.0065475394607146,688.5678235742666,1.0119757652282715
53,10.0,Metro,0.06759414310356038,0.030457542218490476,1.006576054504949,829.21339379855,0.9878950119018555
53,30.0,Metro,0.03265790853937889,0.008755487574173578,1.0022544857229507,1054.088607011228,0.9802625179290771
53,100.0,Metro,0.038397131301317416,0.015715420841706688,1.0006318566469268,993.3718272743979,0.9700479507446289
53,500.0,Metro,0.03995771074859658,0.0182802402073967,1.0034890512938002,938.224802661047,1.2818279266357422
