mu,sampler,wasserstein_distance,r_hat,ess,runtime
0,HMC,0.4630658760710989,1.0071960238757853,1124.3163486255203,17.869852542877197
3,HMC,0.18298166613108852,1.0020958551081434,1406.9532569373985,17.857987642288208
6,HMC,0.16783536757052225,1.0081180865975328,1565.411805945089,15.513767957687378
10,HMC,0.298155047715678,1.0029967981499917,1793.302742564959,15.043629169464111
