mu,sampler,wasserstein_distance,swd_zscore,r_hat,ess,runtime
"(10, -10)",Metro,4.036630225719002,80.61643486859889,1.529932536700345,7.274393190350553,6.260404348373413
"(20, 20)",Metro,6.618654706107732,51.70200805540407,1.0068895214704496,482.7624750801978,5.661228656768799
"(5, 5)",Metro,2.721561096106148,52.27070240261801,1.1039962444711373,27.612995320760426,5.318225860595703
"(50, -50)",Metro,24.23750878600405,115.29570537911222,1.5347146700567,7.2972187417027525,8.898220777511597
