{
    "sampler": "HMC",
    "value": 8,
    "means_array": [
        [
            -4.000000002,
            0.0
        ],
        [
            4.000000002,
            0.0
        ]
    ],
    "case": "Posterior Samples",
    "dim": 2,
    "samples": [
        [
            3.691962560829184,
            -0.5108670332984192
        ],
        [
            3.6570946767557238,
            -0.6930653462659405
        ],
        [
            -4.601437628731585,
            1.6757630001499826
        ],
        [
            4.8835128804095165,
            1.1278212455048782
        ]
    ]
}