{
    "sampler": "HMC",
    "value": 8,
    "means_array": [
        [
            -4.000000002,
            0.0
        ],
        [
            4.000000002,
            0.0
        ]
    ],
    "case": "Warmup Samples",
    "dim": 2,
    "samples": [
        [
            -72.39984369305998,
            73.00626046966298
        ],
        [
            -95.49207448540494,
            77.028520988378
        ],
        [
            -98.67967361658012,
            -1.6862824648582826
        ],
        [
            15.684635436075009,
            -3.904006552736198
        ]
    ]
}