{
    "sampler": "Metro",
    "value": 10,
    "means_array": [
        [
            0.0,
            0.0,
            0.0,
            0.0,
            0.0,
            0.0,
            0.0,
            0.0,
            0.0,
            0.0
        ],
        [
            10.0,
            0.0,
            0.0,
            0.0,
            0.0,
            0.0,
            0.0,
            0.0,
            0.0,
            0.0
        ]
    ],
    "case": "Posterior Samples",
    "dim": 10,
    "samples": [
        [
            10.002540803785024,
            0.886645216386034,
            -0.2642319787474385,
            -1.3531963716302806,
            -1.8380403048381457,
            -0.3401480674634828,
            0.829971901406913,
            0.4131292278358005,
            1.1705353960532245,
            -1.164624839842411
        ],
        [
            10.884976055923325,
            -1.7972158433417773,
            0.5582239453762977,
            0.08319919887813343,
            0.9187903569743783,
            -1.071869896742505,
            1.0514424587156448,
            0.4328455151064743,
            -1.1661573242197876,
            -0.1382136876896235
        ],
        [
            8.98832411681975,
            -0.1215307631335012,
            1.1166675949233507,
            -1.524125360436677,
            -0.31078359442074777,
            -1.504918775506388,
            0.7972602496136374,
            -0.6576056591418807,
            0.7440126770149444,
            1.2368709914197278
        ],
        [
            9.383381400646954,
            0.01266346734883328,
            -1.0093421145966714,
            -1.623307502166449,
            -0.11519807506468194,
            -0.38755673882031305,
            -1.5118674531069014,
            0.555932418399691,
            -0.4736141889767588,
            -1.8717085546519299
        ]
    ]
}