run_id,mu,sampler,wasserstein_distance,mmd_rff,r_hat,ess,runtime
34,"(10, 10)",HMC,3.8141741001913037,0.22573918666227094,1.3614804402992644,8.948881283303104,3.8724184036254883
34,"(2, 2)",HMC,0.13947095077843905,0.027035460705211845,1.311841750035504,9.796505962727215,3.92283296585083
34,"(20, 20)",HMC,7.484758933859902,0.24797874387823365,1.3478904604398312,9.128039498870175,3.683133840560913
34,"(40, 40)",HMC,7.956308770760777,0.22392887070913814,1.7414673338408164,6.063496071310853,3.884943962097168
34,"(5, 5)",HMC,0.5324771546724293,0.05739161495495129,1.2164322265992344,13.73646078864778,4.240126848220825
