{
    "sampler": "DEMetro_Z",
    "value": 4,
    "means_array": [
        [
            -0.6244998059327167,
            0.0
        ],
        [
            0.6244998059327167,
            0.0
        ]
    ],
    "case": "Warmup Samples",
    "dim": 2,
    "samples": [
        [
            -1.3421976868131793,
            -18.43050380946265
        ],
        [
            -1.8255049519366704,
            3.933186645868665
        ],
        [
            -19.497662159202903,
            17.54603601813712
        ],
        [
            6.371970609460296,
            26.405092486829226
        ]
    ]
}