{
    "sampler": "Metro",
    "value": 1,
    "means_array": [
        0,
        10
    ],
    "case": "Posterior Samples",
    "dim": 1,
    "samples": [
        19.771796694030957,
        -0.873032576161969,
        -1.1412755097813596,
        0.9897828865671805
    ]
}