{
    "sampler": "HMC",
    "value": 10,
    "means_array": [
        [
            10,
            10,
            10,
            10,
            10,
            20,
            20,
            20,
            20,
            20
        ]
    ],
    "case": "Warmup Samples",
    "dim": 10,
    "samples": [
        [
            57.749755192326155,
            -37.762601745970926,
            101.1353691944517,
            91.47825742501603,
            78.98067989596626,
            -72.19220366701848,
            -69.3718663765988,
            107.71652301616629,
            -30.23388437750921,
            91.34038784498367
        ],
        [
            105.89741045300674,
            68.50233673122874,
            72.75676117648516,
            128.1362711808539,
            23.83811904228603,
            -14.146369720415445,
            58.77971913173583,
            40.21336998960835,
            9.282832348326234,
            -52.60977602817262
        ],
        [
            53.82355508544783,
            28.21662771218903,
            34.00330313813254,
            -9.27644017881785,
            45.12799692264317,
            -81.33729324795215,
            27.838290769595844,
            47.3029760265707,
            -32.74704727993209,
            8.188427817382017
        ],
        [
            11.95909478508964,
            41.65836069833724,
            17.148431163440282,
            14.66964021007842,
            -13.360111844628392,
            -69.88054570885737,
            44.04049554233287,
            98.66743445099961,
            13.75561087930084,
            -17.476397537527667
        ]
    ]
}