run_id,mu,sampler,wasserstein_distance,mmd_rff,r_hat,ess,runtime
23,"(10, 10)",HMC,1.3979270016728458,0.14639270579655594,1.866554458646724,5.704253557026677,3.533165216445923
23,"(2, 2)",HMC,0.9217872222266326,0.11849747269051752,1.10865690841177,28.112639865291218,3.5293116569519043
23,"(20, 20)",HMC,3.5288722399455295,0.1925437612815035,1.8248580750607688,5.824216003440801,3.2029800415039062
23,"(40, 40)",HMC,3.681444348463891,0.12168619247588557,1.8006355332758592,5.936307605316853,3.4842090606689453
23,"(5, 5)",HMC,1.869265573805703,0.22934164184149528,1.395123496978236,8.597818229814026,3.054490327835083
