{
    "run_id": 1,
    "case": "multimodal",
    "dim": 2,
    "means_array": [
        [
            0.0,
            0.0
        ],
        [
            13.0,
            0.0
        ]
    ],
    "min_mode": [
        0.0,
        0.0
    ],
    "max_mode": [
        13.0,
        0.0
    ],
    "border": [
        20.049314161045803,
        20.0
    ],
    "low": [
        -23.41047701471895,
        -29.996842891698016
    ],
    "high": [
        36.73746546841846,
        30.003157108301984
    ],
    "samples": [
        {
            "posterior": [
                16.35541257998763,
                -7.405237825574041
            ]
        },
        {
            "posterior": [
                -13.329975537158703,
                -23.921833059465463
            ]
        },
        {
            "posterior": [
                21.220399705413477,
                5.532970985124237
            ]
        },
        {
            "posterior": [
                33.04899751475936,
                2.3944021408172134
            ]
        }
    ]
}