run_id,mu,sampler,wasserstein_distance,mmd_rff,r_hat,ess,runtime
27,"(0, 0, 0, 0, 0)",Metro,0.25816364832502176,0.11463642401876584,1.1945135851625612,15.797750341564802,1.3268814086914062
