mu,sampler,wasserstein_distance,r_hat,ess,runtime
0,Metro,0.2352048903061043,1.0062271206551017,1200.9867214225005,5.998555421829224
3,Metro,0.2863200125607058,1.0068438053754891,1287.2072428337424,5.893672466278076
6,Metro,0.24596291653841584,1.0042448595596716,1171.6419607809235,5.72691011428833
10,Metro,0.3874013606578317,1.0056232549377078,1379.4546189938317,5.761739253997803
