run_id,mu,sampler,wasserstein_distance,mmd_rff,r_hat,ess,runtime
55,"(5.0, 0.0)",HMC,0.10503156088763552,0.027213484201909475,1.0424598981867648,102.4952497989323,3.926910638809204
55,"(5.0, 10.0)",HMC,2.1262002542900174,0.24663494292335586,1.732570028225921,6.113370659896545,3.235644817352295
55,"(5.0, 20.0)",HMC,2.014979405120332,0.11085453078187799,2.4108113765323114,4.89649101388179,2.8960258960723877
55,"(5.0, 40.0)",HMC,11.475342754910953,0.32166043717209275,1.529954480894148,7.188294010107746,3.262949228286743
55,"(5.0, 5.0)",HMC,1.0009714980654307,0.18134415269327836,1.4954679543448424,7.384850335208845,3.1505889892578125
