{
    "run_id": 1,
    "case": "unimodal",
    "dim": 2,
    "low": [
        -29.92012648752444,
        -30.418064834584904
    ],
    "high": [
        30.07987351247556,
        29.581935165415096
    ],
    "means_array": [
        [
            0.0,
            0.0
        ]
    ],
    "samples": [
        {
            "posterior": [
                -16.03477024233132,
                9.236280450960244
            ]
        },
        {
            "posterior": [
                11.149303920431908,
                -21.39388013968577
            ]
        },
        {
            "posterior": [
                -14.411794772797641,
                -4.684504064695616
            ]
        },
        {
            "posterior": [
                22.230589655109693,
                -0.31870167137883954
            ]
        }
    ]
}