run_id,mu,sampler,wasserstein_distance,mmd_rff,r_hat,ess,runtime
55,"(0, 0, 0, 0, 0)",Metro,0.2438933008496741,0.1262600066489524,1.1343295206730286,25.833644162792293,1.329005241394043
