run_id,mu,sampler,wasserstein_distance,mmd_rff,r_hat,ess,runtime
55,"(0, 0, 0, 0, 0)",SMC,0.015263054995411257,0.015390942475193816,1.000051865013461,3218.4794329332726,2.11539626121521
