{
    "sampler": "Metro",
    "value": 10,
    "means_array": [
        [
            0.0,
            0.0,
            0.0,
            0.0,
            0.0,
            0.0,
            0.0,
            0.0,
            0.0,
            0.0
        ]
    ],
    "case": "Posterior Samples",
    "dim": 10,
    "samples": [
        [
            0.7662732881444931,
            1.43297377358477,
            0.9413700259544733,
            0.6824215652489335,
            1.129102948049526,
            0.977090981250135,
            0.9424574738663862,
            0.44900872544592724,
            0.6503154651361479,
            0.8879137752741706
        ],
        [
            -0.13344577806362484,
            -0.06932562819605739,
            0.10907925539472352,
            -0.2809586791304781,
            0.13145401906719484,
            0.4055016194842641,
            -0.18958264269299052,
            -0.2176116697676181,
            0.0370884583085167,
            0.6131501887602262
        ],
        [
            -1.5139177594803852,
            -0.8565353743894161,
            -0.5320800962795339,
            -1.035795499344514,
            -1.5652819897329426,
            -1.1699467384823679,
            -1.0367211831746417,
            -0.9086594840637341,
            -0.2164723358070496,
            -1.0113171133505918
        ],
        [
            -0.451455605816689,
            -0.3999001661653436,
            0.3543087819526617,
            -0.01476240141687657,
            -0.2939373612058335,
            0.041315479050735515,
            0.10998590791173413,
            -0.33377037400961285,
            0.23361241882481892,
            0.18145100876206913
        ]
    ]
}