mu,ws_t_stat,ws_p_value,ws_paired_cohens_d
"(0.0, 0.0)",6.4197875423004716,3.7250424292644483e-06,1.435508134569016
