mu,mean_rmse_t_stat,mean_rmse_p_value,mean_rmse_paired_cohens_d
"(0.0, 0.0)",-1.307327814501659,0.20670168880703269,-0.29232738621019444
