mu,mean_rmse_t_stat,mean_rmse_p_value,mean_rmse_paired_cohens_d
"(0.0, 0.0)",4.193239476604087,0.0004928597449390232,0.9376368515622377
