mu,mean_rmse_t_stat,mean_rmse_p_value,mean_rmse_paired_cohens_d
"(0.0, 0.0)",-3.513754935778682,0.002321717940402281,-0.7856994892676541
