run_id,dimension_corr,sampler,wasserstein_distance,mmd_rff,r_hat,ess,runtime
17,2,HMC,0.02460669163217612,0.015635653963790436,1.0020623173228576,3708.8397391088647,1.6137478351593018
17,5,HMC,0.025401186765081123,0.022472179384316938,1.000941077621207,6026.648808374671,2.0204837322235107
17,10,HMC,0.0352767569248536,0.02361826991002558,1.003455608573887,4645.167128276771,1.9110314846038818
17,15,HMC,0.030298541696004384,0.022648060127688448,1.0056741688713946,6827.843354749836,2.0058305263519287
17,20,HMC,0.026994481615972205,0.02193159896882814,1.003140090112882,7560.916008031279,2.0831491947174072
