run_id,dimension_corr,sampler,wasserstein_distance,mmd_rff,r_hat,ess,runtime
17,2,Metro,0.05253491158858251,0.03425598916472477,1.0052544105410814,865.6905025897946,1.1550066471099854
17,5,Metro,0.028430448466240286,0.026857112004526854,1.0061386747232384,795.5345628484447,1.3319666385650635
17,10,Metro,0.046868452855700744,0.024167358791288177,1.0129356943092667,718.6501420405832,1.580888271331787
17,15,Metro,0.047216508171605706,0.02383623049845843,1.0082722017290962,786.7459373132853,1.924633264541626
17,20,Metro,0.04134989059261532,0.0223919441552906,1.0080607056410364,552.0285944172222,2.1942155361175537
