{
    "sampler": "HMC",
    "value": 30,
    "means_array": [
        [
            0.0,
            0.0,
            0.0,
            0.0,
            0.0,
            0.0,
            0.0,
            0.0,
            0.0,
            0.0,
            0.0,
            0.0,
            0.0,
            0.0,
            0.0,
            0.0,
            0.0,
            0.0,
            0.0,
            0.0,
            0.0,
            0.0,
            0.0,
            0.0,
            0.0,
            0.0,
            0.0,
            0.0,
            0.0,
            0.0
        ]
    ],
    "case": "Warmup Samples",
    "dim": 30,
    "samples": [
        [
            -21.713883595392698,
            -28.481018485552884,
            16.48046183473078,
            58.748883334201025,
            -23.8834660064123,
            -11.810713938393457,
            5.22802457163882,
            -50.453317930633105,
            47.98358070152284,
            -34.53957813738724,
            23.038068145427804,
            18.441948142651313,
            -12.82894232501137,
            11.969491323711322,
            -32.81656863518375,
            -36.362308234212705,
            -29.287844285880787,
            -50.07666935855764,
            -62.96132951022735,
            55.01053357680972,
            -16.150173684281423,
            55.96089991694638,
            -42.249356962758654,
            -22.541721734583106,
            -21.0098930687688,
            49.382871424234445,
            60.58157558837963,
            40.93913791514187,
            1.914259058610064,
            50.946234102971
        ],
        [
            38.10061276975117,
            -63.23771226845902,
            35.18565931089394,
            -87.9539515391252,
            -41.50295740439381,
            -21.72563571140883,
            -87.89746882588948,
            -3.456966993392709,
            86.40592415192071,
            -75.7139163286746,
            23.721152009253295,
            20.556084383208574,
            -4.576964707831565,
            -15.634325543539813,
            31.2365364589417,
            -24.2730419941405,
            21.753489580736403,
            -63.455929987194104,
            -39.88291202693036,
            -87.10790952353082,
            -63.63791083317314,
            -87.43426509294794,
            64.49949581255478,
            81.00882396706437,
            -66.72971013953942,
            89.59321308155646,
            -59.0443722145734,
            48.88388149413815,
            43.92982518895854,
            -32.29993140562048
        ],
        [
            -0.6399903123435465,
            -66.9161679619744,
            53.101950930229634,
            -83.15292055579992,
            -3.4476447639147807,
            -92.8372262962939,
            37.20027123317446,
            23.685566692139208,
            -25.725089167647216,
            15.533985053973348,
            -85.7319532801436,
            -41.75798432874929,
            56.47826270369666,
            -11.595463492817457,
            -33.95803833295441,
            -87.88288197885188,
            31.37113426361459,
            -61.08637859451135,
            55.616636036611986,
            -69.97823373330593,
            11.244119731493763,
            -82.75698725814412,
            -20.970003223901017,
            -31.27855774772697,
            32.94921495863136,
            16.344475526394536,
            90.67258114185805,
            50.857296790414914,
            21.75354934133802,
            -53.647205911160775
        ],
        [
            -12.295327028152293,
            -12.18016651529986,
            61.69514325739312,
            14.11339633195707,
            3.4234045193838463,
            31.25690606895574,
            51.00708730540469,
            37.8457529549241,
            24.92318508715487,
            0.7843949153899594,
            14.161570155631408,
            -15.785926535225187,
            45.865596653467556,
            5.3353146809866745,
            -22.924802348820453,
            -55.2483181461922,
            37.54393865422894,
            -46.98089885489907,
            54.41217146107067,
            20.48517478195006,
            56.84685164759268,
            -38.19104746420557,
            -27.642509248696836,
            13.839607932995708,
            -46.795740227633985,
            -35.8925727110084,
            -32.87143677190694,
            18.85001318076099,
            49.56624683280716,
            30.610734450141152
        ]
    ]
}