nu,sampler,wasserstein_distance,swd_zscore,r_hat,ess,runtime
1,DEMetro,1.895137175811633,-0.4588800354195075,1.0535585599814197,68.14849986463139,3.5111305713653564
2,DEMetro,1.2916464921273012,16.554819980094372,1.03199428626661,182.11390142552003,5.0277862548828125
5,DEMetro,0.39572862669255104,6.042020727004806,1.0957514891676357,35.082079732342685,5.306808948516846
10,DEMetro,0.22642477695244972,1.314514467464288,1.0478777519737856,87.58743500048003,3.5157523155212402
