{
    "run_id": 1,
    "case": "unimodal",
    "dim": 20,
    "low": [
        -100.0,
        -100.0,
        -100.0,
        -100.0,
        -100.0,
        -100.0,
        -100.0,
        -100.0,
        -100.0,
        -100.0,
        -100.0,
        -100.0,
        -100.0,
        -100.0,
        -100.0,
        -100.0,
        -100.0,
        -100.0,
        -100.0,
        -100.0
    ],
    "high": [
        100.0,
        100.0,
        100.0,
        100.0,
        100.0,
        100.0,
        100.0,
        100.0,
        100.0,
        100.0,
        100.0,
        100.0,
        100.0,
        100.0,
        100.0,
        100.0,
        100.0,
        100.0,
        100.0,
        100.0
    ],
    "means_array": [
        [
            0.0,
            0.0,
            0.0,
            0.0,
            0.0,
            0.0,
            0.0,
            0.0,
            0.0,
            0.0,
            0.0,
            0.0,
            0.0,
            0.0,
            0.0,
            0.0,
            0.0,
            0.0,
            0.0,
            0.0
        ]
    ],
    "samples": [
        {
            "posterior": [
                52.62320709074763,
                91.01527521955953,
                -38.63671969848666,
                78.30268904136787,
                80.98200954589251,
                -56.47892665571015,
                -58.47653054925131,
                -74.66360837729351,
                -86.79657411545918,
                65.6173354431026,
                12.454129434860477,
                97.90909534187585,
                2.717130100061695,
                47.06259256733185,
                52.586244297208395,
                49.33823980965121,
                0.7266429431735446,
                7.885840675791684,
                -16.420048109799495,
                -57.96351606312646
            ]
        },
        {
            "posterior": [
                7.779328675692753,
                -86.74269938113206,
                -34.630943161988554,
                62.07182033034286,
                55.86103560663781,
                16.672796435095478,
                38.03451084651553,
                47.98122258944906,
                18.81351434568674,
                -29.637487073363474,
                -88.95342969321692,
                -51.53527253410446,
                20.29515364744563,
                25.127118634283946,
                74.75258135303534,
                28.826215455012317,
                0.7845330734647717,
                -44.022035411028185,
                -60.40880196699092,
                -11.317203779668546
            ]
        },
        {
            "posterior": [
                54.64804294238513,
                83.29499328828226,
                -87.75039321766806,
                -38.33461128923741,
                -15.535262329223045,
                38.735513965328806,
                -23.55008473161915,
                5.743735163326889,
                -34.60401464229702,
                -44.567759447352564,
                -51.13182385597801,
                11.963036675012148,
                -98.37128457932947,
                -49.64602691470523,
                64.2610821373544,
                -81.47400688650974,
                -22.09653355366335,
                55.51494827698133,
                28.076611010296233,
                -76.61173647001425
            ]
        },
        {
            "posterior": [
                -41.77436979222722,
                -81.80178874847495,
                -72.95919074723946,
                49.13854658251827,
                50.31985104533109,
                22.950103375663616,
                69.13331246318498,
                70.49734287280879,
                57.16539390329399,
                -26.04646664960542,
                11.425043421088048,
                -39.389230444176924,
                -25.079998369139417,
                49.62456186684264,
                -94.91813133573991,
                -31.650030102198784,
                3.4862477073335896,
                70.19533840599692,
                -84.11475764194385,
                38.06917996450261
            ]
        }
    ]
}