run_id,dimension_corr,sampler,wasserstein_distance,mmd_rff,r_hat,ess,runtime
27,2,HMC,0.01776362986654934,0.007782316739982808,1.0009235202864464,7713.01313380279,1.9392025470733643
27,5,HMC,0.019393668903627183,0.015026107209171552,1.0014171613766132,12150.395049305242,2.0981717109680176
27,10,HMC,0.022843076865296182,0.015616546196632044,1.0009896769670115,9401.056402928754,2.819654941558838
27,15,HMC,0.02071159860847061,0.015761809564239428,1.0015453293098944,11604.502883160574,2.6132619380950928
27,20,HMC,0.021854207119758277,0.016202661264079057,1.0021889894410836,13860.182096542218,3.0392353534698486
