{
    "sampler": "HMC",
    "value": 3,
    "means_array": [
        [
            0.0,
            0.0,
            0.0,
            0.0,
            0.0,
            0.0,
            0.0,
            0.0,
            0.0,
            0.0,
            0.0,
            0.0,
            0.0,
            0.0,
            0.0,
            0.0,
            0.0,
            0.0,
            0.0,
            0.0,
            0.0,
            0.0,
            0.0,
            0.0,
            0.0,
            0.0,
            0.0,
            0.0,
            0.0,
            0.0
        ],
        [
            13.0,
            0.0,
            0.0,
            0.0,
            0.0,
            0.0,
            0.0,
            0.0,
            0.0,
            0.0,
            0.0,
            0.0,
            0.0,
            0.0,
            0.0,
            0.0,
            0.0,
            0.0,
            0.0,
            0.0,
            0.0,
            0.0,
            0.0,
            0.0,
            0.0,
            0.0,
            0.0,
            0.0,
            0.0,
            0.0
        ]
    ],
    "case": "Posterior Samples",
    "dim": 30,
    "samples": [
        [
            -3.2838142649344944,
            -0.07360220160120598,
            0.7900775707465706,
            1.2213432943063647,
            1.1232874994070352,
            -3.0622169835034683,
            1.0119347371830312,
            -2.2166816473261357,
            -3.784089488498159,
            0.9965365288985008,
            0.5305965861631633,
            3.4940346451473094,
            -1.5757539810658987,
            1.9901027923310841,
            0.566531454582752,
            -0.1322105038390848,
            -2.543658881179418,
            0.4744863826331809,
            -1.6306364159911766,
            -1.1760921879980701,
            -2.543786900120246,
            2.7830522685120282,
            -1.342463212638573,
            3.0306245116161765,
            -1.7964480913647587,
            -3.7385197704996034,
            -0.5483362273858567,
            0.978177162646228,
            -0.4284406378543197,
            3.878190025320006
        ],
        [
            10.84293748427844,
            0.48299267784833755,
            2.6957015838042726,
            -1.9974847500118391,
            -0.7909165713990447,
            0.6161571756214143,
            -1.5668136202097267,
            2.9772157894516207,
            -0.47102753615973925,
            1.0100587644738181,
            -1.114238481978933,
            -1.6750638597310585,
            -1.0642883253220057,
            -0.6578771325740712,
            2.7551867492195306,
            -0.7280929985056106,
            -0.09459453688713103,
            -1.622106709861482,
            -0.1513803071458956,
            1.0421298228043678,
            2.121166547281072,
            1.1231355866985455,
            0.3743293000147203,
            0.3708202360011151,
            -0.17849355383002372,
            0.6934777714135482,
            0.9527852800634554,
            2.747335302669388,
            -1.3373523715028974,
            -0.7735517463067535
        ],
        [
            4.578530610244642,
            -1.0706216433321933,
            -0.10635856826729326,
            0.7621699372541358,
            -1.1013063306856452,
            -0.5864692939004157,
            2.9707992004680883,
            1.6452342056236107,
            -1.7326195190346791,
            1.297346467329396,
            -1.164192508304572,
            -3.686671902297672,
            4.223712175220403,
            -5.93957550413882,
            -2.025217324659493,
            -2.7424640554127633,
            -1.260164320195773,
            3.7145557843062744,
            -1.9375551013879047,
            1.7994081692858368,
            1.2487950347007981,
            -3.87979952503169,
            -2.0117939670698983,
            1.0789501846835674,
            3.5760270144378334,
            -1.8500908725765441,
            3.8429760989921387,
            0.3947850349474391,
            -1.0447945260917948,
            -3.3372324782128695
        ],
        [
            -0.08327565139310798,
            1.0340249617428359,
            -2.9069697320968144,
            -0.42154836681836816,
            0.7832483191489787,
            -0.16009549697707595,
            -0.6084483960515976,
            1.3219699444096555,
            0.5405446258400894,
            -1.2957756689004254,
            -0.631413821279828,
            -0.7527086530444866,
            -0.3186313096469523,
            -1.3284030893582803,
            0.13120360487991695,
            -0.5889755004770102,
            -0.65153235078278,
            -1.302367434992048,
            1.0317522635792176,
            -0.5155593849290333,
            -0.33097793333358777,
            -0.6632360241230084,
            -0.5434425423979206,
            0.3061698035205142,
            -0.21113968747090045,
            -2.383004981519897,
            0.6124521217422876,
            0.73552662922981,
            1.7002335960370751,
            -0.11597397880413263
        ]
    ]
}