{
    "sampler": "DEMetro_Z",
    "value": 20,
    "means_array": [
        [
            0.0,
            0.0,
            0.0,
            0.0,
            0.0,
            0.0,
            0.0,
            0.0,
            0.0,
            0.0,
            0.0,
            0.0,
            0.0,
            0.0,
            0.0,
            0.0,
            0.0,
            0.0,
            0.0,
            0.0
        ]
    ],
    "case": "Warmup Samples",
    "dim": 20,
    "samples": [
        [
            52.62186370718909,
            91.01469814192687,
            -38.63511397542712,
            78.30225867446764,
            80.98359024874463,
            -56.47812108592592,
            -58.47605921675789,
            -74.66544522140121,
            -86.79697334253608,
            65.61722072275673,
            12.453639778987279,
            97.91068140985111,
            2.71833687784536,
            47.06293095627931,
            52.58662638505135,
            49.3374459230384,
            0.7275791118480199,
            7.887064610805041,
            -16.418766234449198,
            -57.96203395007669
        ],
        [
            7.778992892802294,
            -86.74179090618266,
            -34.6308313951269,
            62.07265437462415,
            55.858853776024255,
            16.6718791254424,
            38.03477433502249,
            47.98069790148728,
            18.81425694911558,
            -29.63710285642304,
            -88.9540652347961,
            -51.53485725674189,
            20.29561483118484,
            25.128136705694395,
            74.75214219039032,
            28.825834854093056,
            0.7848770654171107,
            -44.02239597039338,
            -60.409587235827125,
            -11.317942653007018
        ],
        [
            54.64631904507947,
            83.295404675746,
            -87.75118463765506,
            -38.33379687627948,
            -15.536749241865055,
            38.734125516391494,
            -23.54829861004118,
            5.744254305152193,
            -34.60271314198831,
            -44.567941588995595,
            -51.13099786497452,
            11.961451813861123,
            -98.37192511965476,
            -49.646129003674645,
            64.26227871059838,
            -81.47245288050412,
            -22.095614141431422,
            55.515446036744684,
            28.078118289081388,
            -76.61002459372041
        ],
        [
            -41.77537488324811,
            -81.80251309971499,
            -72.95990986529806,
            49.138017129495815,
            50.31988945943352,
            22.951281880852864,
            69.1326437062572,
            70.49718045204531,
            57.164988696094724,
            -26.046087085242142,
            11.425535370483022,
            -39.38897569433417,
            -25.07798841040954,
            49.624577244607956,
            -94.91820708390382,
            -31.650586479517482,
            3.485603279503347,
            70.19271093874545,
            -84.11406499662431,
            38.069311734443524
        ]
    ]
}