{
    "sampler": "DEMetro",
    "value": 2,
    "means_array": [
        2
    ],
    "case": "Warmup Samples",
    "dim": 1,
    "samples": [
        1.4276456654567007,
        2.6564536103357357,
        1.4331653974041743,
        2.2784531257061764
    ]
}