{
    "sampler": "Metro",
    "value": 10,
    "means_array": [
        [
            -5.0,
            0.0
        ],
        [
            5.0,
            0.0
        ]
    ],
    "case": "Warmup Samples",
    "dim": 2,
    "samples": [
        [
            14.888757716162186,
            -16.678313255054682
        ],
        [
            12.164874939614583,
            16.115908989920037
        ],
        [
            28.126977488089796,
            1.0035371601887277
        ],
        [
            -9.663314644774289,
            -4.043813788896695
        ]
    ]
}