{
    "sampler": "Metro",
    "value": 10,
    "means_array": [
        [
            -5.0,
            0.0
        ],
        [
            5.0,
            0.0
        ]
    ],
    "case": "Posterior Samples",
    "dim": 2,
    "samples": [
        [
            7.069459067737196,
            2.02698208796248
        ],
        [
            -6.813556628529093,
            -1.6940944492928365
        ],
        [
            6.86886681255727,
            2.055700881954122
        ],
        [
            -6.216120722482575,
            -1.1367517086851109
        ]
    ]
}