run_id,dimension_corr,sampler,wasserstein_distance,mmd_rff,r_hat,ess,runtime
22,2,HMC,0.02406229671329697,0.014375682831996516,1.0035753960775722,2190.586334213091,2.5064666271209717
22,5,HMC,0.024050707427320565,0.013886790109201626,1.0025541211326356,1443.8191079787769,2.92146897315979
22,10,HMC,0.017099297802723627,0.01480534396110274,1.0056700078306204,569.5595479199754,3.0177218914031982
22,15,HMC,0.02229624190248864,0.019457842345802914,1.0104097880235063,515.3653273687167,3.189821481704712
22,20,HMC,0.04796037732872583,0.020464141840733634,1.0096715231966862,267.2621104283052,3.0688090324401855
