run_id,mu,sampler,wasserstein_distance,mmd_rff,r_hat,ess,runtime
13,"(5.0, 0.0)",SMC,0.03210684988195012,0.013706382010377488,1.0006122504275836,3966.068105978215,1.734827995300293
13,"(5.0, 10.0)",SMC,0.08112492760131101,0.018704337033177032,1.0006899548941515,3920.837150966577,3.484649896621704
13,"(5.0, 20.0)",SMC,0.09822625288983437,0.021123191119723297,1.0010952483228999,3481.505284833297,3.1419341564178467
13,"(5.0, 40.0)",SMC,0.15394104020011598,0.019626053727663077,1.002251852031683,2776.838582589932,2.9623947143554688
13,"(5.0, 5.0)",SMC,0.09581134079821788,0.020666443717776765,1.001186616624684,4038.427096779193,2.415757417678833
