{
    "sampler": "DEMetro_Z",
    "value": 15,
    "means_array": [
        [
            0.0,
            0.0
        ],
        [
            15.0,
            0.0
        ]
    ],
    "case": "Warmup Samples",
    "dim": 2,
    "samples": [
        [
            27.327734926051416,
            -23.812275881995586
        ],
        [
            -22.39492636677208,
            6.803469252287284
        ],
        [
            35.19238177824657,
            29.46503683689792
        ],
        [
            -9.449179155859577,
            -20.853608116078554
        ]
    ]
}