{
    "sampler": "DEMetro_Z",
    "value": 2,
    "means_array": [
        [
            0.0,
            0.0
        ]
    ],
    "case": "Warmup Samples",
    "dim": 2,
    "samples": [
        [
            -94.01487579570944,
            -23.654075057676994
        ],
        [
            90.61371316993895,
            -55.812956266437524
        ],
        [
            -64.3827261401077,
            -29.541242446933627
        ],
        [
            45.68330590856391,
            18.079819144813843
        ]
    ]
}