{
    "sampler": "Metro",
    "value": 0.95,
    "means_array": [
        [
            -1.2489996118654334,
            0.0
        ],
        [
            1.2489996118654334,
            0.0
        ]
    ],
    "case": "Warmup Samples",
    "dim": 2,
    "samples": [
        [
            8.759305880103277,
            -17.40450232851144
        ],
        [
            19.963726721349648,
            -20.528319796943165
        ],
        [
            -8.36123597905301,
            29.525212469646597
        ],
        [
            16.295135843550757,
            -5.357551557724555
        ]
    ]
}