{
    "sampler": "Metro",
    "value": 10,
    "means_array": [
        [
            0.0,
            0.0
        ],
        [
            16,
            0
        ]
    ],
    "case": "Posterior Samples",
    "dim": 2,
    "samples": [
        [
            0.6900853763169746,
            0.8244750986663651
        ],
        [
            14.807785260941873,
            -0.8367308799390928
        ],
        [
            -1.650934407933151,
            -1.130160539409527
        ],
        [
            15.846477630125758,
            -0.39682986573394374
        ]
    ]
}