{
    "run_id": 1,
    "case": "unimodal",
    "dim": 2,
    "low": [
        -97.27876101050381,
        -95.77385111971583
    ],
    "high": [
        99.51488973272069,
        96.09166041419826
    ],
    "means_array": [
        [
            0.0,
            0.0
        ]
    ],
    "samples": [
        {
            "posterior": [
                6.563793855817309,
                32.837949284893796
            ]
        }
    ]
}