dimension,ws_t_stat,ws_p_value,ws_paired_cohens_d
2,-8.21252812117039,4.693493189271541e-09,-1.499395635370181
5,-9.218362528601872,4.045248196640143e-10,-1.683035033391869
10,-19.60552600649985,2.8151147734058627e-18,-3.5794629485047147
15,-26.113501923852674,1.068716452817351e-21,-4.767651353049554
18,-32.1690243752512,3.073517859262886e-24,-5.8732334344195385
30,-43.68945850964256,5.116255306761792e-28,-7.976567316972423
