correlation,global_median_wasserstein_distance,global_median_mmd_rff,global_median_r_hat,global_median_ess,global_median_runtime,global_q25_wasserstein_distance,global_q25_mmd_rff,global_q25_r_hat,global_q25_ess,global_q25_runtime,global_q75_wasserstein_distance,global_q75_mmd_rff,global_q75_r_hat,global_q75_ess,global_q75_runtime,ws_mcmc_mean,ws_iid_mean,ws_iid_std,mmd_mcmc_mean,mmd_iid_mean,mmd_iid_std,ws_dist_glass_delta,mmd_rff_glass_delta
0.0,0.2067283014447422,0.04349542432865328,,,1.0012226104736328,0.1940629291118795,0.037792439111541454,,,0.9884600639343262,0.22425730863470872,0.0499403952954256,,,1.0830707550048828,0.20997072468281142,0.09465277260657519,0.014702608814361999,0.04399008149509361,0.01847846334941443,0.0016559596112165423,7.8433666794963495,15.40594225419375
0.5,0.22318434085729852,0.04768909713195753,,,0.9854097366333008,0.1973107402734829,0.038321548609100545,,,0.9827172756195068,0.366910671211082,0.05608807012935038,,,2.1303824186325073,0.30175282737061043,0.14339437885678719,0.04674552102683818,0.04704338011498144,0.018113434222942856,0.0030218192320795286,3.387671054578776,9.573685144670229
0.99,1.2467628449284005,0.23914794407822268,,,1.1138148307800293,0.9399291872568205,0.21027586287186895,,,1.0354615449905396,1.26490752232399,0.2607271750788704,,,1.2230228185653687,1.0543035247444068,0.10602547391131445,0.024943352120853166,0.23428604394108532,0.016735348335960763,0.0056316258253655115,38.01726593276579,38.63017578782496
