{
    "sampler": "HMC",
    "value": 2,
    "means_array": [
        [
            0.0,
            0.0
        ]
    ],
    "case": "Warmup Samples",
    "dim": 2,
    "samples": [
        [
            41.54402217475693,
            90.54531065789283
        ],
        [
            25.423876644480735,
            -161.20895907740876
        ],
        [
            4.911156200629153,
            -123.59941725909567
        ],
        [
            -89.04702080532839,
            -7.2020995672721195
        ]
    ]
}