run_id,alpha,sampler,wasserstein_distance,mmd_rff,r_hat,ess,runtime
40,0,SMC,0.09039824551871584,0.04261759610316662,1.0074096527104743,333.4128221664104,0.735069990158081
40,2,SMC,0.0932027766423204,0.05853633967023266,1.0414458210092272,146.238399605252,0.7752549648284912
40,4,SMC,0.08718705282098844,0.06163973836399718,1.0538424892593437,149.7766233309705,1.532318353652954
40,6,SMC,0.08434121951267194,0.05867749234940889,1.0530528998274302,135.82810599499837,0.7828292846679688
40,8,SMC,0.10812430706903918,0.07771041661168954,1.0533780341182475,138.80270665142365,0.766977071762085
40,10,SMC,0.0763678258701502,0.052601088984070364,1.0611216427923582,123.02379276113248,0.7688007354736328
40,80,SMC,0.1055579994544047,0.07802165072957801,1.0756734910444279,86.76459072848125,0.8006563186645508
40,100,SMC,0.09681263775965313,0.0692307276688599,1.0802251281189064,83.39275001794309,2.4497628211975098
