run_id,dimension_corr,sampler,wasserstein_distance,mmd_rff,r_hat,ess,runtime
18,2,SMC,0.020324281711464037,0.01036460848462528,1.000536254461973,8004.395641235921,2.0466954708099365
18,5,SMC,0.019802113479936264,0.014209073163279216,1.0007099206985182,7591.648758553829,4.563687086105347
18,10,SMC,0.021850832872109677,0.015477956024041678,1.0005920359513296,7681.591108928284,3.727355480194092
18,15,SMC,0.021441942154521366,0.01571824124859406,1.0008985572112086,7479.841900678324,5.319801092147827
18,20,SMC,0.020739753971717737,0.01653710117131994,1.0003542265950527,7247.921206168914,6.2945287227630615
