run_id,mu,sampler,wasserstein_distance,mmd_rff,r_hat,ess,runtime
12,"(0, 0, 0, 0, 0)",SMC,0.052438671155071025,0.02178668767070558,1.001741445215385,3610.7275854125514,1.872851848602295
