mm,mean_rmse_t_stat,mean_rmse_p_value,mean_rmse_paired_cohens_d
5,4.73961661714637,0.0006098178445946505,1.3682094648825402
8,3.3186045549379304,0.0068482187173523465,0.9579986165636662
10,3.4450880542198763,0.005475291588641477,0.9945112577429048
12,4.658270464684723,0.0006956678231623913,1.344726853371904
15,9.295776906876853,1.5259568926097422e-06,2.683459649756029
18,3.07650650552498,0.010536810039176647,0.8881109295642411
