mm,ws_t_stat,ws_p_value,ws_paired_cohens_d
5,-0.05253136250036813,0.9590471603697666,-0.015164498140242675
8,1.5548298993975427,0.14826959504735834,0.448840730480625
10,1.3322025092142449,0.20973549978285472,0.38457373865496963
12,-0.6133977540855058,0.5520858616520636,-0.17707267922078931
15,0.42113777267465224,0.6817655974898174,0.12157200320981496
18,0.7647177670442642,0.4605307952181744,0.22075500432854775
