{
    "sampler": "DEMetro",
    "value": [
        -10,
        20,
        -30
    ],
    "means_array": [
        [
            -10,
            20,
            -30
        ]
    ],
    "case": "Warmup Samples",
    "dim": 3,
    "samples": [
        [
            -9.638121145255218,
            19.574689805622853,
            -30.865666947277525
        ],
        [
            -9.640213587538495,
            19.709256320885647,
            -29.85849329234574
        ],
        [
            -9.878130214938386,
            20.33952252139009,
            -29.550615403213484
        ],
        [
            -9.757185279850091,
            20.309367913130544,
            -29.545184727603175
        ],
        [
            -10.270757749736225,
            19.690191430053574,
            -29.70215143538895
        ]
    ]
}