nu,global_median_wasserstein_distance,global_median_r_hat,global_median_ess,global_median_runtime,global_median_mmd_rff,global_q25_wasserstein_distance,global_q25_r_hat,global_q25_ess,global_q25_runtime,global_q25_mmd_rff,global_q75_wasserstein_distance,global_q75_r_hat,global_q75_ess,global_q75_runtime,global_q75_mmd_rff,ws_mcmc_mean,ws_iid_mean,ws_iid_std,mmd_rff_mcmc_mean,mmd_rff_iid_mean,mmd_rff_iid_std,ws_dist_glass_delta,mmd_rff_glass_delta
2.1,0.19382677488579497,,,0.38077354431152344,0.02830282075356007,0.16961431614738795,,,0.3787972927093506,0.021665403462786254,0.2483894135472809,,,0.382244348526001,0.03191250995075133,0.2055148239824816,0.1286051730447232,0.030839180118281424,0.029034646774217365,0.01414602551822724,0.0042651968354733135,2.493894151620668,3.490723131969575
3.0,0.11609513600734653,,,0.3788931369781494,0.02878382232853083,0.08551846807182245,,,0.37794995307922363,0.02058281781613563,0.16091137712551545,,,0.38056516647338867,0.039148757050790135,0.13243601678814632,0.06645233644097448,0.018825041333971258,0.03068797249230658,0.014470700849904079,0.004951279554790475,3.5051014856524714,3.2753698236876807
4.0,0.08711405900062105,,,0.37949204444885254,0.02685273954422119,0.06892309317081977,,,0.3779752254486084,0.02201650635193631,0.10329794142711038,,,0.38030552864074707,0.0349426289009779,0.09076012711959562,0.04924469191123064,0.012766612232957187,0.027370324430268007,0.015029895856319172,0.005132627355616079,3.2518756308108356,2.4043102526128335
5.0,0.06082286985403372,,,0.3790855407714844,0.023268810489553517,0.049633504614931725,,,0.3781769275665283,0.014809539732670818,0.09152497384640193,,,0.38004398345947266,0.03267615792367613,0.07122173793965728,0.040262234921922595,0.009847038109762755,0.024252602345475504,0.012576773802792578,0.004023166271900354,3.144042165028301,2.902149141643061
30.0,0.04486161109930669,,,0.37998247146606445,0.02264755248575581,0.032980338617836225,,,0.3792414665222168,0.014218489328577617,0.05551550168154706,,,0.380950927734375,0.027205169446219528,0.045598400476368275,0.03109773693104168,0.008820716627318715,0.021480879482610918,0.013753259058683827,0.004418643809884663,1.6439325916464056,1.748867018119933
