mode_means,global_avg_ws,global_avg_ws_std,global_avg_rhat,global_avg_rhat_std,global_avg_ess,global_avg_ess_std,global_avg_time,global_avg_time_std
3,1.3762528076604896,0.009605605189248908,1.1481449455363841,0.021129829873555078,25.870676134140854,2.7794239947447372,1.6026852130889893,0.05538702808950033
10,4.861282968931224,0.009605605189248908,1.1481449455363841,0.021129829873555078,25.870676134140854,2.7794239947447372,1.4822893142700195,0.12132695269655235
20,10.86697420586285,0.009605605189248908,1.1481449455363841,0.021129829873555078,25.870676134140854,2.7794239947447372,1.1070119142532349,1.8190770321057133
