mode_means,global_avg_ws,global_avg_ws_std,global_avg_rhat,global_avg_rhat_std,global_avg_ess,global_avg_ess_std,global_avg_time,global_avg_time_std
3,1.7731066253253989,1.3059493898581263,1.4008339989771184,0.05093916244062191,13.983954673056468,1.2059200975105255,1.9635947942733765,0.008492927149733077
10,4.810551492987435,0.17609094666897723,1.2024430114794353,0.10635974953926201,22.240353430546968,8.685622457177843,3.9228211641311646,0.9666310585141988
20,11.170024602487668,0.9219420772169656,1.3615043718401836,0.21891030207227888,18.85615459251669,8.21915084681349,1.9793490171432495,0.10487872359669068
