run_id,dimension_corr,sampler,wasserstein_distance,mmd_rff,r_hat,ess,runtime
55,2,HMC,0.03920816579772011,0.022540851070868156,1.0004735205306268,4061.7030732515495,1.8702471256256104
55,5,HMC,0.02699203038202708,0.020568568419603615,1.0006321090409054,5691.981409758828,1.7391672134399414
55,10,HMC,0.02892010088559229,0.024146569876993818,1.0032162088051828,4909.476000619554,2.202406883239746
55,15,HMC,0.03213958001324231,0.023754443843863115,1.0019949622161037,6134.69428587078,2.0266263484954834
55,20,HMC,0.030057432233089352,0.02336645438079323,1.0077602671807666,8033.520118226952,2.067748785018921
