{
    "sampler": "Metro",
    "value": [
        3,
        3
    ],
    "means_array": [
        [
            0,
            0
        ],
        [
            3,
            3
        ]
    ],
    "case": "Posterior Samples",
    "dim": 2,
    "samples": [
        [
            -0.13717077879335615,
            1.3883494575305024
        ],
        [
            1.3769588664956893,
            0.9278082429702117
        ],
        [
            3.497373835699874,
            1.387771526089583
        ],
        [
            1.4628252380081377,
            0.28853634066338896
        ]
    ]
}