{
    "run_id": 1,
    "case": "unimodal",
    "dim": 30,
    "low": [
        -196.55546351635138,
        -155.68869714325564,
        -142.4491595710017,
        -102.17452648131417,
        -160.3583376090795,
        -195.0892954682263,
        -207.3313156843748,
        -228.6097314821576,
        -202.270258612038,
        -120.16812309455284,
        -187.85543611547536,
        -171.650097057759,
        -167.7953342848421,
        -134.44856301254663,
        -145.67601093069965,
        -135.23396763159715,
        -143.21623815237766,
        -201.30390704099065,
        -214.43914984109236,
        -172.16181812836828,
        -151.65409640189011,
        -210.4507345177418,
        -168.7034779000781,
        -177.38136841743193,
        -161.75747006083293,
        -166.7557100904716,
        -157.37295307003316,
        -186.5635833891565,
        -175.00426612921262,
        -255.36419954939353
    ],
    "high": [
        293.4159871073092,
        189.69138912350422,
        205.76133012324235,
        135.07826660569447,
        235.9807039845623,
        280.05854218540094,
        264.318045188442,
        363.2660824723705,
        312.12151018532904,
        134.26255562697534,
        281.0890389021989,
        242.48287084574258,
        230.26051287435666,
        193.4302596972312,
        189.13620181112267,
        173.75828973146648,
        185.55785518035083,
        308.2367409379022,
        347.4475788926721,
        238.36006574529657,
        211.7407808354468,
        335.29386643635166,
        251.10369408679634,
        273.60136366635334,
        225.99231028779056,
        229.92292907485808,
        221.81419421699735,
        278.0317749202229,
        248.22616020609965,
        408.98711447947636
    ],
    "means_array": [
        [
            0.0,
            0.0,
            0.0,
            0.0,
            0.0,
            0.0,
            0.0,
            0.0,
            0.0,
            0.0,
            0.0,
            0.0,
            0.0,
            0.0,
            0.0,
            0.0,
            0.0,
            0.0,
            0.0,
            0.0,
            0.0,
            0.0,
            0.0,
            0.0,
            0.0,
            0.0,
            0.0,
            0.0,
            0.0,
            0.0
        ]
    ],
    "samples": [
        {
            "posterior": [
                132.3914459651495,
                43.80732607667039,
                118.71697761838516,
                127.56980367350569,
                -96.95198383601334,
                -36.83774689043199,
                220.57864622580402,
                -194.29584902808767,
                237.66402291684284,
                132.93036412669116,
                83.24836094831505,
                72.507565194867,
                44.19667161118153,
                102.74512076241155,
                65.42009947626715,
                100.2059276891413,
                37.04780409339091,
                -54.86247936357705,
                188.75963586577112,
                125.67276478579879,
                -112.44730500421315,
                217.65764754927176,
                116.84850510182719,
                171.49293616298695,
                6.515552918030096,
                -75.0512636019867,
                166.02672297435262,
                -73.58387967761944,
                24.404084339521518,
                104.450905312662
            ]
        },
        {
            "posterior": [
                259.4392599508449,
                76.00647601897313,
                66.71126487454703,
                -46.484335418581594,
                35.34030452514378,
                -168.79597970427366,
                -55.855881083284345,
                44.19075752277405,
                154.32321113263606,
                -49.337791583711336,
                -21.924488042868745,
                176.08677795786986,
                121.23011306247253,
                -129.54698642889934,
                95.56130389259411,
                38.16976678962823,
                -127.9317286545487,
                242.93051216983676,
                -4.16452729720109,
                -34.08043334909061,
                149.31547785798165,
                -140.31312123078652,
                94.58573969462964,
                182.24474231246313,
                -124.34376915740287,
                -11.735022759629885,
                126.35987026120759,
                176.95297805526482,
                -144.9231069322201,
                -78.9947277940093
            ]
        },
        {
            "posterior": [
                211.0246159952938,
                147.77352778750793,
                175.1547675862784,
                107.05309604276597,
                168.28807147919377,
                -183.33978175147362,
                53.36298092975275,
                -167.49281256453722,
                164.3438164726225,
                102.04958435201988,
                -82.55222081948489,
                123.61479692860598,
                122.260303454503,
                133.64645164982812,
                -135.90036531715202,
                148.79017297794238,
                -131.19714304473942,
                -160.02465483181672,
                248.76505000964661,
                -21.382012690491308,
                200.8439528384714,
                137.87362897922952,
                19.132967393457648,
                186.8969561353407,
                -88.98939366278934,
                -100.33750043565185,
                -34.68081464336984,
                234.35006952237146,
                -64.89430388181599,
                -42.39745185800015
            ]
        },
        {
            "posterior": [
                -186.8557890715005,
                -115.02340338444847,
                -11.065228633098542,
                -95.07313652631358,
                105.41846646148701,
                178.82997969189407,
                23.223272590619104,
                -144.98310549492575,
                255.88689763734794,
                -25.839566943672224,
                194.87711792221342,
                77.53280275420866,
                53.52106709807319,
                -27.87893410948122,
                -70.51917983468027,
                116.70941713828398,
                43.81832467207974,
                -13.48637991185339,
                -67.18732326994211,
                -46.08588097164139,
                61.33800287557344,
                13.799708533618372,
                49.66795783626978,
                54.13054012717268,
                156.6763110303886,
                -163.059412959365,
                144.1644182135798,
                -151.74721357563317,
                216.38923072017496,
                199.55646465101015
            ]
        }
    ]
}