{
    "sampler": "DEMetro_Z",
    "value": [
        0.0,
        0.0,
        -5.163978,
        0.0,
        0.0
    ],
    "means_array": [
        [
            0.0,
            0.0,
            -5.163978,
            0.0,
            0.0
        ],
        [
            0.688077,
            -0.084829,
            1.032796,
            -4.990158,
            0.466562
        ],
        [
            4.394785,
            0.327205,
            1.032796,
            1.714687,
            -1.799625
        ],
        [
            -2.468947,
            4.239863,
            1.032796,
            0.780392,
            -0.958567
        ],
        [
            -2.468947,
            -3.631096,
            1.032796,
            0.780392,
            -2.38965
        ],
        [
            -0.144968,
            -0.851142,
            1.032796,
            1.714687,
            4.681281
        ]
    ],
    "case": "Warmup Samples",
    "dim": 5,
    "samples": [
        [
            -0.9198272529218254,
            8.914632058650362,
            -14.5470220122887,
            1.2658523384584262,
            14.185072873643742
        ],
        [
            3.897376785968869,
            14.203754349024997,
            7.975563218571752,
            1.5835808389138,
            8.14309681301698
        ],
        [
            -0.22067517564599634,
            -10.951338084227043,
            9.199488877769483,
            -0.8347387862629851,
            -6.217965584007634
        ],
        [
            12.883985286926679,
            -1.9646935858856018,
            -4.305559438203293,
            -5.121804782036283,
            14.537281430188559
        ]
    ]
}