{
    "sampler": "Metro",
    "value": 15,
    "means_array": [
        [
            0.0,
            0.0,
            0.0,
            0.0,
            0.0,
            0.0,
            0.0,
            0.0,
            0.0,
            0.0,
            0.0,
            0.0,
            0.0,
            0.0,
            0.0
        ]
    ],
    "case": "Warmup Samples",
    "dim": 15,
    "samples": [
        [
            6.797095491224338,
            19.494603042378934,
            -15.197489279688305,
            1.597852592546628,
            -10.149552134280853,
            9.800761957681292,
            -22.47121897605458,
            -25.292522299666576,
            21.579307639165155,
            2.943742501571691,
            -23.547290608626547,
            -1.297474955904928,
            -24.134152566907048,
            -16.358277232923644,
            29.970783534195267
        ],
        [
            27.051175922810337,
            -8.367477076937863,
            13.612134434982451,
            -22.43126872681449,
            16.734439846922076,
            -0.7589666829771282,
            -15.540266086008973,
            -2.6950526548858207,
            1.8506421511740365,
            -0.07260239890471776,
            10.683095636322534,
            -28.893283295494133,
            -12.56481949387096,
            -10.277460239213585,
            27.732849488411073
        ],
        [
            -4.634867691275357,
            -0.057412668625818064,
            -20.913098060412107,
            17.71044393765846,
            -20.19643572870472,
            -28.466389981882802,
            -9.214872236642716,
            -9.743028609741025,
            -19.180458267061283,
            23.956741252102585,
            -10.440788618539186,
            -13.511646720822405,
            1.8827686675150055,
            4.6792694050073464,
            13.591661322287614
        ],
        [
            -1.9600587506858822,
            -25.83244334253291,
            -8.318111216980974,
            -6.323078855490238,
            4.1511028209084095,
            14.899639873252571,
            24.433571071393033,
            -25.58939687067348,
            -4.200294193415935,
            24.52509596080184,
            -10.252869102943132,
            13.107900323760521,
            -25.947836217485897,
            9.877760117088322,
            -13.018913202604235
        ]
    ]
}