{
    "sampler": "HMC",
    "value": [
        -8,
        0
    ],
    "means_array": [
        [
            -8,
            0
        ],
        [
            0,
            0
        ],
        [
            8,
            0
        ]
    ],
    "case": "Warmup Samples",
    "dim": 2,
    "samples": [
        [
            3.2621669079832887,
            6.78045665704084
        ],
        [
            -0.6626280718400985,
            -6.560245849279181
        ],
        [
            -1.4666632084812972,
            -3.2182250460837185
        ],
        [
            -0.5207302451077082,
            -2.4809513566192756
        ]
    ]
}