run_id,mu,sampler,wasserstein_distance,mmd_rff,r_hat,ess,runtime
52,"(0, 0, 0, 0, 0)",Metro,0.03864850474290961,0.031003287711633926,1.004289253470444,768.4441569283892,1.2982444763183594
