{
    "sampler": "DEMetro_Z",
    "value": 14,
    "means_array": [
        0,
        14
    ],
    "case": "Warmup Samples",
    "dim": 1,
    "samples": [
        -2.357889331682207,
        17.384599550990647,
        -0.502073904144479,
        13.08745707740683
    ]
}