{
    "sampler": "DEMetro_Z",
    "value": 30,
    "means_array": [
        [
            0.0,
            0.0,
            0.0,
            0.0,
            0.0,
            0.0,
            0.0,
            0.0,
            0.0,
            0.0,
            0.0,
            0.0,
            0.0,
            0.0,
            0.0,
            0.0,
            0.0,
            0.0,
            0.0,
            0.0,
            0.0,
            0.0,
            0.0,
            0.0,
            0.0,
            0.0,
            0.0,
            0.0,
            0.0,
            0.0
        ]
    ],
    "case": "Warmup Samples",
    "dim": 30,
    "samples": [
        [
            92.37411718734802,
            -68.5383260339551,
            -36.73348328667738,
            -70.61885081695544,
            61.94070412172059,
            -88.12654349433922,
            -12.44855829228929,
            -95.77812144708119,
            -55.54420282446558,
            44.21664769475631,
            3.0034789894220046,
            -3.519915617967298,
            -3.1720908943239388,
            -37.76401515422117,
            65.47739756445573,
            -15.99264941520774,
            92.32045513127242,
            91.42719909812519,
            8.568183045529805,
            1.849649271538981,
            61.551773902873975,
            61.1807111851306,
            69.23425258493931,
            -56.207150803367746,
            -96.05827293602538,
            19.63309311609873,
            17.551332587235162,
            -62.44165216127393,
            76.15274679788781,
            -32.86685227992786
        ],
        [
            -23.523057471331633,
            3.18177013836368,
            43.533857675599954,
            -32.635559645195684,
            -47.864766609448125,
            69.10785572642672,
            -98.15894123216844,
            70.84101793991026,
            -29.132018934982213,
            71.31877398592256,
            69.8403829087301,
            -13.33468680969257,
            95.87361619441128,
            5.353164823685959,
            -15.778441337635082,
            80.48199239169563,
            74.37775042405323,
            21.445166546943984,
            90.95420096720893,
            -32.41141617520203,
            49.342088260559564,
            -93.31235830681375,
            29.50439263713802,
            -15.88392287509904,
            -93.66598440214118,
            58.85192890942276,
            -48.38007561561051,
            87.26242710653983,
            -53.58566773823393,
            52.964311284241745
        ],
        [
            -8.594307914948985,
            -74.99507310563286,
            -60.33238114658484,
            -6.31313463486784,
            30.07007510209408,
            98.73032415811684,
            83.19156482098676,
            9.77371506192733,
            -36.833440442449586,
            42.37378621540331,
            43.935961395882394,
            -17.023347258362058,
            13.773051904351243,
            -96.129656458071,
            -31.764093807261933,
            -18.349405108775173,
            -22.77407824037095,
            -87.0382185774639,
            -39.871625029059935,
            62.0064159855732,
            58.34190148542529,
            -93.54333162478402,
            -19.713916805856233,
            66.64412564813016,
            -52.55856350282916,
            19.417897290581745,
            16.608505948114416,
            76.58806908730429,
            -81.94735731554228,
            57.672795739693825
        ],
        [
            43.81383024795375,
            -95.22222991528062,
            53.42731035422554,
            61.15543660021032,
            -82.77386440008738,
            -71.40684450011724,
            -30.747583545167792,
            -55.276161547073684,
            12.496093881445388,
            -29.2303928084603,
            -10.513915248921352,
            99.58864775262558,
            -20.71155561604286,
            93.5161108338103,
            -37.84128593585637,
            -87.08802956962876,
            -84.77907624652588,
            -20.69489739055953,
            41.20329395033939,
            -62.737028784182364,
            92.76909572575211,
            42.959222177200566,
            60.42297179703339,
            -61.42622864558646,
            -52.58916333550104,
            30.917432655579937,
            16.866782004121703,
            -38.65831081429895,
            -42.37696272933387,
            26.924190442387633
        ]
    ]
}