{
    "run_id": 1,
    "case": "multimodal",
    "dim": 2,
    "means_array": [
        [
            0.0,
            0.0
        ],
        [
            12.0,
            0.0
        ]
    ],
    "min_mode": [
        0.0,
        0.0
    ],
    "max_mode": [
        12.0,
        0.0
    ],
    "border": [
        75.99798400172253,
        59.775403563309595
    ],
    "low": [
        -104.91350805148653,
        -95.87732694530001
    ],
    "high": [
        123.08044395368105,
        83.44888374462877
    ],
    "samples": [
        {
            "posterior": [
                -7.12283812938071,
                1.909180515945522
            ]
        }
    ]
}