correlation,mmd_rff_t_stat,mmd_rff_p_value,mmd_rff_paired_cohens_d
0.0,-3.447127556615591,0.005455625314467008,-0.9951000113714943
0.3,-5.749874031336717,0.00012839447258498535,-1.6598456598993463
0.5,-1.9904753271734674,0.07196822254237113,-0.5746007329794549
0.9,-2.7873510048349583,0.017670059636329026,-0.8046389264837186
0.99,-1.1182868719370647,0.2872718587384859,-0.32282161327204445
