correlation,ws_t_stat,ws_p_value,ws_paired_cohens_d
0.0,-6.065771728497862,8.124012604742937e-05,-1.7510374701455311
0.3,-2.9569887257995124,0.013045341504040239,-0.8536091184155186
0.5,-1.1995737454048419,0.255505244526689,-0.34628711241114657
0.9,-1.5839574566568746,0.14151009875095777,-0.4572491319928808
0.99,-5.198227797779834,0.00029528844511515605,-1.5005991091785915
