correlation,mean_rmse_t_stat,mean_rmse_p_value,mean_rmse_paired_cohens_d
0.0,-2.100360576325728,0.05956312391580677,-0.6063218720684682
0.3,-0.5851308415032558,0.570267858234832,-0.1689127244265285
0.5,1.980754839362722,0.07317481973832632,0.5717946698523607
0.9,0.17361515149437914,0.8653216259065776,0.05011837722533873
0.99,3.4766372832235852,0.00517903865306066,1.003618735671913
