correlation,mean_rmse_t_stat,mean_rmse_p_value,mean_rmse_paired_cohens_d
0.0,-1.6113118436510783,0.13540937114525678,-0.46514566334019114
0.3,0.8021037073354303,0.4394779920718287,0.23154739567405377
0.5,1.8812903907987806,0.0866478517016056,0.5430817567757661
0.9,2.083030782820524,0.061375808598058225,0.6013191915958532
0.99,0.6660509552606145,0.5191024277650933,0.19227234915686162
