correlation,ws_t_stat,ws_p_value,ws_paired_cohens_d
0.0,-5.79619790113509,0.00011995571082991655,-1.6732182092483443
0.3,-3.562343747067929,0.004454495911132936,-1.0283600606578245
0.5,-2.1156431196023817,0.05800665122367977,-0.6107335623058073
0.9,-5.892817212375053,0.00010419738875648714,-1.7011098019249984
0.99,-0.9995491516080436,0.339009375917402,-0.28854498587458305
