correlation,mmd_rff_t_stat,mmd_rff_p_value,mmd_rff_paired_cohens_d
0.0,3.8093452374389876,0.0028960436900656774,1.0996632491358092
0.3,5.621394302951824,0.00015528116503449915,1.6227567570151322
0.5,8.60500090141522,3.2447162760867194e-06,2.484049793404525
0.9,2.791087565703895,0.0175523602750856,0.8057175786954806
0.99,1.0619839016276762,0.31100264149620016,0.30656834573989394
