{
    "run_id": 1,
    "case": "unimodal",
    "dim": 3,
    "low": [
        -121.33699318680064,
        -208.06596221870825,
        -199.76376494727631
    ],
    "high": [
        116.53952056416907,
        198.92619096621797,
        192.53323758355643
    ],
    "means_array": [
        [
            0.0,
            0.0,
            0.0
        ]
    ],
    "samples": [
        {
            "posterior": [
                86.84171092356775,
                -102.27423367851402,
                81.58538328722634
            ]
        },
        {
            "posterior": [
                -40.28226738020052,
                166.11784713369804,
                -68.25333733471928
            ]
        },
        {
            "posterior": [
                -98.88665761242105,
                -107.31986747002487,
                88.82541639455158
            ]
        },
        {
            "posterior": [
                -93.07348615340553,
                -171.80822936955806,
                -192.77230264497962
            ]
        }
    ]
}