{
    "run_id": 1,
    "case": "multimodal",
    "dim": 1,
    "means_array": [
        [
            0
        ],
        [
            16
        ]
    ],
    "min_mode": [
        0
    ],
    "max_mode": [
        16
    ],
    "border": [
        11.37445685813304
    ],
    "low": [
        -3.213004850749995
    ],
    "high": [
        19.535908865516085
    ],
    "samples": [
        {
            "posterior": 18.133765775381498
        },
        {
            "posterior": 10.786597116317514
        },
        {
            "posterior": 2.3805186722279106
        },
        {
            "posterior": 3.8621391816895057
        }
    ]
}