{
    "sampler": "HMC",
    "value": 2.1,
    "means_array": [
        [
            0.0,
            0.0
        ]
    ],
    "case": "Warmup Samples",
    "dim": 2,
    "samples": [
        [
            38.86362195003473,
            121.40912342077962
        ],
        [
            32.82118045676116,
            24.55060662609523
        ],
        [
            58.48107868798663,
            145.33524873829901
        ],
        [
            118.01889717717677,
            -23.826875753926505
        ]
    ]
}