run_id,mu,sampler,wasserstein_distance,mmd_rff,r_hat,ess,runtime
65,"(0, 0, 0, 0, 0)",SMC,0.03322292886295517,0.02328013878261386,1.00037792837781,3730.802972203551,1.971029281616211
