{
    "sampler": "Metro",
    "value": [
        10.0,
        0.0
    ],
    "means_array": [
        [
            10.0,
            0.0
        ],
        [
            8.09,
            5.88
        ],
        [
            3.09,
            9.51
        ],
        [
            -3.09,
            9.51
        ],
        [
            -8.09,
            5.88
        ],
        [
            -10.0,
            0.0
        ],
        [
            -8.09,
            -5.88
        ],
        [
            -3.09,
            -9.51
        ],
        [
            3.09,
            -9.51
        ],
        [
            8.09,
            -5.88
        ]
    ],
    "case": "Warmup Samples",
    "dim": 2,
    "samples": [
        [
            -12.626121070571855,
            3.527106336261458
        ],
        [
            8.35667720469353,
            4.315778360803084
        ],
        [
            -8.477539612055864,
            -11.19892085325043
        ],
        [
            -4.793147596017933,
            5.2567344400053875
        ]
    ]
}