run_id,mu,sampler,wasserstein_distance,mmd_rff,r_hat,ess,runtime
26,"(10.0, 0.0)",Metro,0.9818288452617139,0.12051058875353397,2.2497494474918347,5.125223265979507,5.6798810958862305
