run_id,mu,sampler,wasserstein_distance,mmd_rff,r_hat,ess,runtime
35,"(5.0, 0.0)",HMC,0.27459527140401724,0.04123603827117495,1.040907633089908,101.72518949177442,3.5589826107025146
35,"(5.0, 10.0)",HMC,1.2325375586165044,0.13328424861890104,2.0977161072156623,5.268829697285947,3.307727336883545
35,"(5.0, 20.0)",HMC,1.693342120223882,0.10326452572655273,2.406334089381214,4.8953945347602295,2.955155849456787
35,"(5.0, 40.0)",HMC,4.0648509648938385,0.11646834324459092,2.4076316067360226,4.904401423505679,3.248748540878296
35,"(5.0, 5.0)",HMC,1.6504627747927845,0.20222803295861685,1.474826049920407,7.603770497373124,3.4303314685821533
