run_id,dimension_corr,sampler,wasserstein_distance,mmd_rff,r_hat,ess,runtime
59,2,Metro,0.0630097145007427,0.052725993802680664,1.0346892257946674,96.23917253885332,1.1636104583740234
59,5,Metro,0.1292484690963168,0.0997078912679864,1.2422666165821366,13.20406297246627,1.3425297737121582
59,10,Metro,0.12102763367626652,0.06966339853467285,1.5030872781276783,7.648640854650543,1.6340291500091553
59,15,Metro,0.6366207260013595,0.10217502172906932,1.3744718913627323,9.082591894556096,1.9024066925048828
59,20,Metro,0.07742858677668518,0.05597061967827666,1.6424329168102987,6.6385921169494475,2.277341604232788
