{
    "sampler": "Metro",
    "value": 4,
    "means_array": [
        [
            0.0,
            0.0,
            0.0,
            0.0,
            0.0,
            0.0,
            0.0,
            0.0,
            0.0,
            0.0,
            0.0,
            0.0,
            0.0,
            0.0,
            0.0,
            0.0,
            0.0,
            0.0,
            0.0,
            0.0,
            0.0,
            0.0,
            0.0,
            0.0,
            0.0,
            0.0,
            0.0,
            0.0,
            0.0,
            0.0
        ]
    ],
    "case": "Warmup Samples",
    "dim": 30,
    "samples": [
        [
            -0.883005933252587,
            -7.7659156622327545,
            2.59937020552647,
            -1.9997985078593166,
            -11.48275021848498,
            5.126796124767993,
            -4.566518337664526,
            -4.288286252844954,
            4.74441753114064,
            5.960035261721315,
            2.5064534229130357,
            3.9478728901151414,
            4.9362172232424415,
            -16.260841579844225,
            -3.2515113996255827,
            9.440816806770993,
            -14.334887125663498,
            1.4968214778908626,
            5.872941908176278,
            10.49488797544904,
            8.006825693419248,
            0.6747853578113279,
            10.328546915000985,
            -4.009240066925546,
            -7.514352376221109,
            -1.4460642756360242,
            -2.0328924421065047,
            3.646693589742656,
            7.936378094764081,
            -0.08020689612687182
        ],
        [
            7.981342726596264,
            1.5543962264657885,
            -8.129752584366667,
            2.7750782919705803,
            1.8691437733392733,
            -14.35650794737544,
            -22.59530303308346,
            -7.541674865678998,
            -8.212849404670918,
            -6.679144182481188,
            3.251087199496552,
            -8.31886060083377,
            -11.297227638325282,
            -11.251152582542733,
            11.849479097559772,
            -7.76531339763807,
            -3.1427977725333722,
            -6.48949646896303,
            -2.3508130417530815,
            8.037290200746048,
            18.44747778313659,
            -5.08442073559881,
            4.267971483490778,
            0.4818843863720407,
            -7.996920595342801,
            4.641209272647073,
            4.770741008019596,
            -3.3152696527634653,
            -13.474647661951824,
            -4.61368200059585
        ],
        [
            6.272135551283187,
            -3.5576504605113337,
            -5.674719756726896,
            9.071186242055733,
            5.766527171963133,
            6.575861558839304,
            -13.804907572894308,
            1.4373285968262388,
            7.478519030025964,
            15.68405147640285,
            2.9706488928044643,
            -7.647898051172987,
            16.399019695702425,
            -17.429724239602727,
            -4.970890469434901,
            4.777396503254773,
            -12.58240605418705,
            -3.5251519434467413,
            -2.768587512599374,
            -4.046648523919936,
            9.821154600600916,
            -6.063849877047972,
            12.202081095453744,
            1.444473938501487,
            -22.429467140807162,
            -7.656902044779625,
            7.676404899100628,
            15.234912625844558,
            4.593339950854498,
            -2.6266612910705307
        ],
        [
            -3.1896716580948703,
            -2.852892676314095,
            0.8781369953446766,
            0.3046919168032374,
            -15.112514404206562,
            -7.306238100804866,
            -8.100354108560149,
            -10.476301742782539,
            -5.714824964448992,
            16.21678925664034,
            6.650263119387364,
            -2.7614937990055743,
            12.09217211336573,
            -17.795746811695366,
            6.672781633189071,
            -9.876834693666673,
            3.1742931033929684,
            -9.081582225898895,
            4.877919968510517,
            17.316223474921014,
            17.064286088097198,
            9.11975632766905,
            -0.770191379809471,
            -3.151494680995583,
            -3.196753647516239,
            7.553720041213067,
            -7.746121483325217,
            14.164818524275644,
            12.254649907248444,
            -7.064741194978125
        ]
    ]
}