{
    "run_id": 1,
    "case": "multimodal",
    "dim": 2,
    "means_array": [
        [
            0.0,
            0.0
        ],
        [
            13.0,
            0.0
        ]
    ],
    "min_mode": [
        0.0,
        0.0
    ],
    "max_mode": [
        13.0,
        0.0
    ],
    "border": [
        20.0,
        20.0
    ],
    "low": [
        -23.543656850921057,
        -30.0455062283417
    ],
    "high": [
        36.45634314907895,
        29.9544937716583
    ],
    "samples": [
        {
            "posterior": [
                1.3302461316818537,
                23.670129428946332
            ]
        },
        {
            "posterior": [
                33.625138674283605,
                0.9113112731390771
            ]
        },
        {
            "posterior": [
                3.55801866784153,
                19.430930678877885
            ]
        },
        {
            "posterior": [
                -12.675572816538502,
                4.338000193992414
            ]
        }
    ]
}