{
    "run_id": 1,
    "case": "multimodal",
    "dim": 3,
    "means_array": [
        [
            0.0,
            0.0,
            0.0
        ],
        [
            -6.735629998676243,
            -0.9253865516618032,
            -4.216034659598535
        ]
    ],
    "min_mode": [
        -6.735629998676243,
        -0.9253865516618032,
        -4.216034659598535
    ],
    "max_mode": [
        0.0,
        0.0,
        0.0
    ],
    "border": [
        20.0,
        20.0,
        20.0
    ],
    "low": [
        -33.37599337500436,
        -30.444231419231624,
        -32.301809538764594
    ],
    "high": [
        26.624006624995637,
        29.555768580768376,
        27.698190461235406
    ],
    "samples": [
        {
            "posterior": [
                26.186034864312376,
                27.466278222688917,
                -8.999496887257937
            ]
        },
        {
            "posterior": [
                -25.09744502790793,
                12.413971109709106,
                -25.949261265915958
            ]
        },
        {
            "posterior": [
                -10.552657596487375,
                -28.463713587189343,
                -1.01069904308779
            ]
        },
        {
            "posterior": [
                9.639275281113505,
                -9.679143855893013,
                27.4090249380219
            ]
        }
    ]
}