{
    "sampler": "HMC",
    "value": 10,
    "means_array": [
        0,
        10
    ],
    "case": "Posterior Samples",
    "dim": 1,
    "samples": [
        11.281215962233919,
        -0.04672676642520253,
        10.130236529736266,
        -0.7477692659520218
    ]
}