run_id,mu,sampler,wasserstein_distance,mmd_rff,r_hat,ess,runtime
44,"(0, 0, 0, 0, 0)",SMC,0.030189507522470533,0.020768239754865168,1.0017426035893826,3521.419889580172,1.9471886157989502
