run_id,dimension_corr,sampler,wasserstein_distance,mmd_rff,r_hat,ess,runtime
66,2,Metro,0.055811148984331836,0.030495029635629303,1.0069933545027998,875.1242947930065,1.1345772743225098
66,5,Metro,0.035239871126390224,0.026750513459724512,1.0062402571904614,738.1432216011194,1.3537647724151611
66,10,Metro,0.04628450053967003,0.02542053824773535,1.0074481091359735,750.853918956574,1.9105889797210693
66,15,Metro,0.03867739478702861,0.02370814774257071,1.0100795658853217,755.1784475372182,2.02140736579895
66,20,Metro,0.037231270473567425,0.022219078625629846,1.0084262783794162,778.2987879201976,2.5572562217712402
