run_id,dimension_corr,sampler,wasserstein_distance,mmd_rff,r_hat,ess,runtime
66,2,SMC,0.028250872315973907,0.01719181762980074,1.0001337237334242,3853.0084136526652,1.310206413269043
66,5,SMC,0.03682144702566752,0.021107140245616322,1.0011213522769582,3864.0499602944556,1.9520034790039062
66,10,SMC,0.0261152545398861,0.02197643641700811,1.0010716132771236,3617.971726603983,2.1579408645629883
66,15,SMC,0.02657053916565208,0.022022477134418843,1.001153683563125,3472.8095740956073,2.9200263023376465
66,20,SMC,0.02595280961135491,0.02257417363970133,1.0010228584445002,3585.4537584756417,3.1040890216827393
