{
    "sampler": "HMC",
    "value": 0.9,
    "means_array": [
        [
            0.0,
            0.0,
            0.0,
            0.0,
            0.0,
            0.0,
            0.0,
            0.0,
            0.0,
            0.0,
            0.0,
            0.0,
            0.0,
            0.0,
            0.0,
            0.0,
            0.0,
            0.0,
            0.0,
            0.0,
            0.0,
            0.0,
            0.0,
            0.0,
            0.0,
            0.0,
            0.0,
            0.0,
            0.0,
            0.0
        ]
    ],
    "case": "Warmup Samples",
    "dim": 30,
    "samples": [
        [
            1.518778279063581,
            20.6599587993681,
            -10.206149768460898,
            15.553685639651386,
            -0.6767895059394192,
            8.818666545859227,
            -6.353120207610986,
            20.04002991736119,
            -7.502007260427675,
            12.561053506055,
            7.8285923664321535,
            -7.412213777828822,
            20.832885963342495,
            -0.534761748650204,
            -9.422632952864664,
            6.573356545307078,
            11.754374974530105,
            -5.267387712846893,
            17.194707215508874,
            17.240758257707974,
            -14.353637795244072,
            8.863742984188583,
            -18.50362973696154,
            9.84033343446248,
            -4.7975878304062585,
            -8.209589799380861,
            11.06938223144046,
            15.02680078233032,
            11.754526706832289,
            8.560571667824881
        ],
        [
            20.750622501862683,
            -2.5412530022350532,
            3.906982620815209,
            -24.215476071060642,
            -20.867594830405277,
            -12.065630019659194,
            11.097227047644322,
            -14.292753130931994,
            13.635370134432415,
            13.430925742059285,
            -14.939374226010585,
            -0.3601080231578108,
            2.911039508063946,
            -19.014971143339086,
            1.8605228999655743,
            -13.855023653937865,
            -12.610965416478225,
            -7.416597614925955,
            -17.71151303776091,
            5.182151125079406,
            6.939233676874061,
            9.073435510843167,
            -20.120817012492306,
            -19.40252404635151,
            6.086150798759778,
            20.421446186468398,
            -22.520277177025527,
            5.193482849871738,
            -20.491317838189982,
            -17.370582014324278
        ],
        [
            -7.658781026730608,
            -1.6838408504689417,
            -6.188143742757116,
            -12.254811254943347,
            -15.028718110549038,
            15.037734600206289,
            -9.240489512002565,
            22.338617130424044,
            -12.914680913648937,
            -8.914679124180577,
            -2.6789296075863867,
            1.275716485780045,
            8.229339713008722,
            -19.242869602085293,
            -4.481869040841087,
            3.6475739959633695,
            -22.397527588975386,
            -18.051859999629862,
            -1.8169158742958726,
            13.567011896289502,
            -18.322089808149034,
            -22.968901822922284,
            20.864303224679677,
            -16.47143517827653,
            -6.8752215169850555,
            0.594298214512043,
            12.188758000041942,
            -8.352892483572985,
            1.5603661705278975,
            -18.069954953831253
        ],
        [
            12.5432142737091,
            -16.131562350452995,
            -7.691676084324865,
            -19.308196697415823,
            -7.8216355651171225,
            -21.76938047958017,
            2.7263476185246,
            -23.43384096106535,
            -20.903770014210732,
            -24.60080488198056,
            17.722126934194012,
            3.9346767222154835,
            -21.796319180130748,
            -10.075134919343062,
            3.188278801413273,
            13.288885781529451,
            -12.026033444657138,
            -12.580255382267852,
            -23.238034693466073,
            2.595141652801644,
            -11.009641083224816,
            -18.26646571879395,
            -23.710976733134,
            -21.914120373930697,
            -10.358310463712485,
            7.566788252371859,
            13.264128426051933,
            -20.639153844672155,
            -12.721352944958722,
            17.705181965741446
        ]
    ]
}