{
    "sampler": "HMC",
    "value": 10,
    "means_array": [
        0,
        10
    ],
    "case": "Posterior Samples",
    "dim": 1,
    "samples": [
        0.6110259468785906,
        -1.3500760597959456,
        -2.874305360600139,
        9.965301674020203
    ]
}