{
    "sampler": "Metro",
    "value": 14,
    "means_array": [
        0,
        14
    ],
    "case": "Warmup Samples",
    "dim": 1,
    "samples": [
        4.531080497912443,
        -9.123185668843826,
        3.90774520952972,
        18.152349054650273
    ]
}