b,sampler,wasserstein_distance,r_hat,ess,runtime
0.5,DEMetro,0.021677881395792256,1.0047792261103805,1757.541871045399,2.0422890186309814
1.0,DEMetro,0.05768043910860392,1.0086906323810545,1871.8651811813131,1.918205738067627
2.0,DEMetro,0.09976336977958876,1.0096332339515197,1585.0893643091476,2.000809669494629
5.0,DEMetro,0.3494734707310164,1.0055706343214177,1912.9181858047168,2.109698534011841
