b,sampler,wasserstein_distance,r_hat,ess,runtime
0.5,Metro,0.028237309543228145,1.005587954276139,1594.2997292621726,1.8008992671966553
1.0,Metro,0.03832851030136475,1.0045348452502876,1553.0952735934522,1.5422675609588623
2.0,Metro,0.06975173665108128,1.009080509682669,1393.2010730992129,1.5863280296325684
5.0,Metro,0.27460655682357965,1.0058272447752925,1488.1555107995916,1.7457013130187988
