{
    "sampler": "DEMetro_Z",
    "value": 5,
    "means_array": [
        [
            0.0,
            0.0,
            0.0,
            0.0,
            0.0
        ]
    ],
    "case": "Posterior Samples",
    "dim": 5,
    "samples": [
        [
            -18.357280672851157,
            -22.11757094784783,
            -45.126607679969695,
            -7.118333188440494,
            -65.69447912143316
        ],
        [
            21.066835036493853,
            -26.572257691665484,
            12.648442287939545,
            -39.89332703777606,
            72.19409208416711
        ],
        [
            37.78924300457453,
            -67.28666693581941,
            -86.53175157557645,
            12.067164274826723,
            -46.87322169736569
        ],
        [
            53.64799251038172,
            -16.32402167956473,
            36.652091415814716,
            -20.227759334791983,
            -50.10106306984822
        ]
    ]
}