nu,global_median_wasserstein_distance,global_median_r_hat,global_median_ess,global_median_runtime,global_median_mmd_rff,global_q25_wasserstein_distance,global_q25_r_hat,global_q25_ess,global_q25_runtime,global_q25_mmd_rff,global_q75_wasserstein_distance,global_q75_r_hat,global_q75_ess,global_q75_runtime,global_q75_mmd_rff,ws_mcmc_mean,ws_iid_mean,ws_iid_std,mmd_rff_mcmc_mean,mmd_rff_iid_mean,mmd_rff_iid_std,ws_dist_glass_delta,mmd_rff_glass_delta
2.1,0.3129573415266956,,,4.833563804626465,0.06916758171795685,0.25214275872426756,,,4.8181703090667725,0.05081483350343967,0.4518938284864671,,,4.882516384124756,0.0929645402073664,0.4455413460189557,0.11828423494691999,0.029293326740574124,0.0855440774607811,0.015191967846455599,0.0017559884261633732,11.171729109850558,40.06410780738261
3.0,0.1681326765606597,,,4.876458168029785,0.0570760421300692,0.1429699477808436,,,4.830878019332886,0.04486124427510636,0.25345249589679025,,,4.90040135383606,0.08413530752842739,0.2027392070549234,0.06342789987900495,0.005922664972719101,0.06666776423018125,0.014614326998256717,0.0018131713738943,23.52172675942541,28.708503774866582
4.0,0.11619958220353926,,,4.8776867389678955,0.043510305259688214,0.10344954642887337,,,4.840412616729736,0.037473552839449614,0.14574009552065317,,,4.906979084014893,0.0587547835909122,0.13077144160850163,0.0497190248379361,0.003575474539543721,0.050449848414117045,0.015181324296272145,0.0015989035918205351,22.668995646353814,22.05794289178351
5.0,0.09588556692909184,,,4.873236894607544,0.040041810163614334,0.08329091796665662,,,4.838672637939453,0.03418233417304075,0.11691934262334068,,,4.909262180328369,0.051731246143501795,0.10693771718266726,0.043025972506266316,0.003252765180687932,0.04616981801209945,0.014825289888527729,0.001725818053138072,19.648434831955548,18.162127848053075
30.0,0.050746817975803105,,,4.854021310806274,0.027709805076260665,0.04820429052275877,,,4.816697120666504,0.02569918111773926,0.055759503530986326,,,4.895604133605957,0.03088379230758997,0.051876223602043275,0.03024540454647993,0.001280758609815977,0.028287608882006352,0.014010895600132434,0.0009149926203181378,16.889067846025508,15.603091177839211
