nu,global_median_wasserstein_distance,global_median_r_hat,global_median_ess,global_median_runtime,global_median_mmd_rff,global_q25_wasserstein_distance,global_q25_r_hat,global_q25_ess,global_q25_runtime,global_q25_mmd_rff,global_q75_wasserstein_distance,global_q75_r_hat,global_q75_ess,global_q75_runtime,global_q75_mmd_rff,ws_mcmc_mean,ws_iid_mean,ws_iid_std,mmd_rff_mcmc_mean,mmd_rff_iid_mean,mmd_rff_iid_std,ws_dist_glass_delta,mmd_rff_glass_delta
2.1,8.024456582148954,,,0.6366021633148193,0.5145784187578171,7.3005857583045906,,,0.6333897113800049,0.47687552929420157,9.62200427956186,,,0.6411263942718506,0.5380525342898772,8.564741051433083,0.11828423494691999,0.029293326740574124,0.514273322315465,0.015191967846455599,0.0017559884261633732,288.3406480694115,284.2167676238294
3.0,7.891090867924486,,,0.6432271003723145,0.5415061925816628,7.158861791875275,,,0.6403536796569824,0.5007911283604077,8.660091790792723,,,0.6459217071533203,0.5709589762930674,7.937784572306292,0.06342789987900495,0.005922664972719101,0.5382138053447926,0.014614326998256717,0.0018131713738943,1329.5293096432167,288.77550455804817
4.0,7.268472516147767,,,0.6432247161865234,0.5238830593393353,6.5257093977338,,,0.6421351432800293,0.4931301654488715,8.66171629545559,,,0.6485922336578369,0.5623705556565912,7.547074901097224,0.0497190248379361,0.003575474539543721,0.5333178512147867,0.015181324296272145,0.0015989035918205351,2096.884145961798,324.0573913081005
5.0,7.328724070048454,,,0.6423459053039551,0.5638817564617731,6.0389803214500555,,,0.6395754814147949,0.5249728638399436,8.382204443538631,,,0.6467998027801514,0.5872503602914894,7.239289072979522,0.043025972506266316,0.003252765180687932,0.5684984923444533,0.014825289888527729,0.001725818053138072,2212.3524757330647,320.81782981072433
30.0,3.7380003695857362,,,0.6440587043762207,0.5571302373870665,3.279650938104568,,,0.6409823894500732,0.5360604802417254,3.9937555088737806,,,0.6482818126678467,0.5939298925289536,3.7374374206670753,0.03024540454647993,0.001280758609815977,0.5653477629856524,0.014010895600132434,0.0009149926203181378,2894.528280120838,602.558813199852
