{
    "sampler": "HMC",
    "value": 2.1,
    "means_array": [
        [
            0.0,
            0.0,
            0.0,
            0.0,
            0.0,
            0.0,
            0.0,
            0.0,
            0.0,
            0.0,
            0.0,
            0.0,
            0.0,
            0.0,
            0.0,
            0.0,
            0.0,
            0.0,
            0.0,
            0.0,
            0.0,
            0.0,
            0.0,
            0.0,
            0.0,
            0.0,
            0.0,
            0.0,
            0.0,
            0.0
        ]
    ],
    "case": "Posterior Samples",
    "dim": 30,
    "samples": [
        [
            1.2529668579899635,
            -0.7552972322957683,
            1.8076453258633896,
            0.27345290278144335,
            -1.4442213714049659,
            -0.23233657967149945,
            1.0227144684512472,
            0.9303223302455508,
            1.0587765004997256,
            -1.1499840787286695,
            1.8693818564504965,
            1.639908940333009,
            1.6907356559676807,
            -0.7496840878110496,
            0.3877136018591425,
            -0.6702818861036353,
            1.2340171852871715,
            -0.2501381840703174,
            0.8704552805862025,
            -1.298219966827304,
            -0.8687684530036581,
            0.02517368754231165,
            -0.8384775040377878,
            -0.5395585102724346,
            -0.7797437033950964,
            -0.5861677640631602,
            -0.44997734586377813,
            -1.0326943422972328,
            0.1678150796141336,
            -2.5287872920891585
        ],
        [
            4.8663824032591245,
            3.658910070785749,
            3.204014142019824,
            -0.06303430147934214,
            0.779242727579329,
            0.07603017872151283,
            0.2015733650642013,
            0.43702378626874266,
            0.5293789539920633,
            0.4273138817737733,
            -5.141772255392258,
            -1.170084701119234,
            -2.252728974836469,
            -1.7784021277477229,
            5.599519737885004,
            -1.1984741481060157,
            5.575516684933766,
            1.3501576934859578,
            1.4837250301576854,
            -0.3700360296110058,
            1.6678078606855817,
            4.53387639086134,
            5.0198174401954905,
            -1.8775468453541824,
            2.198427554921209,
            1.7694672850263014,
            -0.8092874389637966,
            0.5821582675083457,
            -3.217087881816543,
            -1.674526050687329
        ],
        [
            0.48731120170099296,
            -0.41792926273962483,
            1.690490183614908,
            0.10110134777311083,
            -0.3162044220054959,
            -0.6300125714903723,
            -3.232782926666797,
            -0.23581009000386766,
            0.2804904227880239,
            2.65081101381482,
            -0.9717927747899149,
            -1.2576533682510538,
            1.0760331661728815,
            0.33529652491567175,
            2.7535180384956495,
            -1.2396792877116474,
            2.511253050424994,
            -0.6683644802935352,
            -0.8320890660315785,
            1.599145955916799,
            -0.08139898082352287,
            0.24959558869594906,
            -0.3969461449275396,
            -1.0900009009149303,
            -1.970829874654441,
            -1.197648783970314,
            -0.4179262152901534,
            1.37181641292691,
            -1.9615880281204452,
            -0.25261159840110015
        ],
        [
            0.30132850863327687,
            -0.4613066459878501,
            0.26988114159318466,
            2.716118919754529,
            0.044874508729187856,
            1.3944199616115833,
            1.1212853129878049,
            0.7632250563959689,
            -0.6032873756206426,
            1.7075258796625312,
            2.45376131376458,
            -1.4291335418575744,
            -2.595172959304962,
            1.2561229293069478,
            2.2588409454478238,
            0.7768667011965694,
            -0.8823824331907948,
            -2.060456023176813,
            -1.2818599088165807,
            1.4352421134814612,
            1.7572404313245997,
            0.9877036148432277,
            -0.6670158804201223,
            0.488946852423114,
            3.1414670850615494,
            0.10412828887230775,
            0.6975415003718428,
            1.4604758194708987,
            1.053732997681991,
            -2.3861658407395074
        ]
    ]
}