correlation,ws_t_stat,ws_p_value,ws_paired_cohens_d
0.0,34.08982725107346,4.417379876398714e-06,15.245434214925009
0.3,8.782892685015021,0.000926765098473865,3.927829016555847
0.5,23.664239582288207,1.8907253299001366e-05,10.582969668367532
0.9,15.419314255418419,0.00010323108219091033,6.895726968309428
0.99,8.037418356250747,0.0013006020883660247,3.594442761636258
