{
    "sampler": "Metro",
    "value": 15,
    "means_array": [
        [
            -7.5,
            0.0
        ],
        [
            7.5,
            0.0
        ]
    ],
    "case": "Warmup Samples",
    "dim": 2,
    "samples": [
        [
            -7.786926920955705,
            -8.50661869727545
        ],
        [
            -28.450155347227195,
            -21.243214717647245
        ],
        [
            -0.4307968236275635,
            11.944110698483541
        ],
        [
            14.750467221792228,
            -21.09639013903436
        ]
    ]
}