correlation,global_median_wasserstein_distance,global_median_r_hat,global_median_ess,global_median_runtime,global_median_mmd_rff,global_q25_wasserstein_distance,global_q25_r_hat,global_q25_ess,global_q25_runtime,global_q25_mmd_rff,global_q75_wasserstein_distance,global_q75_r_hat,global_q75_ess,global_q75_runtime,global_q75_mmd_rff,ws_mcmc_mean,ws_iid_mean,ws_iid_std,mmd_rff_mcmc_mean,mmd_rff_iid_mean,mmd_rff_iid_std,ws_dist_glass_delta,mmd_rff_glass_delta
0.0,0.2934831077398907,1.023200279466143,3988.4415034935364,3.298731565475464,0.06870360292971743,0.2544828016984165,1.0166592297019776,3132.4206951690935,3.22903311252594,0.0652852972263806,0.2948522886306819,1.0262326031768607,4015.3028942230007,3.3200948238372803,0.06912948566858039,0.2683956909727687,0.09413122270366044,0.01595615584697815,0.06670865428673485,0.014445356709528684,0.0028175285810480588,10.921456893523091,18.549340698352513
0.99,0.9947655021350111,1.0795573224135424,1843.030408467337,3.7492573261260986,0.17974271202568842,0.8033033995826662,1.0585267373860527,1603.0855931481397,3.671462655067444,0.15658022824928025,1.5487593519011917,1.1101124707498617,2832.55143711692,6.337786793708801,0.23497937734719154,1.2364533336109016,0.12683461650853,0.034972646128116854,0.20112549972241842,0.012586829848657307,0.005341782657691798,31.728188740350266,35.29508442322685
