{
    "sampler": "HMC",
    "value": 30,
    "means_array": [
        [
            0.0,
            0.0,
            0.0,
            0.0,
            0.0,
            0.0,
            0.0,
            0.0,
            0.0,
            0.0,
            0.0,
            0.0,
            0.0,
            0.0,
            0.0,
            0.0,
            0.0,
            0.0,
            0.0,
            0.0,
            0.0,
            0.0,
            0.0,
            0.0,
            0.0,
            0.0,
            0.0,
            0.0,
            0.0,
            0.0
        ]
    ],
    "case": "Warmup Samples",
    "dim": 30,
    "samples": [
        [
            -4.262928083030966,
            0.4086373138411123,
            -4.2055553931852945,
            7.572167726554672,
            -4.682918326778916,
            6.05098692736774,
            4.4463960823111615,
            5.019734075257343,
            1.4077596424861223,
            -2.930516757891197,
            -3.8808053503132687,
            -3.9574187614051284,
            1.7820645373324275,
            8.168176348053443,
            7.688672920330068,
            -1.2691367863359833,
            7.220446085481066,
            5.809920058921793,
            6.449993235610827,
            -7.309869517495464,
            -2.5339677741555433,
            4.996124911094384,
            7.1324494720886165,
            1.1672635906522575,
            -5.450237004149932,
            -2.8880876502110926,
            -7.48143542424645,
            -6.870945879128066,
            -4.420491554666487,
            7.857376608631253
        ],
        [
            5.010864425667507,
            1.3917416590975868,
            -4.06474114133988,
            1.1627488457615318,
            6.16769165094941,
            0.7150165144731419,
            -5.280727134598208,
            1.363122699362347,
            -1.8959829334914,
            -1.2190994310989869,
            5.705547845861296,
            -2.4526107799180212,
            3.3289795525000794,
            -1.42104760299919,
            6.619459684084206,
            0.15665180673335657,
            3.5951541066216386,
            -4.133532961075412,
            5.387774343480688,
            1.2003134192887897,
            -5.78529813003244,
            -0.45059175827999925,
            8.246420439373276,
            4.881582636943668,
            -3.593441973657207,
            3.7910321243942966,
            6.889440203831034,
            2.3121915884879174,
            -1.6564013853407271,
            -0.40582877430335634
        ],
        [
            -1.6285893841828536,
            -8.327215156119658,
            -2.2215927437220357,
            4.299689854695938,
            -1.0298341371991637,
            -6.316312565838483,
            -6.2081768032796925,
            -6.890264342033639,
            2.661705307713751,
            -7.076900492004741,
            3.6070764689489687,
            4.721920311182974,
            -3.1684143948885546,
            0.01739271210868215,
            3.2719674129377565,
            -5.739869036477143,
            7.690243982370601,
            -8.777544317337728,
            -3.605791238692171,
            -7.596900134634982,
            3.865251483367935,
            4.134607758461739,
            -5.915366428894693,
            0.04510766564098936,
            -6.253018481268166,
            6.533259991923971,
            -6.75883241753765,
            7.778060648974348,
            -0.28395721565636955,
            -3.8119165960958274
        ],
        [
            5.103257235012994,
            1.981736115964057,
            -6.24458407393972,
            0.4741107747939435,
            -1.588872238258575,
            -1.9700589951155412,
            2.4721130549525325,
            -0.8650525694817609,
            3.563427456557005,
            2.7033812981664114,
            0.26319603954293525,
            -1.2651170422696518,
            -1.725876403703539,
            -0.050415436334347065,
            -4.788304153088762,
            4.4381831667777645,
            -5.136259365842894,
            -4.01702488963372,
            -0.1064424926462492,
            -1.00946521316426,
            -5.167532146825364,
            0.2103486854638629,
            -2.3494694939811946,
            -1.667861513260549,
            -4.4091826053861425,
            1.5380439565505801,
            -2.247239254838593,
            0.281819155329767,
            3.8864655061776974,
            -4.433620516665874
        ]
    ]
}