correlation,ws_t_stat,ws_p_value,ws_paired_cohens_d
0.0,4.751853882775724,0.008958677149082968,2.1250936602065673
0.99,2.955477233700099,0.04174150004269475,1.3217296001012906
