correlation,ws_t_stat,ws_p_value,ws_paired_cohens_d
0.0,5.0769088355805705,0.007096042547219646,2.2704626543854918
0.99,1.5844069347018954,0.18827694898720965,0.7085683220031017
