{
    "sampler": "Metro",
    "value": 6,
    "means_array": [
        6,
        3
    ],
    "case": "Warmup Samples",
    "dim": 1,
    "samples": [
        4.326699006356611,
        7.293199336074192,
        6.7610107464258,
        4.355690256945132,
        5.851104212684241,
        3.8895765578827177
    ]
}