{
    "sampler": "DEMetro_Z",
    "value": 30,
    "means_array": [
        [
            0.0,
            0.0,
            0.0,
            0.0,
            0.0,
            0.0,
            0.0,
            0.0,
            0.0,
            0.0,
            0.0,
            0.0,
            0.0,
            0.0,
            0.0,
            0.0,
            0.0,
            0.0,
            0.0,
            0.0,
            0.0,
            0.0,
            0.0,
            0.0,
            0.0,
            0.0,
            0.0,
            0.0,
            0.0,
            0.0
        ]
    ],
    "case": "Posterior Samples",
    "dim": 30,
    "samples": [
        [
            67.27210131257326,
            -27.082687784508988,
            20.251519881922057,
            -38.62618052891745,
            39.21284243273189,
            -29.64778326607308,
            -15.133382216113006,
            57.6266127819188,
            -54.401462927016944,
            5.309133425693403,
            10.378516871443981,
            -83.66209957379185,
            31.33802739650215,
            4.162884356196738,
            -86.80694449437945,
            14.509809566979516,
            18.64410824002175,
            -15.628961070353338,
            45.20788687187106,
            1.4635914100757308,
            27.152619429865776,
            -75.68293393102792,
            -6.77434456181301,
            80.47904203569345,
            27.915756426426775,
            -39.21838209426454,
            5.883529161823514,
            -35.664082575478005,
            2.9452270527917825,
            -42.72224463173979
        ],
        [
            -36.768005822042596,
            12.377702087905858,
            -35.65320048913302,
            -33.95191383968666,
            61.590937532939435,
            -40.52518357645743,
            -13.187907137650283,
            -16.816197415267062,
            78.14596069776915,
            92.0243333104076,
            49.069068888121066,
            25.629427096390533,
            -73.74055735950705,
            44.67319899920833,
            50.83311964934879,
            -26.326100851663718,
            -50.88767047302326,
            44.68903691390769,
            -71.05627963831456,
            -43.77144893762582,
            60.190806991232606,
            -6.558369896994735,
            -45.89312124457591,
            -38.73540873664475,
            -94.1984906197394,
            30.795521981838803,
            -55.13869978010805,
            68.46277432847624,
            -17.085879140270734,
            -48.14146079909932
        ],
        [
            89.1892481405557,
            34.10870061547979,
            56.62965219874533,
            50.39186414502329,
            -34.74061968353547,
            70.25478758585895,
            -14.887025859870073,
            83.77463437507022,
            -34.90399124212415,
            -58.96835583316981,
            24.203846278270674,
            67.83866810694374,
            -1.300260499250859,
            15.503545371561728,
            68.61781774388567,
            -11.960858025154383,
            -43.977374643908554,
            116.47468727609075,
            -38.24970861895384,
            32.38497150368403,
            -56.98596466330802,
            81.42236116558851,
            -59.02816297019734,
            15.325000530579135,
            -32.85979068144147,
            81.30600703671077,
            -88.20602103032564,
            -6.3514237111687635,
            -23.018930106121825,
            25.683151821647854
        ],
        [
            -126.29264134860347,
            81.98846801905796,
            -107.95646392434364,
            225.05283862796477,
            -150.40648396038713,
            9.87128878011842,
            98.58385204825834,
            -13.391026057680005,
            -79.34991052887568,
            -134.62313992617663,
            167.4864218790643,
            -102.01423342855314,
            74.73841119963711,
            33.75831845273917,
            -58.88291220486161,
            -155.88826813077452,
            -32.02833533567332,
            -34.81819759516156,
            -102.48978689692797,
            103.88119261526765,
            29.12793001671352,
            -10.134413518831998,
            -33.105307263608694,
            145.78208583273775,
            -131.41626169900817,
            40.4885745085749,
            -46.2936796293278,
            -182.45872873542223,
            -22.546983682628465,
            155.55495208000673
        ]
    ]
}