{
    "sampler": "HMC",
    "value": 15,
    "means_array": [
        [
            0.0,
            0.0,
            0.0,
            0.0,
            0.0,
            0.0,
            0.0,
            0.0,
            0.0,
            0.0,
            0.0,
            0.0,
            0.0,
            0.0,
            0.0
        ]
    ],
    "case": "Posterior Samples",
    "dim": 15,
    "samples": [
        [
            -0.10799651840255764,
            0.018703390427368405,
            -0.8711167898318304,
            0.9248487823723721,
            -0.6594792286063256,
            0.8552450939355652,
            -0.7921458587857353,
            -0.9719472552504616,
            0.1256839037252192,
            0.8635249299258899,
            -1.330165892080731,
            -1.4004791234199192,
            -0.46543778371891326,
            1.5487350477426256,
            0.13671067700819511
        ],
        [
            1.691022244553717,
            -0.8058067833443845,
            -0.865242189587764,
            1.55283915222214,
            0.3013134789120664,
            -0.08003526497740912,
            0.29549823404823905,
            1.4571232024155563,
            -1.6312698207507508,
            -0.9960959981446277,
            -0.06847581186492782,
            0.4265298913061876,
            0.9626865997691625,
            1.0034726516001289,
            1.77076462746984
        ],
        [
            0.0745560132113482,
            0.8201989931286653,
            -0.601048615452747,
            1.1119208722017322,
            0.4590574927785401,
            -1.7501917165459107,
            1.0455614248613196,
            1.5280423429675907,
            -0.8164297164754761,
            1.4952298809605657,
            -0.9455979651639512,
            -0.09027591742381369,
            1.7881977331386556,
            0.6288240717480063,
            1.621422694665974
        ],
        [
            -1.1314510492909398,
            0.4625985564696312,
            -1.1994882123439021,
            -0.7397782516027216,
            0.13363775200660624,
            -0.49303258530864624,
            -0.1642473217023245,
            -0.753528363467191,
            1.215053008682768,
            -1.564734616247113,
            0.16728397508386195,
            0.1564546252333605,
            1.1703865434980751,
            -0.9046386701608593,
            1.479720582000996
        ]
    ]
}