{
    "sampler": "HMC",
    "value": 10,
    "means_array": [
        0,
        10
    ],
    "case": "Posterior Samples",
    "dim": 1,
    "samples": [
        -0.31366436127906155,
        9.796278849809207,
        10.73988986838989,
        9.35779267029565
    ]
}