mu,sampler,wasserstein_distance,r_hat,ess,runtime
"(-10, 20, -30)",HMC,0.01675962294278903,1.005909938781314,2067.662355777981,6.508802652359009
"(-5, 0, 5)",HMC,0.017421016616373602,1.0033676260189233,2277.6525158489094,6.717657566070557
"(0, 0, 0)",HMC,0.015142601978732406,1.002549507337258,2314.8277661911134,6.2180564403533936
"(50, -50, 100)",HMC,0.032731614798657306,1.0032413613824926,2097.1306316433306,6.511515855789185
