{
    "sampler": "HMC",
    "value": 4,
    "means_array": [
        [
            0.0,
            0.0,
            0.0,
            0.0,
            0.0,
            0.0,
            0.0,
            0.0,
            0.0,
            0.0,
            0.0,
            0.0,
            0.0,
            0.0,
            0.0,
            0.0,
            0.0,
            0.0,
            0.0,
            0.0,
            0.0,
            0.0,
            0.0,
            0.0,
            0.0,
            0.0,
            0.0,
            0.0,
            0.0,
            0.0
        ]
    ],
    "case": "Warmup Samples",
    "dim": 30,
    "samples": [
        [
            -0.5270092519377042,
            -14.358500850786882,
            -75.76885667931363,
            -96.81759263809533,
            36.48212023926951,
            -21.070365639871945,
            44.85224890154809,
            10.564821562385868,
            2.0861421993115776,
            -61.62060526767675,
            60.33308652960662,
            -77.32839872333803,
            -26.75161347741055,
            65.36684431382298,
            -64.87551294610321,
            -36.16771543263115,
            -58.39735276782618,
            63.41229193754005,
            34.748559621286,
            3.0699585138204712,
            -30.329511941250466,
            39.74794620175328,
            -6.866618257605693,
            97.30958826472079,
            94.0123669602747,
            63.02807044448385,
            -58.72049360878481,
            -34.157955767495615,
            -32.40594740941078,
            90.97088406428598
        ],
        [
            64.86469758906762,
            2.996109149781494,
            -47.93883266721728,
            -48.92659548787652,
            46.0935359107274,
            -52.09027574297605,
            -17.485313027646324,
            -1.303466583810682,
            6.868270151169419,
            -54.596940518987296,
            -68.236297654715,
            -27.22639821508757,
            -91.36457342240979,
            45.46103589321053,
            70.8495943811748,
            110.21022838089021,
            7.7045656257654045,
            31.193921452636005,
            74.9602187241395,
            -3.9709113589709037,
            -71.61403255869342,
            -6.078886413036951,
            62.983704939323204,
            101.11456708688857,
            -51.234428170841035,
            58.06275542171641,
            83.38335953487393,
            77.43506608005767,
            16.620994859248402,
            59.47740771151033
        ],
        [
            31.467659203321,
            17.37444579813854,
            86.39677434756167,
            61.04231050450661,
            80.17353963909866,
            -88.96853070856022,
            -0.3138614467798338,
            57.556303662448364,
            -21.35533059601819,
            -11.926815184147863,
            -81.5591273833643,
            -62.75046291262887,
            -72.16790276628,
            79.02502345492724,
            83.12134855465081,
            33.867782269454224,
            -71.80399487891019,
            21.888604545101106,
            -44.71189930459294,
            -0.10105322786021538,
            3.3919292220405226,
            28.346219917917065,
            57.878579814820434,
            -92.54597486728457,
            0.5831824370249596,
            66.27110896856054,
            26.571377799621402,
            -94.35463391206075,
            -70.32800463659373,
            -20.633967975063566
        ],
        [
            -22.881270868608414,
            61.309787484792054,
            68.6784490684469,
            7.96897985115206,
            -71.53795434110295,
            -48.658137789513134,
            -35.601307552825496,
            95.56243403313843,
            -3.7397396461921963,
            -46.53170336056774,
            1.4909178870855277,
            48.424147810023214,
            81.43626590123482,
            68.54709780871116,
            48.90541212468081,
            64.17355875739263,
            -57.25197547421752,
            -53.662596459717875,
            -23.513654760142217,
            -35.557425498223694,
            -7.201641968248078,
            -20.22332571453946,
            -75.88231526561319,
            52.794684740354775,
            -53.958995274728444,
            -59.451113760674524,
            32.58586796801338,
            62.31745189840609,
            10.566576940766772,
            -29.68864741659677
        ]
    ]
}