run_id,nu,sampler,wasserstein_distance,mmd_rff,r_hat,ess,runtime
27,0.5,Metro,27296.832435301156,0.04492421018877835,1.0891989548897472,204.59363081740605,1.007141351699829
27,1.0,Metro,6.3689971839470365,0.027150835727890885,1.014978469054064,967.2170894581172,1.0116338729858398
27,2.0,Metro,0.206823309452756,0.039238907302437266,1.0055048087195457,1309.7151205197924,1.014824390411377
27,5.0,Metro,0.06820509502720495,0.029471160496747757,1.005211000170304,1630.0094150392624,1.0000648498535156
27,10.0,Metro,0.05270634822122626,0.021098453203655675,1.00432365309465,1535.431290532498,1.044407844543457
27,30.0,Metro,0.030354116397166765,0.012153428639435014,1.0015811882968013,1944.9525317326447,1.0616612434387207
27,100.0,Metro,0.014075872069821124,0.0032464650687614362,1.0007457409124687,1759.1857364349692,1.0202569961547852
27,500.0,Metro,0.02729862989007103,0.011261961300006122,1.0019045139233758,1782.889464091138,1.05491304397583
