mu,sampler,wasserstein_distance,swd_zscore,r_hat,ess,runtime
2,Metro,0.019576088128178955,-0.3444602638508766,1.0052476226721998,2414.509909144727,7.284255743026733
3,Metro,0.019301530658924725,0.050363760197429774,1.0052476226721998,2414.509909144727,5.052854299545288
4,Metro,0.02851809561581443,3.318402197786915,1.0052476226721998,2414.509909144727,5.286947965621948
