{
    "sampler": "Metro",
    "value": 12,
    "means_array": [
        [
            -1.87349941779815,
            0.0
        ],
        [
            1.87349941779815,
            0.0
        ]
    ],
    "case": "Posterior Samples",
    "dim": 2,
    "samples": [
        [
            -2.408888868340721,
            -0.1660558154444975
        ],
        [
            -0.14869342161046104,
            1.2099818891537888
        ],
        [
            -2.238676756828246,
            -0.7036106469919453
        ],
        [
            -1.223532080998062,
            0.8512605660845247
        ]
    ]
}