run_id,mu,sampler,wasserstein_distance,mmd_rff,r_hat,ess,runtime
32,"(0, 0, 0, 0, 0)",HMC,0.028786111973294285,0.022468091942326386,1.0021774723173003,5437.477864753932,1.6811120510101318
