run_id,mu,sampler,wasserstein_distance,mmd_rff,r_hat,ess,runtime
41,"(10, 10)",Metro,4.432411970348892,0.3047006643043474,1.574665304419046,6.982071481694044,2.239212989807129
41,"(2, 2)",Metro,0.4216016493206139,0.07034760468746135,1.2314496989559391,12.833946391516594,2.2251274585723877
41,"(20, 20)",Metro,7.645890818548334,0.3022829284028494,1.544260538583803,7.065562916672278,2.582608699798584
41,"(40, 40)",Metro,12.893271482127851,0.25543891112608247,1.1677923751385608,16.29513164646858,2.2392358779907227
41,"(5, 5)",Metro,0.9106355258544672,0.07698427462503853,1.5163864579979738,7.364307144060315,2.5627574920654297
