mu,sampler,wasserstein_distance,r_hat,ess,runtime
"(-10, 10)",Metro,0.1357500468247326,1.1003091249733232,83.13646918013997,2.69679856300354
"(0, 0)",Metro,0.07638367036993454,1.1003091249733232,83.13646918013997,2.5222103595733643
"(20, -20)",Metro,0.14144704369547378,1.1003091249733232,83.13646918013997,2.7504663467407227
"(50, -50)",Metro,0.13984216702227273,1.1003091249733232,83.13646918013997,2.7300586700439453
