{
    "sampler": "DEMetro_Z",
    "value": 5,
    "means_array": [
        [
            0.0,
            0.0,
            0.0,
            0.0,
            0.0
        ]
    ],
    "case": "Warmup Samples",
    "dim": 5,
    "samples": [
        [
            -24.390422713731226,
            -77.41653425152823,
            -66.20437049379974,
            -13.510698444754183,
            -40.715440808891266
        ],
        [
            81.56750625170808,
            0.733544535120137,
            -46.896885243579504,
            -32.878792432675915,
            84.0189216220683
        ],
        [
            82.65495939611374,
            -86.06695039529065,
            -35.756237563722685,
            10.33736629283589,
            -98.08000548654184
        ],
        [
            91.87561340190696,
            -11.92862205190621,
            4.3787439717793255,
            16.268848828671956,
            -53.08134579143301
        ]
    ]
}