{
    "run_id": 1,
    "case": "multimodal",
    "dim": 2,
    "means_array": [
        [
            -0.6244998059327167,
            0.0
        ],
        [
            0.6244998059327167,
            0.0
        ]
    ],
    "min_mode": [
        -0.6244998059327167,
        0.0
    ],
    "max_mode": [
        0.6244998059327167,
        0.0
    ],
    "border": [
        20.0,
        20.0
    ],
    "low": [
        -30.054152431570955,
        -30.013886213261532
    ],
    "high": [
        29.945847568429045,
        29.986113786738468
    ],
    "samples": [
        {
            "posterior": [
                -7.878745564064541,
                10.798550373900841
            ]
        }
    ]
}