mu,global_median_wasserstein_distance,global_median_runtime,global_median_ess,global_median_ess_per_sec,global_median_r_hat,global_median_mmd_rff,global_q25_wasserstein_distance,global_q25_runtime,global_q25_ess,global_q25_ess_per_sec,global_q25_r_hat,global_q25_mmd_rff,global_q75_wasserstein_distance,global_q75_runtime,global_q75_ess,global_q75_ess_per_sec,global_q75_r_hat,global_q75_mmd_rff,ws_mcmc_mean,ws_iid_mean,ws_iid_std,mmd_rff_mcmc_mean,mmd_rff_iid_mean,mmd_rff_iid_std,ws_glass_delta,ws_t_stat,ws_p_value,mmd_rff_glass_delta,mmd_rff_t_stat,mmd_rff_p_value
"(-8, 0)",0.09272795045687036,2.0333948135375977,3873.054267948076,1843.5862811279942,1.000530822860911,0.010931049488000819,0.06952535100936964,1.948852002620697,3740.3968012930327,1638.157436986461,1.000314432004045,0.007769791618613353,0.13207417234797134,2.365880072116852,3944.4767215853235,1975.417335450062,1.0007391940175776,0.016695819482477503,0.10312051038565628,0.09570617644310893,0.03725689545226635,0.012368784615283335,0.011623017138138436,0.0055267623364349825,0.19900568344581,0.7580503771276286,0.4514933035474915,0.1349374971723416,0.5209984524189257,0.6043514749288428
