mu,mmd_rff_t_stat,mmd_rff_p_value,mmd_rff_paired_cohens_d
"(-8, 0)",7.875144246720815,1.1000175782170973e-08,1.4377980491786733
