run_id,mu,sampler,wasserstein_distance,mmd_rff,r_hat,ess,runtime
19,"(10, 10)",HMC,0.9346872465681244,0.06871244320827073,1.8078592580146802,5.898526528017596,3.815349578857422
19,"(2, 2)",HMC,0.11911218211587245,0.01700770275283325,1.2776021562301554,10.644323985616968,4.072735786437988
19,"(20, 20)",HMC,2.1432963326760066,0.07578314601917135,1.691637015653165,6.339783320856428,3.8905649185180664
19,"(40, 40)",HMC,6.374246758494008,0.16533002958409107,1.8711891777971925,5.657013974143014,3.894831657409668
19,"(5, 5)",HMC,0.3635026632964254,0.06617235834077455,1.5974302283597244,6.687641583253348,3.959357738494873
