mm,ws_t_stat,ws_p_value,ws_paired_cohens_d
5,-4.528209601444044,0.0008603582151658446,-1.3071815161703835
8,-2.805505624666453,0.017105479618311766,-0.8098797138070929
10,-2.232921879995004,0.04728384106007582,-0.6445890242472605
12,-0.17396915851898864,0.8650500132617007,-0.05022057025081539
15,0.5794889442940188,0.5739355776175925,0.1672840489902819
18,0.06919696468723574,0.9460747296132898,0.01997544309464029
