mm,mean_rmse_t_stat,mean_rmse_p_value,mean_rmse_paired_cohens_d
5,0.1685563410552722,0.8692049759414132,0.04865802444093989
8,0.329168254764385,0.748210756740432,0.0950226902484485
10,-1.1013574315726307,0.2942567871487309,-0.3179345047962266
12,-0.18640275294716663,0.8555221115283885,-0.05380983979586698
15,-0.47773179290798384,0.6421932349059645,-0.13790928961793353
18,0.5084112499808573,0.621206091229306,0.14676568601774104
