mm,mean_rmse_t_stat,mean_rmse_p_value,mean_rmse_paired_cohens_d
5,-0.38252620320042224,0.7093590155417341,-0.11042580319492463
8,1.8779758558955504,0.08713395318842326,0.5421249329664569
10,1.299034533489192,0.22050090517947682,0.37499896879830247
12,1.180351231439349,0.26275562627749016,0.3407380506049072
15,2.235973793615612,0.047031799639871405,0.6454700358224612
18,2.8142051522487552,0.016841349335711877,0.8123910511028254
