mm,ws_t_stat,ws_p_value,ws_paired_cohens_d
5,-4.168014158294912,0.001567969275102395,-1.2032020481388694
8,-1.6813359166004105,0.12083712449918865,-0.4853598720237166
10,-2.7290898111428126,0.01961022357640234,-0.787820368552984
12,-1.1733707993071734,0.2654282981599315,-0.3387229734196215
15,-1.2971736041759365,0.22111808422004323,-0.37446176477832704
18,-1.9881386002328283,0.07225657317565637,-0.5739261780153546
