mm,mmd_rff_t_stat,mmd_rff_p_value,mmd_rff_paired_cohens_d
5,-0.6683915972180978,0.5176635048840783,-0.19294803428897636
8,2.3181321388367966,0.04071153781577768,0.6691871071872738
10,1.5148348351760872,0.15800786828701652,0.4372951499333682
12,2.041445765002884,0.065939808854052,0.5893146309802183
15,3.279914468170257,0.007334888944160197,0.9468297505585231
18,-0.04076693601343081,0.9682122302681744,-0.011768400740695264
