mm,var_rmse_t_stat,var_rmse_p_value,var_rmse_paired_cohens_d
5,0.02451609669592697,0.9808800362258904,0.0070771875134361655
8,-1.324298025703157,0.21226096993091942,-0.38229191081350383
10,-1.7992804929967388,0.09943519614653665,-0.5194075384896548
12,-0.5316271119896474,0.605553846384702,-0.15346752810786313
15,1.745022136550413,0.10881532812879904,0.5037445001396185
18,2.3070206032516936,0.04151585986719905,0.6659794831566891
