mm,mean_rmse_t_stat,mean_rmse_p_value,mean_rmse_paired_cohens_d
5,-2.881284267576025,0.01493692883562861,-0.8317551237484259
8,-1.3934442773344353,0.19100041705657703,-0.4022527143098899
10,-1.847716553700831,0.09168890856694108,-0.5333898248326513
12,-0.4718298253360817,0.6462691092431072,-0.13620553833474044
15,-1.1371854933401997,0.2796260218900173,-0.3282771753492508
18,-1.912436514818882,0.08220049170894152,-0.5520728683193756
