{
    "sampler": "HMC",
    "value": 40,
    "means_array": [
        0,
        40
    ],
    "case": "Posterior Samples",
    "dim": 1,
    "samples": [
        41.728928584670115,
        -0.06337591092274031,
        41.289023699375754,
        -0.034539378908023166
    ]
}