{
    "sampler": "HMC",
    "value": 0.98,
    "means_array": [
        [
            0.0,
            0.0
        ]
    ],
    "case": "Posterior Samples",
    "dim": 2,
    "samples": [
        [
            0.3500990732199001,
            0.21844650408156452
        ],
        [
            -0.10537100531007172,
            -0.3028073525041706
        ],
        [
            -0.22673638203353666,
            -0.08540700583667933
        ],
        [
            -1.2707528015302454,
            -1.280020032684797
        ]
    ]
}