mu,mmd_rff_t_stat,mmd_rff_p_value,mmd_rff_paired_cohens_d
"(0, 0)",6.9097124036071795,1.3599553650346932e-07,1.2615351164429642
