mu,var_rmse_t_stat,var_rmse_p_value,var_rmse_paired_cohens_d
"(0, 0)",1.7542753407877234,0.08994644557863048,0.3202853920748329
