mu,mean_rmse_t_stat,mean_rmse_p_value,mean_rmse_paired_cohens_d
"(0, 0)",5.103645187673136,1.9016465162784304e-05,0.9317938649304212
