{
    "sampler": "DEMetro",
    "value": [
        -10,
        10
    ],
    "means_array": [
        [
            0,
            0
        ],
        [
            -10,
            10
        ],
        [
            -10,
            -10
        ]
    ],
    "case": "Posterior Samples",
    "dim": 2,
    "samples": [
        [
            -10.434119039936201,
            7.315794719060312
        ],
        [
            -9.346793223810261,
            11.191073571722741
        ],
        [
            -9.707201128260575,
            11.213877711934371
        ],
        [
            -10.593758657947005,
            8.233965901422993
        ]
    ]
}