{
    "sampler": "DEMetro_Z",
    "value": 0.8,
    "means_array": [
        [
            0.0,
            0.0
        ]
    ],
    "case": "Posterior Samples",
    "dim": 2,
    "samples": [
        [
            -0.2894204044896679,
            0.5179238915624703
        ],
        [
            0.8184608491702643,
            0.7232848522224804
        ],
        [
            -0.10545100650812461,
            -1.0191530746802095
        ],
        [
            -0.1530256085162817,
            0.3309799946762495
        ]
    ]
}