{
    "run_id": 1,
    "case": "multimodal",
    "dim": 2,
    "means_array": [
        [
            0.0,
            0.0
        ],
        [
            12.0,
            0.0
        ]
    ],
    "min_mode": [
        0.0,
        0.0
    ],
    "max_mode": [
        12.0,
        0.0
    ],
    "border": [
        20.0,
        20.0
    ],
    "low": [
        -23.535850875553464,
        -29.85885288545594
    ],
    "high": [
        36.464149124446536,
        30.14114711454406
    ],
    "samples": [
        {
            "posterior": [
                -13.932179593337016,
                -8.12070620669699
            ]
        },
        {
            "posterior": [
                36.121352673252744,
                16.93946699283682
            ]
        },
        {
            "posterior": [
                1.2385886458815918,
                -2.845266558417741
            ]
        },
        {
            "posterior": [
                6.384488504074525,
                6.4083433749072825
            ]
        }
    ]
}