mu,global_median_wasserstein_distance,global_median_r_hat,global_median_ess,global_median_runtime,global_median_mmd_rff,global_q25_wasserstein_distance,global_q25_r_hat,global_q25_ess,global_q25_runtime,global_q25_mmd_rff,global_q75_wasserstein_distance,global_q75_r_hat,global_q75_ess,global_q75_runtime,global_q75_mmd_rff,ws_mcmc_mean,ws_iid_mean,ws_iid_std,mmd_rff_mcmc_mean,mmd_rff_iid_mean,mmd_rff_iid_std,ws_dist_glass_delta,mmd_rff_glass_delta
"(0.0, 0.0, -5.163978, 0.0, 0.0)",1.0564557415546618,2.110730932337873,5.357699936266885,3.3176467418670654,0.24566686518780612,0.869473535198522,1.8650959542269123,5.160942885056341,3.3022561073303223,0.20165408626219536,1.4990105383121384,2.1942413948603816,5.742401550880396,3.3272008895874023,0.3191682470270289,1.2156156479116254,0.06362520473785609,0.012524582205660665,0.2628639789549421,0.012370146785284065,0.003858659789255903,91.97835299073775,64.91731478041572
