{
    "sampler": "HMC",
    "value": 8,
    "means_array": [
        [
            0.0,
            0.0
        ],
        [
            8.0,
            0.0
        ]
    ],
    "case": "Posterior Samples",
    "dim": 2,
    "samples": [
        [
            -2.152784945674195,
            -0.8510633125733937
        ],
        [
            0.7958699077518604,
            0.8467446398417446
        ],
        [
            7.12147505878365,
            -1.4227458908796038
        ],
        [
            -0.9258567828759906,
            -1.5566555551345183
        ]
    ]
}