{
    "sampler": "DEMetro_Z",
    "value": 4,
    "means_array": [
        [
            0.0,
            0.0,
            0.0,
            0.0,
            0.0,
            0.0,
            0.0,
            0.0,
            0.0,
            0.0,
            0.0,
            0.0,
            0.0,
            0.0,
            0.0,
            0.0,
            0.0,
            0.0,
            0.0,
            0.0,
            0.0,
            0.0,
            0.0,
            0.0,
            0.0,
            0.0,
            0.0,
            0.0,
            0.0,
            0.0
        ]
    ],
    "case": "Posterior Samples",
    "dim": 30,
    "samples": [
        [
            26.34879591664938,
            43.176333903649756,
            54.655654550456305,
            0.03622218776455988,
            -19.01445744106133,
            30.6870235764329,
            65.26323579136566,
            12.956784711687956,
            10.836928609455288,
            21.618791194824933,
            20.87120753666609,
            21.600958500638434,
            21.560985913518724,
            61.13862956688919,
            -3.648607380111425,
            -42.481676493722134,
            7.663731208373787,
            32.63666831990919,
            -2.1262676125701,
            -23.540888997157865,
            72.98347605345799,
            63.35923418255411,
            59.06801344147283,
            69.28824934416217,
            39.664027309402556,
            -19.088496503498792,
            38.84588615953297,
            28.586944850876073,
            50.393931475110506,
            29.731912399020516
        ],
        [
            -38.75466521561616,
            2.0928599641094143,
            -23.293231667764257,
            26.483880073006823,
            -53.08088925900186,
            -3.0525294746913865,
            -24.814364575003033,
            -27.259318205137106,
            24.245159465095462,
            16.92698925544871,
            18.783903917691937,
            -37.90481453499173,
            -70.50799576853933,
            26.88313939926171,
            -32.303943870922694,
            -10.76948857059696,
            -8.99049286470605,
            40.40439159878892,
            3.4767158963803,
            -36.85063035721777,
            -33.03281317264779,
            -25.00175137350272,
            44.650450108667044,
            -36.90065140532292,
            24.48344895650289,
            6.075259990088158,
            -54.87914818559448,
            78.25374939428163,
            -1.8726542838597053,
            -26.919385087737986
        ],
        [
            -58.81707557943508,
            -17.477295052940903,
            -41.4541585259257,
            -4.799088237926485,
            29.337271292868042,
            40.03077437846158,
            12.347620509984607,
            70.26932617257216,
            -36.71397874767787,
            -37.43134086171708,
            27.28013829088943,
            -18.281246313558214,
            -13.96214799169979,
            26.86662233397409,
            -88.50777202335011,
            3.3263624319466545,
            -56.220338269642525,
            27.13216165182732,
            38.602033142899984,
            -1.7684861237115932,
            -25.704148788666576,
            11.612038069994291,
            -49.22666697395444,
            -64.60761637550551,
            27.90895644257197,
            29.460420754469872,
            -72.22383126105079,
            -38.06344463610721,
            14.669503021907884,
            -31.487958969752757
        ],
        [
            10.115542280145958,
            80.60398883458816,
            17.603941405371465,
            35.15541424313386,
            63.42088911403731,
            74.4790248176314,
            65.23729133673588,
            6.950781152945039,
            31.305783792319037,
            73.61781329316007,
            0.24821589155041046,
            73.92630896908507,
            59.606686611973984,
            43.9552659861372,
            11.377799067264858,
            49.11449691540372,
            32.2786797014986,
            68.18308909774964,
            87.5090009512042,
            -6.509633250659636,
            36.39244245061457,
            73.40411341191762,
            59.12914501980222,
            28.0932052556228,
            46.77064971884424,
            43.31307963902617,
            59.216257994008636,
            36.394801665657255,
            35.63496716268133,
            42.09300351416445
        ]
    ]
}