{
    "sampler": "DEMetro_Z",
    "value": 4,
    "means_array": [
        [
            0.0,
            0.0,
            0.0,
            0.0,
            0.0,
            0.0,
            0.0,
            0.0,
            0.0,
            0.0,
            0.0,
            0.0,
            0.0,
            0.0,
            0.0,
            0.0,
            0.0,
            0.0,
            0.0,
            0.0,
            0.0,
            0.0,
            0.0,
            0.0,
            0.0,
            0.0,
            0.0,
            0.0,
            0.0,
            0.0
        ]
    ],
    "case": "Warmup Samples",
    "dim": 30,
    "samples": [
        [
            -72.1560965185901,
            -1.8042130953564397,
            14.89452076212823,
            -53.526004823294016,
            81.7863477418822,
            -21.855059261483355,
            48.23836374650462,
            -40.94338301339199,
            -25.906837152958314,
            39.3510515926285,
            42.49067665872667,
            -72.31116777480592,
            -13.21415734693566,
            -11.196991452745754,
            -71.89390843923388,
            -6.248950362316208,
            -88.40623680085771,
            61.21360369666892,
            -52.82093769811846,
            -52.476936424795845,
            31.928678820527573,
            58.013017536127485,
            77.1503108380366,
            73.12067605089419,
            95.87496235417085,
            39.235347612644816,
            -86.22979938747046,
            -83.49765082585806,
            61.601906158593714,
            31.376381869475637
        ],
        [
            -5.954058490730925,
            -80.04868856959911,
            -75.88073125416663,
            -3.0483797491233644,
            12.927712417633261,
            38.59724803592245,
            55.525086008411385,
            68.02018637563872,
            72.94164955828573,
            36.72295367185975,
            66.46453290340226,
            -81.9515919366842,
            -11.001500230680215,
            -55.19422454706298,
            93.93346514153204,
            -53.65113034691246,
            -15.201749895421123,
            78.35915562957342,
            64.72225780693208,
            -95.29924156595284,
            -17.83410940329561,
            34.764412387108216,
            74.00681001027625,
            89.32573075053118,
            -15.862093980503602,
            29.06861725651666,
            80.74970929159969,
            -16.311176794033965,
            -67.33380245819279,
            -5.753809138535822
        ],
        [
            -99.07370945134522,
            -83.93495888800479,
            -13.218367392697607,
            85.48539790601102,
            95.5197745528403,
            26.443439185265603,
            -19.52688519394333,
            -29.49089343081274,
            5.572067973096042,
            -91.99254893555528,
            34.27385535462086,
            19.160974246327573,
            -4.949929474790225,
            44.67835715596177,
            -98.00705857151898,
            -42.921810052174536,
            56.43327717957878,
            -19.099586022033517,
            99.45355245025819,
            -25.01829279043733,
            -19.484030050896937,
            19.078192775266057,
            13.586200829993732,
            -95.37616543389483,
            76.60078546991987,
            -25.954261072765284,
            -56.731154456006514,
            -72.15973723415753,
            2.4945636789889063,
            -1.738827509475409
        ],
        [
            80.25502157596817,
            2.879009027458967,
            98.61893824620273,
            -43.843119438415044,
            23.206718010471842,
            80.7526953776636,
            73.81744194030625,
            -14.166156688211128,
            14.04305521456113,
            45.974561190387284,
            -32.23388046706957,
            -37.69183548327235,
            -18.795294901425503,
            88.08805678219669,
            -27.52739547726292,
            -11.475522951293398,
            -34.53542471926906,
            -34.5719046628,
            70.85926748592459,
            -89.53898371629936,
            -98.57597256166132,
            -63.35260553813345,
            -52.987755357660895,
            98.8581992764934,
            -45.630896758990104,
            82.53112614249112,
            89.05691373525995,
            51.15182171370338,
            -94.577074017975,
            90.54524967712858
        ]
    ]
}