{
    "sampler": "Metro",
    "value": 4,
    "means_array": [
        0
    ],
    "case": "Warmup Samples",
    "dim": 1,
    "samples": [
        -26.074865628569707,
        88.63814484517161,
        82.4437437441164,
        8.399549943466472
    ]
}