mu,global_median_wasserstein_distance,global_median_mmd_rff,global_median_r_hat,global_median_ess,global_median_runtime,global_q25_wasserstein_distance,global_q25_mmd_rff,global_q25_r_hat,global_q25_ess,global_q25_runtime,global_q75_wasserstein_distance,global_q75_mmd_rff,global_q75_r_hat,global_q75_ess,global_q75_runtime,ws_dist_glass_delta,mmd_rff_glass_delta
"(10.0, 0.0)",0.11433005024034554,0.016101268168617316,1.0002949970336976,7215.680433677326,9.515885472297668,0.09493853559330401,0.014038993487659895,1.0001107214080174,6997.079228365473,9.219627499580383,0.1557340726267501,0.017238470996962955,1.000499409095336,7327.955390455212,9.875831246376038,0.19254139133933065,0.2609470009920242
