mu,global_median_wasserstein_distance,global_median_mmd_rff,global_median_r_hat,global_median_ess,global_median_runtime,global_q25_wasserstein_distance,global_q25_mmd_rff,global_q25_r_hat,global_q25_ess,global_q25_runtime,global_q75_wasserstein_distance,global_q75_mmd_rff,global_q75_r_hat,global_q75_ess,global_q75_runtime,ws_dist_glass_delta,mmd_rff_glass_delta
"(10.0, 0.0)",2.388170341797551,0.20389110744574968,2.119319271563209,5.238196768768305,5.721432447433472,2.115826895146362,0.17332785223679817,1.9550931958112696,4.971934265491778,5.6919867396354675,3.273585503471117,0.23569600529317525,2.3187050071753026,5.539017598512662,5.743561148643494,66.84605297519121,96.15946972639682
