nu,sampler,wasserstein_distance,r_hat,ess,runtime
1,DEMetro,4.019699341344785,1.0279115722579177,155.96860047257076,1.4870119094848633
3,DEMetro,0.24957349122955158,1.0397626750520603,113.92608775622577,1.5498087406158447
