{
    "sampler": "HMC",
    "value": 100,
    "means_array": [
        0
    ],
    "case": "Posterior Samples",
    "dim": 1,
    "samples": [
        0.3493576720657284,
        0.04242489217628651,
        0.5893992936723076,
        0.657529148094223
    ]
}