{
    "run_id": 1,
    "case": "unimodal",
    "dim": 1,
    "low": [
        -100
    ],
    "high": [
        100
    ],
    "means_array": [
        [
            0
        ]
    ],
    "samples": [
        {
            "posterior": -24.441697565615513
        },
        {
            "posterior": -63.5239289451613
        },
        {
            "posterior": 18.932589452343635
        },
        {
            "posterior": -72.87084062777501
        }
    ]
}