{
    "sampler": "DEMetro_Z",
    "value": 0.3,
    "means_array": [
        [
            0.0,
            0.0,
            0.0,
            0.0,
            0.0,
            0.0,
            0.0,
            0.0,
            0.0,
            0.0,
            0.0,
            0.0,
            0.0,
            0.0,
            0.0,
            0.0,
            0.0,
            0.0,
            0.0,
            0.0,
            0.0,
            0.0,
            0.0,
            0.0,
            0.0,
            0.0,
            0.0,
            0.0,
            0.0,
            0.0
        ]
    ],
    "case": "Posterior Samples",
    "dim": 30,
    "samples": [
        [
            -11.842400938335516,
            -178.10464824771734,
            6.445577314110922,
            -176.35684312535656,
            -88.5595617240927,
            42.42983190935215,
            1.966366356778535,
            -30.680545661403954,
            -92.90546669264671,
            33.80883905550774,
            -74.80213780493001,
            -33.068302852856576,
            26.218443667470307,
            -58.4818378256382,
            -44.49257098224135,
            -2.1572980220700178,
            -136.14825273656146,
            -171.3154572246797,
            31.496164059238502,
            -15.194413496096104,
            -67.74514208901124,
            -72.65364764289822,
            -120.72442100757914,
            -63.234659764630685,
            -54.790277233254415,
            -163.78421652382326,
            -140.54881026569058,
            -209.9360649842579,
            -45.36173019216545,
            -146.58990660804483
        ],
        [
            40.792566264043714,
            -34.77096599594845,
            -40.37218474382661,
            30.891033790441856,
            -242.4330589517655,
            -84.12543761937788,
            44.14232597707694,
            -94.49695997890235,
            92.73879141358549,
            2.5661927928666293,
            -158.49119754957275,
            -138.24489700339396,
            6.7819421519346434,
            22.619474134300155,
            -325.82416333378524,
            -25.74348309334718,
            -206.60459653548273,
            -53.104864257039864,
            121.65548907055053,
            -77.86199696510799,
            -121.45381976881096,
            -154.68251332267778,
            8.035017368083171,
            59.38163772784267,
            9.883359231690484,
            -35.72653427491076,
            -35.57244454434191,
            57.71918894221512,
            -255.4171763001266,
            23.352361441046213
        ],
        [
            126.65716590065108,
            -50.62144309808576,
            91.16373319124018,
            -10.244376065719681,
            66.32372482381916,
            -115.79969611686184,
            15.390691199736569,
            -10.39274530492215,
            -71.8952575858633,
            -139.73959572615738,
            -38.38141649697113,
            -99.45158169106747,
            -17.232006930169383,
            -265.6674246284898,
            -74.75869238838632,
            -56.85509038852438,
            -237.69635416908443,
            -223.8418921240396,
            82.64951809024731,
            -110.0546726934743,
            108.1933297499747,
            32.43690479199479,
            -98.27912853314194,
            -21.441684641905773,
            52.9878525457145,
            -117.35446996512488,
            111.03781353487793,
            -154.07895113517034,
            0.9563689810559772,
            -86.96576904158444
        ],
        [
            -19.533504559694407,
            8.41603847144808,
            -9.357336268587531,
            -2.6691896678900164,
            -54.86359268588375,
            -94.9961319261248,
            -77.9866493787798,
            -109.85934888651676,
            -74.31300686109975,
            -6.901193480655969,
            -7.263458916736486,
            63.20068389381545,
            -21.983850434057324,
            -86.30988901657533,
            13.262089650324645,
            16.458057305945715,
            -15.672296901934647,
            -21.477865056120937,
            -94.00264771788078,
            -35.79819294967913,
            -43.27159419912673,
            -167.93142260833557,
            -107.38335167008589,
            38.88330261803771,
            -15.344599426082869,
            -12.196586216932346,
            -130.04723363695206,
            7.079389514387616,
            -26.77808032680918,
            -33.53625033038653
        ]
    ]
}