run_id,mu,sampler,wasserstein_distance,mmd_rff,swd_zscore,r_hat,ess,runtime
4,"(10, 10, 20, 30, 30)",DEMetro,1.98831433404485,0.30930501712109004,629.5306296397907,2.8963309163138296,6.938812962273035,1.9622001647949219
