{
    "sampler": "Metro",
    "value": 5,
    "means_array": [
        [
            0.0,
            0.0,
            0.0,
            0.0,
            0.0,
            0.0,
            0.0,
            0.0,
            0.0,
            0.0,
            0.0,
            0.0,
            0.0,
            0.0,
            0.0,
            0.0,
            0.0,
            0.0,
            0.0,
            0.0,
            0.0,
            0.0,
            0.0,
            0.0,
            0.0,
            0.0,
            0.0,
            0.0,
            0.0,
            0.0
        ]
    ],
    "case": "Posterior Samples",
    "dim": 30,
    "samples": [
        [
            0.8154208472777208,
            0.3723934323009988,
            0.7483600032909583,
            -0.6766284928655563,
            -0.08320002337145849,
            0.4984418543991269,
            -0.36206580289551626,
            1.0363252464432544,
            0.16478904018976237,
            -0.025803099721809275,
            -0.720077566295189,
            0.32804741722170916,
            0.42947856878370727,
            -1.2003552095767152,
            0.08826450322996737,
            1.251600835370929,
            -0.24509583395215745,
            -0.5370770007078749,
            -0.5197494659438997,
            0.3550145350748717,
            -0.30479852006775876,
            0.2286728767516179,
            -0.8014030522278597,
            1.0373836437231803,
            -0.9659830153002047,
            -0.9263896674324229,
            0.9257884046182334,
            0.2623917078445777,
            -1.0192222688850285,
            1.052752349764308
        ],
        [
            1.2159511575477109,
            0.10331109795274379,
            1.0732119913256595,
            -1.041962494597716,
            -0.19911883446716583,
            0.9057492559750457,
            0.8322266175951127,
            -0.7372388417189462,
            2.5186826456365905,
            -2.783288208725563,
            -1.8712083193675197,
            1.8335661007972701,
            0.10454463332236208,
            1.745574447220706,
            -1.224420594940068,
            0.7112732239703272,
            0.10022785454993643,
            -1.33165721203934,
            -0.36091957439884526,
            -0.7752728119541125,
            -0.8134195735941379,
            -0.9681627721932347,
            0.7716077921207676,
            -1.0478477193507847,
            1.2643303558108447,
            -0.4087624383977162,
            -0.22550012765937488,
            1.654131465844411,
            1.947317243779428,
            -2.3725668781089255
        ],
        [
            0.9822866333337794,
            0.9799479496179774,
            -0.7067168094331008,
            -1.6857476617947023,
            -0.6504185784421201,
            1.2118927669754052,
            -0.06468096462081209,
            0.34418719054190205,
            0.6001755577438654,
            0.3375798112078362,
            0.39042064606790516,
            0.3677500153010238,
            0.5298223077451956,
            -0.1595774154390177,
            -0.5771453477867963,
            -0.3251844014516382,
            0.14703664876559908,
            0.10699729813799137,
            0.008937078878073074,
            0.5995310726001297,
            -1.8792864631310826,
            2.084588642954807,
            0.31432409499206226,
            -1.2417206888046821,
            0.5609703981810186,
            -1.6360799051929686,
            0.028844602201558933,
            -2.5921937726208237,
            0.6239889533503391,
            0.8102411067546038
        ],
        [
            0.7619012090056492,
            -0.9357021998212128,
            -0.10575517775285048,
            -0.01820494104655851,
            0.8233820935488905,
            0.263465427414644,
            -0.1663384334846305,
            0.8585769858001115,
            -1.804581115913309,
            1.0371015863287376,
            -1.1311906988072025,
            -1.1299379665726752,
            -1.186155261702829,
            0.8803293054472683,
            0.10835241182937849,
            0.8272737639564729,
            -0.5769841145860967,
            1.2471796306408993,
            -0.05760380995120683,
            -0.2968997616320208,
            0.24524567515977008,
            0.04351743735059761,
            -0.2948312839667584,
            -0.06813167675526419,
            -0.5696042891902446,
            0.23299884820885497,
            -0.22511755524813093,
            -0.31738831035107995,
            0.010317804461991403,
            0.23083112664939653
        ]
    ]
}