{
    "sampler": "Metro",
    "value": 2,
    "means_array": [
        [
            10,
            10
        ]
    ],
    "case": "Posterior Samples",
    "dim": 2,
    "samples": [
        [
            8.352564128110648,
            9.981074365356687
        ],
        [
            10.611128769409378,
            10.3099797610388
        ],
        [
            9.015951343130618,
            9.82025158763074
        ],
        [
            9.397511811317237,
            10.327349147254541
        ]
    ]
}