mu,sampler,wasserstein_distance,reference_swd,relative_swd,swd_zscore,r_hat,ess,runtime
"(-10, 10)",HMC,0.033909960729576666,0.026431195238716083,0.007478765490860583,0.8959829124221129,1.003712599544104,811.8700256498823,4.2940709590911865
"(0, 0)",HMC,0.027682801300868715,0.029947077054979447,-0.002264275754110732,-0.2842741056304671,1.00603696654896,809.9896610719376,4.20483136177063
"(20, -20)",HMC,0.052084538875070995,0.02605869805529879,0.026025840819772203,5.086973850514308,1.007520768561323,853.7130447196989,4.877929449081421
"(50, -50)",HMC,0.043758531602281,0.027650058133652733,0.016108473468628266,2.471158981013068,1.0036496795388754,757.5354406192281,5.29985499382019
