{
    "run_id": 1,
    "case": "unimodal",
    "dim": 2,
    "low": [
        -30.1006946878593,
        -29.756891718767875
    ],
    "high": [
        29.8993053121407,
        30.243108281232125
    ],
    "means_array": [
        [
            0.0,
            0.0
        ]
    ],
    "samples": [
        {
            "posterior": [
                -5.723891824032439,
                6.216786754731785
            ]
        }
    ]
}