run_id,dimension_corr,sampler,wasserstein_distance,mmd_rff,r_hat,ess,runtime
19,2,SMC,0.03012417930903564,0.017607618335907668,1.000290380978041,7950.15378083798,2.070772171020508
19,5,SMC,0.01886389621977328,0.013298786208657206,1.0007342304215754,7237.451526863389,2.689653158187866
19,10,SMC,0.023810104992631,0.015568791197299998,1.0009989347816062,7382.958230309133,3.8314614295959473
19,15,SMC,0.019219361919732624,0.015432749983611629,1.0004845001751905,7372.714257093478,4.451292991638184
19,20,SMC,0.018464453995093166,0.015466183765412696,1.00040571773859,7255.987501016922,6.1530468463897705
