{
    "sampler": "DEMetro_Z",
    "value": 5,
    "means_array": [
        [
            0.0,
            0.0,
            0.0,
            0.0,
            0.0,
            0.0,
            0.0,
            0.0,
            0.0,
            0.0,
            0.0,
            0.0,
            0.0,
            0.0,
            0.0,
            0.0,
            0.0,
            0.0,
            0.0,
            0.0,
            0.0,
            0.0,
            0.0,
            0.0,
            0.0,
            0.0,
            0.0,
            0.0,
            0.0,
            0.0
        ]
    ],
    "case": "Posterior Samples",
    "dim": 30,
    "samples": [
        [
            -1.8990588375588753,
            -0.5387197569205532,
            4.275601911460785,
            7.293136018069225,
            -1.7826281363499241,
            -1.3505016157780299,
            1.3491187120205865,
            -2.6060302891470704,
            -3.248086009356489,
            -5.633967801241968,
            0.3851554539193908,
            0.19712966032328788,
            -5.910780999081647,
            4.3838122440971015,
            1.9161237494368355,
            1.0372074562558307,
            2.8922887378298743,
            -4.181553604728222,
            -0.42830663990769435,
            4.1891386022431485,
            -2.070473892532842,
            -2.827776451718632,
            3.280447432258667,
            -6.5784911800295465,
            -1.426650740053647,
            5.417335701641529,
            -0.9249300646530103,
            -2.883075320969907,
            -1.2761944470859357,
            -0.9962107845307835
        ],
        [
            -1.033179559531193,
            3.8381113801974123,
            -1.5523457423152185,
            0.90794254653441,
            -0.5107973307188372,
            1.5196973862037995,
            -0.17122671156672187,
            -0.4044688104846179,
            1.4407646400475098,
            -2.4906254590651393,
            -0.22431358749747143,
            1.810842327674122,
            -0.7921551590229509,
            -3.1649926421946457,
            -0.09607734881668983,
            0.8234996400939527,
            -0.7983499993425514,
            1.033584077185394,
            1.5069837378147846,
            -2.06930289136263,
            -2.2415207463450626,
            1.9881049227826675,
            -0.8098808806250136,
            -0.4117778528688011,
            1.1393729282983924,
            1.5425897760319265,
            -0.18243253075058852,
            0.02889019114157365,
            0.8598901298552618,
            -0.9614896069059952
        ],
        [
            -4.737101964247724,
            3.6070251857286117,
            1.8490664824425997,
            -3.7020623918502733,
            -2.49553825543178,
            -0.4927196584653622,
            3.580108214362368,
            2.9282032402318547,
            1.80907467813301,
            -1.1216136188762447,
            -0.4863560998918558,
            2.2244900526363494,
            -1.33113461835443,
            -9.803069448785507,
            -2.417586808273788,
            0.501603523615117,
            3.8083770844042046,
            0.845747799237583,
            2.2167712332355927,
            -3.539931557673788,
            -3.298505440453993,
            -3.599307331770936,
            -0.528872946226055,
            0.49445317856039117,
            2.48962419015508,
            -0.0931547882040793,
            4.454259696424088,
            0.3314556551650641,
            0.7197369867715593,
            -1.8395717296470284
        ],
        [
            3.761586245151372,
            2.148650337848644,
            -2.8255229959422103,
            3.626054135119181,
            -2.3814095580634342,
            -0.3501856137853192,
            -4.070056912484546,
            -3.2791544916834883,
            -1.346518194690915,
            -4.402937041198554,
            4.268907051230239,
            -2.205583258137195,
            4.4729523175213295,
            3.740740859945682,
            -0.6578782716952635,
            5.099422624956891,
            -2.9863313559453237,
            -2.6436453300352762,
            -5.415832202215736,
            -2.8676759838897543,
            -2.8321603796737076,
            0.7250130146836092,
            4.728835686594233,
            -1.4691691271149963,
            3.5362767395213366,
            -2.5533413733575765,
            3.2690360243270984,
            -4.439647068242919,
            -2.361080872453046,
            6.717435201024078
        ]
    ]
}