mu,sampler,wasserstein_distance,r_hat,ess,runtime
"(-10, 20, -30)",Metro,0.025853112501014998,1.0066062841974572,1807.2333072155384,3.216519832611084
"(-5, 0, 5)",Metro,0.028042394478642763,1.0066062841974572,1807.2333072155384,3.420496940612793
"(0, 0, 0)",Metro,0.02243505706711719,1.0066062841974572,1807.2333072155384,2.9750752449035645
"(50, -50, 100)",Metro,0.028334751491504016,1.0066062841974572,1807.2333072155384,3.2076268196105957
