{
    "sampler": "DEMetro_Z",
    "value": 3,
    "means_array": [
        [
            0.0,
            0.0,
            0.0,
            0.0,
            0.0,
            0.0,
            0.0,
            0.0,
            0.0,
            0.0,
            0.0,
            0.0,
            0.0,
            0.0,
            0.0,
            0.0,
            0.0,
            0.0,
            0.0,
            0.0,
            0.0,
            0.0,
            0.0,
            0.0,
            0.0,
            0.0,
            0.0,
            0.0,
            0.0,
            0.0
        ]
    ],
    "case": "Warmup Samples",
    "dim": 30,
    "samples": [
        [
            16.347189336056996,
            12.366690221201642,
            -20.398256340555523,
            -43.72363592958134,
            14.249973733014594,
            -1.9857161027537311,
            -27.80547160104577,
            5.734504021466179,
            7.236041714441676,
            36.61355325483772,
            50.45025337801848,
            22.379500293886707,
            -24.5793162222402,
            -40.41379544609967,
            45.90190116577805,
            -12.286768960816852,
            -69.91652641812418,
            -17.753423832175347,
            33.22828000465911,
            -20.736138183361085,
            -35.483828789785385,
            1.729296516487775,
            23.5190027665053,
            -28.86552046371484,
            -14.908979488911026,
            10.485853982797055,
            -37.64695079862612,
            59.73447889028165,
            -26.43376816808179,
            4.521118011867772
        ],
        [
            -43.553183558740905,
            -12.878379036007672,
            -10.338738539363014,
            -28.68505130015708,
            10.503259729266164,
            17.58846442362995,
            -11.895007291839548,
            -28.851725790553925,
            21.362341555145886,
            -22.340621133923207,
            69.39572148703523,
            3.0608143436388136,
            42.68242943674097,
            -60.89826131771876,
            21.965347815389023,
            -67.41503794568658,
            -20.683668615351472,
            6.576059814921925,
            -57.59060901884844,
            39.25564198739813,
            37.562446961837956,
            -13.825629459747693,
            -30.20328353878431,
            -42.65035779432199,
            8.975851197552513,
            6.675939066461205,
            -18.256015707187796,
            59.57957290000721,
            54.47305898676091,
            -13.736910979200424
        ],
        [
            37.385345839827814,
            55.68387412173638,
            -10.700503318746836,
            2.7452068239280676,
            -39.260520705501435,
            21.70993796153451,
            2.157087964292174,
            9.171330090913742,
            36.722175535824974,
            -18.16915943014477,
            -21.716761787109025,
            21.719400475025733,
            14.081423397063674,
            20.91008666550266,
            -2.8788464838579535,
            102.9405772734415,
            26.73965493600578,
            -6.538825134688289,
            -56.529683154594565,
            21.30099135829924,
            -51.48233790564103,
            -32.3518825017774,
            -49.49561015966136,
            24.19251719414025,
            3.3611878944866946,
            -8.87660925286747,
            -15.984933127377802,
            -51.587971956774986,
            -22.173820521351946,
            37.458849973205965
        ],
        [
            19.931855766529253,
            50.51406178274146,
            -34.79042234922134,
            -5.13695300838157,
            -29.23245593780626,
            3.6023771471228803,
            20.861824620699384,
            -41.814629947777625,
            34.40578729860159,
            -49.873633018347846,
            -20.504777893508955,
            -33.728497833621795,
            8.987047420326055,
            25.933610309826555,
            37.06934521573855,
            -47.41671318477057,
            -69.27417061351494,
            1.798083859907471,
            -12.213473994090116,
            14.173986390445545,
            -42.987560220453936,
            -8.259895162767883,
            47.746214009674766,
            -26.21671232961463,
            -21.34178474668797,
            32.886443352853135,
            -37.86685279699643,
            -34.91959226013556,
            3.8604387595946945,
            30.809268695786052
        ]
    ]
}