run_id,dimension_corr,sampler,wasserstein_distance,mmd_rff,r_hat,ess,runtime
36,2,HMC,0.03887348439964068,0.027162420542291604,1.0005004690404953,7623.723694805648,1.8817896842956543
36,5,HMC,0.019853285699495155,0.01488704562672201,1.0006979472719852,10824.230939896428,2.062586784362793
36,10,HMC,0.02088660813775028,0.016515866229740522,1.001172047861344,9212.99563016709,2.382014274597168
36,15,HMC,0.02059395501587499,0.01635582634252261,1.002312879170623,11528.569273403864,2.5678365230560303
36,20,HMC,0.01892196934218652,0.016817669612971212,1.003023573555186,14509.128104940617,2.7478535175323486
