run_id,dimension_corr,sampler,wasserstein_distance,mmd_rff,r_hat,ess,runtime
36,2,SMC,0.017845714631699323,0.012969181034651157,1.0000717922592883,7913.105603614853,2.1809303760528564
36,5,SMC,0.01983499732937465,0.015099426732768328,1.0003578216685693,7889.723293626394,4.01300311088562
36,10,SMC,0.017296606967560725,0.01634411780065545,1.0005349300448123,6960.522347676255,3.71730899810791
36,15,SMC,0.019129908402800096,0.016034914421254393,1.0007385044988129,7506.598115073186,5.990598678588867
36,20,SMC,0.020683589294337352,0.015958645723989702,1.0012427409640894,7491.015140703148,6.195119142532349
