{
    "sampler": "HMC",
    "value": 0,
    "means_array": [
        0
    ],
    "case": "Warmup Samples",
    "dim": 1,
    "samples": [
        13.911372034120795,
        47.71425147701851,
        54.084088285288416,
        -39.179027733475365
    ]
}