run_id,dimension_corr,sampler,wasserstein_distance,mmd_rff,r_hat,ess,runtime
34,2,HMC,0.02487406602235856,0.01598130549244004,1.0006187333446281,3928.415177055793,1.6228547096252441
34,5,HMC,0.026866680570113165,0.023210187848022243,1.002875841054286,4970.592165135088,1.716658592224121
34,10,HMC,0.027675518837862748,0.024082197089800927,1.0026381598437188,4649.248771756418,1.9182839393615723
34,15,HMC,0.02597901450800981,0.02109028399485555,1.002863204165155,6212.287174122632,2.0239646434783936
34,20,HMC,0.028491281338229413,0.021881470274469236,1.0031499861202617,6801.368843727739,2.0671844482421875
