{
    "sampler": "DEMetro_Z",
    "value": 2,
    "means_array": [
        [
            0.0,
            0.0
        ]
    ],
    "case": "Warmup Samples",
    "dim": 2,
    "samples": [
        [
            24.635314055070904,
            16.015835686028826
        ],
        [
            -4.6988120795014074,
            -21.499507001635724
        ],
        [
            28.119357431011043,
            7.045418592401349
        ],
        [
            -22.914706689906385,
            -8.602899722288372
        ]
    ]
}