{
    "sampler": "DEMetro_Z",
    "value": 5,
    "means_array": [
        [
            -2.5,
            0.0
        ],
        [
            2.5,
            0.0
        ]
    ],
    "case": "Warmup Samples",
    "dim": 2,
    "samples": [
        [
            -109.08755755573016,
            -92.93745987898775
        ],
        [
            82.1906356953567,
            -101.3888017147697
        ],
        [
            46.02514714404145,
            -76.90602705322196
        ],
        [
            42.86922392381153,
            148.58027405105304
        ]
    ]
}