{
    "sampler": "HMC",
    "value": 30,
    "means_array": [
        0
    ],
    "case": "Warmup Samples",
    "dim": 1,
    "samples": [
        10.691492839100206,
        -58.65510699185585,
        -45.35092990320368,
        44.99438680499952
    ]
}