nu,sampler,wasserstein_distance,reference_swd,relative_swd,swd_zscore,r_hat,ess,runtime
1,Metro,8.057116548544068,4.80068673086402,3.256429817680048,0.40750702154905744,1.0418841991262704,84.8671190912295,2.8753864765167236
2,Metro,2.4047437023876714,0.1624712665978962,2.242272435789775,44.327196255451724,1.0745702690052077,48.926279003320275,2.8600456714630127
5,Metro,0.6167846131234952,0.08807081875215447,0.5287137943713407,10.082761777340963,1.0477492338790162,109.28842021270769,3.1586735248565674
10,Metro,0.35856188792104005,0.0782772867797368,0.28028460114130327,5.1710217985679225,1.0499268627441285,88.58491720276052,2.7690887451171875
