run_id,alpha,sampler,wasserstein_distance,mmd_rff,r_hat,ess,runtime
20,0,SMC,0.14607056072653082,0.0905992511615563,1.0391690363970487,258.0670589164893,0.7401363849639893
20,2,SMC,0.13897850743294946,0.09105602871711783,1.058261678159419,52.25042432856618,0.8022243976593018
20,4,SMC,0.11992025024302155,0.08679032801881474,1.0530533504642454,77.98105321054787,0.8092126846313477
20,6,SMC,0.11009355213295074,0.08313863398797713,1.0514130652167228,94.20501055036804,0.806267261505127
20,8,SMC,0.11780376496618072,0.08298300375845838,1.0541594925513242,83.80365116068852,0.8006839752197266
20,10,SMC,0.11294331489704151,0.07881678336297523,1.060802143738245,83.00605777057717,0.8088452816009521
20,80,SMC,0.12988902513049125,0.09635265369981769,1.0867088423247555,71.55916032319308,0.8035802841186523
20,100,SMC,0.12209686723786911,0.08796623368309506,1.0921235312256117,74.88295244578738,1.5773417949676514
