{
    "sampler": "HMC",
    "value": 25,
    "means_array": [
        [
            0.0,
            0.0,
            0.0,
            0.0,
            0.0,
            0.0,
            0.0,
            0.0,
            0.0,
            0.0,
            0.0,
            0.0,
            0.0,
            0.0,
            0.0,
            0.0,
            0.0,
            0.0,
            0.0,
            0.0,
            0.0,
            0.0,
            0.0,
            0.0,
            0.0
        ]
    ],
    "case": "Posterior Samples",
    "dim": 25,
    "samples": [
        [
            1.3057373267938566,
            0.41013618003889757,
            -0.42858095673120716,
            0.9780086370075768,
            -1.5199176484561763,
            1.426437474155186,
            2.1327061065047315,
            0.6961347696279574,
            0.5500112285621874,
            0.10682872722169554,
            2.0274378170766023,
            -1.202645585091251,
            -0.5777229169008209,
            0.3352273398982471,
            0.9470385263617324,
            0.6630875272347493,
            1.0472377748305899,
            -1.2373753779288597,
            -0.9913424587991985,
            -1.0048231390603615,
            -0.1605796378387301,
            -1.0543346154954396,
            -0.03495158540875835,
            0.13652463465172227,
            0.3699620163084619
        ],
        [
            -1.4046009903960555,
            0.6991577154797983,
            -0.25337152475567776,
            0.5424835743730939,
            -0.10479489821609897,
            0.6569452017842738,
            -0.6251296265669986,
            -1.2386527811632233,
            -1.9458710639028758,
            -0.8038157357688472,
            -0.7835000494259541,
            1.2196479690080677,
            1.4072501726705957,
            0.9920849576770803,
            0.9563854268534546,
            0.4752231882824471,
            -1.0677628081419768,
            0.6999118870988121,
            -2.005020734979984,
            -0.10458780665191453,
            -1.0502444853930493,
            0.402561968116147,
            -1.9651286881905492,
            -0.25186921996951817,
            -0.5912560757173131
        ],
        [
            -0.42703958096409567,
            1.0478207126310721,
            -0.3745658773233911,
            0.5540515896556301,
            -1.666242304622382,
            -0.26987342261781905,
            -1.8773288060116857,
            0.24129027843440998,
            1.2335605877706086,
            -0.9378624991076587,
            0.21512973115868977,
            1.929947075837481,
            0.596161544544304,
            0.5279393384465443,
            0.5061712461922662,
            1.2080019120667687,
            0.42308291740651227,
            -1.3724835349721372,
            -0.059674225809331356,
            1.0187094613586503,
            -1.2418614731528803,
            -0.37198381966181027,
            0.3287571806175531,
            -0.6453125679821634,
            0.5027571197096872
        ],
        [
            -1.9063170849780307,
            -2.066564115469396,
            0.3882647415039215,
            0.8358257687929591,
            -0.16251944146048525,
            -0.8112796361821641,
            0.17624514793187815,
            1.2978796151023348,
            -0.2590700489308867,
            -0.17534986481408316,
            1.3557973725515524,
            0.9780400586921857,
            -1.7239834708373687,
            0.4211307318085518,
            0.4409289844608837,
            -0.22754891493646143,
            2.0385541526648034,
            -0.4779348440994806,
            0.10211623399366097,
            0.15668002318128793,
            1.2632148203636648,
            0.12723366404653216,
            0.10789545736871389,
            0.6463230309692353,
            -1.2158170823127565
        ]
    ]
}