{
    "sampler": "Metro",
    "value": 5,
    "means_array": [
        0
    ],
    "case": "Warmup Samples",
    "dim": 1,
    "samples": [
        -0.49277459323587824,
        -0.5042414213165707,
        0.4186151220037796,
        -0.5416305942751596
    ]
}