{
    "sampler": "DEMetro_Z",
    "value": 0.0,
    "means_array": [
        [
            -4.000000002,
            0.0
        ],
        [
            4.000000002,
            0.0
        ]
    ],
    "case": "Posterior Samples",
    "dim": 2,
    "samples": [
        [
            3.738729444701735,
            -1.3139340239310424
        ],
        [
            -1.9750305690787888,
            -1.1319186420024605
        ],
        [
            -6.447875070483696,
            1.259571060592023
        ],
        [
            4.562404578891688,
            -0.6662880588890129
        ]
    ]
}