nu,var_rmse_t_stat,var_rmse_p_value,var_rmse_paired_cohens_d
2.1,1.8285557186426014,0.09468490052204037,0.5278585681932678
3.0,1.316683181736952,0.2147175386595844,0.3800936947066411
4.0,2.806107940122941,0.017087060043841647,0.8100535873025633
10.0,4.984299918981627,0.00041262752969574917,1.4388434499729361
50.0,3.614161349264534,0.0040678124857354905,1.04331851394631
