nu,var_rmse_t_stat,var_rmse_p_value,var_rmse_paired_cohens_d
2.1,0.6383548839591631,0.5363064171072016,0.18427718204616758
3.0,1.0520884016932008,0.315322175812229,0.3037117609644263
4.0,1.0093332309493532,0.33450183424536595,0.29136940629532193
10.0,1.8542620519094732,0.090685497713189,0.5352793474090212
50.0,1.2327259316552321,0.24337467716381575,0.3558573242390903
