nu,mmd_rff_t_stat,mmd_rff_p_value,mmd_rff_paired_cohens_d
2.1,2.2557605352902432,0.04542866943032987,0.6511819761385782
3.0,2.8037110494488293,0.017160477497041724,0.8093616645646049
4.0,1.5395730964732754,0.15192116257572194,0.44443647084297566
10.0,5.453261475903938,0.00019984897504672113,1.5742209905372773
50.0,4.621526330233515,0.0007385330390200611,1.3341197354136316
