nu,mmd_rff_t_stat,mmd_rff_p_value,mmd_rff_paired_cohens_d
2.1,6.728620758481542,3.249005532565463e-05,1.942385503092111
3.0,7.768540337519582,8.626054364333419e-06,2.2425844275386986
4.0,6.201864500725391,6.698411149536983e-05,1.7903240694856946
10.0,9.379970404071619,1.3961381707823743e-06,2.7077642188907363
50.0,8.313749526616279,4.522741165232776e-06,2.3999727635835164
