nu,var_rmse_t_stat,var_rmse_p_value,var_rmse_paired_cohens_d
2.1,-2.3519431134155573,0.03835553265288441,-0.6789474948245793
3.0,-0.9327968284963787,0.3709474332667573,-0.2692752500158067
4.0,-1.5262132018186032,0.1551825738539371,-0.4405798014553656
10.0,-0.33687831630080756,0.7425483682652565,-0.09724839330020957
50.0,-0.23201794599502323,0.8207839918861726,-0.06697781178852537
