{
    "sampler": "DEMetro_Z",
    "value": 4,
    "means_array": [
        0
    ],
    "case": "Warmup Samples",
    "dim": 1,
    "samples": [
        -39.03075935846669,
        83.19292285687634,
        -75.63913785058227,
        56.80033028137289
    ]
}