{
    "run_id": 1,
    "case": "multimodal",
    "dim": 30,
    "means_array": [
        [
            0.0,
            0.0,
            0.0,
            0.0,
            0.0,
            0.0,
            0.0,
            0.0,
            0.0,
            0.0,
            0.0,
            0.0,
            0.0,
            0.0,
            0.0,
            0.0,
            0.0,
            0.0,
            0.0,
            0.0,
            0.0,
            0.0,
            0.0,
            0.0,
            0.0,
            0.0,
            0.0,
            0.0,
            0.0,
            0.0
        ],
        [
            13.0,
            0.0,
            0.0,
            0.0,
            0.0,
            0.0,
            0.0,
            0.0,
            0.0,
            0.0,
            0.0,
            0.0,
            0.0,
            0.0,
            0.0,
            0.0,
            0.0,
            0.0,
            0.0,
            0.0,
            0.0,
            0.0,
            0.0,
            0.0,
            0.0,
            0.0,
            0.0,
            0.0,
            0.0,
            0.0
        ]
    ],
    "min_mode": [
        0.0,
        0.0,
        0.0,
        0.0,
        0.0,
        0.0,
        0.0,
        0.0,
        0.0,
        0.0,
        0.0,
        0.0,
        0.0,
        0.0,
        0.0,
        0.0,
        0.0,
        0.0,
        0.0,
        0.0,
        0.0,
        0.0,
        0.0,
        0.0,
        0.0,
        0.0,
        0.0,
        0.0,
        0.0,
        0.0
    ],
    "max_mode": [
        13.0,
        0.0,
        0.0,
        0.0,
        0.0,
        0.0,
        0.0,
        0.0,
        0.0,
        0.0,
        0.0,
        0.0,
        0.0,
        0.0,
        0.0,
        0.0,
        0.0,
        0.0,
        0.0,
        0.0,
        0.0,
        0.0,
        0.0,
        0.0,
        0.0,
        0.0,
        0.0,
        0.0,
        0.0,
        0.0
    ],
    "border": [
        20.06950250028156,
        20.0,
        20.0,
        20.0,
        20.0,
        20.0,
        20.0,
        20.0,
        20.0,
        20.0,
        20.0,
        20.0,
        20.0,
        20.0,
        20.0,
        20.0,
        20.0,
        20.0,
        20.0,
        20.0,
        20.0,
        20.0,
        20.0,
        20.0,
        20.0,
        20.0,
        20.0,
        20.0,
        20.0,
        20.0
    ],
    "low": [
        -23.389091818748106,
        -29.95953018128695,
        -30.076419509783825,
        -29.828974481029007,
        -30.038237260787106,
        -29.802373127105223,
        -30.22166357126219,
        -29.963671518799494,
        -30.100348947542148,
        -30.09348929665544,
        -29.939830471305086,
        -29.936967307040184,
        -29.698470065441334,
        -30.017411387147696,
        -30.153500768211437,
        -29.944294988923566,
        -29.87202974177248,
        -30.14949174132063,
        -30.07998186542224,
        -30.180891420735797,
        -30.186533178772613,
        -30.342979462038368,
        -30.07955151003023,
        -30.194972079849748,
        -30.079564767101985,
        -30.126728725751484,
        -30.46829904153927,
        -29.537722264604774,
        -29.89619980570688,
        -30.06573463700143
    ],
    "high": [
        36.81941568209657,
        30.04046981871305,
        29.923580490216175,
        30.171025518970993,
        29.961762739212894,
        30.197626872894777,
        29.77833642873781,
        30.036328481200506,
        29.899651052457852,
        29.90651070334456,
        30.060169528694914,
        30.063032692959816,
        30.301529934558666,
        29.982588612852304,
        29.846499231788563,
        30.055705011076434,
        30.12797025822752,
        29.85050825867937,
        29.92001813457776,
        29.819108579264203,
        29.813466821227387,
        29.657020537961632,
        29.92044848996977,
        29.805027920150252,
        29.920435232898015,
        29.873271274248516,
        29.53170095846073,
        30.462277735395226,
        30.10380019429312,
        29.93426536299857
    ],
    "samples": [
        {
            "posterior": [
                25.01135661188279,
                -4.9050980934573545,
                -11.11841994851795,
                -21.603733144367013,
                -0.11551080276929682,
                -8.966609378050293,
                12.60966052596251,
                16.605468576988244,
                -9.812539643882936,
                13.836502610769244,
                2.811475841010477,
                9.390389736225714,
                -9.283371861006486,
                3.2647333702557475,
                -20.594784249913012,
                11.394397303110452,
                14.114279553151285,
                15.448576624894862,
                12.656221122329214,
                -27.751859625409008,
                -3.8991376818440635,
                -10.594134993473876,
                -24.887446594579252,
                -10.876175444194136,
                -9.203489005207533,
                -27.67780933912347,
                15.927125431127639,
                15.410543213527212,
                -15.369210749801137,
                -26.435108227779757
            ]
        }
    ]
}