{
    "sampler": "DEMetro_Z",
    "value": 2.5,
    "means_array": [
        0
    ],
    "case": "Posterior Samples",
    "dim": 1,
    "samples": [
        -0.7466513314587804,
        -0.6568379886988894,
        1.0242419742773832,
        -0.3241431748441105
    ]
}