{
    "sampler": "DEMetro_Z",
    "value": 0.5,
    "means_array": [
        [
            0.0,
            0.0
        ],
        [
            13,
            0
        ]
    ],
    "case": "Posterior Samples",
    "dim": 2,
    "samples": [
        [
            -0.35429199774179837,
            1.0186044418277285
        ],
        [
            15.922165329499256,
            0.5612755568846156
        ],
        [
            0.346380458733263,
            -0.06751655949064224
        ],
        [
            -0.43752572880808355,
            -0.536963715445644
        ]
    ]
}