{
    "run_id": 1,
    "case": "unimodal",
    "dim": 2,
    "low": [
        -216.2689414152046,
        -109.17100116801666
    ],
    "high": [
        180.5008547428343,
        110.54688625756359
    ],
    "means_array": [
        [
            0.0,
            0.0
        ]
    ],
    "samples": [
        {
            "posterior": [
                2.4449911129404995,
                109.93828553938545
            ]
        },
        {
            "posterior": [
                -126.22906115414601,
                -44.90615763752899
            ]
        },
        {
            "posterior": [
                161.56094588276147,
                31.45320529957513
            ]
        },
        {
            "posterior": [
                -74.66537082853529,
                -74.06743736837177
            ]
        }
    ]
}