mu,sampler,wasserstein_distance,r_hat,ess,runtime
1,HMC,0.434773188656837,1.02785601295087,129.92523612599626,3.7194621562957764
10,HMC,0.40815543341566174,1.026672774008197,205.23749413831555,4.359703540802002
