run_id,mu,sampler,wasserstein_distance,mmd_rff,r_hat,ess,runtime
10,8,SMC,0.08288693850222932,0.017701815747119605,0.9997175987861657,4006.335294748575,0.8905231952667236
10,10,SMC,0.10948052825408928,0.014982937801472534,0.9995643135850156,4000.709558133421,2.6086013317108154
10,12,SMC,0.0842356892292427,0.009066949319728524,1.0000115745370406,4083.6771138241916,1.119046688079834
10,14,SMC,0.11201608667717959,0.026422909482098998,1.0003830530859583,4318.444420158664,0.9446027278900146
10,16,SMC,0.2773588049605465,0.018119773666179145,1.000645735544341,4095.7087554225936,1.3522448539733887
10,18,SMC,0.07873425007328884,0.021792812951994936,0.9996519434222754,3986.0635130062433,1.0780293941497803
10,20,SMC,0.11643031385770876,0.023400782305162043,1.0014228622531354,4106.93610174364,1.0624206066131592
10,22,SMC,0.40506519702329846,0.019252814599001005,0.9997976097622864,4127.942353325766,1.1027376651763916
10,40,SMC,0.1505744088092637,0.0223466799267596,1.0002135133108085,4065.625980997682,0.959442138671875
