{
    "sampler": "Metro",
    "value": 18,
    "means_array": [
        [
            0.0,
            0.0
        ],
        [
            18.0,
            0.0
        ]
    ],
    "case": "Warmup Samples",
    "dim": 2,
    "samples": [
        [
            78.87782703310918,
            67.86051910115516
        ],
        [
            39.60242380787018,
            -84.98091768225083
        ],
        [
            -45.188206528891875,
            20.88047863304858
        ],
        [
            -114.18071342921742,
            11.669484532030273
        ]
    ]
}