run_id,mu,sampler,wasserstein_distance,mmd_rff,r_hat,ess,runtime
27,"(10, 10)",HMC,2.587110237293926,0.1379050589532375,1.7854694506085276,5.947228974854217,3.353071451187134
27,"(2, 2)",HMC,1.3583497221349266,0.17896929969968384,1.1362923435966084,23.12200895276137,3.582900047302246
27,"(20, 20)",HMC,8.508614002858089,0.38321194153411187,1.1241567774663046,23.692738498982735,3.0866892337799072
27,"(40, 40)",HMC,5.266869479862165,0.10827581902844129,1.849821901040639,5.732206024017899,3.3773350715637207
27,"(5, 5)",HMC,0.3651494934437048,0.06581492837741691,1.7121998801280816,6.189909280554314,3.095346450805664
