nu,mmd_rff_t_stat,mmd_rff_p_value,mmd_rff_paired_cohens_d
2.1,-3.731074611221218,0.0008259846226865493,-0.6811979094335596
3.0,-4.124271004252204,0.00028520038873603386,-0.7529854207644724
4.0,-2.9983601160537305,0.005521738138744574,-0.547423157028812
5.0,-3.9938060641209416,0.0004068487434090059,-0.7291658905399878
30.0,-1.8038824360621168,0.08164751937904091,-0.3293423671061973
