{
    "sampler": "Metro",
    "value": 30,
    "means_array": [
        [
            -4.000000002,
            0.0,
            0.0,
            0.0,
            0.0,
            0.0,
            0.0,
            0.0,
            0.0,
            0.0,
            0.0,
            0.0,
            0.0,
            0.0,
            0.0,
            0.0,
            0.0,
            0.0,
            0.0,
            0.0,
            0.0,
            0.0,
            0.0,
            0.0,
            0.0,
            0.0,
            0.0,
            0.0,
            0.0,
            0.0
        ],
        [
            4.000000002,
            0.0,
            0.0,
            0.0,
            0.0,
            0.0,
            0.0,
            0.0,
            0.0,
            0.0,
            0.0,
            0.0,
            0.0,
            0.0,
            0.0,
            0.0,
            0.0,
            0.0,
            0.0,
            0.0,
            0.0,
            0.0,
            0.0,
            0.0,
            0.0,
            0.0,
            0.0,
            0.0,
            0.0,
            0.0
        ]
    ],
    "case": "Posterior Samples",
    "dim": 30,
    "samples": [
        [
            -7.192217570377279,
            3.3010801865630763,
            -7.813108897465028,
            -6.6243238386099,
            -3.3932875907664384,
            -8.525188003980098,
            4.900776452649465,
            -5.31319140699233,
            -2.7044926886053116,
            1.7744601757182732,
            3.0826496184844308,
            -8.51363631442429,
            -0.4387463034211292,
            -9.414518169188058,
            3.2671929730565896,
            -4.22853735573894,
            6.804678503203572,
            -10.523318651257139,
            -3.1138852008260542,
            -10.381885269467602,
            5.025027121282387,
            -12.328620855073622,
            6.994588127545553,
            -4.634161746676201,
            5.758390714082126,
            -2.311453065133775,
            -13.495812988990096,
            -1.9126018236696058,
            8.813141942837056,
            2.4306684948639647
        ],
        [
            3.128494179778947,
            0.33572689360756214,
            -0.8082685198566395,
            -0.20402639997755262,
            -2.956707329048048,
            -0.14710843401753002,
            -0.6683096253456922,
            -1.4370846871127219,
            -1.236609479694171,
            -1.8133413653696737,
            -0.40647987749857123,
            0.11431393380273014,
            -2.2544052121316502,
            0.5063218537692892,
            -0.6689761140616126,
            0.16002429165885346,
            -0.5811455965520537,
            -1.6119056579095756,
            0.1629914103752652,
            0.4013617435715895,
            -0.23456441807829487,
            1.0931459398187293,
            -1.0092488180175294,
            0.6964573248204284,
            0.8242270690475155,
            1.6583533845113583,
            -0.2782637310871996,
            1.5509607955865936,
            -0.6420769451220407,
            0.3444476531963214
        ],
        [
            -5.740422445605379,
            -0.6682368649555229,
            -1.2817814203674445,
            0.04915897357181587,
            -1.7430915699402916,
            1.7238179373136957,
            2.1061165034286042,
            -0.1480177147825228,
            -3.7913291632598805,
            -2.318021919526027,
            1.4701719233674047,
            -0.5663604944702234,
            0.0625802459942999,
            -1.1458944897892667,
            1.139649029137772,
            0.9014748821606102,
            -3.9465221111654065,
            -1.1763170717234148,
            -1.8668965104022108,
            -3.419373254788254,
            2.24030770377473,
            -2.008038514572626,
            0.6747771115104452,
            -0.6372401964458155,
            -0.8953371632466621,
            -0.09339799440152868,
            1.74930712601038,
            2.099571872135292,
            2.7471705404178564,
            2.4657631031040803
        ],
        [
            8.960858989552406,
            -9.773635282863436,
            -3.044002009420499,
            0.9080232978990823,
            13.203594656719003,
            -2.640743590749741,
            -0.7804834538588832,
            -6.05079498969204,
            -2.743183366098325,
            21.59962530308151,
            2.250907962659496,
            -5.7932677049389785,
            -3.388655956698205,
            -13.651526323989913,
            3.5564309291367344,
            -7.1354256729505305,
            -6.384357479870959,
            7.145668103665667,
            -9.339202682834259,
            -6.06835741141509,
            9.675119737570563,
            0.9503756646777965,
            3.694091590783148,
            -1.6415479281909633,
            1.3946384817830655,
            -11.362415819756741,
            -7.396615949830014,
            15.09984342764196,
            5.026271375029248,
            3.6383270517690782
        ]
    ]
}