{
    "sampler": "DEMetro_Z",
    "value": 10,
    "means_array": [
        [
            -5.0,
            0.0,
            0.0,
            0.0,
            0.0,
            0.0,
            0.0,
            0.0,
            0.0,
            0.0,
            0.0,
            0.0,
            0.0,
            0.0,
            0.0,
            0.0,
            0.0,
            0.0,
            0.0,
            0.0,
            0.0,
            0.0,
            0.0,
            0.0,
            0.0,
            0.0,
            0.0,
            0.0,
            0.0,
            0.0
        ],
        [
            5.0,
            0.0,
            0.0,
            0.0,
            0.0,
            0.0,
            0.0,
            0.0,
            0.0,
            0.0,
            0.0,
            0.0,
            0.0,
            0.0,
            0.0,
            0.0,
            0.0,
            0.0,
            0.0,
            0.0,
            0.0,
            0.0,
            0.0,
            0.0,
            0.0,
            0.0,
            0.0,
            0.0,
            0.0,
            0.0
        ]
    ],
    "case": "Posterior Samples",
    "dim": 30,
    "samples": [
        [
            24.491500279338545,
            -4.724216314204796,
            -19.58628918397196,
            1.7133108045923253,
            -4.824491904572967,
            0.5760491774947495,
            3.325925156078531,
            5.504021404150959,
            16.45907160658292,
            9.446666847812285,
            5.400424219066548,
            -12.550386552892126,
            9.764236711771682,
            12.009810815012889,
            -8.458415864993363,
            20.58086582871175,
            18.683523803060645,
            -7.376444378713716,
            -14.83286246605022,
            -12.054464418045747,
            -4.96266022314932,
            -6.5934637498761,
            12.712801049364133,
            -9.947953363443622,
            1.543947228793927,
            -7.0683178256019366,
            22.62387063591807,
            1.2766045912406883,
            13.919191776178137,
            -16.406121827028198
        ],
        [
            12.300273167243923,
            -13.347587937021892,
            -6.711705392713385,
            11.90656678398819,
            3.696652785228148,
            -4.882211233996532,
            1.9731103096734606,
            3.558467600630338,
            10.199844345099287,
            -4.764014300214656,
            -15.664325362717133,
            -13.89495495481419,
            -11.610492450016116,
            34.380982284565945,
            -3.4910085694916457,
            12.236986212461339,
            15.060699915998962,
            14.231838907019052,
            4.07973356029332,
            -0.06072489774101579,
            14.499957013774186,
            5.115714807594155,
            -3.210873194957102,
            -20.197361854821885,
            18.164969883862117,
            -6.71628920088969,
            -2.389049474662943,
            10.127978293717465,
            -17.623109328349656,
            8.54646281409307
        ],
        [
            -20.916824462379285,
            -26.63863638122138,
            -11.41280300957833,
            7.967959544321301,
            -0.7999414930332547,
            -9.76192651058986,
            13.972146737916228,
            25.03578656635585,
            26.131162365377715,
            -16.73773007732406,
            9.460498212827952,
            4.51491579905992,
            28.759582649628356,
            7.4089967988590075,
            -18.086643865179244,
            10.99835284934351,
            -21.20170465372812,
            1.0694522728870242,
            -12.407168263827659,
            8.415708095286229,
            -20.965494771797047,
            1.4839863201333252,
            -8.773904160597766,
            23.00482491063635,
            15.587496484860504,
            -15.331229145875128,
            -1.7033648587090384,
            22.121990630451258,
            -16.561409156625906,
            24.28667630131913
        ],
        [
            25.79064352720513,
            15.60460964952151,
            11.296921259848183,
            -19.089165585564583,
            -5.320381736046648,
            -2.0529213742047205,
            -19.978338652782263,
            -11.546441255866682,
            10.874931755828971,
            -12.082627754205582,
            8.634475452629376,
            -13.82765966747903,
            -21.23973188279764,
            4.047124265090435,
            -23.78181792351256,
            -20.5352122843919,
            -4.04959361824008,
            -1.1997093896918285,
            -10.961183450762583,
            24.388495002037683,
            2.9214501172058744,
            6.454214175102609,
            -27.19824657675436,
            -9.378238569785172,
            -23.93991987431577,
            29.2153263004884,
            10.741301656074874,
            -14.738169655439505,
            -14.309865003465866,
            10.699208399469716
        ]
    ]
}