run_id,mu,sampler,wasserstein_distance,mmd_rff,swd_zscore,r_hat,ess,runtime
8,"(10, 10)",Metro,5.0506913979354024,0.3941318823824394,121.43913603017415,1.381526484606349,13.317947429338185,3.182433605194092
8,"(20, 20)",Metro,6.985154248295053,0.2733848064130812,83.6328978740961,1.6234686498837145,9.968274988395168,3.29716157913208
8,"(5, 5)",Metro,0.4810097109595592,0.07578801931815685,25.133284042524487,1.113086696712276,41.437362460320344,3.1756694316864014
8,"(50, 10)",Metro,12.340188790946982,0.2794437855260041,98.17741345928792,1.621439638189921,9.980169629700793,2.8584976196289062
