{
    "sampler": "DEMetro",
    "value": [
        0,
        0
    ],
    "means_array": [
        [
            0,
            0
        ]
    ],
    "case": "Warmup Samples",
    "dim": 2,
    "samples": [
        [
            1.0920792467576947,
            1.0083709307309885
        ],
        [
            -0.272227467529517,
            0.28163032702206897
        ],
        [
            0.23728665539563856,
            0.4379789110062391
        ],
        [
            0.7791617377472682,
            0.5619262396095795
        ]
    ]
}