run_id,alpha,sampler,wasserstein_distance,mmd_rff,r_hat,ess,runtime
30,0,SMC,0.07857386805400986,0.03953653967829528,1.0415889613727902,160.11747546018663,0.7380449771881104
30,2,SMC,0.06701040392701677,0.03504345901998172,1.0494380811452508,77.48623092462879,0.7559163570404053
30,4,SMC,0.051154064922992765,0.021273595214167745,1.0743182441005257,68.18716046712068,0.7787854671478271
30,6,SMC,0.058471522917297854,0.024272244831653588,1.052234723775173,65.69081494070254,0.7939262390136719
30,8,SMC,0.04365485296750988,0.012858781411836257,1.045563164729271,62.46779182403186,0.7835872173309326
30,10,SMC,0.05750261365372747,0.02872200400007206,1.0471430810597047,67.39960982089937,0.8024494647979736
30,80,SMC,0.06003551616948523,0.032278985777714736,1.0921035835350343,39.64857747536761,0.787879228591919
30,100,SMC,0.07007896270041586,0.03974047205679641,1.0832250089397806,46.246779356971864,1.4964396953582764
