{
    "run_id": 1,
    "case": "unimodal",
    "dim": 2,
    "low": [
        -79.2201367412992,
        -70.63572799744938
    ],
    "high": [
        34.601693580617656,
        55.09551174298749
    ],
    "means_array": [
        [
            0.0,
            0.0
        ]
    ],
    "samples": [
        {
            "posterior": [
                -15.552461969754326,
                -59.44225500888657
            ]
        }
    ]
}