mu,mmd_rff_t_stat,mmd_rff_p_value,mmd_rff_paired_cohens_d
"(-16, 0, 0, 0)",-1.8265231110798117,0.07808256275176333,-0.333475969914309
