run_id,alpha,sampler,wasserstein_distance,mmd_rff,r_hat,ess,runtime
41,0,HMC,0.05235395577256625,0.031203228601384195,1.0016139678646525,1735.7873210724727,1.1720619201660156
41,2,HMC,0.013822708057826632,0.00570491043700914,1.0010179583906602,1776.8621703594717,1.413390874862671
41,4,HMC,0.019070878413520828,0.00838619236056352,1.0058841131355112,1181.9267319177775,1.3854529857635498
41,6,HMC,0.035280065323998716,0.026975243102805517,1.0042932739938473,863.9304906411859,1.4301097393035889
41,8,HMC,0.013743909770548398,0.007208734387986328,1.008855679113425,922.8359731210795,1.4388649463653564
41,10,HMC,0.03836171487493951,0.02128809676627678,1.0104825457509596,735.4189996099452,1.4706921577453613
41,80,HMC,0.029475382683763353,0.011895785693696585,1.0049190560007426,512.2864492489103,1.7172117233276367
41,100,HMC,0.02466313102562484,0.018135151298348834,1.0115539438891608,475.4096342776053,1.7155044078826904
