{
    "sampler": "HMC",
    "value": [
        5.0,
        20.0
    ],
    "means_array": [
        [
            0.0,
            0.0
        ],
        [
            10.0,
            0.0
        ],
        [
            5.0,
            20.0
        ]
    ],
    "case": "Warmup Samples",
    "dim": 2,
    "samples": [
        [
            -2.1700479488903763,
            0.52436729967202
        ],
        [
            16.311631274729486,
            6.091127651810813
        ],
        [
            11.51114798447498,
            -4.568490889001542
        ],
        [
            12.666851424903259,
            28.075467474095323
        ]
    ]
}