{
    "sampler": "HMC",
    "value": [
        5.0,
        20.0
    ],
    "means_array": [
        [
            0.0,
            0.0
        ],
        [
            10.0,
            0.0
        ],
        [
            5.0,
            20.0
        ]
    ],
    "case": "Posterior Samples",
    "dim": 2,
    "samples": [
        [
            -0.11966359200371367,
            -0.14967785749526938
        ],
        [
            9.111200667076556,
            0.28933608251694093
        ],
        [
            10.178515019185957,
            -0.1266129573056601
        ],
        [
            4.000444598001978,
            20.67398750062263
        ]
    ]
}