run_id,mu,sampler,wasserstein_distance,mmd_rff,r_hat,ess,runtime
1,"(10, 10)",SMC,0.09210566419866278,0.018795775348459432,1.0001342677029244,3724.426562936164,4.6812989711761475
1,"(2, 2)",SMC,0.09902649701696215,0.021245396553836917,1.0001714302431208,4097.971647035893,5.243096351623535
1,"(20, 20)",SMC,0.18405933719961928,0.01749064950797988,0.999748517707997,3956.2744178339944,5.123133897781372
1,"(40, 40)",SMC,0.3701744034247597,0.021535601171762307,1.000461203350187,3656.908569591768,3.2943904399871826
1,"(5, 5)",SMC,0.0749135022123298,0.017674519587386122,1.0005879224975707,3986.9809322398573,4.695977210998535
