{
    "sampler": "DEMetro_Z",
    "value": 11,
    "means_array": [
        0,
        11
    ],
    "case": "Warmup Samples",
    "dim": 1,
    "samples": [
        6.345661100427816,
        14.187724837677628,
        8.971483653526505,
        7.5130037978600805
    ]
}