{
    "run_id": 1,
    "case": "unimodal",
    "dim": 30,
    "low": [
        -30.481951355827377,
        -30.446871927463796,
        -30.414201073228107,
        -30.45478875319919,
        -30.46618282304393,
        -30.440923157984592,
        -30.479993394681728,
        -30.3800656374653,
        -30.42831539433689,
        -30.388237508271203,
        -30.494598001701142,
        -30.444864402965706,
        -30.40333884234176,
        -30.44471546856461,
        -30.492823630257984,
        -30.47147718229364,
        -30.440315152810765,
        -30.455198795446883,
        -30.42820791536188,
        -30.504578619399723,
        -30.382980028200656,
        -30.361819639541547,
        -30.360732061502294,
        -30.408057004821977,
        -30.42228991209125,
        -30.42428405002324,
        -30.46455966028173,
        -30.466625978749626,
        -30.511869204440803,
        -30.403332150679873
    ],
    "high": [
        29.518048644172623,
        29.553128072536204,
        29.585798926771893,
        29.54521124680081,
        29.53381717695607,
        29.559076842015408,
        29.520006605318272,
        29.6199343625347,
        29.57168460566311,
        29.611762491728797,
        29.505401998298858,
        29.555135597034294,
        29.59666115765824,
        29.55528453143539,
        29.507176369742016,
        29.52852281770636,
        29.559684847189235,
        29.544801204553117,
        29.57179208463812,
        29.495421380600277,
        29.617019971799344,
        29.638180360458453,
        29.639267938497706,
        29.591942995178023,
        29.57771008790875,
        29.57571594997676,
        29.53544033971827,
        29.533374021250374,
        29.488130795559197,
        29.596667849320127
    ],
    "means_array": [
        [
            0.0,
            0.0,
            0.0,
            0.0,
            0.0,
            0.0,
            0.0,
            0.0,
            0.0,
            0.0,
            0.0,
            0.0,
            0.0,
            0.0,
            0.0,
            0.0,
            0.0,
            0.0,
            0.0,
            0.0,
            0.0,
            0.0,
            0.0,
            0.0,
            0.0,
            0.0,
            0.0,
            0.0,
            0.0,
            0.0
        ]
    ],
    "samples": [
        {
            "posterior": [
                -24.145917901465936,
                -10.070835562353292,
                15.833179916927648,
                -24.67513843392546,
                21.908201079304845,
                16.645857772840536,
                10.54770493588326,
                11.940069042504007,
                -16.823111957949138,
                27.9607170633463,
                7.610915777701486,
                12.521329388244673,
                -17.289326644368266,
                14.179915681257363,
                -30.407490362405106,
                -16.88687581493841,
                -19.86876747491649,
                -22.04714073514529,
                -9.853385786319187,
                19.853280990530088,
                -10.901656464018721,
                2.6668387324983023,
                -22.680208018225642,
                22.90620904492951,
                -21.3862099925699,
                -6.448819014276605,
                29.27793103627321,
                -18.0464569191233,
                -8.132198863500225,
                -13.36935872070729
            ]
        },
        {
            "posterior": [
                8.804404608171282,
                9.694928403957164,
                -20.93039985782511,
                8.423238161053916,
                -25.31783591488021,
                21.396274521937308,
                15.724853884818941,
                -26.255292122502993,
                8.459117848120805,
                25.81209979927729,
                8.69513430630078,
                -0.4213321032795321,
                -17.895845354374593,
                2.664945622705467,
                -21.844522050953934,
                -23.43160741922391,
                19.763818218534897,
                17.77407019229868,
                9.721407805591866,
                -0.045952674343517685,
                -20.82517417561308,
                6.453903685551413,
                17.58559596729683,
                16.44380430972562,
                -20.061582945573704,
                -7.032338364973874,
                12.03673529177972,
                4.9410856576634075,
                15.352920016622722,
                1.2285197170108333
            ]
        },
        {
            "posterior": [
                -14.247296768742697,
                -29.956185237390805,
                23.748391639750544,
                -29.490397537842473,
                -17.321277762290272,
                -11.677848986510323,
                2.8832216479197683,
                -29.88499769940736,
                -9.664103491102594,
                29.374057534111103,
                16.992158537630303,
                20.360672211581758,
                9.108531586349713,
                -16.98869240692585,
                -13.702916313803527,
                0.09443614776792586,
                11.232576133760585,
                26.627336667383425,
                -8.871398405560612,
                -28.96303557191412,
                -12.831144733491676,
                -14.500427679888222,
                6.245689977440346,
                12.376758332951937,
                -15.201351993514612,
                -20.25461880818827,
                14.709348704850818,
                1.2560058447760483,
                17.345572672576477,
                3.888581815498071
            ]
        },
        {
            "posterior": [
                26.136455900141918,
                25.228939678458126,
                -10.476127466133292,
                14.636794226431931,
                -24.44734704414236,
                -24.556114666030236,
                -10.380152025609735,
                17.158870457727815,
                -17.26599057470674,
                -0.23369011401834072,
                28.118563485994414,
                23.871530719980257,
                10.45958892141585,
                -30.41122837771557,
                15.702750243282889,
                -11.780274669304728,
                22.07180373468488,
                -27.1050574058923,
                -14.016251079148496,
                -6.369957539065908,
                -6.264250218398843,
                8.751756951844033,
                1.5365323624848557,
                -8.58175673713001,
                -20.425957965902512,
                -25.28529352129376,
                -16.13285540251919,
                25.077538385150802,
                -19.60940861442393,
                18.269647825308958
            ]
        }
    ]
}