{
    "run_id": 1,
    "case": "unimodal",
    "dim": 30,
    "low": [
        -219.2137423979152,
        -212.24454174680847,
        -200.53346091356667,
        -213.4001540030373,
        -187.5165321582832,
        -225.15730149518768,
        -218.93889945609303,
        -175.2952592661572,
        -181.0919796872313,
        -183.1076474657154,
        -179.58121243969285,
        -196.74424062669095,
        -216.77425290806755,
        -199.95304060514454,
        -201.16898053375402,
        -191.16130282441333,
        -192.37100791458357,
        -253.0382099901671,
        -186.54979746624454,
        -229.38919939333078,
        -173.7274527137224,
        -197.964692124145,
        -221.8771522596619,
        -195.35508195645832,
        -240.09116287238822,
        -175.61365893082836,
        -186.6365435157544,
        -200.41028662003865,
        -205.44596767958032,
        -199.81088681604984
    ],
    "high": [
        261.98775525299516,
        248.5851518275396,
        276.0606429778829,
        254.28965994337807,
        234.82678727326456,
        277.4275932273346,
        273.19400688590673,
        216.2271094397254,
        227.00817681782465,
        244.7585041848463,
        247.1160671669705,
        266.8399329246221,
        264.50172345456417,
        239.6727224481545,
        259.4575434516878,
        227.82682257787098,
        236.84374471933302,
        272.77627988783235,
        250.95887300143585,
        282.0182398339701,
        222.93927809923156,
        256.96831324882453,
        280.6997714650796,
        254.34555209447535,
        247.4687130447657,
        244.09229723553992,
        235.20583194931964,
        243.0560993850484,
        265.4964661581557,
        260.224459658922
    ],
    "means_array": [
        [
            0.0,
            0.0,
            0.0,
            0.0,
            0.0,
            0.0,
            0.0,
            0.0,
            0.0,
            0.0,
            0.0,
            0.0,
            0.0,
            0.0,
            0.0,
            0.0,
            0.0,
            0.0,
            0.0,
            0.0,
            0.0,
            0.0,
            0.0,
            0.0,
            0.0,
            0.0,
            0.0,
            0.0,
            0.0,
            0.0
        ]
    ],
    "samples": [
        {
            "posterior": [
                -142.63509686223932,
                -34.275410505316074,
                -162.64540870675202,
                -189.6057390680187,
                -74.47840927124544,
                163.9528263773378,
                207.27623859742093,
                19.628403088990183,
                -172.55764429181954,
                77.0854404943031,
                217.78356501607632,
                199.94737031392987,
                -206.9739952031749,
                -30.06100081898444,
                -187.8649566703374,
                28.73900736430477,
                145.97787385801377,
                30.995907324324946,
                75.4213955171916,
                215.8501816872818,
                216.6605366997856,
                -106.72453856649847,
                -195.05357130500042,
                9.805820914595927,
                -44.05244353691316,
                70.95466255148503,
                232.5945949613254,
                -37.810163174309366,
                37.49915989842958,
                -184.8425494160492
            ]
        },
        {
            "posterior": [
                -190.87253732141465,
                121.16767459068251,
                -50.77864489065212,
                -51.5743521597895,
                162.8416964220139,
                165.01942604323145,
                -193.39899518998675,
                -105.01460244323948,
                10.916071657336062,
                214.50803333993827,
                -141.02337002872002,
                -115.81177327433907,
                -102.06246556630771,
                75.37919020767131,
                29.475969967438743,
                100.34496871954349,
                -50.70872016426915,
                265.9848558276404,
                25.882571377729363,
                -223.51291092075564,
                -160.67952066810693,
                74.0370015270361,
                -134.94284636976482,
                -45.898563589204684,
                -115.67280535663821,
                240.95501483472538,
                207.44610743040653,
                -130.94927811520262,
                -153.41351810049548,
                -136.2033339189927
            ]
        },
        {
            "posterior": [
                188.47150540423303,
                72.32180088033425,
                -152.9595455952357,
                38.85664297312297,
                -98.72089950140607,
                189.709770694144,
                -180.80193674628623,
                30.619091696038225,
                -33.01957190158927,
                89.28086755185092,
                186.35349852665584,
                65.45366047365894,
                261.84033499635746,
                -5.59310829459497,
                69.35330951016343,
                201.60593589240517,
                -98.28704847970194,
                -162.53781443725813,
                23.81639024637957,
                246.6811784819689,
                -43.98195560435019,
                215.25706362599968,
                -160.37424158471327,
                178.17970805631325,
                110.51008847293457,
                172.32925790239966,
                85.79491537213175,
                -138.25957803262287,
                263.904109509107,
                137.81907712685154
            ]
        },
        {
            "posterior": [
                24.31948922991586,
                58.31350358328922,
                167.7994747456142,
                57.50091046060618,
                204.73680816113256,
                251.92610177717168,
                -116.18228427915211,
                -25.141633790974225,
                -86.3058684660514,
                20.251673728899846,
                199.07396279919894,
                27.568662759771343,
                237.40177140450393,
                33.14668546301175,
                232.6416115042674,
                -113.08611349402413,
                103.99636984113567,
                217.56141614558214,
                -16.046036440703034,
                -216.30310880755167,
                34.668702555764355,
                56.63583864256438,
                80.8837098751631,
                242.39776752318897,
                124.15499463154049,
                -149.9732900129876,
                201.35049374325695,
                -160.9317848242944,
                -38.421919567505796,
                139.3233948039017
            ]
        }
    ]
}