mu,global_median_wasserstein_distance,global_median_mmd_rff,global_median_r_hat,global_median_ess,global_median_runtime,global_q25_wasserstein_distance,global_q25_mmd_rff,global_q25_r_hat,global_q25_ess,global_q25_runtime,global_q75_wasserstein_distance,global_q75_mmd_rff,global_q75_r_hat,global_q75_ess,global_q75_runtime,ws_mcmc_mean,ws_iid_mean,ws_iid_std,mmd_mcmc_mean,mmd_iid_mean,mmd_iid_std,ws_dist_glass_delta,mmd_rff_glass_delta
4,0.12578617182085483,0.033672970950884194,1.00802780918806,318.3792318668962,1.358865737915039,0.08633535951001045,0.027256663896397203,1.0068779828351115,270.5826850622541,1.349576711654663,0.1614887754042939,0.045674399911653674,1.0133577536146725,340.3758556020144,1.3740472793579102,0.12380996805121791,0.05703904768125431,0.023402938283358918,0.035904918272576816,0.018576145937366693,0.006778685535323229,2.853099878379044,2.5563617378194006
6,0.3399377577440792,0.0641686841823131,1.1184145818526268,25.86891149644537,1.374358892440796,0.1963713211835763,0.037829866905195235,1.0636904898061308,16.20864712421106,1.3331773281097412,0.6117489677262798,0.1068466615914847,1.1899888282525672,56.93431111539655,1.6485745906829834,0.4562240460864605,0.0689867180543827,0.029728052143326397,0.08205635554880013,0.017394642327362007,0.005196017245103407,13.025990608638248,12.444476253879577
15,0.30883346754108293,0.03179305723400175,1.7327023413198708,6.216817325770917,1.3981266021728516,0.08287466861420212,0.019195912912971864,1.5301156050884495,6.149894673300952,1.335066556930542,3.758502371396104,0.2692117085097279,1.734223524047565,7.226526280900488,1.6630823612213135,2.0078941778359223,0.17090657124463918,0.104414137395128,0.1511728801359803,0.018969206007487163,0.007239576539268805,17.593284323555572,18.261244067439012
