weights,global_avg_ws,global_avg_ws_std,global_avg_rhat,global_avg_rhat_std,global_avg_ess,global_avg_ess_std
"(1, 1)",3.223489651764424,0.06029486250859775,1.5329060946249093,0.04930777033978542,10.735398213254062,0.7546883073692855
"(1, 2)",4.389950697330979,0.03220925791112175,1.0048769513967517,0.0242408477790507,149.17655460090154,30.555116551412354
"(5, 1)",1.8460831702451017,0.16176995645183812,1.0074308625819812,0.016718767693251608,132.44949452045054,66.06458428912129
