mode_means,sampler,wasserstein_distance,r_hat,ess,chain_seeds,mode_distance
"(0, 8)",HMC,3.8131634187503485,1.0720008247901536,190.29803837179855,"[553358, 993084, 577809, 584638]",8
"(0, 10)",HMC,4.755415137783288,1.0188370066750867,97.40044161513114,"[553358, 993084, 577809, 584638]",10
"(0, 15)",HMC,8.060732882095605,1.0380705628356113,109.13622908822111,"[553358, 993084, 577809, 584638]",15
"(0, 20)",HMC,10.75536109986971,1.111483322402062,190.29803837179855,"[553358, 993084, 577809, 584638]",20
