{
    "sampler": "Metro",
    "value": 12,
    "means_array": [
        [
            -6.0,
            0.0,
            0.0,
            0.0,
            0.0,
            0.0,
            0.0,
            0.0,
            0.0,
            0.0,
            0.0,
            0.0,
            0.0,
            0.0,
            0.0,
            0.0,
            0.0,
            0.0,
            0.0,
            0.0,
            0.0,
            0.0,
            0.0,
            0.0,
            0.0,
            0.0,
            0.0,
            0.0,
            0.0,
            0.0
        ],
        [
            6.0,
            0.0,
            0.0,
            0.0,
            0.0,
            0.0,
            0.0,
            0.0,
            0.0,
            0.0,
            0.0,
            0.0,
            0.0,
            0.0,
            0.0,
            0.0,
            0.0,
            0.0,
            0.0,
            0.0,
            0.0,
            0.0,
            0.0,
            0.0,
            0.0,
            0.0,
            0.0,
            0.0,
            0.0,
            0.0
        ]
    ],
    "case": "Warmup Samples",
    "dim": 30,
    "samples": [
        [
            -5.256664358807585,
            -0.842999757466913,
            11.299282670237893,
            10.545720345233413,
            0.4005131744662991,
            9.067826160190698,
            -2.678514391366143,
            5.516560276808995,
            25.934671970271253,
            19.540018883094913,
            -12.776809705665467,
            23.329476496468118,
            27.641603622866935,
            -19.511374812874095,
            -11.611969295067073,
            27.515625837450177,
            21.510380565444564,
            12.042426355461338,
            -13.962065519212393,
            5.732714371834554,
            -18.381559428035207,
            19.274953640669175,
            15.201058811282216,
            -5.182344098598656,
            1.515055720537477,
            23.052477894179045,
            6.615679056396924,
            -6.661271861540193,
            -27.40094346881653,
            -4.31945874047749
        ],
        [
            3.0773201357703384,
            14.168115196402711,
            11.997331474489592,
            -6.828684088563653,
            -6.030136425544804,
            21.467063853965463,
            -24.257954090016913,
            -10.591239817693648,
            -10.700261738433944,
            -7.966874948217658,
            0.44138813175535807,
            8.137306639385152,
            -3.6391481545190674,
            5.243563895070709,
            -9.242320637459066,
            22.503961201368416,
            -26.562340702514735,
            -3.909659169080744,
            25.288057299228758,
            -22.512010642388063,
            4.90315960518307,
            10.660900399845286,
            -8.405898503067982,
            13.354280142924392,
            -16.86026085581201,
            -23.163154362571465,
            -26.74879392421167,
            14.727557873331609,
            -26.472568018843408,
            17.00656321591743
        ],
        [
            -19.229332518055084,
            0.27161307029828485,
            18.244524031402612,
            26.673165603435763,
            -10.955561673283668,
            17.323011501999833,
            12.436192888598455,
            19.565282698238946,
            -28.621721152452373,
            16.46226261763518,
            -19.83901068131508,
            5.6802767478706,
            25.238845854833905,
            17.640399810098923,
            -5.091264689172342,
            25.048272019122823,
            16.277824731644785,
            12.741100434000915,
            1.8612077655634494,
            -10.690922307657427,
            5.511003100266677,
            16.537031835618905,
            0.10804847110217258,
            5.594934137448153,
            -5.570197793547708,
            -17.47763153341017,
            1.3943427139561848,
            23.383084501884337,
            -14.89954993816782,
            -25.175869853526137
        ],
        [
            17.084005973527688,
            -13.323502286834493,
            -10.68984764559311,
            -28.03499804292264,
            -8.720739443668826,
            -22.828438916642376,
            -3.1260357377293673,
            -7.32903032159971,
            -4.015792641701337,
            -4.116320962123023,
            17.81310399008488,
            -9.95497802288109,
            -28.56295400367022,
            -24.859520724620047,
            0.7011323160660605,
            -7.724162742748224,
            15.325499423179568,
            -28.605381110655387,
            16.869410846770187,
            21.009974864986873,
            6.072884809029482,
            -21.869859272743046,
            0.1527020552792031,
            13.518959910181227,
            -27.713138924824126,
            -18.445952487186222,
            1.3567248675975812,
            23.148160290684213,
            25.80452625083751,
            -23.22053738095982
        ]
    ]
}