{
    "sampler": "HMC",
    "value": 3,
    "means_array": [
        [
            0.0,
            0.0
        ]
    ],
    "case": "Posterior Samples",
    "dim": 2,
    "samples": [
        [
            1.1636653643903632,
            1.386226556245848
        ],
        [
            -0.9323702065432671,
            -0.4500702241542362
        ],
        [
            -0.7058084447201654,
            1.8999730796359349
        ],
        [
            2.7139619841310667,
            0.4763892384818469
        ]
    ]
}