{
    "run_id": 1,
    "case": "multimodal",
    "dim": 1,
    "means_array": [
        [
            0
        ],
        [
            16
        ]
    ],
    "min_mode": [
        0
    ],
    "max_mode": [
        16
    ],
    "border": [
        4.0
    ],
    "low": [
        -4.0
    ],
    "high": [
        20.0
    ],
    "samples": [
        {
            "posterior": 13.866572463789904
        },
        {
            "posterior": -3.2483464387549237
        },
        {
            "posterior": 17.81007136087429
        },
        {
            "posterior": 9.233522508964938
        }
    ]
}