run_id,mu,sampler,wasserstein_distance,mmd_rff,r_hat,ess,runtime
5,"(5.0, 0.0)",Metro,0.07614436967141808,0.026380111113089962,1.0167863294403818,326.92762818125453,2.125955820083618
5,"(5.0, 10.0)",Metro,1.0637559499008098,0.12670762109787023,2.1033314614468117,5.287883295675497,2.070175886154175
5,"(5.0, 20.0)",Metro,3.254371861464202,0.31003099060539185,1.5370007763424034,7.232578590113632,2.4683399200439453
5,"(5.0, 40.0)",Metro,4.73375683421908,0.1890992663009306,1.7516231772038602,6.105115733906101,2.4162752628326416
5,"(5.0, 5.0)",Metro,0.5143286408771207,0.10365542446985995,1.6987557658379087,6.285472942021796,2.4680864810943604
