run_id,mu,sampler,wasserstein_distance,mmd_rff,r_hat,ess,runtime
14,"(10, 10)",HMC,1.5152898539038666,0.14398523396644128,1.806446475531524,5.854645052520624,4.136825084686279
14,"(2, 2)",HMC,0.1564058125438215,0.022288853676813748,1.0831856053458517,33.83333232872742,4.449746131896973
14,"(20, 20)",HMC,7.598539706808065,0.28610311832010266,1.5302247390432502,7.121898480885181,3.579829454421997
14,"(40, 40)",HMC,5.930813325989654,0.18416920986981633,1.7664266669689892,5.9770152203318645,3.8713862895965576
14,"(5, 5)",HMC,1.5190803523033138,0.12119605852657245,1.3180683184663444,10.200137623869216,3.9980010986328125
