run_id,mu,sampler,wasserstein_distance,mmd_rff,r_hat,ess,runtime
14,"(10, 10)",SMC,0.0753149942108044,0.01568314732749727,1.0001284467109266,7840.1690918038585,3.2046310901641846
14,"(2, 2)",SMC,0.11075901002074792,0.026704621737329407,1.0001060210466746,7917.867729465612,2.2462210655212402
14,"(20, 20)",SMC,0.1064820923497734,0.011818127355331646,0.99971351761152,8074.640004912018,5.701492786407471
14,"(40, 40)",SMC,0.06879005869909748,0.013603681015288617,1.000056281494665,7228.618474347599,6.29150915145874
14,"(5, 5)",SMC,0.17058896800358403,0.02062105606268102,1.0005654940227746,7931.047014933558,3.12162446975708
