{
    "run_id": 1,
    "case": "multimodal",
    "dim": 30,
    "means_array": [
        [
            0.0,
            0.0,
            0.0,
            0.0,
            0.0,
            0.0,
            0.0,
            0.0,
            0.0,
            0.0,
            0.0,
            0.0,
            0.0,
            0.0,
            0.0,
            0.0,
            0.0,
            0.0,
            0.0,
            0.0,
            0.0,
            0.0,
            0.0,
            0.0,
            0.0,
            0.0,
            0.0,
            0.0,
            0.0,
            0.0
        ],
        [
            5.0,
            0.0,
            0.0,
            0.0,
            0.0,
            0.0,
            0.0,
            0.0,
            0.0,
            0.0,
            0.0,
            0.0,
            0.0,
            0.0,
            0.0,
            0.0,
            0.0,
            0.0,
            0.0,
            0.0,
            0.0,
            0.0,
            0.0,
            0.0,
            0.0,
            0.0,
            0.0,
            0.0,
            0.0,
            0.0
        ]
    ],
    "min_mode": [
        0.0,
        0.0,
        0.0,
        0.0,
        0.0,
        0.0,
        0.0,
        0.0,
        0.0,
        0.0,
        0.0,
        0.0,
        0.0,
        0.0,
        0.0,
        0.0,
        0.0,
        0.0,
        0.0,
        0.0,
        0.0,
        0.0,
        0.0,
        0.0,
        0.0,
        0.0,
        0.0,
        0.0,
        0.0,
        0.0
    ],
    "max_mode": [
        5.0,
        0.0,
        0.0,
        0.0,
        0.0,
        0.0,
        0.0,
        0.0,
        0.0,
        0.0,
        0.0,
        0.0,
        0.0,
        0.0,
        0.0,
        0.0,
        0.0,
        0.0,
        0.0,
        0.0,
        0.0,
        0.0,
        0.0,
        0.0,
        0.0,
        0.0,
        0.0,
        0.0,
        0.0,
        0.0
    ],
    "border": [
        20.0,
        20.0,
        20.0,
        20.0,
        20.0,
        20.0,
        20.0,
        20.0,
        20.0,
        20.0,
        20.0,
        20.0,
        20.0,
        20.0,
        20.0,
        20.0,
        20.0,
        20.0,
        20.0,
        20.0,
        20.0,
        20.0,
        20.0,
        20.0,
        20.0,
        20.0,
        20.0,
        20.0,
        20.0,
        20.0
    ],
    "low": [
        -27.32785971016983,
        -29.624644119519452,
        -29.969256463583832,
        -29.671184857297817,
        -30.090386307457152,
        -29.726745627212285,
        -29.933880287364964,
        -30.032284039238345,
        -29.979118405497303,
        -30.360941149502562,
        -30.13362677701938,
        -29.74221668180555,
        -30.26930359584312,
        -29.87998171609309,
        -29.959516520010183,
        -29.877397992590545,
        -30.241741422058247,
        -30.10029947659232,
        -29.703701419012468,
        -30.124758831056738,
        -29.552204236092052,
        -30.090539603971497,
        -30.05291731976918,
        -29.984037178624455,
        -29.946461014385036,
        -30.230802988007106,
        -29.91093516545041,
        -29.29764393698037,
        -29.879412295207533,
        -29.739707392090967
    ],
    "high": [
        32.67214028983017,
        30.375355880480548,
        30.030743536416168,
        30.328815142702183,
        29.909613692542848,
        30.273254372787715,
        30.066119712635036,
        29.967715960761655,
        30.020881594502697,
        29.639058850497438,
        29.86637322298062,
        30.25778331819445,
        29.73069640415688,
        30.12001828390691,
        30.040483479989817,
        30.122602007409455,
        29.758258577941753,
        29.89970052340768,
        30.296298580987532,
        29.875241168943262,
        30.447795763907948,
        29.909460396028503,
        29.94708268023082,
        30.015962821375545,
        30.053538985614964,
        29.769197011992894,
        30.08906483454959,
        30.70235606301963,
        30.120587704792467,
        30.260292607909033
    ],
    "samples": [
        {
            "posterior": [
                26.469815080713726,
                -15.222324143401964,
                -25.534633705984014,
                -2.664774925100488,
                -28.03467709926332,
                2.7189777141200686,
                5.541618435118927,
                -24.872557938731926,
                25.64848350002071,
                13.749114542394555,
                6.509975927443641,
                -1.7899700881019953,
                -7.804490865193117,
                5.865069558142039,
                25.464437904333856,
                22.50259137208147,
                24.726598884734805,
                -26.168054550894688,
                -16.64172027062705,
                -11.723956949649796,
                -7.333287923934549,
                8.93377594006007,
                -19.46111970786262,
                22.11261328317741,
                28.74328318961222,
                10.88685557677357,
                -12.86123064478188,
                16.63681203514838,
                9.005941208341152,
                -11.886752489345913
            ]
        }
    ]
}