{
    "sampler": "HMC",
    "value": 100,
    "means_array": [
        0
    ],
    "case": "Posterior Samples",
    "dim": 1,
    "samples": [
        1.1580523865267642,
        2.740215290247747,
        -0.3795805829623077,
        0.011254192574832586
    ]
}