run_id,mu,sampler,wasserstein_distance,mmd_rff,r_hat,ess,runtime
56,"(0, 0, 0, 0, 0)",SMC,0.03200666550693212,0.021233760719939716,1.000842266063277,3721.421268872653,1.81528902053833
