{
    "sampler": "DEMetro_Z",
    "value": 4,
    "means_array": [
        [
            0.0,
            0.0
        ]
    ],
    "case": "Warmup Samples",
    "dim": 2,
    "samples": [
        [
            42.306491488349735,
            34.70333569384056
        ],
        [
            9.262027245345715,
            4.880854130468109
        ],
        [
            -26.82494652110652,
            26.994724030816286
        ],
        [
            -2.84492761605924,
            13.065178814481827
        ]
    ]
}