run_id,dimension_corr,sampler,wasserstein_distance,mmd_rff,r_hat,ess,runtime
51,2,HMC,0.029140563104860292,0.01898847844366956,1.0017417372861803,3845.7991145663104,1.6124467849731445
51,5,HMC,0.025490611301215847,0.022949656845245917,1.0017671338647625,5889.643386147415,1.675398826599121
51,10,HMC,0.027458421683411265,0.023094006980769945,1.0014668005742362,4904.975311874578,1.8706130981445312
51,15,HMC,0.028770461856358388,0.023251730248981,1.0024952188697636,6167.6948332950615,2.0471153259277344
51,20,HMC,0.02808004654641415,0.022745064019474535,1.007662099710788,7391.802308348741,2.099864959716797
