{
    "sampler": "DEMetro_Z",
    "value": 6,
    "means_array": [
        0,
        6
    ],
    "case": "Posterior Samples",
    "dim": 1,
    "samples": [
        5.091487342110054,
        5.587290412938668,
        5.707244257770351,
        1.0554809995115393
    ]
}