run_id,mu,sampler,wasserstein_distance,mmd_rff,swd_zscore,r_hat,ess,runtime
13,"(10, 10, 10)",DEMetro,2.659773093104465,0.17934292804749408,62.01231701713927,1.0103684695342505,490.9019759449099,3.5184991359710693
13,"(20, 20, 20)",DEMetro,5.419826643936292,0.1563384199494138,52.91288440048868,1.0133423931068337,440.024750008586,3.9295382499694824
13,"(3, 3, 3)",DEMetro,0.1106544777244315,0.05260847183253199,8.935354099091988,1.0435954955676503,294.6063131790213,3.3663909435272217
13,"(6, 6, 6)",DEMetro,1.394440758606064,0.16279792296354248,44.79915544127901,1.0310015437848699,257.63883843569397,3.1542840003967285
