run_id,mu,sampler,wasserstein_distance,mmd_rff,swd_zscore,r_hat,ess,runtime
13,"(10, 10, 10)",HMC,1.8673000643381419,0.11243278213960495,42.95536118473075,1.707453116606227,9.299936081640203,4.818819761276245
13,"(20, 20, 20)",HMC,13.337420659086675,0.36224669288330347,132.36870072909565,1.0010952153192154,7997.958278115258,4.8861916065216064
13,"(3, 3, 3)",HMC,0.034064874947091546,0.01910016467013898,-0.10276453318564256,1.0095718167805987,865.0897079951538,5.23458456993103
13,"(6, 6, 6)",HMC,2.1311739969119476,0.19268609859381294,69.52038754826087,1.612265850026256,9.932154312060698,4.691995620727539
