run_id,mu,sampler,wasserstein_distance,mmd_rff,r_hat,ess,runtime
10,"(5.0, 0.0)",SMC,0.06054260165447729,0.01896668974508326,1.000527770118369,3947.3435409749286,1.795851230621338
10,"(5.0, 10.0)",SMC,0.26441336832781465,0.035296696316123276,0.9998964651859938,3910.1921213502214,2.7803359031677246
10,"(5.0, 20.0)",SMC,0.06127752837436409,0.014947676609341777,1.0013207963359227,3345.2824639633327,3.076998472213745
10,"(5.0, 40.0)",SMC,0.2612059785843936,0.01794015900020392,1.0013160154422402,2826.9337553515775,4.508882999420166
10,"(5.0, 5.0)",SMC,0.04888519367304087,0.01798726036348491,1.0003739291982763,3971.684820012193,2.3948137760162354
