mu,global_avg_wasserstein_distance,global_avg_reference_swd,global_avg_relative_swd,global_avg_swd_zscore,global_avg_r_hat,global_avg_ess,global_avg_runtime,global_avg_wasserstein_distance_std,global_avg_reference_swd_std,global_avg_relative_swd_std,global_avg_swd_zscore_std,global_avg_r_hat_std,global_avg_ess_std,global_avg_runtime_std
"(10, -10)",3.5645001359818287,0.1366663968293299,3.427833739152499,35.889615236686076,1.6441006067671207,6.744518245497581,4.739968180656433,0.9014881846741535,0.0,0.9014881846741531,9.438632836484425,0.15773620862506116,0.8412218202621586,1.1169833656684456
"(20, 20)",9.363581121006323,0.1979460396705157,9.16563508133581,85.7374772495771,1.0099943460484564,612.1160046265661,4.84604275226593,0.35677014174814,0.0,0.35677014174814126,3.3373106871500764,0.0017816919853003565,80.55609687345873,1.5082598715529096
"(5, 5)",3.178103697851393,0.1335199924319339,3.0445837054194587,63.22365873751919,1.082101931062982,39.24322881268154,6.15683913230896,0.5593452046134079,0.0,0.5593452046134079,11.615331931914746,0.015830830456386755,14.808446464264422,1.0017965344503543
"(50, -50)",19.994273188230498,0.4520736508773172,19.542199537353177,70.25815977955168,1.2744718757151574,461.07567997143457,5.313443899154663,1.705108278552351,0.0,1.705108278552351,6.1302091224165745,0.36555054857562297,641.8559847910269,1.3139944257603753
