run_id,nu,sampler,wasserstein_distance,mmd_rff,r_hat,ess,runtime
45,0.5,SMC,6424.042024026554,0.08007188681207539,1.0122086647274415,1205.4863709936128,0.7223567962646484
45,1.0,SMC,2.4171690219763295,0.08950520912370617,1.017853987402096,615.521358179281,0.721820592880249
45,2.0,SMC,0.3174832190772286,0.0833390001621253,1.030066794379456,305.39091187337436,1.517918348312378
45,5.0,SMC,0.18495821765559273,0.077314114043829,1.051633687154318,154.89986411239894,0.7447412014007568
45,10.0,SMC,0.15850222557558935,0.07995442048846467,1.068859137712195,138.8531011126086,0.7589821815490723
45,30.0,SMC,0.1607135484520445,0.08696464903903829,1.0683491263940423,124.01597756964853,0.7392206192016602
45,100.0,SMC,0.14491396132964593,0.08408170655343238,1.085575618290824,109.72307140327874,0.7479274272918701
45,500.0,SMC,0.158547086182691,0.09316643598752805,1.1007612991119928,99.77256114236563,0.7881391048431396
