{
    "sampler": "Metro",
    "value": [
        6,
        0,
        0,
        0,
        0
    ],
    "means_array": [
        [
            0.0,
            0.0,
            0.0,
            0.0,
            0.0
        ],
        [
            6,
            0,
            0,
            0,
            0
        ]
    ],
    "case": "Warmup Samples",
    "dim": 5,
    "samples": [
        [
            2.0250562201024462,
            -3.7852625799476063,
            3.95430396318193,
            -7.95764082929522,
            7.582823826145464
        ],
        [
            13.320206688801065,
            10.57800110312021,
            4.535356846025301,
            -5.915448971350564,
            11.392674248289945
        ],
        [
            7.487263296696406,
            -9.750486923118917,
            -0.44781341161663146,
            -12.347172829755845,
            2.805577162675972
        ],
        [
            -8.164552454592085,
            1.4492501799753565,
            -1.7534122818549136,
            -1.2821845555511215,
            -8.621369653393788
        ]
    ]
}