run_id,nu,sampler,wasserstein_distance,mmd_rff,r_hat,ess,runtime
38,0.5,HMC,1765.939532149776,0.09348294435416706,1.175634137417978,488.938788437819,2.264364242553711
38,1.0,HMC,9.10639460891187,0.020329068286466235,1.0049073194092284,1130.4515358587194,1.480757236480713
38,2.0,HMC,0.32550357063287555,0.02603056845455608,1.0019707559296716,1268.8535780385105,1.4605097770690918
38,5.0,HMC,0.10295929241023719,0.04303540835405048,1.0008416172141172,1490.1978823660054,1.1142761707305908
38,10.0,HMC,0.03547315998664612,0.014980496656377223,1.000389321283717,1821.4565692193783,1.089282751083374
38,30.0,HMC,0.02745742726365271,0.012770816133415212,1.0021822800292646,1718.9187915768432,1.1146526336669922
38,100.0,HMC,0.04281831707875665,0.022652345664275406,1.0016175856651806,2071.868748953641,1.1383941173553467
38,500.0,HMC,0.03156962649979242,0.01351567968374068,1.002245979797432,1795.2401353073592,1.0673737525939941
