run_id,mu,sampler,wasserstein_distance,mmd_rff,r_hat,ess,runtime
27,"(10.0, 0.0)",SMC,0.2078694757267885,0.01791966393982932,1.0004043159239493,7149.655820237706,9.923817157745361
