run_id,dimension_corr,sampler,wasserstein_distance,mmd_rff,r_hat,ess,runtime
28,2,Metro,0.05509890756605228,0.03927175704336062,1.0609802214692996,66.82848926683707,1.206305980682373
28,5,Metro,0.14279535070475616,0.07293216962679851,1.3370977960842225,9.972634846058245,1.3646142482757568
28,10,Metro,0.19264500855111577,0.0706391723405492,1.5006766679403836,7.427618986724099,1.654916763305664
28,15,Metro,0.16960610622899375,0.0802384381333027,1.4353854269360218,8.448700282946193,1.953486680984497
28,20,Metro,0.14149779238852947,0.06490246690316524,1.4250504111653306,8.795754820496997,2.2321078777313232
