run_id,dimension_corr,sampler,wasserstein_distance,mmd_rff,r_hat,ess,runtime
28,2,SMC,0.03469074708228963,0.027062058838699696,1.0007633368063544,3972.756983408016,1.3661081790924072
28,5,SMC,0.026953430000958532,0.01884665373106646,1.0014057493804354,3816.7030662097495,2.0074312686920166
28,10,SMC,0.032452746542835934,0.02617537605286336,1.0010611929141244,4182.252548173374,2.661303997039795
28,15,SMC,0.020534628678397976,0.02092262169470465,1.000254714063756,3850.348108253971,3.54976487159729
28,20,SMC,0.016570282495623548,0.020363439932530026,1.000620213763801,3892.398459939744,4.027155876159668
