mu,mmd_rff_t_stat,mmd_rff_p_value,mmd_rff_paired_cohens_d
"(-8, 0)",7.89064247215189,1.0574731496173655e-08,1.4406276250686398
