mu,ws_t_stat,ws_p_value,ws_paired_cohens_d
"(-8, 0)",7.38004126536599,3.93972092000647e-08,1.3474050254533074
