mu,mmd_rff_t_stat,mmd_rff_p_value,mmd_rff_paired_cohens_d
"(-8, 0)",9.32287369449511,3.1597316812436336e-10,1.7021160744154995
