run_id,mu,sampler,wasserstein_distance,mmd_rff,swd_zscore,r_hat,ess,runtime
2,"(10, 10, 10, 10, 10, 20, 20, 20, 20, 20, 30, 30, 30, 30, 30, 40, 40, 40, 40, 40)",Metro,0.10300564398014574,0.02248774474790435,35.750830236699144,1.0903551889678953,55.97183727531945,3.8801159858703613
