{
    "run_id": 1,
    "case": "unimodal",
    "dim": 2,
    "low": [
        -100,
        -100
    ],
    "high": [
        100,
        100
    ],
    "means_array": [
        [
            0,
            0
        ]
    ],
    "samples": [
        {
            "posterior": [
                44.163761373141455,
                -41.85965893011805
            ]
        }
    ]
}