{
    "sampler": "DEMetro_Z",
    "value": 0.999,
    "means_array": [
        [
            0.0,
            0.0
        ]
    ],
    "case": "Posterior Samples",
    "dim": 2,
    "samples": [
        [
            -0.4735282146065573,
            -0.48128847599963714
        ],
        [
            0.10003536687840586,
            0.09386500424140748
        ],
        [
            1.0742026801729332,
            1.067990944028553
        ],
        [
            1.4035179636041235,
            1.361529108038937
        ]
    ]
}