a,sampler,wasserstein_distance,relative_swd,swd_zscore,r_hat,ess,runtime
1,Metro,0.2876406742663866,0.17518052637041648,3.9527918704997527,1.009385622625517,537.5873219606423,2.442704200744629
2,Metro,0.3546320215338285,0.24836840654986755,4.467798175089589,1.0227875494094572,398.1836136327722,2.3664143085479736
3,Metro,0.3442779952932414,0.21515521936600435,3.6025884006353976,1.0184498363642986,379.2588318734953,1.868492603302002
5,Metro,0.43554358393038517,0.21487712622293018,1.0729180158016904,1.016583930379655,387.17014615281414,2.388439893722534
