run_id,mu,sampler,wasserstein_distance,mmd_rff,r_hat,ess,runtime
6,"(10.0, 0.0)",SMC,0.08855243098134308,0.012418002973911256,1.0000017145920963,7275.703360438362,9.126534700393677
