nu,mmd_rff_t_stat,mmd_rff_p_value,mmd_rff_paired_cohens_d
2.1,-11.886485103372223,1.2825913944017064e-07,-3.431332687075215
3.0,-58.45657352502401,4.5372572892716585e-15,-16.87495923028788
4.0,-50.273200569888914,2.370112893285151e-14,-14.512622941024707
10.0,-35.07578205759982,1.2143360227656753e-12,-10.125506106495951
50.0,-17.647882737085283,2.0364976527082582e-09,-5.094504924441569
