nu,ws_t_stat,ws_p_value,ws_paired_cohens_d
2.1,-2.0843918169085645,0.06123158327464721,-0.6017120882944065
3.0,0.9291107963745662,0.3727714303467028,0.2682111841969217
4.0,-3.775461340508629,0.0030711543498252464,-1.0898818106288413
10.0,-10.808872351727297,3.3804481766229615e-07,-3.1202526809530293
50.0,-13.647450677426088,3.06848140402084e-08,-3.9396796611820464
