nu,ws_t_stat,ws_p_value,ws_paired_cohens_d
2.1,14.890082273437278,1.2313669457787618e-08,4.298396504412344
3.0,-2.6632054786765846,0.022060066932083344,-0.7688012000106061
4.0,-9.150642375953703,1.78139817111148e-06,-2.6415629195074337
10.0,-15.951961518757921,5.953349661780449e-09,-4.604934638478719
50.0,7.493983023227713,1.2090394345281687e-05,2.163326557881503
