nu,mmd_rff_t_stat,mmd_rff_p_value,mmd_rff_paired_cohens_d
2.1,-8.609496483771037,3.2283437349452677e-06,-2.4853475562461727
3.0,-39.16219383886432,3.645451125278355e-13,-11.30515157746231
4.0,-96.20867492530697,1.9101668696162123e-17,-27.77305218325159
10.0,-77.5918996873356,2.027876550723949e-16,-22.398852085708825
50.0,-37.33470348635303,6.144327171396329e-13,-10.77760055398039
