{
    "sampler": "HMC",
    "value": 0.95,
    "means_array": [
        [
            0.0,
            0.0
        ]
    ],
    "case": "Posterior Samples",
    "dim": 2,
    "samples": [
        [
            1.0752995889565327,
            1.206177514546125
        ],
        [
            0.36860530576869116,
            0.4264363434878607
        ],
        [
            3.311457611170235,
            3.6737662127704924
        ],
        [
            -6.583231897782083,
            -7.429897322418855
        ]
    ]
}