{
    "run_id": 1,
    "case": "multimodal",
    "dim": 2,
    "means_array": [
        [
            0.0,
            0.0
        ],
        [
            15.0,
            0.0
        ]
    ],
    "min_mode": [
        0.0,
        0.0
    ],
    "max_mode": [
        15.0,
        0.0
    ],
    "border": [
        60.33657101672941,
        83.63340903566426
    ],
    "low": [
        -88.6377490609122,
        -126.37801426295692
    ],
    "high": [
        92.37196398927603,
        124.52221284403586
    ],
    "samples": [
        {
            "posterior": [
                -34.91172880970269,
                6.111499031012954
            ]
        },
        {
            "posterior": [
                -56.24940602479566,
                -97.52582090114105
            ]
        },
        {
            "posterior": [
                -26.329783612478046,
                -36.99618113741701
            ]
        },
        {
            "posterior": [
                -2.3502541210550305,
                54.313105653568215
            ]
        }
    ]
}