{
    "run_id": 1,
    "case": "unimodal",
    "dim": 2,
    "low": [
        -29.62243396864349,
        -29.685059644410266
    ],
    "high": [
        30.37756603135651,
        30.314940355589734
    ],
    "means_array": [
        [
            0.0,
            0.0
        ]
    ],
    "samples": [
        {
            "posterior": [
                20.58802468613262,
                -25.24586326617678
            ]
        },
        {
            "posterior": [
                21.802053078972975,
                8.621127737134096
            ]
        },
        {
            "posterior": [
                -3.9643860723094093,
                -15.551689258362165
            ]
        },
        {
            "posterior": [
                -0.6198858153483933,
                -1.292947995533467
            ]
        }
    ]
}