{
    "sampler": "Metro",
    "value": 3,
    "means_array": [
        [
            0.0,
            0.0,
            0.0,
            0.0,
            0.0,
            0.0,
            0.0,
            0.0,
            0.0,
            0.0,
            0.0,
            0.0,
            0.0,
            0.0,
            0.0,
            0.0,
            0.0,
            0.0,
            0.0,
            0.0,
            0.0,
            0.0,
            0.0,
            0.0,
            0.0,
            0.0,
            0.0,
            0.0,
            0.0,
            0.0
        ]
    ],
    "case": "Warmup Samples",
    "dim": 30,
    "samples": [
        [
            34.984915162789115,
            49.38177472183224,
            31.771848864902243,
            -4.22645087544019,
            13.061247356178766,
            19.606856264976493,
            30.545580331221803,
            34.17407415324567,
            -14.16043144996219,
            -42.317256678096584,
            24.481473575118493,
            -6.113313630889305,
            -37.12311730933804,
            3.824337496567354,
            1.7170287417568268,
            -31.376766470855273,
            47.19216132164826,
            -10.124996954944788,
            37.36822612295627,
            16.1175456763518,
            -16.256678230140736,
            -16.738881524274607,
            -20.084458374808023,
            -14.47835534965513,
            41.72333897608638,
            28.489364227305806,
            -32.63539649178388,
            39.88324746831701,
            30.896329184304186,
            20.660441378863837
        ],
        [
            -7.141467493981205,
            56.78141999178555,
            -1.6808013329471416,
            -44.560209282953096,
            -14.882805460322032,
            43.335965440087016,
            -23.21099240291558,
            43.115303130280076,
            -51.52142487939826,
            46.82943977575028,
            -11.549948885487114,
            -27.030025360971926,
            47.57308592439007,
            10.176353564915313,
            44.43132783276513,
            34.91401211282701,
            36.92899455995438,
            23.16283292265023,
            -37.844007565885576,
            5.995572117995655,
            20.289443894202037,
            -19.70225507925569,
            -56.651006468216366,
            15.389237968782433,
            32.33093274206248,
            4.670898013860355,
            28.683440362130824,
            -30.040958673087896,
            28.931742407507496,
            7.4234364121780905
        ],
        [
            -16.120043631097516,
            -47.38223677129642,
            28.660421831434526,
            6.616366858372069,
            39.05957975084493,
            16.577069493941952,
            73.06556829013243,
            7.266422789975885,
            -69.29595730111623,
            51.10102517136406,
            -37.14298004002184,
            13.883167017487136,
            20.605967621741087,
            -21.06291297719539,
            46.94574910567482,
            -47.90107687757431,
            3.286285217767549,
            -15.8141372290544,
            -2.8197606111741766,
            39.19689145707023,
            42.7490092404924,
            31.395007566060936,
            -58.210085324860565,
            -23.17787389413939,
            3.6035019739172105,
            35.32195610676427,
            40.389577088856825,
            -16.73675159814113,
            23.65190250849727,
            9.831525877133851
        ],
        [
            -30.546878153653637,
            54.02459028819785,
            -11.377855265817647,
            41.67492813068143,
            -46.13272140774053,
            -4.498190886273746,
            -39.33290494791275,
            -29.75627489739381,
            -38.194344485658135,
            -43.668267866385854,
            33.22661137368587,
            12.993645112856615,
            -49.74198319374361,
            -45.71391895068687,
            -6.958727092077069,
            -50.01251707834396,
            -31.626890938983315,
            -43.30786239718165,
            20.79657440383361,
            -31.032675003539737,
            -5.364805465185014,
            8.277711526759449,
            -54.812058514207514,
            -9.06405742104922,
            -32.27697034500227,
            -29.192420036504945,
            -40.608446614863844,
            -69.77757149105699,
            30.63968045763246,
            47.61387075276767
        ]
    ]
}