run_id,mu,sampler,wasserstein_distance,mmd_rff,swd_zscore,r_hat,ess,runtime
15,"(10, 20)",Metro,0.037773296499411836,0.026263817003102607,1.9775031431222452,1.0067055440854844,1317.7076581963938,1.696972370147705
