nu,mean_rmse_t_stat,mean_rmse_p_value,mean_rmse_paired_cohens_d
2.1,1.7695114921746697,0.10448678052878577,0.510813968170591
3.0,0.8101897951690348,0.43500857954553485,0.233881648167765
4.0,0.2464341550959867,0.8098844374316473,0.07113941289109296
10.0,1.187044733777006,0.26021276113497965,0.34267029829314105
50.0,-0.8164075674948948,0.4315922670683965,-0.23567656443081256
