nu,var_rmse_t_stat,var_rmse_p_value,var_rmse_paired_cohens_d
2.1,-1.1286776579801092,0.28304832910164096,-0.32582117483156625
3.0,-1.6823267486970213,0.1206413400079228,-0.4856459006125666
4.0,-1.1347296450427804,0.28061058797814376,-0.3275682330114489
10.0,1.2791651883135318,0.2271637587670413,0.369263182905408
50.0,1.1303830842655913,0.28235973197010766,0.3263134889940693
