nu,mean_rmse_t_stat,mean_rmse_p_value,mean_rmse_paired_cohens_d
2.1,0.5109356658418684,0.6194944068227557,0.1474944221061917
3.0,5.113872188846822,0.00033667337234566744,1.476247742416027
4.0,4.874125119694562,0.0004914644388280626,1.4070387249597862
10.0,3.7363525031247384,0.003286955145136941,1.0785920617331999
50.0,3.54656431135149,0.00457961005435975,1.0238049299285512
