nu,mean_rmse_t_stat,mean_rmse_p_value,mean_rmse_paired_cohens_d
2.1,0.9711609295613868,0.3523388593241862,0.28035001205435695
3.0,4.035992034986534,0.0019618422118012607,1.1650905439233306
4.0,3.2970289766086607,0.0071154045342598955,0.9517702835855033
10.0,7.0840268518495515,2.034786491052023e-05,2.044982404930938
50.0,4.8984528468294,0.0004727823295311375,1.4140615348648216
