nu,ws_t_stat,ws_p_value,ws_paired_cohens_d
2.1,0.3513650119210969,0.7319522507225416,0.1014303421082307
3.0,3.820664543711912,0.002839875992753149,1.1029308513976657
4.0,3.3102979708621025,0.006949852349077395,0.9556007122875535
10.0,6.683422585739544,3.452183091017209e-05,1.9293379144923755
50.0,5.055865259467001,0.00036866620128294617,1.459502584269875
