{
    "sampler": "Metro",
    "value": 5,
    "means_array": [
        [
            0.0,
            0.0,
            0.0,
            0.0,
            0.0
        ]
    ],
    "case": "Warmup Samples",
    "dim": 5,
    "samples": [
        [
            -83.10537425333914,
            -34.35760463362901,
            -97.75026818616111,
            39.474989858229335,
            -7.895156371256876
        ],
        [
            -51.35184740923468,
            -33.277468302634446,
            -12.941173379745004,
            58.30212514799133,
            66.57278351743697
        ],
        [
            43.169968234606294,
            11.748971400590992,
            -70.98719605048332,
            -23.048295299191647,
            64.98158903605879
        ],
        [
            44.962111346293675,
            -92.12948319781215,
            -98.18889586041439,
            -70.89208551116901,
            -94.44945852409991
        ]
    ]
}