run_id,dimension_corr,sampler,wasserstein_distance,mmd_rff,r_hat,ess,runtime
40,2,Metro,0.1718532473441894,0.055132614181754774,1.0499877205994437,82.7769130493901,1.2362325191497803
40,5,Metro,0.24554390192861905,0.12598578086513126,1.1619588417635414,17.82554968850435,1.3139638900756836
40,10,Metro,0.14065247538577652,0.07275724052172104,1.495271098075318,7.596700911229508,1.6149988174438477
40,15,Metro,0.14593697762223312,0.061563333429566075,1.542059947078512,7.196258397307783,1.9424998760223389
40,20,Metro,0.16140338637982254,0.05967838409759233,1.4498604308678766,8.0814296772765,2.221717357635498
