{
    "sampler": "Metro",
    "value": 10,
    "means_array": [
        [
            8.0,
            0.0
        ],
        [
            6.47213595499958,
            4.702282018339785
        ],
        [
            2.4721359549995796,
            7.608452130361228
        ],
        [
            -2.4721359549995787,
            7.608452130361229
        ],
        [
            -6.472135954999579,
            4.702282018339786
        ],
        [
            -8.0,
            9.797174393178826e-16
        ],
        [
            -6.4721359549995805,
            -4.702282018339784
        ],
        [
            -2.4721359549995805,
            -7.608452130361228
        ],
        [
            2.472135954999578,
            -7.608452130361229
        ],
        [
            6.472135954999579,
            -4.702282018339787
        ]
    ],
    "case": "Posterior Samples",
    "dim": 2,
    "samples": [
        [
            6.01350112903774,
            -5.383896843158094
        ],
        [
            -7.712841973599803,
            -3.8853215027690906
        ],
        [
            -2.9193884291045906,
            6.9436743296085295
        ],
        [
            7.537368628937336,
            -4.478251337057729
        ]
    ]
}