dimension,var_rmse_t_stat,var_rmse_p_value,var_rmse_paired_cohens_d
2,1.111537955318375,0.38205122011478,0.6417467377175501
3,1.3225484191423234,0.3169600894209299,0.7635736858081345
10,1.8942052510242449,0.1986941532382975,1.0936199115792504
30,12.573838332499667,0.006265670478227771,7.259508946015519
50,1.5297230170850973,0.26571389612022756,0.8831859956996475
