dimension,mean_rmse_t_stat,mean_rmse_p_value,mean_rmse_paired_cohens_d
2,3.7188509443083055,0.06530409562162376,2.1470795937724945
3,2.160416916890384,0.1633202208590522,1.2473172885284847
10,2.654040124667296,0.11747114750002347,1.5323107804167315
30,3.186045661793457,0.08599619136013117,1.839464320486892
50,9.281005758371647,0.011411070270176942,5.358391172946337
