{
    "sampler": "HMC",
    "value": 3,
    "means_array": [
        0
    ],
    "case": "Warmup Samples",
    "dim": 1,
    "samples": [
        3.1131771550551317,
        37.174976820565746,
        91.00760023575009,
        46.360949336109066
    ]
}