{
    "sampler": "HMC",
    "value": 3,
    "means_array": [
        [
            0.0,
            0.0,
            0.0,
            0.0,
            0.0,
            0.0,
            0.0,
            0.0,
            0.0,
            0.0,
            0.0,
            0.0,
            0.0,
            0.0,
            0.0,
            0.0,
            0.0,
            0.0,
            0.0,
            0.0,
            0.0,
            0.0,
            0.0,
            0.0,
            0.0,
            0.0,
            0.0,
            0.0,
            0.0,
            0.0
        ]
    ],
    "case": "Warmup Samples",
    "dim": 30,
    "samples": [
        [
            -92.80114825036628,
            -52.375007053063996,
            -42.155956758020956,
            3.357865773644649,
            25.976198696012826,
            88.04622213341493,
            53.29199311882735,
            30.81964847785663,
            -56.43971030715515,
            -35.16205930114389,
            -30.343690945340704,
            -66.69233798902108,
            84.07755151972029,
            82.04986746427502,
            37.44283015554977,
            30.72317565453213,
            81.5844650401796,
            63.46327498103669,
            -34.36212085729655,
            90.33257184880017,
            -46.247917394376685,
            94.37232053670216,
            -83.32331057248304,
            92.54192446205117,
            92.8450668189143,
            12.349406438675395,
            -21.354467749857513,
            -79.72279383135866,
            -46.993417358010205,
            67.2538311285893
        ],
        [
            -76.39218791633634,
            22.199904739996914,
            -21.989360942170524,
            -0.09293133916206535,
            -27.53075313678536,
            11.310468333047664,
            -23.015023202969637,
            -94.12474358838726,
            -1.9418317113811412,
            -96.75369277670674,
            -84.5900186857964,
            43.242191785777976,
            30.646979815034104,
            -74.29337186116159,
            -5.869997375542397,
            -50.13254199693048,
            -51.21632452986818,
            -79.20596206769073,
            -42.22876771261467,
            -12.505592057623799,
            -10.101650203007589,
            33.413002879903246,
            -93.4979779277209,
            31.485110600933105,
            -37.25649671935158,
            -23.601256140897103,
            -84.48628925913778,
            -61.596810741865426,
            -46.357254447934636,
            -55.99461303843311
        ],
        [
            -110.01940445330214,
            -26.476050707257784,
            49.39817904288108,
            34.4311902181577,
            32.65062933779471,
            -73.83857471267697,
            -81.86564149116161,
            -4.071566702674251,
            -47.691151573695535,
            -48.06308386891183,
            -82.09734894672567,
            72.64706736064738,
            74.749836390357,
            -34.56204583549583,
            85.49529004532765,
            -119.99842976180895,
            21.51476561932471,
            19.6386047114207,
            34.85023692655315,
            66.62921166535372,
            26.843135977374168,
            -58.824514820783,
            0.5847004662101938,
            83.9533706673845,
            80.32955302212494,
            85.05086947788027,
            -102.78422181213375,
            19.542226960113894,
            -29.083424413078905,
            -17.995343512055705
        ],
        [
            -92.13260157581719,
            93.34252176291471,
            60.128569800030995,
            -92.08766544589866,
            56.70781262720275,
            -18.619186975829958,
            -53.549050380434295,
            52.159468180456315,
            -6.095098704559349,
            -74.41710842991823,
            1.0430920058821844,
            -47.01334011100385,
            66.70483191120675,
            -58.75466292940982,
            -53.526885013771206,
            50.34312445579111,
            -42.756761448289055,
            62.66749895963219,
            18.920053372795994,
            -58.848521347095144,
            -27.999671185523173,
            -49.32912027622319,
            3.455165093809014,
            34.528135077451864,
            -91.71149390039642,
            23.267880252234335,
            90.21371953610794,
            -28.928792523550058,
            27.848273888791265,
            71.97697885304554
        ]
    ]
}