{
    "sampler": "DEMetro",
    "value": [
        -5,
        0,
        5
    ],
    "means_array": [
        [
            -5,
            0,
            5
        ]
    ],
    "case": "Warmup Samples",
    "dim": 3,
    "samples": [
        [
            -4.862972799863848,
            0.6424684884405389,
            5.3819809657281095
        ],
        [
            -5.34075101414075,
            0.649287956478223,
            3.5736298905681827
        ],
        [
            -5.7527610935414755,
            1.4166582003121966,
            4.417038004493919
        ],
        [
            -4.477845214649056,
            -0.1477452966958111,
            4.508499930800022
        ]
    ]
}