run_id,nu,sampler,wasserstein_distance,mmd_rff,r_hat,ess,runtime
12,0.5,Metro,6761.502212841155,0.04241968495135005,1.0239772455949119,309.89549965058376,0.922431230545044
12,1.0,Metro,18.680567695541598,0.04463911277506238,1.0267124474378555,281.4438143393657,0.9707212448120117
12,2.0,Metro,0.15748959282632416,0.04091759438056202,1.0064959711624628,483.3723581992902,0.9392940998077393
12,5.0,Metro,0.07403109545861296,0.02145012182541196,1.01690287622157,674.8962128553187,1.006742000579834
12,10.0,Metro,0.06229800567313109,0.020055479942909515,1.0063905778497317,820.2254074099319,1.0156760215759277
12,30.0,Metro,0.04034884785793407,0.019991916589764642,1.0063108183039577,982.4069379094877,0.9973046779632568
12,100.0,Metro,0.030168873164165527,0.010737970280803227,1.0030693475190364,1046.0553962452882,0.9919383525848389
12,500.0,Metro,0.04833890520493715,0.024739387046971834,1.0045974549400218,1011.511931102729,0.9506452083587646
