run_id,mu,sampler,wasserstein_distance,mmd_rff,r_hat,ess,runtime
67,"(0, 0, 0, 0, 0)",SMC,0.02877250817555961,0.021428717798304187,1.0014385016414753,3701.627147534719,1.8394403457641602
