{
    "run_id": 1,
    "case": "unimodal",
    "dim": 8,
    "low": [
        -30.174584269822383,
        -30.100687372360902,
        -30.28632174402334,
        -30.350455114995874,
        -29.851446877958466,
        -29.977226655639722,
        -30.376603491129366,
        -30.669758990045224
    ],
    "high": [
        29.825415730177617,
        29.899312627639098,
        29.71367825597666,
        29.649544885004126,
        30.148553122041534,
        30.022773344360278,
        29.623396508870634,
        29.330241009954776
    ],
    "means_array": [
        [
            0.0,
            0.0,
            0.0,
            0.0,
            0.0,
            0.0,
            0.0,
            0.0
        ]
    ],
    "samples": [
        {
            "posterior": [
                -25.1796791854687,
                25.8492559390141,
                28.01576141081584,
                28.304852054745865,
                26.723489075610665,
                16.0890291365717,
                10.348922261618043,
                -5.9290468302261345
            ]
        }
    ]
}