{
    "run_id": 1,
    "case": "unimodal",
    "dim": 10,
    "low": [
        -30.045342068910443,
        -30.182450145162676,
        -30.218069063409846,
        -29.922860003160615,
        -29.974287701809587,
        -30.31055551188796,
        -30.02885406347616,
        -30.134946851766923,
        -29.773567871134553,
        -30.17028337215441
    ],
    "high": [
        29.954657931089557,
        29.817549854837324,
        29.781930936590154,
        30.077139996839385,
        30.025712298190413,
        29.68944448811204,
        29.97114593652384,
        29.865053148233077,
        30.226432128865447,
        29.82971662784559
    ],
    "means_array": [
        [
            0.0,
            0.0,
            0.0,
            0.0,
            0.0,
            0.0,
            0.0,
            0.0,
            0.0,
            0.0
        ]
    ],
    "samples": [
        {
            "posterior": [
                -12.513586886790812,
                17.029337766348284,
                -8.769946623800998,
                -3.4214191460122017,
                2.468935807525881,
                13.740945559516032,
                -1.7853932190213513,
                -24.143736691976628,
                6.472599238463317,
                13.513410999389809
            ]
        }
    ]
}