dimension_corr,global_median_wasserstein_distance,global_median_mmd_rff,global_median_r_hat,global_median_ess,global_median_runtime,global_q25_wasserstein_distance,global_q25_mmd_rff,global_q25_r_hat,global_q25_ess,global_q25_runtime,global_q75_wasserstein_distance,global_q75_mmd_rff,global_q75_r_hat,global_q75_ess,global_q75_runtime,ws_dist_glass_delta,mmd_rff_glass_delta
2,0.02058334616495984,0.012146847050908202,1.0002725553386256,7848.377005263503,2.1437963247299194,0.016532850441068316,0.01010940972917378,1.0001127574928517,7720.950530749364,2.07971453666687,0.023924399414042324,0.01497871227945564,1.000376471424285,7951.204783268298,2.1921738982200623,0.05327147974479306,0.11219340941794184
5,0.019500427114112262,0.014881833378837072,1.000347182921659,7638.43267181185,2.7565579414367676,0.018866283480976274,0.013899316035884674,1.0002258498091712,7439.693514348339,2.7125567197799683,0.02152743126446799,0.015645965329195835,1.0004432291967538,7758.946663728385,3.6520543098449707,-0.19337278117957182,-0.4734829513284819
10,0.019636717845026692,0.01569806054526806,1.0005824278221036,7403.789019082082,3.727456569671631,0.018647238894221152,0.015441162070296817,1.000467041912797,7340.795954570268,3.671049416065216,0.02141867616410327,0.01601435309267329,1.00073062700361,7560.497482187517,3.772411346435547,-0.0907086172805955,0.4183300139302289
15,0.020503110408161728,0.01588762885891588,1.0006847614650916,7388.350415291723,4.618675947189331,0.019177079114075003,0.015538982158979928,1.0005203856489728,7231.313488801568,4.515679955482483,0.02143576988491433,0.016088262080588136,1.0008859271521384,7507.516212930115,5.104869902133942,0.23120901306444827,0.08938605257091914
20,0.01983765649740943,0.01586867649073699,1.0007461045827528,7263.5438740268955,6.352962851524353,0.019015962205027888,0.015446462549185774,1.0006130516107232,7114.043602598391,6.16237074136734,0.02081533857456456,0.016000267975799905,1.0009255010626597,7494.407120486013,7.231844902038574,-0.26760759363610126,0.04340087093050136
