{
    "run_id": 1,
    "case": "unimodal",
    "dim": 15,
    "low": [
        -30.155025191501984,
        -30.041493105713556,
        -30.07637874305898,
        -30.056005239052595,
        -29.920465693897846,
        -29.83179842644176,
        -29.998049560797984,
        -29.849212763123717,
        -29.817338886115017,
        -30.032832240568517,
        -30.161391069991424,
        -29.8062030171385,
        -30.267442002328988,
        -30.31830060690333,
        -29.91403493163118
    ],
    "high": [
        29.844974808498016,
        29.958506894286444,
        29.92362125694102,
        29.943994760947405,
        30.079534306102154,
        30.16820157355824,
        30.001950439202016,
        30.150787236876283,
        30.182661113884983,
        29.967167759431483,
        29.838608930008576,
        30.1937969828615,
        29.732557997671012,
        29.68169939309667,
        30.08596506836882
    ],
    "means_array": [
        [
            0.0,
            0.0,
            0.0,
            0.0,
            0.0,
            0.0,
            0.0,
            0.0,
            0.0,
            0.0,
            0.0,
            0.0,
            0.0,
            0.0,
            0.0
        ]
    ],
    "samples": [
        {
            "posterior": [
                9.745177350509415,
                -15.772681482143478,
                -15.940454717424878,
                2.7190648461884024,
                -10.510475966145783,
                -26.927836264832347,
                -20.533369511897074,
                -7.407824394692071,
                2.5713453919736864,
                -19.47362046623791,
                -4.65539896495677,
                -20.601010921323994,
                -14.266543342070005,
                19.24069356542841,
                -24.077779482126893
            ]
        }
    ]
}