{
    "sampler": "DEMetro_Z",
    "value": 0.9,
    "means_array": [
        [
            0.0,
            0.0
        ],
        [
            10,
            0
        ]
    ],
    "case": "Warmup Samples",
    "dim": 2,
    "samples": [
        [
            5.916503338465404,
            -7.765627123867816
        ],
        [
            2.813593908445517,
            -9.151758619042505
        ],
        [
            15.816761463308428,
            -9.517131316772439
        ],
        [
            -8.718733833512022,
            5.843274675882442
        ]
    ]
}