mu,global_median_wasserstein_distance,global_median_runtime,global_median_ess,global_median_ess_per_sec,global_median_r_hat,global_median_mmd_rff,global_q25_wasserstein_distance,global_q25_runtime,global_q25_ess,global_q25_ess_per_sec,global_q25_r_hat,global_q25_mmd_rff,global_q75_wasserstein_distance,global_q75_runtime,global_q75_ess,global_q75_ess_per_sec,global_q75_r_hat,global_q75_mmd_rff,ws_mcmc_mean,ws_iid_mean,ws_iid_std,mmd_rff_mcmc_mean,mmd_rff_iid_mean,mmd_rff_iid_std,ws_glass_delta,ws_t_stat,ws_p_value,mmd_rff_glass_delta,mmd_rff_t_stat,mmd_rff_p_value
"(-20, 0, 0, 0, 0)",0.11742073007883724,4.2465410232543945,3702.2264691278915,840.0741478000249,1.000884468094629,0.011143894597643908,0.10061691824748746,4.128239572048187,3534.6163982028675,764.6441679604853,1.000705156963135,0.009026861291423442,0.1554996312120031,4.777000248432159,3774.267824983477,882.3670381382276,1.0011741871899877,0.017372585445508706,0.12792897433169712,0.11651942176162663,0.04107560349473009,0.01273630105447233,0.011195440176009156,0.004865372689641728,0.2777695663445164,1.0972542200538202,0.2770722778248624,0.316699454852376,1.1966061727002162,0.23633987224330022
