mu,ws_t_stat,ws_p_value,ws_paired_cohens_d
"(-20, 0, 0, 0, 0)",18.714493765982112,9.857430991067107e-18,3.4167834626394034
