mu,mmd_rff_t_stat,mmd_rff_p_value,mmd_rff_paired_cohens_d
"(-20, 0, 0, 0, 0)",-5.804749176664384,2.724910505363117e-06,-1.0597973549062079
