mu,mmd_rff_t_stat,mmd_rff_p_value,mmd_rff_paired_cohens_d
"(-20, 0, 0, 0, 0)",21.285734957833274,3.013619904478437e-19,3.8862257298271867
