run_id,mu,sampler,wasserstein_distance,mmd_rff,r_hat,ess,runtime
50,"(0, 0, 0, 0, 0)",SMC,0.0423729153651478,0.02238366414673463,0.9999634834454655,3673.933746460584,2.209949254989624
