run_id,dimension_corr,sampler,wasserstein_distance,mmd_rff,r_hat,ess,runtime
5,2,HMC,0.06835726118939518,0.03517665953301169,1.0020654184169202,1096.1976738841083,1.9287002086639404
5,5,HMC,0.06649985522801524,0.030417577025351028,1.0070682816327627,697.3919453184999,2.168184280395508
5,10,HMC,0.039149125643198876,0.02536541820468188,1.0150237544499054,318.5520931116506,2.3250365257263184
5,15,HMC,0.057239764266818295,0.02648646728825477,1.0085316399184212,300.6857258332687,2.4579391479492188
5,20,HMC,0.04940924089852479,0.02973433789744436,1.013484539433503,238.42040490128375,2.4194579124450684
