run_id,dimension_corr,sampler,wasserstein_distance,mmd_rff,r_hat,ess,runtime
5,2,Metro,0.03294201915197438,0.029742129503158868,1.0436481256775347,67.58396645059095,1.526503086090088
5,5,Metro,0.11283599619494757,0.054307308268526186,1.1960270063449907,16.112382024017247,1.3522028923034668
5,10,Metro,0.25517135943880137,0.13809851583381708,1.4154720502764013,8.965304812677047,1.6439592838287354
5,15,Metro,0.37684607692869193,0.09209627644879625,1.8643324617628338,5.795831034874057,1.955017328262329
5,20,Metro,0.32359053986633496,0.07247089407728853,1.480192239908207,7.695221769783493,2.567563056945801
