{
    "run_id": 1,
    "case": "unimodal",
    "dim": 2,
    "low": [
        -100.0,
        -100.0
    ],
    "high": [
        100.0,
        100.0
    ],
    "means_array": [
        [
            0.0,
            0.0
        ]
    ],
    "samples": [
        {
            "posterior": [
                -28.613971688743888,
                -66.95380560693988
            ]
        },
        {
            "posterior": [
                82.27272519915715,
                -99.92930413093539
            ]
        },
        {
            "posterior": [
                48.851671218950344,
                -72.54148505720501
            ]
        },
        {
            "posterior": [
                82.91969622520566,
                86.2076341475977
            ]
        }
    ]
}