run_id,mu,sampler,wasserstein_distance,mmd_rff,r_hat,ess,runtime
36,"(0, 0, 0, 0, 0)",Metro,0.030546791304776576,0.026220333042152398,1.0115592797211508,247.953431140936,1.2548611164093018
