{
    "run_id": 1,
    "case": "unimodal",
    "dim": 2,
    "low": [
        -29.602755121230693,
        -29.79101855220157
    ],
    "high": [
        30.397244878769307,
        30.20898144779843
    ],
    "means_array": [
        [
            0.0,
            0.0
        ]
    ],
    "samples": [
        {
            "posterior": [
                -1.8558609525773235,
                -26.330582656976123
            ]
        },
        {
            "posterior": [
                -13.259416868402948,
                12.50868146756158
            ]
        },
        {
            "posterior": [
                9.216355560786198,
                -1.6836728458600092
            ]
        },
        {
            "posterior": [
                22.58713462775355,
                -3.458502857978555
            ]
        }
    ]
}