{
    "sampler": "DEMetro_Z",
    "value": 12,
    "means_array": [
        [
            -1.3645352904839143,
            0.0,
            0.0,
            0.0,
            0.0,
            0.0,
            0.0,
            0.0,
            0.0,
            0.0,
            0.0,
            0.0,
            0.0,
            0.0,
            0.0,
            0.0,
            0.0,
            0.0,
            0.0,
            0.0,
            0.0,
            0.0,
            0.0,
            0.0,
            0.0,
            0.0,
            0.0,
            0.0,
            0.0,
            0.0
        ],
        [
            1.3645352904839143,
            0.0,
            0.0,
            0.0,
            0.0,
            0.0,
            0.0,
            0.0,
            0.0,
            0.0,
            0.0,
            0.0,
            0.0,
            0.0,
            0.0,
            0.0,
            0.0,
            0.0,
            0.0,
            0.0,
            0.0,
            0.0,
            0.0,
            0.0,
            0.0,
            0.0,
            0.0,
            0.0,
            0.0,
            0.0
        ]
    ],
    "case": "Posterior Samples",
    "dim": 30,
    "samples": [
        [
            -11.120421061139416,
            -6.374671674006776,
            -3.102236795192479,
            20.388379764269036,
            -12.880748891979902,
            -4.692151733207558,
            -10.849215988012556,
            5.061462109256467,
            17.122666692455347,
            -0.7685289292953774,
            -17.1940197380646,
            4.915884550775007,
            -6.531856987896547,
            0.7587538064641167,
            -3.61709136868426,
            -0.1561166851988194,
            -21.85295249521242,
            -13.418925019621064,
            5.900469566578786,
            6.69218955268091,
            -18.01872301727817,
            -23.64302549690883,
            -16.665763575543863,
            10.665068915183054,
            -15.66797927430772,
            -23.072778666940835,
            -30.299736005524665,
            6.457842238826813,
            3.78480043984949,
            -14.395460203847742
        ],
        [
            -12.25757817908469,
            -20.207527290968493,
            5.087568199848951,
            -1.1548215015761425,
            -20.845957838938478,
            9.431167125958508,
            -20.656888609798653,
            -16.480097845585565,
            -7.490552401067257,
            -6.129697288217519,
            -20.074676574617115,
            -5.643153734222782,
            -9.583091289845857,
            -19.08629677029414,
            19.128604775915836,
            8.240170832532069,
            -1.0636911956226351,
            -5.401454825423581,
            -7.484248162647847,
            -7.760351168282334,
            -2.974333112968597,
            4.93364024908063,
            9.295899634149022,
            -1.943947114197146,
            5.038976589763741,
            5.901627323685675,
            -10.91931488625833,
            -2.00954445229664,
            -15.552564536156599,
            -10.714136041626535
        ],
        [
            4.259985402364051,
            8.906659705473722,
            -29.39566254595373,
            -0.1593466267861689,
            -10.574032667877997,
            8.105615502208472,
            -8.841583607253384,
            -5.7279644882559575,
            11.577633026741903,
            3.243699591204904,
            -5.775051352297962,
            14.086547460092724,
            20.08459829117171,
            -1.0919109405864356,
            -5.549317748973541,
            12.564541083540243,
            12.85637989555294,
            -12.490648546524522,
            -7.412762342009311,
            21.644275952644605,
            27.427431395363108,
            20.720363683877622,
            17.62828386949318,
            0.9185140236906747,
            8.07782585285965,
            24.042756446038208,
            3.5160709913178443,
            -15.479018650044637,
            9.480771896483734,
            8.204824703364922
        ],
        [
            -17.343497208437686,
            14.95422435136433,
            -2.328829954143986,
            25.725717403498404,
            13.752486381883754,
            12.74308126858921,
            -2.542050330892336,
            -1.7190413706449408,
            20.750410034154104,
            21.031311363621295,
            18.936635963819256,
            -3.8552957693228787,
            3.3756565563556538,
            18.623335914690667,
            -15.198655456252112,
            -23.688354809840956,
            -12.602456690755732,
            -6.085204538185536,
            26.167416581984025,
            11.10483251143391,
            -4.502498592885998,
            9.529752102982119,
            -6.862505360228619,
            15.086728634123128,
            -2.4476546865719566,
            -1.3185287349969128,
            9.035167221801377,
            19.91007623559271,
            -9.299823253415163,
            4.3217532493922075
        ]
    ]
}