run_id,mu,sampler,wasserstein_distance,mmd_rff,r_hat,ess,runtime
58,"(5.0, 0.0)",Metro,0.23011395097910387,0.04041714207185953,1.0244297881243518,276.13961006561027,2.0856847763061523
58,"(5.0, 10.0)",Metro,3.20041487592842,0.3506903222529655,1.2021206713362556,14.453551368602904,2.4460132122039795
58,"(5.0, 20.0)",Metro,1.9215537590311758,0.10745749659085695,2.411280285396553,4.908592041284212,2.1480469703674316
58,"(5.0, 40.0)",Metro,9.955182840348572,0.3476354583324952,1.1596370925081967,17.95103792253222,2.4289963245391846
58,"(5.0, 5.0)",Metro,1.3362527571395553,0.2154915816199328,1.1746646206947953,16.1014981090022,2.46384859085083
