{
    "sampler": "HMC",
    "value": [
        0.0,
        0.0,
        -5.163978,
        0.0,
        0.0
    ],
    "means_array": [
        [
            0.0,
            0.0,
            -5.163978,
            0.0,
            0.0
        ],
        [
            0.688077,
            -0.084829,
            1.032796,
            -4.990158,
            0.466562
        ],
        [
            4.394785,
            0.327205,
            1.032796,
            1.714687,
            -1.799625
        ],
        [
            -2.468947,
            4.239863,
            1.032796,
            0.780392,
            -0.958567
        ],
        [
            -2.468947,
            -3.631096,
            1.032796,
            0.780392,
            -2.38965
        ],
        [
            -0.144968,
            -0.851142,
            1.032796,
            1.714687,
            4.681281
        ]
    ],
    "case": "Posterior Samples",
    "dim": 5,
    "samples": [
        [
            -2.421768866659392,
            3.453830374199851,
            1.4719101638763563,
            0.15252065751919663,
            -2.659032668342438
        ],
        [
            -9.871735474615911e-05,
            -1.8930511567104646,
            1.3587840289532958,
            1.1530054715789568,
            4.487101091480609
        ],
        [
            1.3090705228774,
            -1.0495251267936279,
            -4.176501848481092,
            1.0482145239278067,
            0.9504361263307093
        ],
        [
            -1.5343851300118658,
            -1.1822560624692537,
            -0.1288761827123872,
            4.008119785818673,
            5.379263253872463
        ]
    ]
}