run_id,mu,sampler,wasserstein_distance,mmd_rff,r_hat,ess,runtime
3,"(0, 0, 0, 0, 0)",Metro,0.061331214232897,0.029352851608515217,1.0064359832243672,203.95784618291472,1.3126420974731445
