{
    "sampler": "HMC",
    "value": 8,
    "means_array": [
        [
            0.0,
            0.0,
            0.0,
            0.0,
            0.0,
            0.0,
            0.0,
            0.0
        ]
    ],
    "case": "Posterior Samples",
    "dim": 8,
    "samples": [
        [
            0.16446785356728644,
            0.2804511543521025,
            -0.21340793519036458,
            -0.2275352548401963,
            -0.19808055452896356,
            -0.16143859343189598,
            -0.17357912323380129,
            0.10019121168718559
        ],
        [
            -1.7432429708805108,
            -1.5304935995510824,
            -1.2555012180652712,
            -1.3385607574705065,
            -1.634799255861191,
            -1.3316215897178336,
            -1.3873599210675907,
            -1.306937983489046
        ],
        [
            1.3349837857043612,
            1.2279389552840623,
            1.319996071513251,
            1.5825693136765915,
            1.7733385257317809,
            1.2201621007022796,
            1.6301614379402738,
            1.5586501546161478
        ],
        [
            2.508723836906458,
            2.206761946511539,
            1.9659536201231635,
            2.3094671158432685,
            2.0335606266302557,
            2.203637954525546,
            2.4100160292525152,
            1.892191802823911
        ]
    ]
}