{
    "sampler": "Metro",
    "value": 8,
    "means_array": [
        [
            0.0,
            0.0
        ],
        [
            -7.925551757881356,
            -1.088866076771492
        ]
    ],
    "case": "Warmup Samples",
    "dim": 2,
    "samples": [
        [
            0.37189041223221553,
            -26.417678810911504
        ],
        [
            -12.350336189679535,
            -13.623289934046984
        ],
        [
            21.31527208561632,
            -18.777689750765333
        ],
        [
            -25.54239543117507,
            -11.334466253974643
        ]
    ]
}