run_id,mu,sampler,wasserstein_distance,mmd_rff,r_hat,ess,runtime
29,"(10.0, 0.0)",HMC,3.1241472759766786,0.3856595472278123,2.410410955167851,4.87064500658483,7.951136112213135
