{
    "sampler": "Metro",
    "value": 4,
    "means_array": [
        0,
        4
    ],
    "case": "Warmup Samples",
    "dim": 1,
    "samples": [
        4.460164311614392,
        12.364905641124743,
        -8.284778484895769,
        -3.2075813290218944
    ]
}