mu,sampler,wasserstein_distance,r_hat,ess,runtime
"(-10, 10)",DEMetro,0.022720666083172282,1.0028889414190731,5031.826640485691,8.957401514053345
"(0, 0)",DEMetro,0.013826814457422693,1.0034327940128753,5325.984349332223,8.39280104637146
"(20, -20)",DEMetro,0.013994813372883153,1.0041816683887348,5459.792362054973,8.520680665969849
"(50, -50)",DEMetro,0.0149998957891114,1.0030797345197298,5349.0779236876115,8.650039434432983
