{
    "run_id": 1,
    "case": "unimodal",
    "dim": 30,
    "low": [
        -0.17543957141744038,
        -0.25716847476598126,
        0.3119470619108071,
        0.035947112307699314,
        -0.37654709991464586,
        9.86281110120607,
        9.68072602329547,
        9.785553797934696,
        9.892713989408772,
        9.989368429932036,
        19.943316137806704,
        20.061070539642795,
        20.364812494641342,
        20.045891947642865,
        20.247053651973246,
        29.86265845857408,
        30.234727672818934,
        29.874604189599822,
        29.97191605386547,
        30.222096590179447,
        39.9940773392931,
        39.72356688512848,
        39.93658494110544,
        39.90934389637593,
        39.93968771956322,
        49.89071051116922,
        50.15066489618219,
        49.903659047614454,
        49.92228636223233,
        49.572631987665616
    ],
    "high": [
        19.824560428582558,
        19.742831525234017,
        20.311947061910807,
        20.0359471123077,
        19.623452900085354,
        29.86281110120607,
        29.68072602329547,
        29.785553797934696,
        29.892713989408772,
        29.989368429932036,
        39.943316137806704,
        40.0610705396428,
        40.36481249464134,
        40.045891947642865,
        40.247053651973246,
        49.86265845857408,
        50.234727672818934,
        49.87460418959982,
        49.97191605386547,
        50.22209659017945,
        59.9940773392931,
        59.72356688512848,
        59.93658494110544,
        59.90934389637593,
        59.93968771956322,
        69.89071051116922,
        70.15066489618219,
        69.90365904761445,
        69.92228636223233,
        69.57263198766562
    ],
    "means_array": [
        [
            10,
            10,
            10,
            10,
            10,
            20,
            20,
            20,
            20,
            20,
            30,
            30,
            30,
            30,
            30,
            40,
            40,
            40,
            40,
            40,
            50,
            50,
            50,
            50,
            50,
            60,
            60,
            60,
            60,
            60
        ]
    ],
    "samples": [
        {
            "posterior": [
                15.691676531235048,
                9.578452188009365,
                1.0894954444423615,
                5.354034429369601,
                16.114237314323102,
                11.270250870639046,
                23.026527543933195,
                27.746021704133586,
                17.53445344777262,
                22.223896684977678,
                22.445658162190576,
                38.16545958821123,
                24.03886160370054,
                29.91499839326147,
                27.520080920729775,
                49.616366084515384,
                42.70846660916051,
                37.22716078652694,
                47.1695615493752,
                48.811702881650994,
                47.89404450181435,
                59.195928854216604,
                51.918259088071224,
                52.35625041320713,
                56.279905828203894,
                64.99600465158676,
                57.72777795975948,
                61.3004012397723,
                53.71799948864673,
                65.53960391242543
            ]
        },
        {
            "posterior": [
                6.6405952052576875,
                13.1431020405997,
                1.772788557846872,
                13.727710300448965,
                8.645173234521424,
                14.711311903797583,
                11.523318465365545,
                19.502836705139494,
                29.768239888575554,
                10.570804346628595,
                31.985857567977945,
                24.190547951251247,
                35.75322689650417,
                33.62328111188154,
                26.71198658042146,
                34.64708699171905,
                37.40639922354676,
                42.459835171581695,
                44.819973535164976,
                36.61177430504006,
                48.56788440743013,
                52.97412821224839,
                49.67182228163705,
                59.33823872128525,
                51.64854656566261,
                60.10368824841257,
                61.040544490988864,
                58.13132686437997,
                65.79963880102889,
                57.67340748998592
            ]
        },
        {
            "posterior": [
                2.5947997562380722,
                9.405393710043748,
                18.58406257525424,
                9.59865285258675,
                18.363483941319654,
                18.061902729514692,
                27.21585061819292,
                19.885917537024792,
                20.73991243767013,
                21.77945887223205,
                26.786255931552923,
                21.06334788346017,
                24.581002868532778,
                36.89045239935896,
                25.239648408543097,
                35.128048041931486,
                40.05509058587993,
                39.4107853250855,
                45.679597452545906,
                48.35478113166509,
                54.28199000039085,
                43.894131741411925,
                58.914120446319714,
                43.82169134328913,
                56.42656953524312,
                66.42683296580951,
                51.49679431389112,
                65.78236191159264,
                51.36696446945759,
                65.9805945715613
            ]
        },
        {
            "posterior": [
                0.40434934610094864,
                11.10476037679498,
                1.2734717800175637,
                17.45789743324822,
                2.9855018740177486,
                10.383564083079495,
                26.95929639512214,
                29.660976674269573,
                25.757936235519786,
                27.11855632770614,
                32.55123280845896,
                31.3144132823439,
                24.15449194286792,
                26.42265259419547,
                23.305589197661458,
                35.84331286538193,
                30.891052090191565,
                48.597858018695796,
                45.54545472135475,
                45.32973165934311,
                56.09486439328389,
                56.684036970299466,
                47.59860022840009,
                45.939762025663356,
                51.943569093408854,
                69.74815953752179,
                65.62712012602071,
                64.4778448368594,
                65.01043193437974,
                60.14911471650463
            ]
        }
    ]
}