{
    "sampler": "HMC",
    "value": 12,
    "means_array": [
        [
            0.0,
            0.0,
            0.0,
            0.0,
            0.0,
            0.0,
            0.0,
            0.0,
            0.0,
            0.0,
            0.0,
            0.0
        ]
    ],
    "case": "Warmup Samples",
    "dim": 12,
    "samples": [
        [
            -14.873877875568155,
            -10.694116056322038,
            -5.379488141136286,
            -15.31750132306553,
            -11.72423044886536,
            -5.138116247893311,
            -16.846879535265632,
            8.687764803102688,
            9.74870398463764,
            12.661677330737096,
            -0.7374421819588758,
            13.181896130487921
        ],
        [
            0.47144012706147437,
            -1.6256136017546017,
            0.6171285693867561,
            -1.4118131690239986,
            -1.9368467730240095,
            -2.64590512402964,
            -4.020903519730132,
            0.9628777454676007,
            -1.0612499684605956,
            -3.144211403418683,
            -3.0932498335325507,
            -1.2142656602370034
        ],
        [
            -22.00559888929748,
            2.763538606399745,
            25.99626204382194,
            -4.854927290872459,
            -15.074417008317278,
            -9.234094981734039,
            12.037038900952139,
            4.484539882242247,
            20.324901713438308,
            26.31888667330907,
            -19.010136820168047,
            -18.154060328051443
        ],
        [
            -7.918183581353815,
            -12.449494833666511,
            14.328085394229548,
            -24.748297710754912,
            -9.86244748091727,
            -12.622739760885816,
            -6.221505667629848,
            -0.09456041283678417,
            7.650258300214298,
            5.728470958219211,
            -28.20038113698471,
            -25.42276528464139
        ]
    ]
}