{
    "run_id": 1,
    "case": "unimodal",
    "dim": 2,
    "low": [
        -41.6311283060315,
        -35.60898279949015
    ],
    "high": [
        32.82628846901513,
        30.043483468062238
    ],
    "means_array": [
        [
            0.0,
            0.0
        ]
    ],
    "samples": [
        {
            "posterior": [
                -22.80795851656956,
                11.344189078319324
            ]
        },
        {
            "posterior": [
                31.838937723507314,
                -23.76253358707904
            ]
        },
        {
            "posterior": [
                17.401369536763717,
                -18.880259852700927
            ]
        },
        {
            "posterior": [
                3.3575957992302605,
                24.993252482027323
            ]
        }
    ]
}