{
    "sampler": "DEMetro_Z",
    "value": 30,
    "means_array": [
        [
            0.0,
            0.0,
            0.0,
            0.0,
            0.0,
            0.0,
            0.0,
            0.0,
            0.0,
            0.0,
            0.0,
            0.0,
            0.0,
            0.0,
            0.0,
            0.0,
            0.0,
            0.0,
            0.0,
            0.0,
            0.0,
            0.0,
            0.0,
            0.0,
            0.0,
            0.0,
            0.0,
            0.0,
            0.0,
            0.0
        ]
    ],
    "case": "Warmup Samples",
    "dim": 30,
    "samples": [
        [
            -4.405511720709513,
            -5.842711884234451,
            2.4550923098157984,
            5.96706364614378,
            4.267018167489133,
            -0.7366432750618875,
            -8.836875183615287,
            -7.7490915582874775,
            4.003138633695117,
            7.536981729639616,
            8.569936987745768,
            9.652663828485323,
            -8.65126573606048,
            -3.6901100350161546,
            -7.301579958820294,
            8.367499442012356,
            -2.187150171845326,
            5.522704678231771,
            1.9420035628132803,
            -7.4763317922384065,
            -1.3244968478957744,
            9.0775630586092,
            9.068711549485526,
            6.114908378252987,
            -4.1296951348402375,
            -3.7349131004708185,
            1.5386346587162276,
            7.414861638293763,
            -9.017054175447889,
            6.837542554303599
        ],
        [
            3.4201020824106223,
            9.179347000419925,
            -3.267262959458772,
            -3.1467837836862627,
            1.6882689538655415,
            8.455277053865036,
            -5.214455653119909,
            -7.94164287835605,
            0.3962553051549643,
            2.7810701834019254,
            3.110526392386197,
            1.7033716037048738,
            -4.648456533896248,
            -1.054020683215418,
            -8.301404029476322,
            -4.756883981792167,
            -9.618448926792013,
            -4.714448466356742,
            9.519680788003503,
            0.21209551485103434,
            -7.516664821773171,
            -6.910242121547438,
            7.705747836445434,
            1.043878370810736,
            0.7327861626687886,
            5.216929162104598,
            -7.375447647898155,
            -7.40428589022173,
            8.394169495468551,
            6.430648408958251
        ],
        [
            -4.759263591529105,
            -0.029298389541078933,
            2.208390143507559,
            0.4623355848727794,
            -4.217892877742003,
            1.8336827720764728,
            5.143022154036637,
            0.15836099774592274,
            -4.7465701826212765,
            -1.4741088038891899,
            -5.4559866033259485,
            8.115555442853037,
            -3.289711162614332,
            -3.564433979202577,
            -5.420667636373114,
            -2.5772919114853425,
            -3.3452391080810604,
            -1.384169632114792,
            3.4374156441583064,
            6.14643156654791,
            1.2876096634424683,
            5.2760949305948035,
            -3.919217402828329,
            1.5586601557831212,
            8.116681791948476,
            -1.0693301588450534,
            -7.588380127431232,
            -4.170246157506918,
            -0.1334814770184,
            1.646966945429018
        ],
        [
            -2.0979492648022666,
            -7.220113767106817,
            3.8539582880821524,
            -9.948649483821256,
            -7.728642631526054,
            -6.967653449301527,
            8.436106042512975,
            2.7447969338011426,
            3.040926461701898,
            -0.056916572346611766,
            -7.552974657066958,
            -1.8029496872504533,
            -7.276629703721535,
            -7.591404944684311,
            -5.635646897393292,
            4.042237416013175,
            -8.3540061112049,
            -7.77464817446069,
            -1.6363156854516658,
            -8.63686915084696,
            -4.869930458910943,
            8.240409889580695,
            3.3592274006565246,
            4.135667944728489,
            5.291713894960952,
            5.821064549838942,
            -1.9137458517411112,
            -8.290354754395665,
            -6.674247144646118,
            2.4174896179240517
        ]
    ]
}