run_id,mu,sampler,wasserstein_distance,mmd_rff,swd_zscore,r_hat,ess,runtime
2,"(10, 10, 10, 10, 10, 20, 20, 20, 20, 20, 30, 30, 30, 30, 30, 40, 40, 40, 40, 40)",DEMetro,4.114915955260236,0.40722307830449395,1836.1949355687232,49.580274955572946,6.051586903362815,2.060164213180542
