{
    "sampler": "Metro",
    "value": 2,
    "means_array": [
        [
            0.0,
            0.0
        ]
    ],
    "case": "Warmup Samples",
    "dim": 2,
    "samples": [
        [
            -4.516863322285613,
            -14.059170662614353
        ],
        [
            -3.417027766145768,
            -25.43214180633901
        ],
        [
            -17.51188552752709,
            -16.499998758546877
        ],
        [
            10.61849412663399,
            19.69249535951095
        ]
    ]
}