run_id,nu,sampler,wasserstein_distance,mmd_rff,r_hat,ess,runtime
20,0.5,Metro,6862.394293688552,0.04134447232020727,1.0262305012407005,292.8281293824176,1.2786097526550293
20,1.0,Metro,5.771819334640792,0.030754599569664618,1.0174393588558763,291.2871933316252,1.0108397006988525
20,2.0,Metro,0.23550209468286515,0.039617865051014514,1.0151328163632152,570.2487985193279,1.018129587173462
20,5.0,Metro,0.09719672355242348,0.0326698790527936,1.0047957180329616,769.0042326355989,0.9750020503997803
20,10.0,Metro,0.05220386842143512,0.025040776723189783,1.0021423300155876,873.225866734873,0.9824333190917969
20,30.0,Metro,0.04205099667592247,0.024620187976953457,1.001776642335281,888.6255933264658,0.9668903350830078
20,100.0,Metro,0.0591356261936516,0.02784557293720305,1.0052818290330932,867.2415124008505,1.0047383308410645
20,500.0,Metro,0.05111823263274535,0.029253086124343776,1.004224063155512,902.5411895016778,0.9857063293457031
