{
    "sampler": "DEMetro_Z",
    "value": [
        15,
        0
    ],
    "means_array": [
        [
            0.0,
            0.0
        ],
        [
            15,
            0
        ]
    ],
    "case": "Posterior Samples",
    "dim": 2,
    "samples": [
        [
            13.337517144503678,
            -0.8398861445209308
        ],
        [
            15.388870155408943,
            0.1602862597544967
        ],
        [
            -2.6315157741482937,
            -2.3709132113853886
        ],
        [
            0.8850546330632811,
            0.4061080019000469
        ]
    ]
}