run_id,mu,sampler,wasserstein_distance,mmd_rff,swd_zscore,r_hat,ess,runtime
15,"(10, 10, 20, 30, 30)",DEMetro,1.2425418368412429,0.4252311269059228,390.7258119022365,3.980033308471031,6.6074065577456915,2.065863609313965
