{
    "run_id": 1,
    "case": "unimodal",
    "dim": 18,
    "low": [
        -107.36194783568013,
        -56.74052429810964,
        -35.52726195180412,
        -37.94283218102203,
        -32.928511986961695,
        -38.19158110064114,
        -52.61910304455896,
        -145.85640697438416,
        -36.906728966555136,
        -108.62410225588027,
        -67.58835094662129,
        -66.19275374358905,
        -42.60494965847804,
        -29.58848903392671,
        -61.360864731502275,
        -43.90038004359542,
        -85.4617594320793,
        -50.993386997279536
    ],
    "high": [
        99.74407046804515,
        25.698488114072678,
        69.85754221030999,
        33.919529116678355,
        55.503544528559054,
        121.85010811210495,
        24.71177191057022,
        63.30239273510723,
        34.15636675818635,
        31.683385660087882,
        38.68473512729237,
        24.339007361489205,
        40.81367617989259,
        41.64796798945127,
        75.10370880711571,
        32.244715653654275,
        27.374017413885483,
        39.14218066143638
    ],
    "means_array": [
        [
            0.0,
            0.0,
            0.0,
            0.0,
            0.0,
            0.0,
            0.0,
            0.0,
            0.0,
            0.0,
            0.0,
            0.0,
            0.0,
            0.0,
            0.0,
            0.0,
            0.0,
            0.0
        ]
    ],
    "samples": [
        {
            "posterior": [
                -91.41759118999194,
                -56.47498386993841,
                61.797281352634386,
                22.066809800749986,
                51.32405529258156,
                16.856945173410956,
                -24.645352274385363,
                -142.61039250543755,
                11.913171594581371,
                -17.842220187402376,
                -65.95528787717765,
                -58.90655336201495,
                -18.505890817918292,
                9.720481442753165,
                8.669709973270756,
                -7.947060196900104,
                -10.151127716934127,
                -34.148588206961044
            ]
        },
        {
            "posterior": [
                -40.82392300139625,
                -28.604717164266457,
                33.61115932757727,
                15.587355762531672,
                21.81554355736305,
                111.25340474747293,
                -52.27363841870887,
                -48.59730461310582,
                14.25482679503294,
                -89.77610883108039,
                3.2533198122739577,
                -37.300414658818106,
                24.803463392153112,
                31.759285785213297,
                27.541836322948782,
                27.456178954849392,
                9.999782092164082,
                -16.918537661406425
            ]
        },
        {
            "posterior": [
                90.09209872788315,
                -3.645710335292705,
                -14.822604521924617,
                5.497502647767824,
                -14.055994606287882,
                96.1784244393281,
                17.468224158893797,
                57.355904187435385,
                -21.474378694765583,
                -107.51751851829655,
                -51.584069895749096,
                -46.29805236570383,
                -31.21439018843536,
                31.559855988561242,
                42.15976408895918,
                -16.580780484273973,
                -67.69615485009999,
                19.37263299812519
            ]
        },
        {
            "posterior": [
                98.14371757063554,
                -1.1807248050490458,
                14.090671514988657,
                28.73496880242469,
                -10.028728046765579,
                73.09940372698031,
                -49.34290196736215,
                -105.25969825951861,
                -31.766861250830555,
                -45.961147428803386,
                -19.853278655085724,
                -19.78785316863126,
                -33.748916868673234,
                5.7397831565650215,
                -54.115286376774044,
                11.334175092072691,
                -30.663646503442095,
                9.448857020125367
            ]
        }
    ]
}