{
    "sampler": "Metro",
    "value": 0.95,
    "means_array": [
        [
            0.0,
            0.0,
            0.0,
            0.0,
            0.0,
            0.0,
            0.0,
            0.0,
            0.0,
            0.0,
            0.0,
            0.0,
            0.0,
            0.0,
            0.0,
            0.0,
            0.0,
            0.0,
            0.0,
            0.0,
            0.0,
            0.0,
            0.0,
            0.0,
            0.0,
            0.0,
            0.0,
            0.0,
            0.0,
            0.0
        ]
    ],
    "case": "Posterior Samples",
    "dim": 30,
    "samples": [
        [
            -198.91783441520707,
            -166.7517365846995,
            -59.1274850799071,
            -179.14177080137597,
            -142.67003462142873,
            -86.80832289007196,
            76.68809071919301,
            -176.67166421431565,
            -224.26023659866402,
            -88.91433350672811,
            -84.42296650340644,
            -125.51104285283846,
            52.11029395735471,
            -77.5009084391258,
            -106.51851636685116,
            -58.94760601307784,
            -119.1981854207212,
            -167.64106667142076,
            -27.83396758077118,
            -72.91003912459087,
            -18.552342547085487,
            -152.50155844693487,
            -70.136681040129,
            18.425910644366382,
            -128.59332378342296,
            -201.48819465290228,
            -159.93912941457427,
            14.730644308865479,
            -195.2638872925867,
            -34.442564544798756
        ],
        [
            -195.38310565756868,
            -174.96659823471205,
            -274.2829294783936,
            -191.14980202881114,
            -151.50577066920596,
            -258.6750327399317,
            -205.70721378412458,
            -196.4637489120434,
            -190.89980786042793,
            -158.10069548631702,
            -194.7063763705211,
            -181.56119004961343,
            -200.2402508756926,
            -174.93689127327522,
            -219.03638200528775,
            -198.53758538227768,
            -181.45844587376422,
            -181.0546054172216,
            -201.65868194301524,
            -228.15513439237895,
            -203.34849023386084,
            -193.4521234264546,
            -213.39736069846353,
            -181.37520740008853,
            -154.93608439533264,
            -209.9928267248256,
            -202.66901652276425,
            -172.6018418819362,
            -219.1484704960786,
            -206.90970293470343
        ],
        [
            -27.886579837272166,
            -33.34154222316019,
            -26.29403967457726,
            -29.930138164797395,
            -31.721125137487757,
            -31.503391591850395,
            -29.870924597795586,
            -31.18927877295696,
            -29.926707049996057,
            -25.4598687129183,
            -29.060369605966656,
            -25.049887791796777,
            -30.691707404892632,
            -30.16270005251546,
            -26.52426665420165,
            -27.35362998829305,
            -36.02948323776407,
            -25.86076624689936,
            -29.772200985008126,
            -29.001699040619837,
            -26.967969259738954,
            -34.43396597524087,
            -31.823222217359323,
            -27.619460253227956,
            -26.817532354161376,
            -28.130491487565124,
            -32.83405445730375,
            -26.26078564404533,
            -21.64581988907776,
            -31.77781964080702
        ],
        [
            -16.39492225574399,
            -10.276101718567212,
            -13.387308570154886,
            -11.548095464114352,
            -9.548121809233617,
            -12.255059759480009,
            -13.271525205265428,
            -10.43257304566304,
            -13.854440552375355,
            -15.108085388894002,
            -11.181077545365763,
            -13.389831348904055,
            -13.948316991091803,
            -7.443108872626652,
            -11.14297142698761,
            -16.91999178112856,
            -10.585976701483283,
            -12.962642820313492,
            -9.903966391967272,
            -10.059464087210543,
            -16.52936442702169,
            -10.527004211574699,
            -14.310590686832587,
            -11.813180408857887,
            -11.97355302343568,
            -9.248206086943577,
            -14.187368322263517,
            -14.90597528524222,
            -13.15613314087226,
            -7.992764135196637
        ]
    ]
}