run_id,alpha,sampler,wasserstein_distance,mmd_rff,r_hat,ess,runtime
29,0,HMC,0.029960557294059702,0.015596155137215037,1.0001909599268668,3526.3934177225296,1.2226066589355469
29,2,HMC,0.034295953332732304,0.02120959510860597,1.0011639175032039,3197.08444914024,1.7168638706207275
29,4,HMC,0.01728669391751005,0.009777622705322836,1.0014760488390897,1792.511101663429,1.4799048900604248
29,6,HMC,0.041088757079458776,0.027876555709405136,1.001505531291701,1773.858600587832,1.8587653636932373
29,8,HMC,0.021406582011418707,0.013487680092627548,1.0023921591967937,1589.834759727598,1.4905622005462646
29,10,HMC,0.024641368165722974,0.014716685939731808,1.0032400730883935,1665.294830498331,1.5677032470703125
29,80,HMC,0.021104981263933304,0.015217293792638116,1.0025079404917667,1009.3444596953898,1.8294692039489746
29,100,HMC,0.015344288620887235,0.010461129791791346,1.004131755281451,703.6984398922973,1.8133375644683838
