run_id,alpha,sampler,wasserstein_distance,mmd_rff,r_hat,ess,runtime
29,0,Metro,0.08036262877303375,0.02974914035104705,1.0012269362502533,1544.1243660514288,1.077341079711914
29,2,Metro,0.04296283159846726,0.02577237062363897,1.0028719208081405,1369.0851230227734,1.1877615451812744
29,4,Metro,0.03957362854582328,0.02684465157562634,1.0018143542607791,1417.5372269014144,1.2413949966430664
29,6,Metro,0.053036643418288516,0.03217033021615258,1.003046391913364,1458.9002934972023,1.138012170791626
29,8,Metro,0.04119063152452797,0.024634701495218,1.0016826852306753,1208.230399457703,1.203688383102417
29,10,Metro,0.05121045211111029,0.030952383487755152,1.0030137645472978,1206.6080626135513,1.5795958042144775
29,80,Metro,0.04299975042760011,0.030448703703204665,1.0013217862305597,1065.3671887726223,1.2127010822296143
29,100,Metro,0.04588686673901248,0.03283603444419593,1.0016429199453307,1076.968480256828,1.539443016052246
