mu,sampler,wasserstein_distance,r_hat,ess,runtime
"(10, -10)",Metro,4.439044506681041,1.2408761672416164,59.54256956739958,20.48252034187317
"(20, 20)",Metro,11.362478105887579,1.004098680989007,5242.215803998057,21.028876543045044
"(5, 5)",Metro,3.4541247010040204,1.0363324169688277,518.765135700365,20.442331552505493
"(50, -50)",Metro,15.402283481420469,1.002205177591445,7886.231618063926,20.521859645843506
