nu,sampler,wasserstein_distance,reference_swd,relative_swd,swd_zscore,r_hat,ess,runtime
1,DEMetro,5.164741005719513,5.430955156150034,-0.2662141504305211,-0.05250301171947578,1.0244132512866286,157.8921274913633,2.0816524028778076
2,DEMetro,0.28307816987942713,0.1408007370782715,0.14227743280115562,2.3109917419561388,1.0155737152745763,362.92014462407997,2.2165465354919434
3,DEMetro,0.11758898545160841,0.06735995179855074,0.05022903365305767,2.3873011570702696,1.012527336109463,510.46072593420104,2.130000591278076
5,DEMetro,0.09982125655558556,0.04878512757037303,0.05103612898521253,4.688516872223136,1.0097759415405498,759.9426876720572,2.277966260910034
30,DEMetro,0.04650073028125292,0.02363479661528234,0.022865933665970582,4.171491219066856,1.0045954436607831,718.5522275541043,2.126575231552124
