mu,sampler,wasserstein_distance,r_hat,ess,runtime
"(10, -10)",Metro,3.5212772711342866,1.411488576738999,40.97097311252339,20.77351212501526
"(20, 20)",Metro,11.13191097003167,1.0037432355905227,5387.587558694761,20.425078868865967
"(5, 5)",Metro,1.9592387069892818,1.0444211284531166,330.7512458465144,20.46822452545166
"(50, -50)",Metro,16.27477840589147,1.1410334809596534,91.5873618554664,20.47393035888672
