{
    "sampler": "DEMetro_Z",
    "value": 10,
    "means_array": [
        [
            0.0,
            0.0
        ],
        [
            16,
            0
        ]
    ],
    "case": "Warmup Samples",
    "dim": 2,
    "samples": [
        [
            34.14558323932851,
            23.187198896508576
        ],
        [
            -13.03854891903529,
            29.729866742884205
        ],
        [
            -22.626013333696985,
            2.641728956277951
        ],
        [
            28.788854786612216,
            13.186500398001405
        ]
    ]
}