{
    "sampler": "DEMetro_Z",
    "value": 10,
    "means_array": [
        [
            0.0,
            0.0
        ],
        [
            16,
            0
        ]
    ],
    "case": "Posterior Samples",
    "dim": 2,
    "samples": [
        [
            15.01590138292794,
            1.372590609450622
        ],
        [
            17.541246514424643,
            0.236226618602595
        ],
        [
            15.061062624490663,
            -0.6192317059163879
        ],
        [
            16.86731849241908,
            -1.562051985607777
        ]
    ]
}