{
    "sampler": "DEMetro_Z",
    "value": 30,
    "means_array": [
        [
            0.0,
            0.0,
            0.0,
            0.0,
            0.0,
            0.0,
            0.0,
            0.0,
            0.0,
            0.0,
            0.0,
            0.0,
            0.0,
            0.0,
            0.0,
            0.0,
            0.0,
            0.0,
            0.0,
            0.0,
            0.0,
            0.0,
            0.0,
            0.0,
            0.0,
            0.0,
            0.0,
            0.0,
            0.0,
            0.0
        ]
    ],
    "case": "Posterior Samples",
    "dim": 30,
    "samples": [
        [
            -24.53835873991401,
            -52.127944700144845,
            -15.102363610501905,
            73.26141286817797,
            18.677778919700298,
            -8.546829542196727,
            -19.398380462027962,
            -91.71789319923177,
            81.97101091127978,
            -53.12035693007051,
            41.643973022422756,
            11.66763753982768,
            -18.558468734489402,
            4.185511474496647,
            -48.838569289987426,
            -74.41345743877059,
            -39.274961207152735,
            -63.86669264502356,
            -56.770255558491044,
            71.59649979452212,
            -10.527576546222816,
            63.247670365442566,
            -53.54399796418596,
            -63.16522715765397,
            -6.628626687111748,
            90.30388878274806,
            78.59062291416286,
            62.88931164343962,
            -21.8203321889872,
            60.985026731851534
        ],
        [
            38.07022127538013,
            -63.12606018489444,
            83.5847447952998,
            -84.2030859885932,
            -5.716908607511236,
            -5.764608508906865,
            -71.62623735235437,
            -21.619531067797183,
            44.29878980429959,
            -80.53619513085467,
            25.06969909531417,
            9.08706670704159,
            -10.261307014240764,
            -17.07873743195946,
            9.865028592481018,
            13.666022944824341,
            -17.40675753007765,
            -92.32210817292261,
            -37.359458955190675,
            -64.67011516981759,
            -76.30236554415293,
            -87.06363093018251,
            79.28776266117536,
            90.2478072686611,
            -100.3292893329109,
            95.3652667180287,
            -52.760115327220625,
            7.334214533412158,
            7.668871127561806,
            -29.321473386087483
        ],
        [
            1.5856354752412383,
            -56.53216331253817,
            49.90711214357108,
            -83.07378347944514,
            12.15843662320961,
            -65.20008087447833,
            36.57839171768666,
            14.679388927470972,
            -16.30520751026258,
            35.690668868514116,
            -105.7418053340929,
            -45.176076028598686,
            63.33672377134243,
            -10.024936985622226,
            -25.902505836730928,
            -88.09161360119302,
            10.5379318937191,
            -11.988797565701166,
            47.18717924420441,
            -75.177463648816,
            -14.015539967508753,
            -71.56324826230792,
            -28.33982046200553,
            -47.2691931272176,
            25.95764118373012,
            20.749488005569322,
            86.03136039514608,
            40.78324770565435,
            16.654069857979668,
            -43.01953969247733
        ],
        [
            2.8358185812910484,
            -44.4602884654873,
            80.93299824228018,
            9.090707318932026,
            8.186964943136221,
            17.159959821901417,
            43.97274693612794,
            19.23052453603802,
            40.903377633417676,
            7.338515128060746,
            -1.4651911212747295,
            -29.25471889708608,
            78.50198973051691,
            23.426983548642355,
            -15.770562986368624,
            -87.55919240205326,
            72.54720048444604,
            -78.28478068108036,
            59.52781761817232,
            39.585386712710914,
            60.158885017006476,
            -68.25541918825438,
            -65.3447231680915,
            -1.5226720805724385,
            -79.80716054702518,
            -24.35583764784538,
            -62.98976646473587,
            33.27621021353972,
            43.300194974375046,
            -4.3819625271936955
        ]
    ]
}