run_id,dimension_corr,sampler,wasserstein_distance,mmd_rff,r_hat,ess,runtime
31,2,SMC,0.028102992902960037,0.021524566490190935,0.99977853940281,4142.325776382772,1.3628766536712646
31,5,SMC,0.02812946063158828,0.01983253047884787,1.0003732292332945,3643.5453519612456,2.0248184204101562
31,10,SMC,0.030082693813416213,0.020613349363196524,0.9997478599163581,3616.52505258336,2.7721996307373047
31,15,SMC,0.05459354961463623,0.022689638862313222,1.001580626083387,3908.6915349180595,3.6605424880981445
31,20,SMC,0.01964085018095653,0.022073050904376983,1.0014569144396677,3847.186193520721,4.064410209655762
