{
    "sampler": "HMC",
    "value": 30,
    "means_array": [
        [
            0.0,
            0.0
        ]
    ],
    "case": "Warmup Samples",
    "dim": 2,
    "samples": [
        [
            20.29784202382867,
            -83.97936986164086
        ],
        [
            -8.82640250197427,
            22.9505282202406
        ],
        [
            32.14255292709981,
            17.38584324781598
        ],
        [
            -52.34336556072292,
            -71.55526942278861
        ]
    ]
}