nu,ws_t_stat,ws_p_value,ws_paired_cohens_d
2.1,-0.0019705712263015304,0.9984826949715069,-0.0006967021384644514
