mode_means,sampler,wasserstein_distance,r_hat,ess,chain_seeds,mode_distance
"(0, 8)",HMC,1.083964960024156,1.5280986801370848,7.211392770633478,"[952953, 82496, 310410, 376540]",8
"(0, 10)",HMC,3.90100235226844,1.7330682697399071,6.132570477145999,"[952953, 82496, 310410, 376540]",10
"(0, 15)",HMC,5.855647956353738,1.7360475600578533,6.128828302446573,"[952953, 82496, 310410, 376540]",15
"(0, 20)",HMC,7.9348723744598235,1.7354465256501885,6.13583925085788,"[952953, 82496, 310410, 376540]",20
