mode_means,sampler,wasserstein_distance,r_hat,ess,chain_seeds,mode_distance
"(0, 8)",Metro,0.3479943633757961,1.0593991478702707,76.98924843072126,"[952953, 82496, 310410, 376540]",8
"(0, 10)",Metro,1.4025612829362382,1.3136722619573418,10.954926799994547,"[952953, 82496, 310410, 376540]",10
"(0, 15)",Metro,5.841976189036355,1.7408849667830482,6.158165191132764,"[952953, 82496, 310410, 376540]",15
"(0, 20)",Metro,7.916198329769127,1.7408849667830482,6.158165191132764,"[952953, 82496, 310410, 376540]",20
