mm,ws_t_stat,ws_p_value,ws_paired_cohens_d
0,-1.7620427759103094,0.22012085831622769,-1.0173158709954526
4,-5.218589041518853,0.034813106030001935,-3.012953787910941
6,-0.7020766057488453,0.5553369258234047,-0.40534411732083464
8,0.6431979092701129,0.5859977900249611,0.3713504860593042
10,0.5751692572644421,0.6232603522837552,0.3320741255112228
12,0.3344074418663538,0.7698841002518158,0.1930702265805535
