mm,mean_rmse_t_stat,mean_rmse_p_value,mean_rmse_paired_cohens_d
0,2.95367186142619,0.09805459663412386,1.7053032442922338
4,0.5023871824098798,0.6652531665042141,0.29005337500176176
6,1.899661197549532,0.19787037557509277,1.0967699037743093
8,2.435125936860739,0.13525261001571284,1.4059206151571875
10,3.243584107402449,0.08333960446997032,1.872684157547996
12,0.6157884166675618,0.6007761652716371,0.35552560812687023
