{
    "run_id": 1,
    "case": "unimodal",
    "dim": 5,
    "low": [
        -100.0,
        -100.0,
        -100.0,
        -100.0,
        -100.0
    ],
    "high": [
        100.0,
        100.0,
        100.0,
        100.0,
        100.0
    ],
    "means_array": [
        [
            0.0,
            0.0,
            0.0,
            0.0,
            0.0
        ]
    ],
    "samples": [
        {
            "posterior": [
                11.77872469127017,
                -73.81072942715923,
                -14.327545713896427,
                49.64067966368327,
                -90.04638928599569
            ]
        }
    ]
}