run_id,mu,sampler,wasserstein_distance,mmd_rff,r_hat,ess,runtime
21,"(0, 0, 0, 0, 0)",Metro,0.15791773504046605,0.0809336492638295,1.1029397907314733,37.03435789979195,1.5789952278137207
