run_id,mu,sampler,wasserstein_distance,mmd_rff,swd_zscore,r_hat,ess,runtime
17,"(10, 20)",Metro,0.04421918663599213,0.029375829682099806,3.026595994053768,1.0050854473866062,1364.808641780567,1.6762504577636719
