{
    "sampler": "Metro",
    "value": 10,
    "means_array": [
        10,
        3
    ],
    "case": "Posterior Samples",
    "dim": 1,
    "samples": [
        9.7242981476377,
        9.35900472325701,
        7.338222108105414,
        14.790201859012093
    ]
}