{
    "sampler": "Metro",
    "value": 0.3,
    "means_array": [
        [
            0.0,
            0.0
        ]
    ],
    "case": "Warmup Samples",
    "dim": 2,
    "samples": [
        [
            42.812489943378694,
            86.03581217663128
        ],
        [
            -47.16166154171238,
            93.14252503092618
        ],
        [
            64.39457062681147,
            97.08623329457816
        ],
        [
            5.313415663006452,
            -45.689018773059
        ]
    ]
}