{
    "run_id": 1,
    "case": "multimodal",
    "dim": 2,
    "means_array": [
        [
            0.0,
            0.0
        ],
        [
            8.435414670801254,
            -28.789647085916688
        ]
    ],
    "min_mode": [
        0.0,
        -28.789647085916688
    ],
    "max_mode": [
        8.435414670801254,
        0.0
    ],
    "border": [
        20.0,
        35.65697068026428
    ],
    "low": [
        -25.82594951552043,
        -67.90905976167554
    ],
    "high": [
        34.174050484479565,
        39.061852279117296
    ],
    "samples": [
        {
            "posterior": [
                0.4207737980595532,
                27.76914546670622
            ]
        }
    ]
}