mu,sampler,wasserstein_distance,reference_swd,relative_swd,swd_zscore,r_hat,ess,runtime
"(10, -10)",HMC,7.026005569783604,0.09675884341414702,6.929246726369457,202.99228918669357,1.0012413711834376,7024.614951249761,8.632534503936768
"(20, 20)",HMC,7.437492579412617,0.16820453286992826,7.269288046542689,97.76078030731341,1.7337437040073371,6.078362539790334,10.353482484817505
"(5, 5)",HMC,3.1967098051967615,0.09900243975429443,3.097707365442467,62.294100031052835,1.053005312031693,66.56291784045867,9.134981393814087
"(50, -50)",HMC,23.444493640105907,0.29813456906467173,23.146359071041235,143.1770582395135,1.000260804869899,7062.881774395356,9.867775440216064
