{
    "sampler": "HMC",
    "value": 10,
    "means_array": [
        [
            10.0,
            0.0
        ],
        [
            8.090169943749475,
            5.877852522924732
        ],
        [
            3.0901699437494745,
            9.510565162951535
        ],
        [
            -3.0901699437494736,
            9.510565162951536
        ],
        [
            -8.090169943749473,
            5.877852522924733
        ],
        [
            -10.0,
            1.2246467991473533e-15
        ],
        [
            -8.090169943749476,
            -5.87785252292473
        ],
        [
            -3.0901699437494754,
            -9.510565162951535
        ],
        [
            3.0901699437494723,
            -9.510565162951536
        ],
        [
            8.090169943749473,
            -5.877852522924734
        ]
    ],
    "case": "Warmup Samples",
    "dim": 2,
    "samples": [
        [
            7.0600178760037275,
            -13.057613306891238
        ],
        [
            -2.5164661371793096,
            -5.960094551711951
        ],
        [
            7.145005660220425,
            -12.936931112693639
        ],
        [
            -3.8899045349146686,
            -6.063207848145624
        ]
    ]
}