run_id,mu,sampler,wasserstein_distance,mmd_rff,r_hat,ess,runtime
24,"(10, 10)",HMC,3.372965929084822,0.26002981344579296,1.3316480841907674,9.914000230952803,3.8485491275787354
24,"(2, 2)",HMC,0.3047147730999306,0.03362849364421441,1.2138309513032166,13.915372811035779,3.8262250423431396
24,"(20, 20)",HMC,2.79109872042337,0.19501232838404353,1.74736455546408,6.014608966444833,3.606308698654175
24,"(40, 40)",HMC,6.510222109950613,0.15773889086654524,1.925607106250859,5.524189206846565,3.9045002460479736
24,"(5, 5)",HMC,0.41771632801304426,0.07601424378099335,1.1998620947981493,14.996173100419561,4.148903846740723
