run_id,mu,sampler,wasserstein_distance,mmd_rff,r_hat,ess,runtime
24,"(10, 10)",SMC,0.11521671356054684,0.017921912152189187,0.9998782060787829,7862.409094714202,3.155426263809204
24,"(2, 2)",SMC,0.19080061189585704,0.03629906526180019,1.000175028127614,7844.32643880508,3.1130309104919434
24,"(20, 20)",SMC,0.1070580685499937,0.015221845236381117,1.0001275318894003,7362.615699078665,5.4336817264556885
24,"(40, 40)",SMC,0.3219685271621451,0.01486288778982346,1.0000888094321219,7587.812040623055,6.2698211669921875
24,"(5, 5)",SMC,0.03681050811067914,0.012705640271768012,1.0000800637320424,8054.539898644325,3.110429048538208
