run_id,mu,sampler,wasserstein_distance,mmd_rff,r_hat,ess,runtime
8,"(10.0, 0.0)",HMC,3.0732510177973302,0.3074805064887716,2.2951276013208193,4.984604936254277,7.991471529006958
