run_id,mu,sampler,wasserstein_distance,mmd_rff,r_hat,ess,runtime
8,"(10.0, 0.0)",Metro,2.990113834705379,0.1877425813195539,2.3120215551593755,4.974364157259814,5.40412163734436
