{
    "sampler": "Metro",
    "value": 4,
    "means_array": [
        0,
        4
    ],
    "case": "Posterior Samples",
    "dim": 1,
    "samples": [
        -0.21307802942713672,
        -1.6161791670537848,
        5.894248944327903,
        0.4106822647841972
    ]
}