{
    "sampler": "DEMetro_Z",
    "value": [
        6.0,
        0.0,
        0.0,
        0.0,
        0.0,
        0.0,
        0.0,
        0.0,
        0.0,
        0.0,
        0.0,
        0.0,
        0.0,
        0.0,
        0.0,
        0.0,
        0.0,
        0.0,
        0.0,
        0.0,
        0.0,
        0.0,
        0.0,
        0.0,
        0.0,
        0.0,
        0.0,
        0.0,
        0.0,
        0.0
    ],
    "means_array": [
        [
            0.0,
            0.0,
            0.0,
            0.0,
            0.0,
            0.0,
            0.0,
            0.0,
            0.0,
            0.0,
            0.0,
            0.0,
            0.0,
            0.0,
            0.0,
            0.0,
            0.0,
            0.0,
            0.0,
            0.0,
            0.0,
            0.0,
            0.0,
            0.0,
            0.0,
            0.0,
            0.0,
            0.0,
            0.0,
            0.0
        ],
        [
            6.0,
            0.0,
            0.0,
            0.0,
            0.0,
            0.0,
            0.0,
            0.0,
            0.0,
            0.0,
            0.0,
            0.0,
            0.0,
            0.0,
            0.0,
            0.0,
            0.0,
            0.0,
            0.0,
            0.0,
            0.0,
            0.0,
            0.0,
            0.0,
            0.0,
            0.0,
            0.0,
            0.0,
            0.0,
            0.0
        ]
    ],
    "case": "Warmup Samples",
    "dim": 30,
    "samples": [
        [
            -1.2358051696225005,
            4.805684136778583,
            -2.1394425282872294,
            -0.4753617912749829,
            4.173805834102197,
            6.180831147415764,
            1.639588822875499,
            -1.2419061725424692,
            1.94779141446688,
            3.245943751066494,
            7.180940013642965,
            1.4379130674149536,
            -3.621859845423068,
            4.052572800873505,
            -5.944141475662721,
            7.217313125091127,
            5.350281299994784,
            -3.235809127490251,
            -0.9146344297847064,
            -1.7970358694441115,
            7.995949919785702,
            -5.883059514952633,
            -2.1589325423494308,
            8.793238430376473,
            0.9636396341576604,
            -8.056769680413561,
            6.494705497349717,
            -0.3553130145444955,
            2.9718233151748468,
            6.984150990888304
        ],
        [
            9.100040723039806,
            3.3100403824912616,
            6.290221166212208,
            5.691629943522624,
            5.442367444435872,
            8.692739602248393,
            -6.109534227881579,
            4.818397767281737,
            -9.885620448595766,
            -0.4547340393502715,
            6.7694750003582485,
            6.440260141784874,
            -5.395132508924649,
            -7.404779027603994,
            5.91924763420514,
            1.6243624273137054,
            1.2737700929065106,
            -6.361012640439043,
            3.6480200975278665,
            -8.74103194097502,
            -3.279386284904156,
            -4.815151177592089,
            -4.555461284842392,
            9.67747871184429,
            6.61295650059501,
            3.2292420453383572,
            -7.040143069366727,
            9.930167328696458,
            -9.611154292199771,
            -3.3468367742075706
        ],
        [
            4.306858199613482,
            2.875912763012446,
            -4.446719627858921,
            4.2403657853358405,
            -5.568577823639083,
            -1.457554638022537,
            5.098058141031971,
            -4.611736356506288,
            -5.114026752568995,
            -2.9617609362935715,
            -3.3122638533027704,
            -4.833269203276938,
            9.717707699079668,
            3.3463491293796888,
            8.347907374424741,
            -0.41591592284933476,
            -2.6541024875391184,
            8.643372273718079,
            6.214111467795708,
            -3.648796948496221,
            2.11410988692151,
            5.554076208810129,
            8.08780302244876,
            -4.830384293613204,
            7.727491914995689,
            5.4019056757807125,
            9.188848946709225,
            -1.530246574363545,
            7.429123422907563,
            -4.63642414431449
        ],
        [
            6.328502898844752,
            8.303403976714051,
            2.1930769850810266,
            -0.09781932564812576,
            -3.183293670649206,
            -1.2037725818783636,
            1.5026807262101398,
            -3.9345235982403883,
            -7.869002157365859,
            -3.583082760196676,
            -0.9794517695962914,
            -8.973913562194738,
            -0.9439782159965494,
            -6.248292892222513,
            -8.711360464958089,
            5.8384851229242845,
            -6.1537546691427965,
            8.061842451397647,
            0.44253709747876463,
            -3.628432922204359,
            0.7889228114496336,
            -3.522867756925037,
            9.604906170418777,
            2.0795321812372367,
            2.894326771213345,
            -9.77418056324603,
            -4.429961771484389,
            -4.561274539618534,
            0.16168975908540503,
            0.27521486479296364
        ]
    ]
}