init_scheme,sampler,wasserstein_distance,r_hat,ess,chain_seeds
all_in_middle,DEMetro,1.1157055875719126,2.095438858882259,8.453545602621045,"[499306, 500741, 433698, 143897]"
half_per_mode,DEMetro,0.5593476502090301,1.256135802051209,15.69614029549375,"[499306, 500741, 433698, 143897]"
