{
    "sampler": "HMC",
    "value": 3,
    "means_array": [
        [
            0.0,
            0.0,
            0.0,
            0.0,
            0.0,
            0.0,
            0.0,
            0.0,
            0.0,
            0.0,
            0.0,
            0.0,
            0.0,
            0.0,
            0.0,
            0.0,
            0.0,
            0.0,
            0.0,
            0.0,
            0.0,
            0.0,
            0.0,
            0.0,
            0.0,
            0.0,
            0.0,
            0.0,
            0.0,
            0.0
        ]
    ],
    "case": "Warmup Samples",
    "dim": 30,
    "samples": [
        [
            -58.11844068646927,
            -42.30674819091906,
            19.207658684631333,
            31.095784352850654,
            -99.2847194754168,
            -66.7092270018552,
            76.85042358557418,
            36.97312178448671,
            -9.727447302863933,
            57.776505368822924,
            -79.9255862544944,
            -22.81096601940798,
            -72.33279575503896,
            28.679907246265337,
            -71.06269163603267,
            4.82907349169147,
            18.720997203725172,
            35.45933254829884,
            83.12873740171564,
            72.10736222006872,
            -71.85543295088476,
            -17.42547150674536,
            -2.082302383710787,
            -41.70757904995502,
            -89.72122796778756,
            97.6545274369669,
            -23.562877352206527,
            -51.62310509807093,
            8.160011037437691,
            -91.63246507305635
        ],
        [
            54.17861414113128,
            -85.9752827123236,
            46.048444206663,
            21.03376700751123,
            -14.104578669781292,
            4.316667964193746,
            11.675967468202606,
            -51.23914331735406,
            76.27580967484826,
            37.19491744556159,
            -68.78371028982427,
            -36.333014158862014,
            48.25893076805763,
            -98.84038232915441,
            -74.97979674654472,
            66.16188494040065,
            -22.6957301484366,
            -51.43010852062925,
            65.70947635440973,
            -89.67989127099067,
            -64.79253622906579,
            45.31899583145127,
            98.8453211935945,
            -91.75385987364368,
            -62.94202350241251,
            -60.32204903018338,
            6.889209323873121,
            75.98018963733246,
            85.97530728727861,
            87.38150112702559
        ],
        [
            66.28062598326184,
            30.8468924008883,
            62.213004736057464,
            -81.70416301124646,
            102.19655341429939,
            47.822725312258484,
            69.72916773356654,
            -89.1609007683649,
            -10.680324060134245,
            98.95027530209114,
            -37.01423480299604,
            -71.94851894810449,
            -24.048068657255744,
            80.26758992802988,
            74.46295231834064,
            17.453429980766295,
            71.72621917147917,
            -19.895082652413222,
            29.248007104218775,
            61.247896850441286,
            53.253595566663556,
            -31.04542303788929,
            -10.372608647231619,
            63.37081079263867,
            42.25545900868047,
            -37.74903511168402,
            106.16577340876918,
            -0.6428435702946593,
            -88.02742767578472,
            82.26409413591588
        ],
        [
            36.06011704788192,
            -19.071902554246403,
            29.935889473695777,
            91.61730858372871,
            14.489857247307437,
            -31.708443668273954,
            15.435079691546226,
            98.48927927161282,
            67.10181148682207,
            57.51070144849335,
            -69.78619240390715,
            -23.351721551705367,
            18.13310673927147,
            50.94282168234206,
            -67.8984120860617,
            -99.56539132621137,
            50.82775377714079,
            53.06012756803618,
            69.92671596602301,
            100.84112780712756,
            91.88600812639477,
            -28.051972249123832,
            -75.0284435107449,
            -5.790278628170251,
            -87.13412365424615,
            60.63659567727966,
            -8.947568863004062,
            -67.11067034522824,
            56.947747325497,
            -87.36075961268787
        ]
    ]
}