run_id,dimension_corr,sampler,wasserstein_distance,mmd_rff,r_hat,ess,runtime
55,2,Metro,0.05601124903873406,0.044321226336847985,1.0572413768353879,80.05071748436329,1.2126011848449707
55,5,Metro,0.10946225099484601,0.08324876666774772,1.2284286171746108,15.68672545264624,1.34181547164917
55,10,Metro,0.4011808711111924,0.17673008698181747,1.5790328356981063,6.943695020311329,1.8993360996246338
55,15,Metro,0.30892636247215566,0.12084171501085435,1.4938063094373928,7.565781201896734,1.9438793659210205
55,20,Metro,0.6837845173213773,0.10716882806132456,1.685407579657072,6.384013070918955,2.5536000728607178
