run_id,mu,sampler,wasserstein_distance,mmd_rff,swd_zscore,r_hat,ess,runtime
20,"(10, 10)",HMC,1.8926377250608484,0.1448754348118389,44.2132612881381,1.707759479459898,9.306037492026897,4.67253565788269
20,"(20, 20)",HMC,13.19611405898894,0.526352953764194,159.7688114132041,1.0028297445620287,5786.210026574993,4.46422553062439
20,"(5, 5)",HMC,0.29834740281967087,0.05680973157465207,14.552408554601744,1.075171333915552,63.185322505486496,4.711377382278442
20,"(50, 10)",HMC,18.55472929949707,0.40392467308456476,148.57225530316327,1.3761364966946303,13.210560963796834,4.445653676986694
