{
    "sampler": "Metro",
    "value": 0.95,
    "means_array": [
        [
            0.0,
            0.0
        ]
    ],
    "case": "Posterior Samples",
    "dim": 2,
    "samples": [
        [
            0.8630424368705771,
            1.087313718107137
        ],
        [
            2.4219923864663815,
            2.1720495307760475
        ],
        [
            -0.6389540751579098,
            -0.03525372525658422
        ],
        [
            -1.744188406120827,
            -1.3428240927476385
        ]
    ]
}