dimension,mean_rmse_t_stat,mean_rmse_p_value,mean_rmse_paired_cohens_d
2,0.9520832288121037,0.4415393789629337,0.5496855084455962
4,-0.9901024793617198,0.42647818215935884,-0.5716359329848049
8,1.0049511763681698,0.420748734686198,0.580208832198594
30,1.0341539410209777,0.4097266371084406,0.5970690562319738
