{
    "sampler": "HMC",
    "value": 50,
    "means_array": [
        [
            0.0,
            0.0
        ]
    ],
    "case": "Warmup Samples",
    "dim": 2,
    "samples": [
        [
            -12.791212103864954,
            -10.65259843515511
        ],
        [
            -6.909222799307793,
            -25.55579924600278
        ],
        [
            -15.097186875574971,
            -17.965671229515152
        ],
        [
            -11.492568011887904,
            -5.37384467205185
        ]
    ]
}