{
    "sampler": "Metro",
    "value": 30,
    "means_array": [
        [
            0.0,
            0.0,
            0.0,
            0.0,
            0.0,
            0.0,
            0.0,
            0.0,
            0.0,
            0.0,
            0.0,
            0.0,
            0.0,
            0.0,
            0.0,
            0.0,
            0.0,
            0.0,
            0.0,
            0.0,
            0.0,
            0.0,
            0.0,
            0.0,
            0.0,
            0.0,
            0.0,
            0.0,
            0.0,
            0.0
        ]
    ],
    "case": "Posterior Samples",
    "dim": 30,
    "samples": [
        [
            0.5386282949937584,
            4.344192836043305,
            0.2594378353349649,
            3.7360299130608685,
            -2.8962355226132432,
            -7.427325266326214,
            -4.419449175873041,
            -3.0483817803671833,
            -3.4744736531203477,
            -0.5120934134783965,
            -4.5996471918336255,
            -3.5991181697241075,
            0.18863237361031127,
            2.830991097413209,
            -0.8197503883803734,
            -1.793992494380722,
            1.2798686712009992,
            -5.678405770035857,
            3.2762899961103082,
            2.1915588091583436,
            -3.188355725023581,
            -1.160214797949065,
            -5.4590149583092185,
            -4.492281602364024,
            -1.9968862658945508,
            -2.203666948060269,
            1.3946346755594279,
            3.0829076592744094,
            0.024962459679988114,
            -0.7466526547110961
        ],
        [
            0.4402801918715227,
            4.57752246435312,
            3.2197840212519564,
            -1.2390261098561535,
            -6.500108084364427,
            6.059813106118477,
            -3.0615175076687278,
            2.336522451076579,
            -2.597566944467161,
            1.3861017366326704,
            -1.1827192316973523,
            -0.12138139102826129,
            0.3977426368181405,
            -1.1915178084353413,
            5.385688111246642,
            1.6959663305773542,
            -1.3828409517099842,
            3.700474938943244,
            -5.32066188660079,
            6.944515659050497,
            3.0981185937621616,
            1.2948364468092757,
            8.857766956488794,
            1.1238497194620596,
            1.95670219387226,
            2.571182513856343,
            4.39889489629515,
            0.1539627735035909,
            3.725717814396364,
            7.545904230950722
        ],
        [
            15.139170890640909,
            27.689813563438577,
            47.55152358423359,
            -45.715511075153316,
            23.678340675540785,
            14.322693240175209,
            63.68866382493241,
            34.81236839452031,
            33.5756321793516,
            -57.540404117893914,
            9.327176266617446,
            -22.540589226333847,
            19.796142933808675,
            36.28611746446708,
            -60.97034554901907,
            21.063234094579016,
            3.506596820689225,
            -5.462202577293247,
            39.35346792968538,
            -40.18123620035226,
            -1.3284446096109495,
            -34.091938363903985,
            65.50848097292284,
            -48.4229330627949,
            -50.235324820051765,
            -13.639588145779989,
            31.639107802540025,
            -23.689919532142802,
            8.467070526386376,
            -21.17668737757791
        ],
        [
            1.2987010532851841,
            1.6773460162294374,
            -0.728009177078693,
            0.3522938271059116,
            -0.9344567538071527,
            0.21829191640904866,
            -0.23794988468006706,
            0.35593666490541986,
            -0.10145863592847293,
            0.918219097055401,
            0.32843275225763435,
            -0.6058829460875376,
            -0.6968053342974392,
            -0.9537861816970818,
            -0.9236389534165739,
            0.053597707715067,
            -1.409302837059313,
            -0.6360028856273563,
            -0.5962921538425419,
            -0.007308548509360413,
            1.3410202374217475,
            1.126932821680259,
            0.6423259147852891,
            -0.4696935494785043,
            1.3094466536151534,
            0.4810111277935528,
            -0.731949876753879,
            -0.6507792326704226,
            0.06881808074960105,
            0.47434524805555156
        ]
    ]
}