{
    "sampler": "Metro",
    "value": 17,
    "means_array": [
        0,
        17
    ],
    "case": "Posterior Samples",
    "dim": 1,
    "samples": [
        0.08855389030061178,
        17.50566840492103,
        17.097201762776415,
        15.746311703432387
    ]
}