run_id,mu,sampler,wasserstein_distance,mmd_rff,r_hat,ess,runtime
15,"(10.0, 0.0)",Metro,1.9193703562709674,0.20545509549344634,1.7778549223376037,5.963929074859521,5.738008499145508
