mu,global_median_wasserstein_distance,global_median_runtime,global_median_ess,global_median_ess_per_sec,global_median_r_hat,global_median_mmd_rff,global_q25_wasserstein_distance,global_q25_runtime,global_q25_ess,global_q25_ess_per_sec,global_q25_r_hat,global_q25_mmd_rff,global_q75_wasserstein_distance,global_q75_runtime,global_q75_ess,global_q75_ess_per_sec,global_q75_r_hat,global_q75_mmd_rff,ws_mcmc_mean,ws_iid_mean,ws_iid_std,mmd_rff_mcmc_mean,mmd_rff_iid_mean,mmd_rff_iid_std,ws_glass_delta,ws_t_stat,ws_p_value,mmd_rff_glass_delta,mmd_rff_t_stat,mmd_rff_p_value
"(-16, 0, 0, 0)",0.12633192693294157,10.742130875587463,,,,0.014348628969263883,0.0922985376572491,10.314044892787933,,,,0.010516859492799438,0.14075814774439888,11.093448638916016,,,,0.018691453792411356,0.12477955847058078,0.1154913131251822,0.04136305922210906,0.014773213593348294,0.01388154319589312,0.006474674070198064,0.22455411954718052,0.8426905005912665,0.4028761626453077,0.13771664608715925,0.5580143563099322,0.5790013950968824
