mu,ws_t_stat,ws_p_value,ws_paired_cohens_d
"(-16, 0, 0, 0)",-2.609865197365941,0.014181309835716123,-0.47649401354833276
