mu,mmd_rff_t_stat,mmd_rff_p_value,mmd_rff_paired_cohens_d
"(-16, 0, 0, 0)",7.745358208716364,1.5323876795954983e-08,1.414102468957253
