{
    "sampler": "Metro",
    "value": 3,
    "means_array": [
        [
            0.0,
            0.0,
            0.0,
            0.0,
            0.0,
            0.0,
            0.0,
            0.0,
            0.0,
            0.0,
            0.0,
            0.0,
            0.0,
            0.0,
            0.0,
            0.0,
            0.0,
            0.0,
            0.0,
            0.0,
            0.0,
            0.0,
            0.0,
            0.0,
            0.0,
            0.0,
            0.0,
            0.0,
            0.0,
            0.0
        ]
    ],
    "case": "Warmup Samples",
    "dim": 30,
    "samples": [
        [
            -42.72942418242665,
            14.182155120045907,
            57.447396917585515,
            -91.43395051053325,
            -76.59005204937658,
            -55.114210955731465,
            8.475988631763343,
            94.12870816952345,
            -93.74473041426253,
            76.87520152981553,
            -55.67969225214933,
            37.50811615393524,
            -59.6289567710174,
            55.73759590840023,
            8.032300913607939,
            -64.29334154723298,
            8.23239159480674,
            -100.08090893487721,
            24.169343123962797,
            -49.185317733610816,
            37.69485488011226,
            28.07675413372121,
            -58.03510668783442,
            -39.15493950611658,
            73.92517215999067,
            60.34762305126144,
            -24.65983496454875,
            28.018200254024514,
            18.319208141825406,
            26.19466896247071
        ],
        [
            -76.72217918508177,
            94.11401025336562,
            62.748162473557976,
            -25.425518189056277,
            98.97471671436219,
            -40.70037490159973,
            -58.926155540451916,
            82.69545053078906,
            -4.958791441881352,
            -2.8117750021021433,
            79.19442292055828,
            -53.36580239205343,
            60.26709164675411,
            95.86739806704828,
            70.67615778517107,
            70.81293928007523,
            87.3882014619434,
            58.335755019087934,
            25.866168693606415,
            10.99867934699102,
            -93.40684729613325,
            25.854972590573755,
            35.83026899215991,
            -67.98398805003117,
            74.31922469960375,
            -80.60339857355896,
            -57.55700178814249,
            69.52342779897582,
            -95.40993411412829,
            -57.499991225005125
        ],
        [
            49.34609520177338,
            -89.0424276225989,
            92.69743827533732,
            54.678312410947264,
            59.53442217234885,
            -29.60165840505072,
            14.514520419005885,
            -12.755334409269736,
            -35.96466643649966,
            -56.79196794789631,
            -57.041898952122736,
            32.15265698417455,
            29.606221504843823,
            90.25018297028706,
            49.30938793827826,
            81.52542151788212,
            15.614467176897657,
            70.53043431975581,
            46.417094555286724,
            63.64059422130766,
            -70.58739199718856,
            -3.498686846891913,
            54.2057671204669,
            -76.52679980422576,
            -68.02465978893254,
            87.4012832878204,
            -70.77334094545321,
            -96.77461891489524,
            -60.3497805528117,
            6.802490044441965
        ],
        [
            63.571584812530304,
            57.80645807067361,
            83.63939787453879,
            -97.26432639677233,
            -47.59438859672735,
            75.16686158986762,
            -86.04985727133354,
            -7.663447859034912,
            57.17963143694861,
            1.4248703416670865,
            92.26267872671664,
            -26.988458770967632,
            27.373331398279245,
            -52.00428159190569,
            19.844446196522824,
            -13.238317705310878,
            -66.81802465501316,
            -58.48083361666184,
            62.291421773709885,
            75.39601888427907,
            -98.45538763425411,
            -3.8937321505183684,
            94.61283860875342,
            -80.66815722401566,
            -33.863181091782046,
            -26.283080135876318,
            8.285195128078076,
            81.32930234489885,
            19.941754790852936,
            -30.83216951640889
        ]
    ]
}