{
    "sampler": "HMC",
    "value": 100,
    "means_array": [
        0
    ],
    "case": "Posterior Samples",
    "dim": 1,
    "samples": [
        0.12585930723386643,
        2.2912088441885476,
        0.5598640937775151,
        1.2348108275456326
    ]
}