{
    "sampler": "Metro",
    "value": [
        -16,
        0,
        0,
        0
    ],
    "means_array": [
        [
            -16,
            0,
            0,
            0
        ],
        [
            -8,
            0,
            0,
            0
        ],
        [
            0,
            0,
            0,
            0
        ],
        [
            8,
            0,
            0,
            0
        ],
        [
            16,
            0,
            0,
            0
        ]
    ],
    "case": "Warmup Samples",
    "dim": 4,
    "samples": [
        [
            -0.6966260897741645,
            0.6386346787774371,
            0.2583034402302429,
            2.114496882422321
        ],
        [
            -18.882074506496323,
            8.676682634715135,
            -1.9566763817233852,
            -0.2764170352297378
        ],
        [
            16.102266484595333,
            -4.158481619965835,
            9.753954724266855,
            -9.480427309311427
        ],
        [
            -24.894174734659025,
            -8.40857425599853,
            -4.742963215447879,
            -1.9503152090633264
        ]
    ]
}