run_id,mu,sampler,wasserstein_distance,mmd_rff,r_hat,ess,runtime
31,"(0, 0, 0, 0, 0)",HMC,0.03262714431054547,0.02025201410160081,1.0025157187829055,1909.603996464885,1.8235554695129395
