mu,sampler,wasserstein_distance,relative_swd,swd_zscore,r_hat,ess,runtime
0,HMC,0.5331365757290917,0.37671625049689045,14.960700469714272,1.0034520233420463,952.5505743266727,5.951551198959351
3,HMC,0.2636321840599196,0.07173264269866103,0.9342379225785794,1.0032079327525807,1007.7901491824321,6.946700096130371
6,HMC,0.3248157998523199,0.17528506165663713,2.911236383021876,1.0014256289793413,1529.7630269573021,6.328332901000977
10,HMC,0.26794180121387967,0.10418254682965986,2.342280900331892,1.0016792478148797,1520.0154876853599,7.1463940143585205
