{
    "sampler": "DEMetro_Z",
    "value": 6,
    "means_array": [
        0,
        6
    ],
    "case": "Warmup Samples",
    "dim": 1,
    "samples": [
        8.686193978769492,
        7.769207194399623,
        12.142241925285493,
        8.836587179620752
    ]
}