run_id,mu,sampler,wasserstein_distance,mmd_rff,r_hat,ess,runtime
11,"(0, 0, 0, 0, 0)",HMC,0.029779233212587353,0.02087144188640726,1.0015532232353208,1310.268851489193,1.8093523979187012
