{
    "sampler": "DEMetro_Z",
    "value": 0.0,
    "means_array": [
        [
            0.0,
            0.0
        ],
        [
            13,
            0
        ]
    ],
    "case": "Posterior Samples",
    "dim": 2,
    "samples": [
        [
            12.114629772753021,
            -1.9132239794468195
        ],
        [
            -0.7714205007018478,
            0.4215003560894289
        ],
        [
            0.27448966315060686,
            0.9935536531274971
        ],
        [
            13.014015923556135,
            -0.3057258152910875
        ]
    ]
}