run_id,mu,sampler,wasserstein_distance,mmd_rff,swd_zscore,r_hat,ess,runtime
12,"(10, 20)",Metro,0.021876859282873595,0.015993393802325034,-0.37590446781307946,1.0048221722465485,772.9882780763738,1.7067737579345703
