mu,sampler,wasserstein_distance,r_hat,ess,runtime
15,Metro,1.5767188512658248,1.6445288446354829,32.423262964854516,7.184354066848755
