{
    "sampler": "Metro",
    "value": 30,
    "means_array": [
        [
            0.0,
            0.0,
            0.0,
            0.0,
            0.0,
            0.0,
            0.0,
            0.0,
            0.0,
            0.0,
            0.0,
            0.0,
            0.0,
            0.0,
            0.0,
            0.0,
            0.0,
            0.0,
            0.0,
            0.0,
            0.0,
            0.0,
            0.0,
            0.0,
            0.0,
            0.0,
            0.0,
            0.0,
            0.0,
            0.0
        ]
    ],
    "case": "Warmup Samples",
    "dim": 30,
    "samples": [
        [
            -22.39782630796786,
            1.5827419780246432,
            19.576267117489998,
            -2.3312246746062515,
            -23.61808390669414,
            26.00823274867681,
            -10.408957544373818,
            -18.24970935377224,
            -10.238871507083351,
            -10.095283358675607,
            -2.0975149654145815,
            24.842450325614067,
            -19.88148144077195,
            -11.67766666270014,
            17.179082288355005,
            15.988938677024269,
            -5.221716054145926,
            27.162618958035235,
            -2.5825389467105557,
            -13.171675005018194,
            19.60643402470608,
            7.139331148379734,
            -23.120987108695953,
            7.222987526379077,
            3.492374774795883,
            23.274445598452285,
            18.491345728645488,
            20.929148779491815,
            22.831316531190176,
            -15.352409787547822
        ],
        [
            0.7468455160929219,
            4.59342192329097,
            -21.631300079778484,
            -18.3377203131653,
            1.921262951750671,
            -28.13114253645359,
            27.623338461881282,
            6.187105493774921,
            -25.485232970684308,
            8.907569607374125,
            -2.61370752351831,
            -9.086596196621016,
            9.96510321001428,
            9.483951594956471,
            -12.015663110741382,
            24.271305441787913,
            16.213946892565758,
            3.2166805702113797,
            -6.821175071815695,
            -1.776064827141432,
            2.3842207381309333,
            -15.9239288347031,
            29.19735210992726,
            -0.02261088987067339,
            18.955191538011817,
            -27.307482159502637,
            -10.833809065378167,
            -1.794648844537059,
            14.967238658325542,
            24.860437867581506
        ],
        [
            -13.549942861756435,
            28.11878625508103,
            20.60999404191571,
            -12.632734913123004,
            -24.392632021653856,
            12.918011513216138,
            8.299179977208881,
            19.736689938560197,
            27.82288563441037,
            -27.591773163206348,
            -12.049050083949803,
            -16.546839729107575,
            1.1920671248872616,
            -1.071558154381377,
            0.7326490360791793,
            -20.802781615649494,
            16.07676258598033,
            -19.193289454822786,
            -0.8858165945143756,
            4.6355767503806975,
            22.33895139782506,
            -11.735654977196399,
            6.481584068418902,
            -26.741612035234755,
            3.978254250795956,
            -6.3103968504892265,
            -4.194652503033284,
            -12.511171785273163,
            0.997786172808923,
            11.24839368579405
        ],
        [
            13.040928598760566,
            -5.280612577788503,
            0.17738066810507092,
            -20.87483818974809,
            -23.398783250349513,
            11.114775438339791,
            16.62281752501646,
            30.40662522465155,
            20.285490993456467,
            28.069346642390872,
            -21.68758846414947,
            13.746178931774795,
            -25.908487816157695,
            24.464291475712425,
            13.273001238545518,
            25.105713579369503,
            17.87379771303335,
            -28.15827902734694,
            -21.62618471134936,
            -12.21912550332713,
            -12.381091261967162,
            4.789489140208044,
            -11.894413909045252,
            14.14704587643845,
            11.99771749945303,
            24.292259025952475,
            -0.9637213601021437,
            26.476586046082417,
            0.8409078247393712,
            7.662740915036614
        ]
    ]
}