{
    "sampler": "DEMetro",
    "value": [
        -10,
        10
    ],
    "means_array": [
        [
            -10,
            10
        ]
    ],
    "case": "Warmup Samples",
    "dim": 2,
    "samples": [
        [
            -9.849231273961285,
            10.210792515601723
        ],
        [
            -9.164990351722995,
            10.258237851113929
        ],
        [
            -9.895738595078567,
            10.904808543056832
        ],
        [
            -10.2631314045876,
            9.961549088295023
        ],
        [
            -10.621700960049383,
            10.080397644766146
        ]
    ]
}