{
    "sampler": "HMC",
    "value": 6,
    "means_array": [
        [
            8.0,
            0.0
        ],
        [
            4.000000000000001,
            6.928203230275509
        ],
        [
            -3.9999999999999982,
            6.92820323027551
        ],
        [
            -8.0,
            9.797174393178826e-16
        ],
        [
            -4.0000000000000036,
            -6.928203230275507
        ],
        [
            4.000000000000001,
            -6.928203230275509
        ]
    ],
    "case": "Posterior Samples",
    "dim": 2,
    "samples": [
        [
            2.314026450145418,
            -9.231919667355648
        ],
        [
            4.252017978074036,
            -7.933968254908131
        ],
        [
            4.207839195082217,
            -6.517803311029436
        ],
        [
            5.714433779537891,
            -7.366004036718435
        ]
    ]
}