{
    "sampler": "HMC",
    "value": 0.3,
    "means_array": [
        [
            0.0,
            0.0
        ]
    ],
    "case": "Posterior Samples",
    "dim": 2,
    "samples": [
        [
            1.2645941930446503,
            1.101069609425908
        ],
        [
            -1.51577065168859,
            -0.43754565721155186
        ],
        [
            0.46939346635865553,
            -0.03492549303257321
        ],
        [
            -1.8693066314713878,
            -0.7195445009190288
        ]
    ]
}