b,sampler,wasserstein_distance,r_hat,ess,runtime
0.5,DEMetro,0.02060004774672664,1.0038235798581445,6550.169791457632,6.9658777713775635
1.0,DEMetro,0.0228196308337185,1.002853413364663,7238.870658324233,6.992702960968018
2.0,DEMetro,0.057941592840279145,1.002771184046987,7109.814270320662,7.157763957977295
5.0,DEMetro,0.14190466944083296,1.0031925699537902,7228.491233228747,7.1796040534973145
