b,sampler,wasserstein_distance,r_hat,ess,runtime
0.5,HMC,0.009793259112757502,1.0013147846486032,12133.331485830824,7.665052175521851
1.0,HMC,0.032212242564708796,1.0019082207637062,12282.934801018659,6.957895040512085
2.0,HMC,0.06134168813960108,1.001529209807121,12785.390686663057,7.558094263076782
5.0,HMC,0.08827542263373296,1.0014367545049625,13274.180023259016,7.755388498306274
