b,sampler,wasserstein_distance,reference_swd,relative_swd,swd_zscore,r_hat,ess,runtime
0.5,DEMetro,0.049166813330980205,0.021128274300452433,0.028038539030527772,3.486042889499896,1.0116094860444973,387.23507226471503,2.0249030590057373
1.0,DEMetro,0.07545223841605837,0.04735101917291375,0.028101219243144626,2.295603997899066,1.0078866795965629,583.49419514789,2.2049560546875
2.0,DEMetro,0.16502670060514987,0.09048206192672038,0.07454463867842949,2.3921426438010704,1.0086202978467846,516.2077703912215,4.9729437828063965
5.0,DEMetro,0.647127489965877,0.20755228532762532,0.43957520463825167,5.347664323238535,1.0079497805644577,791.1576665556972,2.205209493637085
