run_id,mu,sampler,wasserstein_distance,mmd_rff,r_hat,ess,runtime
28,8,HMC,2.1958822347252185,0.29863225049377135,1.0125104496193298,296.91311735159064,1.5190234184265137
28,10,HMC,4.582546159217136,0.4860570947731773,1.5297673022706664,7.162466065358836,1.6052131652832031
28,12,HMC,0.6586012789217423,0.06492335819635837,1.5285629009159278,7.149662036964804,1.815948724746704
28,14,HMC,4.117106790561904,0.3203327604384807,1.0002406353519098,3529.6924476495406,1.5415892601013184
28,16,HMC,3.392420725712056,0.21731722305211748,1.7351807546881217,6.091773629402701,1.5126516819000244
28,18,HMC,0.8772799619145972,0.05117214063527661,1.529370372323123,7.157110132691152,1.7942900657653809
28,20,HMC,8.97145597128551,0.49495457730212955,1.5281267996930816,7.192942445617284,1.8476181030273438
28,22,HMC,0.9602476018252638,0.05226835795955782,1.5283699219274829,7.192884500387239,1.5447793006896973
28,40,HMC,7.993755398125015,0.2067338011356248,1.734282811554007,6.093570757799704,1.5287854671478271
