run_id,mu,sampler,wasserstein_distance,mmd_rff,r_hat,ess,runtime
56,8,HMC,4.71086298157306,0.6250735656228579,1.3002262756671819,10.335715316198144,1.3723795413970947
56,10,HMC,0.5204633390925733,0.0518524949254757,1.5303975436768238,7.258927574514091,1.3404114246368408
56,12,HMC,0.7032986948196207,0.06323459736737055,1.5308339275308698,7.205530024306203,1.593109130859375
56,14,HMC,4.174980260387238,0.3149922083072752,1.0020467722646373,1428.18845517342,1.3574445247650146
56,16,HMC,3.1530052921084626,0.21378041958624486,1.7362908625514082,6.1775603014898595,1.311753273010254
56,18,HMC,8.010062600383728,0.4940552420972783,1.5304555312812427,7.204172272832587,1.630460500717163
56,20,HMC,14.373042349405445,0.7771036582708598,0.9997575183492787,1631.854445953392,1.3047690391540527
56,22,HMC,4.133377418002543,0.21311591527875046,1.7353730359198125,6.128678443030868,1.304673671722412
56,40,HMC,18.42404553802359,0.5123040858590435,1.5293993660028742,7.224257424948528,1.3054921627044678
