{
    "sampler": "HMC",
    "value": 5,
    "means_array": [
        [
            0.0,
            0.0,
            0.0,
            0.0,
            0.0
        ]
    ],
    "case": "Warmup Samples",
    "dim": 5,
    "samples": [
        [
            21.334762546531532,
            11.06685528892603,
            -12.446730525135969,
            4.867131531144615,
            23.242922736917254
        ],
        [
            4.2358861695357,
            -11.8014275776461,
            -11.239502746784046,
            13.49781144023321,
            -0.6014743633609174
        ],
        [
            -11.210035525048234,
            -17.214868090094356,
            -21.6093237821072,
            16.737964609768046,
            8.063522148767957
        ],
        [
            5.23152699611154,
            -6.580130394754669,
            -3.100000235014923,
            23.195384030128775,
            10.14523292959868
        ]
    ]
}