mu,global_avg_wasserstein_distance,global_avg_mmd_rff,global_avg_swd_zscore,global_avg_r_hat,global_avg_ess,global_avg_runtime,global_avg_wasserstein_distance_std,global_avg_mmd_rff_std,global_avg_swd_zscore_std,global_avg_r_hat_std,global_avg_ess_std,global_avg_runtime_std,ws_dist_cohens_d,ws_dist_glass_delta,mmd_rff_cohens_d,mmd_rff_glass_delta
"(-10, 10)",0.04083143970817974,0.022404178456602707,1.6532395253423349,1.0049546255101103,799.6357496794062,1.8927738070487976,0.015477604616257953,0.00837751334446817,1.8199922568893907,0.0023289656870034837,74.03230838431722,0.11093668931868486,1.1258814872746394,1.653239525342335,0.9612584201473824,1.2744997563117573
"(0, 0)",0.04230276723205566,0.02471896858237444,1.56899201019367,1.0052821902022817,786.2239103535283,1.8776142120361328,0.01693731890853728,0.00813106984872839,1.946739903259332,0.002692006996372222,86.73393860852414,0.10625206377882974,1.0138581811975085,1.568992010193671,1.2061797753498766,1.6175982381928826
"(20, -20)",0.03887573423371579,0.022298289009138734,1.177678654173723,1.0047398940581147,756.4941866852836,1.913101899623871,0.014124131936163502,0.007969226379115759,1.6097443929527424,0.0021497867960380015,100.36985592352691,0.13949866367974326,0.8788552441421704,1.1776786541737236,0.6045196933237444,0.7897069783711892
"(50, -50)",0.04206404114289443,0.023029794732855914,1.7878766399410826,1.0062062432576724,771.8781849375484,1.9310052394866943,0.014460809248293235,0.008570044026222442,1.6682171849594538,0.002557038335240793,76.58780676667381,0.15604689995980237,1.2999819701382411,1.7878766399410806,1.1232783573291432,1.6920406422377359
