mu,global_avg_wasserstein_distance,global_avg_mmd_rff,global_avg_swd_zscore,global_avg_r_hat,global_avg_ess,global_avg_runtime,global_avg_wasserstein_distance_std,global_avg_mmd_rff_std,global_avg_swd_zscore_std,global_avg_r_hat_std,global_avg_ess_std,global_avg_runtime_std,ws_dist_cohens_d,ws_dist_glass_delta,mmd_rff_cohens_d,mmd_rff_glass_delta
"(-10, 10)",0.0909386033397446,0.06272682639288454,7.545278512327779,1.0403751242481343,196.6130381180273,1.2420402407646178,0.039173135222236685,0.029662064224388697,4.606320199423009,0.04173966974021442,120.07224330456717,0.09304689002310046,2.263789160273435,7.545278512327778,2.208684720101424,8.90890992072968
"(0, 0)",0.09364012773958118,0.06232106316664734,7.469600528442363,1.064964594045436,247.94282458915413,1.2355244278907775,0.09161231645528212,0.06486000195441591,10.529727463750122,0.14804479300472595,162.6791630233567,0.09587055810826998,0.9987241204001731,7.469600528442361,0.9948313048668966,9.07015053805623
"(20, -20)",0.07892148272914486,0.05107134825242139,5.741741025827176,1.021898428857211,288.54007821407265,1.2511330485343932,0.02483250925082365,0.019672920844233638,2.8301911020181607,0.02179827600488958,124.28968087539509,0.09775995699493079,2.7051829672527656,5.741741025827176,2.2832675211244893,6.398273790566593
"(50, -50)",0.09832543994138745,0.06644165444373737,8.278262531490046,1.0531135879451161,313.34447660596527,1.2894534349441529,0.13599262524717715,0.09198427751367141,15.688280688154984,0.1590776744169157,123.6401958630971,0.19557576258094486,0.7447291536461076,8.278262531490046,0.7849984668218309,11.220268669368211
