mu,global_median_wasserstein_distance,global_median_r_hat,global_median_ess,global_median_runtime,global_median_mmd_rff,global_q25_wasserstein_distance,global_q25_r_hat,global_q25_ess,global_q25_runtime,global_q25_mmd_rff,global_q75_wasserstein_distance,global_q75_r_hat,global_q75_ess,global_q75_runtime,global_q75_mmd_rff,ws_mcmc_mean,ws_iid_mean,ws_iid_std,mmd_rff_mcmc_mean,mmd_rff_iid_mean,mmd_rff_iid_std,ws_dist_glass_delta,mmd_rff_glass_delta
"(-20, 0, 0, 0, 0)",2.1001970400243626,2.0997647707474174,5.317436003432044,5.752958059310913,0.29440926378637544,1.7029628020349508,1.7392478481096074,5.11487858143941,5.35738205909729,0.16638906345749632,3.2422788636823827,2.31917838032264,6.113719484899759,6.264116048812866,0.35046234509873025,2.688008838199137,0.11556066027341266,0.038123919755470345,0.29460010876627724,0.011325702711220393,0.00518362973027157,67.47596245154219,54.64788590141374
