correlation,ws_t_stat,ws_p_value,ws_paired_cohens_d
0.0,2.1887570202496174,0.036814645537629975,0.3996105309628357
0.8,3.760502636451402,0.0007634213170693783,0.6865707071806939
0.9,2.489871494749166,0.01875886441418769,0.45458626098774135
0.95,4.316886117490994,0.00016821903211920549,0.7881519682435714
0.98,2.996404859134464,0.00554873472361205,0.5470661775886786
0.99,4.335791334899199,0.00015969450495300773,0.7916035729199092
0.995,6.212571329027051,8.904520723619734e-07,1.1342551523393216
0.999,6.166030568476703,1.0110540142474814e-06,1.1257580108736978
