{
    "sampler": "HMC",
    "value": 5,
    "means_array": [
        0
    ],
    "case": "Warmup Samples",
    "dim": 1,
    "samples": [
        -12.246967139725605,
        65.2144932409969,
        0.14138389785976635,
        82.5447188634107
    ]
}