{
    "sampler": "Metro",
    "value": 8,
    "means_array": [
        [
            -4.000000002,
            0.0,
            0.0,
            0.0,
            0.0,
            0.0,
            0.0,
            0.0
        ],
        [
            4.000000002,
            0.0,
            0.0,
            0.0,
            0.0,
            0.0,
            0.0,
            0.0
        ]
    ],
    "case": "Warmup Samples",
    "dim": 8,
    "samples": [
        [
            -3.5214761076803116,
            18.311348676601217,
            26.972131330233104,
            0.24027061969256414,
            19.554435507967487,
            -1.426881677106281,
            0.5155792667898531,
            -26.856587702040255
        ],
        [
            29.418424057514216,
            5.96911241388248,
            9.024118988477445,
            7.675836513069498,
            -24.05903242679539,
            -6.810614916369181,
            29.321726717681706,
            -24.911872068600488
        ],
        [
            22.61519653957275,
            13.200682361379407,
            12.291526572902072,
            -12.044902813113719,
            1.621929293656546,
            3.989516368631766,
            7.080019151540436,
            0.5229588573109576
        ],
        [
            -28.277807861729,
            -1.6974520596544238,
            -0.41922196276655654,
            -18.605963035139727,
            13.981985353159537,
            -0.5738886827228238,
            -9.899072542157949,
            -2.666799838049475
        ]
    ]
}