{
    "sampler": "Metro",
    "value": 5,
    "means_array": [
        0
    ],
    "case": "Posterior Samples",
    "dim": 1,
    "samples": [
        -0.5239941288876032,
        -0.8739579096548524,
        0.5434910561068332,
        0.4134082764545626
    ]
}