{
    "sampler": "Metro",
    "value": 5,
    "means_array": [
        [
            0.0,
            0.0,
            0.0,
            0.0,
            0.0
        ]
    ],
    "case": "Warmup Samples",
    "dim": 5,
    "samples": [
        [
            40.5156851943554,
            34.99048322946839,
            76.06148697527308,
            47.151472207844606,
            -88.20082851913219
        ],
        [
            -74.57076319109244,
            62.26182749261757,
            -19.04106399847048,
            -59.6749703790389,
            -75.47385304111815
        ],
        [
            -34.49247846409157,
            -55.89332590781766,
            -69.57021415705238,
            99.5548439721118,
            -57.888434836636286
        ],
        [
            22.46766231799386,
            63.367060506618635,
            -1.0918488616044517,
            -30.047740737309272,
            48.72959572861745
        ]
    ]
}