run_id,nu,sampler,wasserstein_distance,mmd_rff,r_hat,ess,runtime
59,0.5,Metro,2258.9274606782806,0.06159843503948575,1.0396389278326348,123.99893946669063,0.9709885120391846
59,1.0,Metro,2.6770884593887865,0.03029981051484583,1.0275067058273564,175.3632414651326,0.9690918922424316
59,2.0,Metro,0.24514907736346692,0.048921275915404044,1.0043322107156438,667.6074350271078,0.9698262214660645
59,5.0,Metro,0.06091774012945759,0.02919517670243783,1.0103784047999602,753.8860594664566,0.9642467498779297
59,10.0,Metro,0.04205728839311053,0.023460073210243328,1.003280657632746,817.4889305377453,1.0097036361694336
59,30.0,Metro,0.03091115155458181,0.008468192187878776,1.0057676092425423,885.5073797488761,0.9699931144714355
59,100.0,Metro,0.031366839797672005,0.013699646606088406,1.0043866360283735,872.3226403302523,0.9753627777099609
59,500.0,Metro,0.026534439600637533,0.008198174825722923,1.0061982531512437,920.9859498143264,0.9733760356903076
