run_id,mu,sampler,wasserstein_distance,mmd_rff,r_hat,ess,runtime
5,8,Metro,0.20267859869468952,0.027892707039741248,1.0211363706944132,99.5196613291638,1.2605154514312744
5,10,Metro,3.93108412314056,0.425196357486645,1.2509409759472145,12.007160715289515,1.3284645080566406
5,12,Metro,1.3309609415310912,0.12617186379285117,1.5603250973541032,6.971568269467865,1.307286024093628
5,14,Metro,2.7973128141092802,0.21133477817073748,1.7360216934273998,6.128901128674846,1.612886667251587
5,16,Metro,3.1793866601156937,0.2033966284226343,1.734691637439266,6.138062708718262,1.269944667816162
5,18,Metro,3.7284797417995725,0.21508342229662303,1.7347463043545466,6.119175907743912,1.2717549800872803
5,20,Metro,4.03909831313052,0.2281807263485008,1.7341347998342163,6.117869451992555,1.321655035018921
5,22,Metro,4.228721857469272,0.19924066699795456,1.7355570068133475,6.127325905529235,1.5720975399017334
5,40,Metro,1.5513517453882968,0.04939735601675226,1.529621428557362,7.227412369376336,1.2733368873596191
