correlation,mmd_rff_t_stat,mmd_rff_p_value,mmd_rff_paired_cohens_d
0.0,-0.9788103211097768,0.3357691048410998,-0.17870549746356662
0.8,2.736158189095206,0.010499184655524638,0.4995518536899767
0.9,4.662289860037945,6.47925319270935e-05,0.8512137753234621
0.95,5.932532073437359,1.9169681725206214e-06,1.0831272132481788
0.98,9.850153422348107,9.285587176623065e-11,1.7983837414355899
0.99,8.731423730644236,1.303456306785466e-09,1.5941325788032532
0.995,10.501585424498993,2.1493812843829963e-11,1.917318408855188
0.999,14.953288765934479,3.640368056307789e-15,2.730084521996967
