correlation,mmd_rff_t_stat,mmd_rff_p_value,mmd_rff_paired_cohens_d
0.0,6.36895438495433,5.818706962687703e-07,1.1628066614536428
0.8,6.9343475990750045,1.2737209329310882e-07,1.2660328671983898
0.9,8.398234298083212,2.9553675540534637e-09,1.53330078942458
0.95,7.889687616511464,1.0600451779146566e-08,1.4404532930774991
0.98,10.602254971736638,1.722646176711232e-11,1.9356980694804846
0.99,8.843625197555218,9.92666629740095e-10,1.6146176702740247
0.995,10.801883265592183,1.1148655213283177e-11,1.972145042700802
0.999,15.203962928384302,2.36969229484049e-15,2.775851153116128
