run_id,mu,sampler,wasserstein_distance,mmd_rff,r_hat,ess,runtime
31,"(10.0, 0.0)",SMC,0.12146922070793746,0.013751536760187566,1.0007869231655402,6828.840849957018,8.976259469985962
