{
    "sampler": "DEMetro_Z",
    "value": 0.5,
    "means_array": [
        [
            -2.8751811565851333,
            0.0,
            0.0,
            0.0,
            0.0,
            0.0,
            0.0,
            0.0,
            0.0,
            0.0,
            0.0,
            0.0,
            0.0,
            0.0,
            0.0,
            0.0,
            0.0,
            0.0,
            0.0,
            0.0,
            0.0,
            0.0,
            0.0,
            0.0,
            0.0,
            0.0,
            0.0,
            0.0,
            0.0,
            0.0
        ],
        [
            2.8751811565851333,
            0.0,
            0.0,
            0.0,
            0.0,
            0.0,
            0.0,
            0.0,
            0.0,
            0.0,
            0.0,
            0.0,
            0.0,
            0.0,
            0.0,
            0.0,
            0.0,
            0.0,
            0.0,
            0.0,
            0.0,
            0.0,
            0.0,
            0.0,
            0.0,
            0.0,
            0.0,
            0.0,
            0.0,
            0.0
        ]
    ],
    "case": "Warmup Samples",
    "dim": 30,
    "samples": [
        [
            24.402057089637992,
            53.49347776947213,
            -75.14678356178634,
            -8.381234924549306,
            88.09169287417835,
            -97.99579684933906,
            31.555315028207634,
            110.04821850510874,
            30.621476691703005,
            56.17522477284255,
            107.10629472941653,
            -146.2066951823179,
            -88.80869366843882,
            -11.381616257715963,
            70.90766140980851,
            59.15490000174555,
            112.41315113052718,
            -3.858888111525242,
            112.95890993443658,
            60.09689664543743,
            -140.02062954925543,
            19.23824932281444,
            -112.65174147509265,
            -71.55824666790177,
            -127.68243879992123,
            162.97461661949782,
            70.23092451804924,
            -155.88334789610855,
            -2.816009831092567,
            51.47585148592792
        ],
        [
            -155.38977522919325,
            113.0581618456523,
            94.83084206460548,
            107.17755621959657,
            40.549111312179264,
            156.2693951351058,
            12.42535457459609,
            114.1844152684584,
            -184.67329597819327,
            -102.0413872508364,
            74.66563175200056,
            -77.12889991063889,
            -121.94936196097262,
            107.03016628799746,
            -153.9245010372495,
            81.31201708900284,
            -24.215833466424844,
            -193.82745873903147,
            37.964655960042215,
            -144.25820422091527,
            98.79951524938691,
            -136.81387055741178,
            -31.54651120468668,
            -25.720140913218813,
            4.9905966359067016,
            -47.98204887122365,
            72.47857615077116,
            -48.344602112016304,
            -30.36229194995412,
            -163.26579283495263
        ],
        [
            82.54619468087664,
            4.837695823121771,
            -157.98348562033823,
            -51.643074075009864,
            -107.16750721953834,
            144.56238771895227,
            26.563049499017506,
            -125.69609752703956,
            -82.94506481289011,
            81.77446003003006,
            -38.00111714982097,
            -6.076454507768261,
            85.58765657601515,
            114.09279559764306,
            -160.69180811283883,
            -69.81704822401613,
            8.998338542265005,
            -35.852007298580915,
            -90.8604381820565,
            -123.22970701743198,
            42.85853021012974,
            -141.03065460818664,
            -39.02358092145244,
            4.76873808135784,
            -171.70682698073892,
            -117.43334692358455,
            45.33440638544668,
            -123.44666956791663,
            141.23799843192288,
            -130.23459793603587
        ],
        [
            -108.38980959476778,
            -62.81832702852243,
            -19.722679334503106,
            -49.61359175467485,
            64.64851555326732,
            -76.89952177772935,
            -101.48061223723572,
            -117.25360640017561,
            111.6735408807886,
            30.666395846234074,
            -83.78638742801205,
            -135.0095843895488,
            -142.11888397072352,
            -65.41066379638468,
            16.08394889024734,
            71.94924298566293,
            101.70011637598628,
            -136.09012578280624,
            104.14679400846879,
            46.178914471110396,
            -150.54553297079923,
            51.14069706178428,
            -42.29571767544117,
            -3.061433124258086,
            -145.22285675045964,
            46.58183426243036,
            -111.40445544678992,
            -144.64140429718188,
            65.41020919598282,
            -86.1241193792881
        ]
    ]
}