run_id,mu,sampler,wasserstein_distance,mmd_rff,swd_zscore,r_hat,ess,runtime
14,"(10, 10, 10, 10, 10, 20, 20, 20, 20, 20, 30, 30, 30, 30, 30, 40, 40, 40, 40, 40)",DEMetro,2.824067299670959,0.39071749868475775,1394.0828235434415,15.324304211784309,6.075867896168797,2.0651590824127197
