mu,sampler,wasserstein_distance,r_hat,ess,runtime
0,HMC,0.05760928448469874,1.0056415468633884,390.27074174707576,1.3569462299346924
4,HMC,0.09531909785321621,1.0056415468633884,390.27074174707576,1.4120104312896729
