{
    "run_id": 1,
    "case": "multimodal",
    "dim": 30,
    "means_array": [
        [
            -4.000000002,
            0.0,
            0.0,
            0.0,
            0.0,
            0.0,
            0.0,
            0.0,
            0.0,
            0.0,
            0.0,
            0.0,
            0.0,
            0.0,
            0.0,
            0.0,
            0.0,
            0.0,
            0.0,
            0.0,
            0.0,
            0.0,
            0.0,
            0.0,
            0.0,
            0.0,
            0.0,
            0.0,
            0.0,
            0.0
        ],
        [
            4.000000002,
            0.0,
            0.0,
            0.0,
            0.0,
            0.0,
            0.0,
            0.0,
            0.0,
            0.0,
            0.0,
            0.0,
            0.0,
            0.0,
            0.0,
            0.0,
            0.0,
            0.0,
            0.0,
            0.0,
            0.0,
            0.0,
            0.0,
            0.0,
            0.0,
            0.0,
            0.0,
            0.0,
            0.0,
            0.0
        ]
    ],
    "min_mode": [
        -4.000000002,
        0.0,
        0.0,
        0.0,
        0.0,
        0.0,
        0.0,
        0.0,
        0.0,
        0.0,
        0.0,
        0.0,
        0.0,
        0.0,
        0.0,
        0.0,
        0.0,
        0.0,
        0.0,
        0.0,
        0.0,
        0.0,
        0.0,
        0.0,
        0.0,
        0.0,
        0.0,
        0.0,
        0.0,
        0.0
    ],
    "max_mode": [
        4.000000002,
        0.0,
        0.0,
        0.0,
        0.0,
        0.0,
        0.0,
        0.0,
        0.0,
        0.0,
        0.0,
        0.0,
        0.0,
        0.0,
        0.0,
        0.0,
        0.0,
        0.0,
        0.0,
        0.0,
        0.0,
        0.0,
        0.0,
        0.0,
        0.0,
        0.0,
        0.0,
        0.0,
        0.0,
        0.0
    ],
    "border": [
        20.0,
        20.0,
        20.0,
        20.0,
        20.0,
        20.0,
        20.0,
        20.0,
        20.0,
        20.0,
        20.0,
        20.0,
        20.0,
        20.0,
        20.0,
        20.0,
        20.0,
        20.0,
        20.0,
        20.0,
        20.0,
        20.0,
        20.0,
        20.0,
        20.0,
        20.0,
        20.0,
        20.0,
        20.0,
        20.0
    ],
    "low": [
        -30.176732594203767,
        -30.04855096041839,
        -29.916453890587793,
        -30.08925531077665,
        -29.939944436991098,
        -30.05576044282386,
        -30.26225086517902,
        -29.975237719710695,
        -29.813644259754554,
        -29.413996408511963,
        -30.133043085980994,
        -30.370375971496827,
        -30.15545530487661,
        -29.949790029768188,
        -30.341772799719134,
        -29.77739639929586,
        -29.649513255823084,
        -30.125767006521155,
        -29.623464405018062,
        -29.615415732880432,
        -30.256193218416126,
        -30.106215820296576,
        -30.197374724390876,
        -30.085558772093076,
        -29.795171899706038,
        -30.365526095505356,
        -29.948174563339702,
        -29.938590881164668,
        -30.213075305011266,
        -30.066403178500156
    ],
    "high": [
        29.823267405796233,
        29.95144903958161,
        30.083546109412207,
        29.91074468922335,
        30.060055563008902,
        29.94423955717614,
        29.73774913482098,
        30.024762280289305,
        30.186355740245446,
        30.586003591488037,
        29.866956914019006,
        29.629624028503173,
        29.84454469512339,
        30.050209970231812,
        29.658227200280866,
        30.22260360070414,
        30.350486744176916,
        29.874232993478845,
        30.376535594981938,
        30.384584267119568,
        29.743806781583874,
        29.893784179703424,
        29.802625275609124,
        29.914441227906924,
        30.204828100293962,
        29.634473904494644,
        30.051825436660298,
        30.061409118835332,
        29.786924694988734,
        29.933596821499844
    ],