mu,sampler,wasserstein_distance,r_hat,ess,runtime
"(10, 10)",Metro,5.315094844090308,1.0030009168702603,5233.92725054113,20.974004983901978
"(20, 20)",Metro,6.802405598545649,1.003625743188578,4949.480945147783,21.318302869796753
"(3, 3)",Metro,2.825751283571422,1.6124482631401413,33.215786165181825,21.34276795387268
"(5, 5)",Metro,5.431690136711388,1.0553862150801536,487.1825389685247,21.1223886013031
"(50, 50)",Metro,11.103120866612947,1.0029222849410249,5437.388048330577,21.4489107131958
