dimension,var_rmse_t_stat,var_rmse_p_value,var_rmse_paired_cohens_d
2,2.070723643911677,0.17421031598346148,1.1955328532297296
3,4.690250984235578,0.04257569526872748,2.7079176683153183
10,255.10546610160554,1.536563319408881e-05,147.28520952550693
30,1084.8532321444598,8.496840619752711e-07,626.3403056098394
50,2694.1504707534305,1.377704936797856e-07,1555.46849952685
