mu,sampler,wasserstein_distance,r_hat,ess,runtime
"(10, -20)",HMC,0.08392239696145005,1.0043535684609952,954.6045279355919,2.433779001235962
"(50, -50)",HMC,0.04389706846946262,1.0043247128424655,954.6045279355919,2.4403254985809326
