{
    "sampler": "HMC",
    "value": 30,
    "means_array": [
        [
            0.0,
            0.0,
            0.0,
            0.0,
            0.0,
            0.0,
            0.0,
            0.0,
            0.0,
            0.0,
            0.0,
            0.0,
            0.0,
            0.0,
            0.0,
            0.0,
            0.0,
            0.0,
            0.0,
            0.0,
            0.0,
            0.0,
            0.0,
            0.0,
            0.0,
            0.0,
            0.0,
            0.0,
            0.0,
            0.0
        ]
    ],
    "case": "Posterior Samples",
    "dim": 30,
    "samples": [
        [
            -0.2924325631345938,
            -0.4335262332421615,
            -0.33569003718554236,
            -0.27919011080706546,
            -0.39373867374308186,
            -0.327703042238101,
            -0.20704172212684785,
            -0.8395563420931307,
            -0.07473532715326844,
            -0.3385566886808776,
            -0.38681269469835233,
            -0.5567684967998197,
            -0.5268706652443375,
            -0.4835956757688966,
            -0.1259315430981054,
            -0.49281905726173736,
            0.027890439620145504,
            -0.679388532429455,
            -0.1621509974205991,
            -0.6021934031251119,
            0.01618343338815923,
            -0.6255246738129567,
            -0.6991945068344535,
            0.12930944649214318,
            -0.46527558835904104,
            -0.6896575461936773,
            -0.5248654453384384,
            0.046683449979884044,
            0.0447587937685125,
            0.03234285008201212
        ],
        [
            -0.45742875661314847,
            -0.4123931014437859,
            0.27493530256581444,
            -0.4335449325207178,
            -0.15638710672461928,
            -0.8956009832580017,
            -0.12618535594851318,
            -0.27494999179066504,
            -0.41282775337625754,
            -0.7074701853416845,
            -0.5430250205708596,
            0.042436668638395285,
            -0.7071628123413595,
            -0.3359823928309059,
            -0.13261542352849603,
            -0.039163131199513326,
            0.2913928450925968,
            -0.2883504233082527,
            -0.5654778830739731,
            -0.6493988359813159,
            -0.4155525238332627,
            -0.5590873090413339,
            -0.4093789716566124,
            -0.3704376481011972,
            -0.3561702953078777,
            -0.4030340031184366,
            -0.6271381854525241,
            -0.10401524159296016,
            -0.2792971781948808,
            -0.5118698924618329
        ],
        [
            1.2154665645617793,
            1.7923170578831589,
            1.7489520031778731,
            1.2131665294417224,
            1.6293501833908315,
            1.5556747628100316,
            1.5250321099361492,
            1.6753739542841277,
            1.7088524191618137,
            1.6779848395652515,
            1.4896668581420394,
            1.1432140660442853,
            1.1776978434896612,
            1.829355733175276,
            1.8414100524059471,
            1.320993319669881,
            1.205163701773404,
            1.6249609302370918,
            1.170094113676368,
            1.1098590377693158,
            1.467071901393695,
            1.6772266679227779,
            1.3150986682730716,
            1.8327297391221866,
            1.3315433657047113,
            1.4609636326158653,
            1.580372797860386,
            2.1778219263872045,
            1.8239411476026886,
            1.5329409522660589
        ],
        [
            0.8666891539058235,
            0.6297580915244086,
            -0.13134327057252462,
            0.3825283594589383,
            0.15795800925811398,
            0.6339767084662346,
            0.5660656418371743,
            0.2889078058312497,
            1.005308889916975,
            0.09744747545538705,
            0.18735672930805755,
            0.39182063708579457,
            0.7347628968781826,
            0.6597624237114862,
            0.48157222061553573,
            0.6407241767274214,
            0.29235408366082655,
            0.2770717780910722,
            0.13625545340282605,
            -0.12848392882636417,
            0.3836487185279059,
            -0.05941648818637051,
            0.14963093632012817,
            0.7118453744227088,
            0.23435707458265972,
            0.1320249194822444,
            -0.16641560944455272,
            0.269545612375325,
            -0.07988008793322701,
            0.44198521316571393
        ]
    ]
}