dimension,ws_t_stat,ws_p_value,ws_paired_cohens_d
2,1.592961575228103,0.13947584518973669,0.4598483971333378
3,0.13269026178660123,0.896834516212496,0.03830437918066807
10,-3.8133627520790574,0.0028759778039925475,-1.100823005715268
30,-14.283924892872992,1.905078982496213e-08,-4.123413940992309
50,-25.613114587395874,3.709312421493226e-11,-7.39386930090887
