dimension,ws_t_stat,ws_p_value,ws_paired_cohens_d
2,8.998232821565448,2.100189650327563e-06,2.5975660708808688
3,39.095393355813066,3.714097116313194e-13,11.28586793902649
10,9.663477800057215,1.0396943747865212e-06,2.7896057545855033
30,22.8084682972593,1.2997175307261828e-10,6.584237655612851
50,40.75912293678578,2.3551683456217226e-13,11.76614529974316
