correlation,ws_t_stat,ws_p_value,ws_paired_cohens_d
0.0,-13.656655581096564,0.005319066650547402,-7.884673775976107
0.99,-2.1327191225756366,0.16658166563047588,-1.2313259595249062
