{
    "sampler": "HMC",
    "value": 0.3,
    "means_array": [
        [
            0.0,
            0.0
        ],
        [
            10,
            0
        ]
    ],
    "case": "Warmup Samples",
    "dim": 2,
    "samples": [
        [
            9.95504490085808,
            -0.22560178116401655
        ],
        [
            6.9081964195614605,
            0.536416862414005
        ],
        [
            -1.7893230940361398,
            0.3454187416265147
        ],
        [
            7.096188706648466,
            -2.169905016142286
        ]
    ]
}