{
    "sampler": "HMC",
    "value": [
        0.0,
        0.0,
        0.0,
        -5.059644
    ],
    "means_array": [
        [
            0.0,
            0.0,
            0.0,
            -5.059644
        ],
        [
            -3.810317,
            2.528724,
            1.756997,
            1.264911
        ],
        [
            -0.181444,
            -4.600403,
            1.674328,
            1.264911
        ],
        [
            -0.181444,
            -0.035591,
            -4.895489,
            1.264911
        ],
        [
            4.173205,
            2.10727,
            1.464164,
            1.264911
        ]
    ],
    "case": "Posterior Samples",
    "dim": 4,
    "samples": [
        [
            -1.7910089408504977,
            1.4050509423641246,
            -4.8290969305291,
            2.553498325907844
        ],
        [
            1.7294712786155826,
            -0.7716621891382509,
            0.8942133998622783,
            -3.7819466115681037
        ],
        [
            4.538292178191589,
            2.025051962698156,
            1.4636354434710832,
            2.3399509952527886
        ],
        [
            -1.1535882451215038,
            -0.7877837877242805,
            -1.277094886448712,
            -2.964295686984781
        ]
    ]
}