{
    "sampler": "HMC",
    "value": [
        4,
        0
    ],
    "means_array": [
        [
            0.0,
            0.0
        ],
        [
            4,
            0
        ]
    ],
    "case": "Warmup Samples",
    "dim": 2,
    "samples": [
        [
            2.4064811493489544,
            -0.9277375013580748
        ],
        [
            2.500426878772967,
            -3.484580171000638
        ],
        [
            12.433883214506459,
            -1.5553279017293409
        ],
        [
            0.17316887706722944,
            0.4481102935567287
        ]
    ]
}