{
    "sampler": "DEMetro_Z",
    "value": 5,
    "means_array": [
        [
            0.0,
            0.0
        ],
        [
            5.0,
            0.0
        ]
    ],
    "case": "Posterior Samples",
    "dim": 2,
    "samples": [
        [
            0.44594899764907153,
            0.38770601990942016
        ],
        [
            -1.4025625008259754,
            0.3086279779959504
        ],
        [
            4.629708223569548,
            -0.7776416820921156
        ],
        [
            4.538718623091433,
            1.1045672942186213
        ]
    ]
}