{
    "component_types": [
        "MvNormal",
        "MvNormal"
    ],
    "component_params": [
        {
            "mu": [
                0.0,
                0.0,
                0.0
            ],
            "cov": [
                [
                    1.0,
                    0.0,
                    0.0
                ],
                [
                    0.0,
                    1.0,
                    0.0
                ],
                [
                    0.0,
                    0.0,
                    1.0
                ]
            ]
        },
        {
            "mu": [
                -25.258612495035912,
                -3.4701995687317617,
                -15.810129973494508
            ],
            "cov": [
                [
                    1.0,
                    0.0,
                    0.0
                ],
                [
                    0.0,
                    1.0,
                    0.0
                ],
                [
                    0.0,
                    0.0,
                    1.0
                ]
            ]
        }
    ],
    "weights": [
        0.5,
        0.5
    ]
}