{
    "sampler": "HMC",
    "value": 2.1,
    "means_array": [
        0
    ],
    "case": "Warmup Samples",
    "dim": 1,
    "samples": [
        6.250135937949,
        -17.900535437176686,
        -19.2855036174044,
        -0.057781052818336676
    ]
}