{
    "sampler": "HMC",
    "value": 0.5,
    "means_array": [
        [
            0,
            0
        ]
    ],
    "case": "Warmup Samples",
    "dim": 2,
    "samples": [
        [
            57.855772198987296,
            -82.28663530635839
        ],
        [
            58.6798158462534,
            23.90271149596077
        ],
        [
            -79.4664166077189,
            -83.17133575298305
        ],
        [
            -20.15039528652915,
            65.67859299930517
        ]
    ]
}