{
    "sampler": "HMC",
    "value": 0.3,
    "means_array": [
        [
            0.0,
            0.0,
            0.0,
            0.0,
            0.0,
            0.0,
            0.0,
            0.0,
            0.0,
            0.0,
            0.0,
            0.0,
            0.0,
            0.0,
            0.0,
            0.0,
            0.0,
            0.0,
            0.0,
            0.0,
            0.0,
            0.0,
            0.0,
            0.0,
            0.0,
            0.0,
            0.0,
            0.0,
            0.0,
            0.0
        ]
    ],
    "case": "Warmup Samples",
    "dim": 30,
    "samples": [
        [
            79.76761986908096,
            26.725793051641073,
            1.8032610078263,
            -3.02878489212492,
            60.370328630402746,
            14.973708329640926,
            -41.41889233412428,
            -63.079008288196576,
            -71.88426539013581,
            57.45910708508953,
            66.47764489182205,
            -65.41276616923848,
            4.451785662162564,
            74.00451544938193,
            27.017179912246807,
            32.85959246255911,
            -72.44649211543332,
            57.19547863428765,
            -27.431835263579824,
            -99.07297068887601,
            65.30462309702673,
            -46.820691999117734,
            89.66685741214242,
            23.044361988155423,
            -47.49110909637455,
            -91.8971481553317,
            69.53918712782222,
            126.66824043663482,
            -23.04223656281662,
            -88.15554992193182
        ],
        [
            -52.65694573430135,
            -65.36536896968673,
            19.700948561704053,
            94.70175505075674,
            37.70690295908637,
            43.55315486013641,
            43.190715681309065,
            13.393180999619519,
            -15.874418991221987,
            36.769154863337626,
            -66.21492437338541,
            -63.055913366917416,
            -51.313452250746664,
            65.94292650193822,
            -90.44633022274938,
            -65.84556036730531,
            94.71596727734831,
            -9.393641124863002,
            83.79480900083865,
            -99.62080462050363,
            94.56857423272746,
            56.885058718772214,
            71.78623435664939,
            -23.89421368750273,
            -9.800883947352196,
            67.2941272382881,
            -74.42821173525563,
            94.8307498124838,
            25.963467056916134,
            -104.97392114653962
        ],
        [
            -46.595399120748546,
            25.13915456597491,
            -11.729085340715718,
            -48.59102613104686,
            56.13036446350002,
            -22.189049306458312,
            8.856449177526983,
            -22.834510457008573,
            -39.700496106813596,
            -80.94394049103215,
            -32.500461315556976,
            45.99251545131999,
            -83.7998671095612,
            67.59293412291768,
            9.721655791354868,
            13.195616318202843,
            12.114905167784608,
            56.8163381141729,
            -8.996698812126878,
            -4.538063831154514,
            -3.2745331733035172,
            -25.184336244190263,
            -71.15209143093865,
            -83.0005228759861,
            -105.20937759290045,
            -28.96448714169696,
            -25.611750045599635,
            -90.6492687431508,
            41.938774235006505,
            -21.062728437259427
        ],
        [
            -49.04051323955121,
            -75.79766168702534,
            -71.33100832087092,
            42.58190581822669,
            -5.698563544233496,
            4.215943390721595,
            -31.013532671405972,
            -10.86174403708683,
            -89.24450795802287,
            3.6740741068395253,
            -10.284853474489035,
            0.9742735688069212,
            -69.77858746737336,
            -90.9892076615131,
            -86.92701009255697,
            14.337581683482654,
            -58.927647493936334,
            -40.402906946370884,
            82.61196715966739,
            30.341764400492767,
            1.338767894197182,
            -81.54040270364665,
            -30.5793780497367,
            33.31967696637611,
            5.231502259235676,
            -95.25620726405872,
            7.403206003119973,
            -20.07609233579222,
            -0.767670034510909,
            33.17310087629997
        ]
    ]
}