run_id,mu,sampler,wasserstein_distance,mmd_rff,r_hat,ess,runtime
51,"(0, 0, 0, 0, 0)",Metro,0.2294986240441296,0.09374715540157004,1.1668553874254808,18.826876143586926,1.648813009262085
