run_id,dimension_corr,sampler,wasserstein_distance,mmd_rff,r_hat,ess,runtime
64,2,SMC,0.02529174637578118,0.017717486648335123,1.0001981929554078,3827.1114026030914,2.008039951324463
64,5,SMC,0.028066391819780084,0.019447716276581675,1.0006400992826952,3804.412229833003,1.7565245628356934
64,10,SMC,0.03178667508421201,0.021994153326871053,1.0007998316206732,3365.950445544562,2.8733036518096924
64,15,SMC,0.02632247408141537,0.022434836131599207,1.0030079297230614,3575.6686008116785,2.8068957328796387
64,20,SMC,0.025644725555508077,0.021814383769144605,1.0014472437667565,3629.257621003165,4.73042893409729
