run_id,mu,sampler,wasserstein_distance,mmd_rff,r_hat,ess,runtime
68,"(5.0, 0.0)",HMC,0.18603501898468897,0.037168474607560086,1.132583254089324,22.767458639143857,3.7169065475463867
68,"(5.0, 10.0)",HMC,2.3001599317696604,0.23496608192710963,1.7333986479031762,6.093607469704848,2.9375851154327393
68,"(5.0, 20.0)",HMC,2.339033097213166,0.11374112458960438,2.4083185300047445,4.896480376914514,3.304751396179199
68,"(5.0, 40.0)",HMC,10.179607170950232,0.31858431804961096,1.5306198908204385,7.179324018683276,3.2432961463928223
68,"(5.0, 5.0)",HMC,2.261828699447031,0.2726436027351543,1.433889817875676,8.027962958182654,3.5220909118652344
