{
    "sampler": "DEMetro_Z",
    "value": 0.5,
    "means_array": [
        [
            0.0,
            0.0
        ],
        [
            13,
            0
        ]
    ],
    "case": "Warmup Samples",
    "dim": 2,
    "samples": [
        [
            -3.795138595317542,
            -21.327131296366524
        ],
        [
            -3.37495266414696,
            -26.908095752021612
        ],
        [
            9.042201398512846,
            -20.388620339201204
        ],
        [
            6.55638425283081,
            -3.3261428332614837
        ]
    ]
}