run_id,mu,sampler,wasserstein_distance,mmd_rff,r_hat,ess,runtime
12,"(0, 0, 0, 0, 0)",HMC,0.034049925271587324,0.023997159820234103,1.001591975877032,4973.899791217121,1.6510283946990967
