{
    "sampler": "HMC",
    "value": 50,
    "means_array": [
        [
            0.0,
            0.0,
            0.0,
            0.0,
            0.0,
            0.0,
            0.0,
            0.0,
            0.0,
            0.0,
            0.0,
            0.0,
            0.0,
            0.0,
            0.0,
            0.0,
            0.0,
            0.0,
            0.0,
            0.0,
            0.0,
            0.0,
            0.0,
            0.0,
            0.0,
            0.0,
            0.0,
            0.0,
            0.0,
            0.0
        ]
    ],
    "case": "Posterior Samples",
    "dim": 30,
    "samples": [
        [
            -1.027185831482059,
            -0.9360132780104178,
            1.1768139450754993,
            -2.681019872016276,
            0.5357492753821242,
            0.25783243027475483,
            1.5026423659735286,
            -0.3403366981075734,
            0.7090756938274511,
            -0.3034561073470062,
            0.569818541866406,
            -1.1962806840334408,
            0.19481744005203397,
            1.1090396688697146,
            -0.9095549849542865,
            1.1265585796798168,
            -1.3694770146196722,
            1.4125915096058692,
            -0.44706187234470957,
            -2.736980276343188,
            -0.2988054511349683,
            -0.6259466551804714,
            -2.174738658433041,
            1.0569069924254424,
            0.6740385238599985,
            0.941280377705416,
            -0.5142770864371385,
            -1.3577438945103304,
            -1.4829141271866284,
            -0.44209389726184295
        ],
        [
            -0.8620214693876042,
            -0.8484259409374719,
            -0.02942907073408786,
            -0.31777121255060137,
            1.7594469120109557,
            0.15325725058965753,
            -1.564455128529553,
            0.6662707313246892,
            -0.6652700652056649,
            0.24232198168034325,
            0.16261851251680562,
            0.04390096390243188,
            0.43065564612318,
            1.7747666713361012,
            -0.6676455979136234,
            0.8778292529671842,
            -0.5420647717509737,
            -0.6640486587542694,
            0.9958490154426197,
            -0.4405150957517743,
            0.42257034018887546,
            -0.15602361926668742,
            0.6369723909127539,
            -0.7727435705392368,
            0.4422776546950391,
            0.12920624895854504,
            0.2738812593072248,
            1.0413676384715802,
            1.3570166267612294,
            -1.4665165988393978
        ],
        [
            -0.6753612644573617,
            1.3263765205337679,
            0.29631280321011233,
            0.22846699664504463,
            0.7342717992780554,
            0.19146017349817412,
            -0.31963318042505967,
            -1.6012941212005516,
            0.615754876261873,
            -0.3835238838589641,
            -1.8502997661618132,
            -0.4623291986778678,
            0.7471446979944341,
            0.4900349519172025,
            0.6043501571954472,
            -0.18688694436380124,
            3.765315368457212,
            -0.32149879315640867,
            0.8098615947633415,
            -2.521378950957139,
            0.24858942759615482,
            -0.2559349040093919,
            1.2956146336596803,
            -1.02442899857515,
            0.845214125661479,
            -1.47809506550396,
            0.5086851690010398,
            -1.2446290303531973,
            1.769608193332189,
            -0.0015035495214839477
        ],
        [
            -0.44497408405093963,
            -0.07785851913730554,
            2.614386444093646,
            0.6631099578282394,
            -0.7167663541783212,
            -0.9054830765875862,
            -0.5108328061110552,
            0.001209222241542702,
            -0.17896354075657256,
            -0.7577278208149304,
            -0.3836128415697309,
            -0.6733943821208538,
            0.07960252276399421,
            -1.4612963389450053,
            -0.5053360906837837,
            1.2751880834266194,
            0.804627613714445,
            -1.1354373270075502,
            0.3311130738511376,
            0.6662262078421823,
            0.7081845542223157,
            1.6944192255780757,
            -0.09001874446447101,
            1.38023508696599,
            -1.5229026780091859,
            0.6332588229711845,
            0.28567179803439796,
            -0.012291903607706796,
            0.16881971124631892,
            -1.0670579464103032
        ]
    ]
}