{
    "run_id": 1,
    "case": "unimodal",
    "dim": 2,
    "low": [
        -128.3886939710052,
        -107.45728307114035
    ],
    "high": [
        106.32313648366471,
        83.84486997835315
    ],
    "means_array": [
        [
            0.0,
            0.0
        ]
    ],
    "samples": [
        {
            "posterior": [
                102.34307421313142,
                -66.21370661679026
            ]
        },
        {
            "posterior": [
                -29.13985362334104,
                -27.600059726548622
            ]
        },
        {
            "posterior": [
                80.97638840210291,
                -77.10379690903626
            ]
        },
        {
            "posterior": [
                -35.92887870459505,
                -104.12132564955974
            ]
        }
    ]
}