b,sampler,wasserstein_distance,r_hat,ess,runtime
0.5,Metro,0.01996132483959743,1.0027731941442721,7585.755164421406,3.61500883102417
1.0,Metro,0.02511729519338669,1.002491158812285,6286.856628294875,3.507019519805908
2.0,Metro,0.040515017229999686,1.003198809962807,5766.31621232104,3.483731985092163
5.0,Metro,0.0989430216755582,1.0031695486048997,6164.288419524847,3.8127872943878174
