mu,global_avg_wasserstein_distance,global_avg_mmd_rff,global_avg_swd_zscore,global_avg_r_hat,global_avg_ess,global_avg_runtime,global_avg_wasserstein_distance_std,global_avg_mmd_rff_std,global_avg_swd_zscore_std,global_avg_r_hat_std,global_avg_ess_std,global_avg_runtime_std,ws_dist_glass_delta,mmd_rff_glass_delta
"(10, 10, 10, 10, 10, 20, 20, 20, 20, 20, 30, 30, 30, 30, 30, 40, 40, 40, 40, 40)",0.023419691581900187,0.018685291193606,-0.11563403110573278,1.0035628756240418,11801.386332791735,3.6398499727249147,0.001523739045903689,0.0004766380547774095,0.7585369260342449,0.0008716144478865879,568.8029220506118,0.15494118753893862,-0.11563403110573485,0.7100469737442531
