{
    "run_id": 1,
    "case": "unimodal",
    "dim": 2,
    "low": [
        -193.04196706321605,
        -196.36696773788626
    ],
    "high": [
        148.4235239025345,
        180.82675148342437
    ],
    "means_array": [
        [
            0.0,
            0.0
        ]
    ],
    "samples": [
        {
            "posterior": [
                -131.11302886268066,
                -67.41577941776976
            ]
        },
        {
            "posterior": [
                50.02590107477366,
                89.76969292207028
            ]
        },
        {
            "posterior": [
                101.89385602249266,
                -42.459899816532015
            ]
        },
        {
            "posterior": [
                13.297147110310732,
                160.51378345946503
            ]
        }
    ]
}