{
    "sampler": "Metro",
    "value": 10,
    "means_array": [
        [
            0.0,
            0.0
        ]
    ],
    "case": "Posterior Samples",
    "dim": 2,
    "samples": [
        [
            -0.131861461469986,
            -0.2547427029371565
        ],
        [
            0.15330754783553996,
            -1.2990341031822006
        ],
        [
            0.03970994635415037,
            -0.738285456010556
        ],
        [
            -0.16270036054575054,
            -0.0056555544100821975
        ]
    ]
}