{
    "sampler": "Metro",
    "value": 10,
    "means_array": [
        [
            0.0,
            0.0
        ]
    ],
    "case": "Warmup Samples",
    "dim": 2,
    "samples": [
        [
            -2.2025027765221976,
            -19.152510038163804
        ],
        [
            4.570025984160143,
            4.917003358242635
        ],
        [
            6.211024498418337,
            21.71524889703904
        ],
        [
            6.910257470781361,
            17.29961716894017
        ]
    ]
}