mu,sampler,wasserstein_distance,r_hat,ess,runtime
"(-10, 10)",Metro,0.01577717205613318,1.0030615324115244,9238.995127010945,6.354176759719849
"(0, 0)",Metro,0.014114097366947345,1.0030615324115244,9238.995127010945,5.63336181640625
"(20, -20)",Metro,0.012840419801014857,1.0030615324115244,9238.995127010945,6.359064817428589
"(50, -50)",Metro,0.011999822869821507,1.0030615324115244,9238.995127010945,6.317478656768799
