{
    "run_id": 1,
    "case": "unimodal",
    "dim": 30,
    "low": [
        -100.0,
        -100.0,
        -100.0,
        -100.0,
        -100.0,
        -100.0,
        -100.0,
        -100.0,
        -100.0,
        -100.0,
        -100.0,
        -100.0,
        -100.0,
        -100.0,
        -100.0,
        -100.0,
        -100.0,
        -100.0,
        -100.0,
        -100.0,
        -100.0,
        -100.0,
        -100.0,
        -100.0,
        -100.0,
        -100.0,
        -100.0,
        -100.0,
        -100.0,
        -100.0
    ],
    "high": [
        100.0,
        100.0,
        100.0,
        100.0,
        100.0,
        100.0,
        100.0,
        100.0,
        100.0,
        100.0,
        100.0,
        100.0,
        100.0,
        100.0,
        100.0,
        100.0,
        100.0,
        100.0,
        100.0,
        100.0,
        100.0,
        100.0,
        100.0,
        100.0,
        100.0,
        100.0,
        100.0,
        100.0,
        100.0,
        100.0
    ],
    "means_array": [
        [
            0.0,
            0.0,
            0.0,
            0.0,
            0.0,
            0.0,
            0.0,
            0.0,
            0.0,
            0.0,
            0.0,
            0.0,
            0.0,
            0.0,
            0.0,
            0.0,
            0.0,
            0.0,
            0.0,
            0.0,
            0.0,
            0.0,
            0.0,
            0.0,
            0.0,
            0.0,
            0.0,
            0.0,
            0.0,
            0.0
        ]
    ],
    "samples": [
        {
            "posterior": [
                67.81550000081515,
                -86.71950715041726,
                -60.291863284125526,
                -43.48867028713808,
                20.39815582731366,
                -72.34835324350475,
                1.441472972906709,
                -94.44109157920477,
                33.83710766695884,
                -9.239273852387853,
                -14.381434623659189,
                -80.59152484236493,
                67.33400810862312,
                -80.62512388367576,
                12.112722831989075,
                82.06637435464486,
                -54.271042532601754,
                -75.50073899733667,
                43.982437166261434,
                -8.568602042827393,
                -14.752855875969217,
                22.111610145143274,
                -37.5344278162512,
                75.14136101105072,
                88.55453488856415,
                83.05819321852624,
                -82.53232491621299,
                -53.14046743184051,
                16.28890470986235,
                60.41270452126656
            ]
        },
        {
            "posterior": [
                41.341584387268625,
                76.2444233498249,
                1.0220027555292006,
                69.29736282338263,
                4.337406406988649,
                -63.89921818970048,
                -34.244088374084455,
                -34.4855825963339,
                84.46310869092099,
                51.61716461711612,
                1.7600769677253112,
                -50.286706240402566,
                -25.130928640871915,
                -49.23946087970093,
                55.926272496860946,
                -97.93802143275619,
                19.060123218103627,
                -75.89516134326031,
                40.5992724395397,
                -70.9321034254503,
                -36.61085905993537,
                97.42132501105027,
                -2.4203007285431966,
                74.12257937187724,
                -72.35158159463097,
                45.16970314786181,
                -29.197685012599877,
                -48.89884973037266,
                -70.58632413513921,
                30.338098562449318
            ]
        },
        {
            "posterior": [
                -16.163835381580043,
                78.51666040965006,
                14.064596252469343,
                58.097706912724675,
                -43.59580519678037,
                -97.7431761931553,
                -37.495034587511356,
                22.952417286932842,
                26.20347808819659,
                15.714570234607919,
                -58.86598604246116,
                46.390000320578594,
                50.20530558910744,
                -3.7801886765342942,
                -27.222224875054835,
                -61.52267909583373,
                10.03479287416289,
                36.16395540847063,
                -11.817413269354063,
                98.55914186444329,
                57.88053321747631,
                -96.88019904220579,
                -99.37776766744201,
                5.15025461344176,
                -56.375382631496706,
                2.947765855468205,
                14.62587213281104,
                21.96012064124946,
                40.11564743257699,
                -52.71358896590941
            ]
        },
        {
            "posterior": [
                74.15934834787714,
                -54.68428358323947,
                88.89228556824193,
                -23.184178319341385,
                61.53218349726228,
                10.775440047320984,
                39.27012195395898,
                -43.10402013709989,
                -41.94997106120404,
                -96.70908005330405,
                2.6167834075910577,
                92.8827015560141,
                71.24082497394286,
                -43.759794562670095,
                -17.585205594177893,
                -61.319091470588425,
                -95.88707349919852,
                91.4284400206206,
                -32.56268732550289,
                27.74964993185516,
                54.33173818063287,
                56.07132105117569,
                17.0503405683192,
                55.67554630367522,
                99.49639232703518,
                63.74458465450334,
                -47.24345377585695,
                -93.94944907524399,
                98.92232769853473,
                93.30933507618704
            ]
        }
    ]
}