{
    "sampler": "HMC",
    "value": 10,
    "means_array": [
        [
            0.0,
            0.0
        ],
        [
            10.0,
            0.0
        ]
    ],
    "case": "Warmup Samples",
    "dim": 2,
    "samples": [
        [
            26.604281298731625,
            -9.954051111130633
        ],
        [
            -17.948842282922563,
            -12.886133160657526
        ],
        [
            22.590107269462,
            3.1045887056321964
        ],
        [
            -7.836778296879357,
            18.320450042931604
        ]
    ]
}