{
    "run_id": 1,
    "case": "multimodal",
    "dim": 2,
    "means_array": [
        [
            0.0,
            0.0
        ],
        [
            18.0,
            0.0
        ]
    ],
    "min_mode": [
        0.0,
        0.0
    ],
    "max_mode": [
        18.0,
        0.0
    ],
    "border": [
        89.4188123719115,
        60.625196969029275
    ],
    "low": [
        -142.16186570252447,
        -94.65293544809394
    ],
    "high": [
        126.09457141321003,
        87.22265545899388
    ],
    "samples": [
        {
            "posterior": [
                80.9110529517541,
                68.93714093734955
            ]
        },
        {
            "posterior": [
                39.21206967096069,
                -84.54226660795561
            ]
        },
        {
            "posterior": [
                -44.45190815974874,
                19.45647117279421
            ]
        },
        {
            "posterior": [
                -114.68368881210637,
                10.679466933380837
            ]
        }
    ]
}