correlation,global_median_wasserstein_distance,global_median_mmd_rff,global_median_r_hat,global_median_ess,global_median_runtime,global_q25_wasserstein_distance,global_q25_mmd_rff,global_q25_r_hat,global_q25_ess,global_q25_runtime,global_q75_wasserstein_distance,global_q75_mmd_rff,global_q75_r_hat,global_q75_ess,global_q75_runtime,ws_mcmc_mean,ws_iid_mean,ws_iid_std,mmd_mcmc_mean,mmd_iid_mean,mmd_iid_std,ws_dist_glass_delta,mmd_rff_glass_delta
0.0,0.3169733585604273,0.08209151695700541,,,4.429539442062378,0.24358383395786137,0.06564058424358013,,,3.957484483718872,0.34001133025192587,0.08412675117078276,,,4.98519241809845,0.28340565661971573,0.09465277260657519,0.014702608814361999,0.07248105129057346,0.01847846334941443,0.0016559596112165423,12.838053871688434,32.61105378136989
0.5,0.17551112015593026,0.06760947007607243,,,3.342970132827759,0.15732885259745724,0.05086496916747055,,,3.126818060874939,0.3426461584412198,0.12542696870563547,,,3.38347852230072,0.2748129673071413,0.14339437885678719,0.04674552102683818,0.0949914685567132,0.018113434222942856,0.0030218192320795286,2.811362149004655,25.44097724894851
0.99,0.37716653259902466,0.1754491682719612,,,8.415189266204834,0.3668120589094739,0.16275273353666003,,,5.736493110656738,0.7301774254823341,0.23453442119465517,,,8.568741083145142,0.6056041453948637,0.10602547391131445,0.024943352120853166,0.20637504706355644,0.016735348335960763,0.0056316258253655115,20.028529808785844,33.67405871914216
