run_id,mu,sampler,wasserstein_distance,mmd_rff,swd_zscore,r_hat,ess,runtime
9,"(10, 20)",DEMetro,0.04615761842348937,0.03302798175106461,3.3420830543654487,1.0073012646751676,635.7453611913919,1.8893320560455322
