{
    "sampler": "HMC",
    "value": 15,
    "means_array": [
        [
            10,
            10,
            10,
            10,
            10,
            20,
            20,
            20,
            20,
            20,
            30,
            30,
            30,
            30,
            30
        ]
    ],
    "case": "Posterior Samples",
    "dim": 15,
    "samples": [
        [
            10.140031755651156,
            10.250869904956543,
            9.874243124089567,
            11.390474035790144,
            10.690529864390413,
            19.921608148583687,
            19.389357266140955,
            18.567595731255402,
            20.27432748897756,
            19.614659665362307,
            29.71699760272615,
            33.596482501037116,
            30.085333802973036,
            30.061520988759376,
            29.910324615025065
        ],
        [
            9.30818142813451,
            9.9979333730964,
            9.840018040709388,
            8.902848263416901,
            10.369941149795409,
            21.093822830057295,
            22.436714137724074,
            20.496970559388426,
            21.249715616994756,
            20.359901712450725,
            30.869624356315462,
            27.57844305258722,
            29.396521137878132,
            32.3503955808918,
            31.726903798051076
        ],
        [
            11.051848158777847,
            10.46740654498519,
            10.044602825552158,
            9.839307934884284,
            10.286766506699148,
            19.797154416206123,
            19.66252869390505,
            20.138655282795018,
            21.451259617796055,
            19.822867286693032,
            29.73934248149813,
            28.911236254227394,
            29.728011208408372,
            31.83099574850956,
            28.797661322401964
        ],
        [
            11.456831476640632,
            11.100265226035903,
            10.641993778926459,
            11.043122789818003,
            10.071361791166382,
            19.51384139758052,
            20.870130441249845,
            20.161682001582193,
            19.26868888598895,
            20.298660829622243,
            28.56913598840311,
            28.83863509922881,
            29.211274359546696,
            29.878158783568523,
            31.646166998739446
        ]
    ]
}