{
    "sampler": "HMC",
    "value": 15,
    "means_array": [
        [
            10,
            10,
            10,
            10,
            10,
            20,
            20,
            20,
            20,
            20,
            30,
            30,
            30,
            30,
            30
        ]
    ],
    "case": "Warmup Samples",
    "dim": 15,
    "samples": [
        [
            -10.430377128792161,
            -0.6156904389439681,
            36.03627505391432,
            -52.146385241347744,
            -78.22675064663481,
            -21.008689023969286,
            -57.39451294496539,
            -43.445378032302436,
            -28.858947351229222,
            -67.55604253033484,
            124.92387931898429,
            66.26067168227954,
            0.5954184114819929,
            -29.245841530700236,
            88.53841073254509
        ],
        [
            7.926945693341483,
            -39.108469423151426,
            32.2854811546158,
            34.50644272582261,
            -31.877935491026754,
            51.8959433405377,
            67.1643683425765,
            72.32100104469934,
            -2.720202685241053,
            -19.381682398788463,
            24.900164389353716,
            -14.106501333549263,
            -4.8910977608237465,
            -19.05498052532877,
            73.45102305388878
        ],
        [
            28.831829668668504,
            30.658279708103578,
            -5.722572822361891,
            -51.00609749452168,
            -45.63126725572319,
            62.97352984924217,
            77.65397180795144,
            1.115552504580097,
            63.27298979851743,
            42.23979180432626,
            54.580382807106986,
            38.91374520973568,
            64.09244997383723,
            62.024604169547814,
            -13.361601589619724
        ],
        [
            83.19488585801086,
            -9.155217183517077,
            6.6958924368225725,
            42.40817733817405,
            63.92079300848427,
            -30.174489074333376,
            -32.72291507637879,
            42.61805872422982,
            60.96264237598231,
            77.49842237618994,
            118.03006832496548,
            72.78635703773497,
            34.45057258657163,
            94.72582191874001,
            92.03361455066451
        ]
    ]
}