{
    "sampler": "HMC",
    "value": 5,
    "means_array": [
        [
            0.0,
            0.0,
            0.0,
            0.0,
            0.0
        ],
        [
            10.0,
            0.0,
            0.0,
            0.0,
            0.0
        ]
    ],
    "case": "Posterior Samples",
    "dim": 5,
    "samples": [
        [
            10.912758442047455,
            2.1052525502081942,
            -0.7253521065328257,
            1.552069332813229,
            -1.1171185737475429
        ],
        [
            9.56067842808467,
            0.524266680786106,
            0.25642126035342283,
            -0.635227557505808,
            -1.796072357187599
        ],
        [
            9.939771079786462,
            -1.347426428637485,
            0.258372290841999,
            -0.29590714612638025,
            -0.23105652718454428
        ],
        [
            -0.8123827457478354,
            0.9629188984401079,
            0.649382669035254,
            1.4134301855510625,
            1.0578926775142528
        ]
    ]
}