{
    "sampler": "Metro",
    "value": 12,
    "means_array": [
        [
            8.0,
            0.0
        ],
        [
            6.92820323027551,
            3.9999999999999996
        ],
        [
            4.000000000000001,
            6.928203230275509
        ],
        [
            4.898587196589413e-16,
            8.0
        ],
        [
            -3.9999999999999982,
            6.92820323027551
        ],
        [
            -6.92820323027551,
            3.9999999999999996
        ],
        [
            -8.0,
            9.797174393178826e-16
        ],
        [
            -6.9282032302755105,
            -3.999999999999998
        ],
        [
            -4.0000000000000036,
            -6.928203230275507
        ],
        [
            -1.4695761589768238e-15,
            -8.0
        ],
        [
            4.000000000000001,
            -6.928203230275509
        ],
        [
            6.928203230275507,
            -4.0000000000000036
        ]
    ],
    "case": "Warmup Samples",
    "dim": 2,
    "samples": [
        [
            8.517483646714052,
            -0.33469330996288843
        ],
        [
            8.814407681114291,
            -0.5954914306878791
        ],
        [
            8.72782329255066,
            -0.5954914306878791
        ],
        [
            8.72782329255066,
            -0.297303719943109
        ]
    ]
}