{
    "sampler": "Metro",
    "value": 3,
    "means_array": [
        [
            0.0,
            0.0
        ],
        [
            16,
            0
        ]
    ],
    "case": "Posterior Samples",
    "dim": 2,
    "samples": [
        [
            13.62335356378299,
            1.6481569113766061
        ],
        [
            -0.20044372136802324,
            -1.0093567389975178
        ],
        [
            0.3389203353113997,
            0.40042808357102144
        ],
        [
            2.788904546025244,
            -0.5762085533410919
        ]
    ]
}