run_id,dimension_corr,sampler,wasserstein_distance,mmd_rff,r_hat,ess,runtime
14,2,Metro,0.020911357260559968,0.01539323855702863,1.0046452276150437,1771.364597611622,1.2911813259124756
14,5,Metro,0.027544388556266765,0.01873198592045156,1.0040924748601925,1609.1909839999985,1.5768826007843018
14,10,Metro,0.026804212692670935,0.018122377184995486,1.0052559334377886,1388.8111689796579,1.9758884906768799
14,15,Metro,0.024296087553400816,0.016249370540382578,1.004452418731994,1637.2394422340271,2.4366791248321533
14,20,Metro,0.028587155742733353,0.01532036060502983,1.0055519895850005,1570.046757814298,2.9024906158447266
