{
    "sampler": "HMC",
    "value": 120,
    "means_array": [
        0
    ],
    "case": "Warmup Samples",
    "dim": 1,
    "samples": [
        -49.4273293650794,
        -53.73401951802289,
        -85.62269162187886,
        96.34812203887901
    ]
}