{
    "sampler": "DEMetro_Z",
    "value": 2,
    "means_array": [
        [
            0.0,
            0.0
        ]
    ],
    "case": "Warmup Samples",
    "dim": 2,
    "samples": [
        [
            -65.07265437074653,
            -86.73200479845731
        ],
        [
            95.21550054579005,
            -15.463515780159364
        ],
        [
            -21.48534620355265,
            -98.27487935447967
        ],
        [
            26.2746397495661,
            59.22372687634096
        ]
    ]
}