{
    "run_id": 1,
    "case": "unimodal",
    "dim": 1,
    "low": [
        -104.3688328516058
    ],
    "high": [
        157.13957302658838
    ],
    "means_array": [
        [
            0
        ]
    ],
    "samples": [
        {
            "posterior": -62.93102466590773
        },
        {
            "posterior": -35.50241044814874
        },
        {
            "posterior": 41.04456342012314
        },
        {
            "posterior": -74.58538338157973
        }
    ]
}