run_id,mu,sampler,wasserstein_distance,mmd_rff,r_hat,ess,runtime
4,"(0, 0, 0, 0, 0)",HMC,0.025459129511123814,0.019716649207411004,1.0041980441754035,1382.665280375075,1.8135418891906738
