{
    "sampler": "HMC",
    "value": 0.99,
    "means_array": [
        [
            0.0,
            0.0
        ],
        [
            13,
            0
        ]
    ],
    "case": "Warmup Samples",
    "dim": 2,
    "samples": [
        [
            -4.786136145485197,
            18.1037176197839
        ],
        [
            18.255676816777378,
            20.26663951165173
        ],
        [
            34.62980028446578,
            20.725481494131127
        ],
        [
            7.193401595627191,
            -21.48488868541322
        ]
    ]
}