run_id,mu,sampler,wasserstein_distance,mmd_rff,r_hat,ess,runtime
49,"(0, 0, 0, 0, 0)",SMC,0.022107096716995248,0.018472614852349606,1.0002357526477395,3892.79641859928,1.9208130836486816
