dimension,ws_t_stat,ws_p_value,ws_paired_cohens_d
2,3.897911652872713,0.0024854961481687457,1.12523017103172
3,4.607435903741449,0.0007556998213179607,1.3300521796495364
10,4.696698083425969,0.0006536277516988559,1.3558199513841913
30,5.3663396209037115,0.00022805324867202008,1.5491288123458562
50,2.4083209490387194,0.03471749653207267,0.6952223741112599
