{
    "sampler": "HMC",
    "value": 15,
    "means_array": [
        [
            0.0,
            0.0,
            0.0,
            0.0,
            0.0,
            0.0,
            0.0,
            0.0,
            0.0,
            0.0,
            0.0,
            0.0,
            0.0,
            0.0,
            0.0
        ]
    ],
    "case": "Posterior Samples",
    "dim": 15,
    "samples": [
        [
            -1.9864258789149123,
            1.5403297635746018,
            -1.1937697080241536,
            1.1901633411933432,
            -0.09358094478452472,
            1.3774867541193911,
            0.302781501004376,
            -1.4968332337304349,
            -0.47266063653048007,
            -0.2670747083386988,
            0.5948909024291281,
            -0.34230893012497726,
            1.016459938328504,
            0.7938801812766247,
            -0.8789608067189298
        ],
        [
            -1.468246163922756,
            0.556175102954979,
            0.11157685907895731,
            -1.2383397028372645,
            -0.040999872567586915,
            -1.173840069488918,
            0.09739772901176763,
            -0.1736993535946392,
            -1.2684611355014195,
            0.6408802022582311,
            0.3153291145438599,
            -0.02470203317423847,
            -0.7498918453124902,
            -0.4322692568357302,
            -0.15416210784453377
        ],
        [
            -1.0385308480169764,
            -0.6628022153051788,
            1.559374109584378,
            0.0362377775440641,
            -0.323555617069968,
            0.49682184293053805,
            0.2630884336724552,
            1.2182080709724719,
            0.1615063872130429,
            0.5313255157210108,
            -0.3194958103642873,
            1.7710197693118406,
            0.09314039403146096,
            2.9668163828446135,
            -0.19980411475769022
        ],
        [
            0.09398228912441467,
            0.07316251481749303,
            -1.7978879785861825,
            -0.3268636835477914,
            -0.515347689238628,
            1.2417864565553276,
            0.04180105281071911,
            0.6116776951343705,
            -1.310828046980848,
            0.043141709291335595,
            -0.4708502883844042,
            -0.26178260171747403,
            -0.6330921454446763,
            -2.9253522933858322,
            -0.3020106269156203
        ]
    ]
}