{
    "sampler": "DEMetro_Z",
    "value": 0.99,
    "means_array": [
        [
            0.0,
            0.0,
            0.0,
            0.0,
            0.0,
            0.0,
            0.0,
            0.0,
            0.0,
            0.0,
            0.0,
            0.0,
            0.0,
            0.0,
            0.0,
            0.0,
            0.0,
            0.0,
            0.0,
            0.0,
            0.0,
            0.0,
            0.0,
            0.0,
            0.0,
            0.0,
            0.0,
            0.0,
            0.0,
            0.0
        ]
    ],
    "case": "Warmup Samples",
    "dim": 30,
    "samples": [
        [
            90.30955095216247,
            -150.61413630891653,
            217.639418598378,
            -318.9088993982381,
            188.29254526661597,
            -208.95546075486223,
            46.77658404140294,
            -193.10193342907186,
            -337.3805748897908,
            -16.61247143850812,
            -45.17974041577341,
            -406.28049854417054,
            210.44198680857036,
            -250.4483120285946,
            -305.16206144321677,
            141.06205090936646,
            11.819468732777715,
            -240.32602758000505,
            275.31202478068366,
            110.17431122232678,
            -268.53204893584854,
            -104.45785393145849,
            83.95041989011602,
            -373.125418538757,
            -73.52964566821733,
            -10.195406507166481,
            73.79880957799313,
            84.48547698410025,
            -217.1994142710046,
            -179.38135427488754
        ],
        [
            19.811641986236708,
            -127.5428877407217,
            -28.892151654695926,
            222.32361793874708,
            -127.498357707961,
            71.56615965714778,
            161.97798466650883,
            -321.83947720085774,
            -129.5222985522352,
            -259.25196840166393,
            -70.56072414402284,
            -319.4640838277078,
            235.82638643094992,
            31.305207295673295,
            202.4694097056536,
            -9.69698631962467,
            -128.09134575108473,
            136.2246026047465,
            270.3418160129308,
            -137.93209745938952,
            -60.18962805552827,
            -277.8434635715854,
            -182.93833078695172,
            -22.01223004953257,
            29.337688032777134,
            144.7871130471722,
            -393.26372466255845,
            -275.6733153213143,
            -262.95341841333067,
            210.38898214433314
        ],
        [
            -138.1107988571782,
            132.6667301406607,
            -74.79651228680778,
            -365.18223820778957,
            -84.5349444267822,
            -69.2145846570119,
            -93.92501675314135,
            -341.1809603998774,
            -110.71925498965446,
            -161.31971442916586,
            -406.8803660663092,
            -219.98634698767674,
            15.958266555473674,
            180.14334931539162,
            6.052004534757618,
            -473.5547334108789,
            -232.44799259561506,
            -253.94412541251936,
            273.0138938656051,
            -165.57554384699554,
            -184.00107953406834,
            -335.9719675833715,
            -257.38306515331044,
            -320.8751462300385,
            -180.3141147254198,
            -190.47479592032568,
            164.04315313493487,
            137.10437969073618,
            -492.43511846747134,
            102.39694720346313
        ],
        [
            259.3927270273175,
            -299.5548271761999,
            138.19288942134108,
            52.64938686047813,
            145.23909345619492,
            -71.3614935221136,
            -365.1605794921489,
            -191.55258170136085,
            -431.29625866292446,
            -231.425521069368,
            181.82044874171976,
            -236.1577201608861,
            -123.29049938453392,
            -346.1831400702329,
            137.1233496038069,
            -426.88493592780094,
            -192.6203340624377,
            -440.7351086677927,
            91.79631073722011,
            -415.6637670804369,
            -227.4496146813111,
            -376.34969622237867,
            -6.468781677200504,
            -222.1403062410551,
            -335.7167362775631,
            168.15272672920227,
            -42.74125711140231,
            191.17520323625072,
            125.61609148693172,
            -213.0870167848367
        ]
    ]
}