mu,mean_rmse_t_stat,mean_rmse_p_value,mean_rmse_paired_cohens_d
"(0, 0)",0.9433435135850095,0.44508216059360906,0.5446396315065927
