mu,mean_rmse_t_stat,mean_rmse_p_value,mean_rmse_paired_cohens_d
"(0, 0)",-0.07925704396357318,0.9440446113133654,-0.04575907566754298
