mu,var_rmse_t_stat,var_rmse_p_value,var_rmse_paired_cohens_d
"(0, 0)",8.687124448588426,0.01299327986118428,5.015513638876307
