mu,var_rmse_t_stat,var_rmse_p_value,var_rmse_paired_cohens_d
"(0, 0)",0.2470232417631189,0.827933366039388,0.14261893512803073
