run_id,mu,sampler,wasserstein_distance,mmd_rff,swd_zscore,r_hat,ess,runtime
6,0,Metro,0.4134292718875502,0.028529402937494088,3.1722950010454896,1.00835109092558,608.5484702415105,2.9985926151275635
6,3,Metro,0.4634917979704912,0.029021676793558385,7.508594949253109,1.007778850595628,520.8002250748455,3.2534992694854736
6,6,Metro,0.2640546701731756,0.021794122600716906,1.6345372368690878,1.0097025092834624,595.6107929408155,3.187194585800171
6,10,Metro,0.3045487920168617,0.024734554966167072,1.6818246702997586,1.0066519593429195,792.9965123668588,2.9999680519104004
