{
    "sampler": "DEMetro_Z",
    "value": 30,
    "means_array": [
        [
            0.0,
            0.0,
            0.0,
            0.0,
            0.0,
            0.0,
            0.0,
            0.0,
            0.0,
            0.0,
            0.0,
            0.0,
            0.0,
            0.0,
            0.0,
            0.0,
            0.0,
            0.0,
            0.0,
            0.0,
            0.0,
            0.0,
            0.0,
            0.0,
            0.0,
            0.0,
            0.0,
            0.0,
            0.0,
            0.0
        ]
    ],
    "case": "Warmup Samples",
    "dim": 30,
    "samples": [
        [
            97.6955713505451,
            -262.1144093125165,
            39.437153122674474,
            -30.09714711283188,
            108.84110067048591,
            14.752333235771395,
            52.46543512400626,
            -137.4828065289971,
            -122.93758703545127,
            62.22776122986443,
            -5.32957808176893,
            37.05989309303648,
            27.991675005203973,
            -56.37364201494613,
            -6.671012460990133,
            -108.83130324616747,
            -119.57686205287744,
            7.584278353147255,
            -219.7973555279343,
            117.02503686411387,
            111.95674724732662,
            41.50438585561384,
            158.32783772544877,
            49.511169905036525,
            99.84786854259559,
            -102.30355874928325,
            -127.82472505098885,
            9.717453411084065,
            -140.64102939304607,
            -201.95138688900738
        ],
        [
            -123.38119737969942,
            253.87077024354525,
            161.39665566043558,
            40.24204315207526,
            -144.35978638513478,
            28.30494149542675,
            67.05963867942732,
            128.25703237535166,
            3.6263693092541582,
            -84.03248054549427,
            -16.56817608147697,
            139.08496453081995,
            -89.26261154118048,
            119.92212956448925,
            59.761301188865225,
            198.78568209935682,
            -40.39146486493898,
            14.563857173838143,
            -107.55943920104158,
            72.16223833141112,
            -20.887926520232547,
            -76.03565689982116,
            -8.552716852694662,
            -20.157725497125202,
            -30.639197536791468,
            59.18241776554335,
            158.00461619632958,
            76.03684295892955,
            -46.956513772972045,
            -103.60110929819076
        ],
        [
            -73.45331765180654,
            -98.79493012685646,
            95.23480589921309,
            30.15423899705983,
            1.2614650457974006,
            -44.642929361731596,
            28.25912702407209,
            -101.70771347153948,
            2.5679710030341005,
            42.15404195390855,
            141.65288175254625,
            -238.76978685920363,
            86.29001867054141,
            15.094312263447996,
            105.5512961479978,
            33.11925485638865,
            2.6162216545829313,
            -15.331225090802365,
            -11.879832335900096,
            31.165527311390758,
            85.76916493727653,
            13.237181275401474,
            -142.6745626230014,
            3.030423115947959,
            86.86307701279247,
            144.67575376305422,
            -92.93934388350496,
            72.86549757547385,
            89.61633762756051,
            156.68319232828097
        ],
        [
            91.72134528439942,
            196.2042880378683,
            -177.8642571530466,
            88.9971087216095,
            15.439533616584471,
            8.337460960563373,
            31.23242179074896,
            7.574485336130898,
            -59.070116913586375,
            -93.5881661912013,
            -6.065231561443686,
            79.4084523719565,
            49.90105311461373,
            35.052136129653654,
            89.74777080658525,
            7.149406703027841,
            110.44296488465542,
            128.22925160391,
            76.60839024944333,
            83.18638581900318,
            -10.224537333168911,
            98.37046617580332,
            30.087338766681288,
            47.48774219942877,
            61.804702638631454,
            -24.589922783350847,
            219.95920753464478,
            -41.63959214495865,
            215.01214435194487,
            -159.8164997494054
        ]
    ]
}