mode_means,sampler,wasserstein_distance,r_hat,ess,chain_seeds,mode_distance
"(0, 8)",Metro,0.30763762745937245,1.3187390440836242,10.245519150143014,"[310714, 76908, 648208, 577441]",8
"(0, 10)",Metro,3.772745674100217,1.735845448871726,6.291816617248029,"[310714, 76908, 648208, 577441]",10
"(0, 15)",Metro,6.039152622876143,1.735845448871726,6.291816617248029,"[310714, 76908, 648208, 577441]",15
"(0, 20)",Metro,7.847462950890784,1.735845448871726,6.291816617248029,"[310714, 76908, 648208, 577441]",20
