{
    "run_id": 1,
    "case": "unimodal",
    "dim": 5,
    "low": [
        -100.0,
        -100.0,
        -100.0,
        -100.0,
        -100.0
    ],
    "high": [
        100.0,
        100.0,
        100.0,
        100.0,
        100.0
    ],
    "means_array": [
        [
            0.0,
            0.0,
            0.0,
            0.0,
            0.0
        ]
    ],
    "samples": [
        {
            "posterior": [
                44.6838483473571,
                -78.82647906112554,
                21.20443043782123,
                79.09101341596963,
                -20.24176143469829
            ]
        }
    ]
}