nu,mean_rmse_t_stat,mean_rmse_p_value,mean_rmse_paired_cohens_d
2.1,4.783981682847024,0.0005677681773234976,1.381016556194984
2.5,3.338624740514367,0.006609451311360954,0.9637779463295572
3.0,4.004856956863979,0.002068945219970318,1.156102621055682
4.0,4.274145145165917,0.001311525524703433,1.2338394250585374
10.0,3.3887558686653922,0.006048166639319628,0.9782495564959443
50.0,4.036457865374328,0.001960284311147099,1.1652250175732253
