nu,var_rmse_t_stat,var_rmse_p_value,var_rmse_paired_cohens_d
2.1,0.8185862420034926,0.43039941700905626,0.23630549358782033
2.5,-1.377047001845045,0.19587414804256248,-0.3975192286010019
3.0,-1.8991506490050196,0.08407119426741834,-0.5482375692173503
4.0,-1.2858435801214678,0.22490621365334612,-0.3711910685594408
10.0,-1.1082254931626194,0.2914075651693782,-0.31991714340012206
50.0,-1.2709790052639454,0.22995608671848178,-0.3669000354117508
