run_id,mu,sampler,wasserstein_distance,mmd_rff,r_hat,ess,runtime
36,8,SMC,0.0652259307980824,0.018344151430956593,0.9997106631013573,4346.878722704056,0.9486818313598633
36,10,SMC,0.06604471703197323,0.014371736591009683,1.0000057641017779,4137.857102841341,1.0079665184020996
36,12,SMC,0.06214702686952729,0.013647318192694352,0.9997698049859486,4130.6358574236,1.0086407661437988
36,14,SMC,0.13280824514785539,0.014530897236585552,1.0002851655214542,4075.4234619794834,1.0163776874542236
36,16,SMC,0.06512910460839036,0.015511997571845255,1.0007776700077595,3820.776910640831,0.9977462291717529
36,18,SMC,0.12450904776287539,0.017517612845339398,1.0002183800177469,3807.7192118338307,1.7047369480133057
36,20,SMC,0.23487644536046437,0.01806919476183731,1.0006167324767787,3956.163257010103,1.0261714458465576
36,22,SMC,0.5509093121398366,0.025251323699312316,0.9995984675507905,3729.2310103199407,1.0635886192321777
36,40,SMC,0.08384546993595306,0.010921245271006382,1.0004857860009209,4006.743819620546,1.6444954872131348
