{
    "sampler": "Metro",
    "value": 0.99,
    "means_array": [
        [
            0.0,
            0.0,
            0.0,
            0.0,
            0.0,
            0.0,
            0.0,
            0.0,
            0.0,
            0.0,
            0.0,
            0.0,
            0.0,
            0.0,
            0.0,
            0.0,
            0.0,
            0.0,
            0.0,
            0.0,
            0.0,
            0.0,
            0.0,
            0.0,
            0.0,
            0.0,
            0.0,
            0.0,
            0.0,
            0.0
        ]
    ],
    "case": "Warmup Samples",
    "dim": 30,
    "samples": [
        [
            162.81558475781057,
            113.79865972811345,
            147.10602905115522,
            0.06439202138421596,
            69.70478550903692,
            -25.809767162184595,
            123.35309376255108,
            -43.64723706458364,
            150.29131041224818,
            -69.2478480166033,
            129.02027506669913,
            92.22597593890153,
            109.89032535548968,
            136.8623697742572,
            152.07072218181017,
            56.298559420985534,
            42.86025377451238,
            -18.24790720994698,
            -65.03093263427988,
            -44.587223664563915,
            -2.9160325364601216,
            4.244772790749766,
            152.2249564122113,
            -76.12800061837046,
            -142.89337803236404,
            -125.79524450601758,
            -54.18006706248117,
            127.98325265409622,
            39.86156569271792,
            50.46625296923411
        ],
        [
            -68.73421389836291,
            60.752796643482284,
            179.79220993540986,
            106.1018996039917,
            33.92890230766244,
            9.31344930988864,
            -99.33363834387835,
            -82.37940459602811,
            -42.564530485449254,
            -8.459047955838292,
            157.49489741829726,
            -14.189364482652683,
            98.08771873995077,
            55.91756354165956,
            52.94061501843152,
            146.57772586837532,
            -43.934895094545624,
            41.00736236952353,
            -24.43004724887755,
            -14.585665214481464,
            -64.4356355973491,
            -33.072228346028375,
            113.97556946088713,
            39.33875519395437,
            -35.684015981345034,
            63.96157955557821,
            -113.87541876030667,
            21.875268050891282,
            65.85109636686903,
            125.14127630107096
        ],
        [
            106.43993121857017,
            -7.807537187997376,
            -61.70962114237846,
            -38.52028526367773,
            2.5736143883636595,
            -56.882882464436896,
            40.00011719985698,
            13.94013592184876,
            93.29932344027775,
            -77.03489800274629,
            56.377376632395304,
            64.31766900860472,
            -66.12693099735871,
            26.847378388918706,
            115.0034231804547,
            142.5385264535797,
            151.72817221910418,
            -1.0317915644061395,
            81.4629130562091,
            79.21867924526077,
            31.385351716867152,
            -126.68544004974935,
            173.7907337125589,
            21.980670653333256,
            -55.34440879422458,
            -82.74704463330708,
            20.722837697820086,
            138.96553627599812,
            36.825820537147415,
            -110.02616544008977
        ],
        [
            71.58699042465331,
            -85.28345333763171,
            -4.299850612119944,
            -105.88965964207357,
            48.96471177310248,
            121.17739018486738,
            142.1303816402373,
            65.93730456357024,
            -109.61317726507767,
            69.70809617777307,
            -16.978414547362846,
            135.73224565322758,
            -20.488120642140032,
            60.11895050216522,
            105.38137367380767,
            -4.751109947158241,
            90.84351881943168,
            -76.63089220270233,
            -73.46207161821974,
            39.973620839217475,
            74.17296542643545,
            99.68748561316085,
            196.00152130527712,
            152.12415579840365,
            -22.827120643769643,
            34.709213365430394,
            -16.524591853235876,
            16.1868280081707,
            111.45776203065411,
            55.038864080218524
        ]
    ]
}