{
    "run_id": 1,
    "case": "multimodal",
    "dim": 1,
    "means_array": [
        [
            0
        ],
        [
            6
        ]
    ],
    "min_mode": [
        0
    ],
    "max_mode": [
        6
    ],
    "border": [
        10.0
    ],
    "low": [
        -10.0
    ],
    "high": [
        16.0
    ],
    "samples": [
        {
            "posterior": 2.114920674127454
        },
        {
            "posterior": 0.5525285238974469
        },
        {
            "posterior": -0.7597978101598439
        },
        {
            "posterior": -1.8154124914460361
        }
    ]
}