{
    "sampler": "DEMetro_Z",
    "value": 50,
    "means_array": [
        [
            0.0,
            0.0,
            0.0,
            0.0,
            0.0,
            0.0,
            0.0,
            0.0,
            0.0,
            0.0,
            0.0,
            0.0,
            0.0,
            0.0,
            0.0,
            0.0,
            0.0,
            0.0,
            0.0,
            0.0,
            0.0,
            0.0,
            0.0,
            0.0,
            0.0,
            0.0,
            0.0,
            0.0,
            0.0,
            0.0
        ]
    ],
    "case": "Warmup Samples",
    "dim": 30,
    "samples": [
        [
            -28.54663384151655,
            -29.869261933378965,
            -12.148826045085897,
            0.5593195684565069,
            24.47048148340033,
            -21.306530157717752,
            -26.328739900126934,
            -27.479790473239717,
            18.103085154117675,
            -25.61207820882118,
            5.669994754002068,
            -22.360904766524268,
            22.52916281282788,
            -3.3166363982139115,
            -14.80233974268358,
            27.453992690345267,
            2.0854631852147785,
            23.633519609768463,
            26.04515908101078,
            17.007290596346447,
            -20.425711636593533,
            9.21501137755064,
            -7.968900438552323,
            -9.775035866475402,
            10.432859625364088,
            7.141471891937392,
            -17.345145823056495,
            -13.521229095874522,
            -17.144333588463144,
            -18.963395032959028
        ],
        [
            12.478577329006614,
            19.09139514856322,
            -14.45375329230767,
            -28.299306997934853,
            -11.050564943288418,
            -15.337710628397696,
            -17.536432439174973,
            -4.33900699313047,
            6.98558097072947,
            15.71846055766924,
            24.769217171681746,
            22.667099865957386,
            -28.50096118770229,
            -1.6092370223424828,
            19.168329250214605,
            -12.268049320260603,
            29.739001483955125,
            -25.427269501621865,
            7.264761480315226,
            8.010399130105307,
            -19.368067266399464,
            -29.22585933998235,
            8.197431197731541,
            11.596703601875882,
            -3.5348263356678697,
            18.288039207150916,
            15.59997580312856,
            19.28384940676409,
            23.992209769612767,
            8.185740622297088
        ],
        [
            29.057187563328615,
            5.577101055259875,
            -28.909272936095267,
            -27.396986190947274,
            -14.484633311385739,
            -24.27734361907428,
            -21.690872326513706,
            16.12017829782477,
            4.3723429608474085,
            21.10910059029553,
            -17.668503582100236,
            -7.372531566787797,
            4.190618139062536,
            -4.45310859584492,
            -16.45630244212999,
            -16.04272990929197,
            5.848944315345982,
            5.84311443212714,
            28.58735753540088,
            -20.690090280428795,
            -17.194576763835613,
            -22.11535009875986,
            -15.234562316117843,
            0.8322757435707973,
            -11.93497899755119,
            1.4796764464368013,
            -15.56740908826679,
            -0.9189309790212887,
            22.600638529705115,
            22.562979107584628
        ],
        [
            12.490696642769214,
            -25.172376732068507,
            -9.41683738760316,
            12.561533944161969,
            -22.52925272075273,
            -3.574831528442291,
            -11.841746422952326,
            2.601983334475944,
            -3.5711068317651664,
            4.133770082119748,
            1.5066359167473466,
            17.910840479768968,
            -17.63795678881816,
            9.110130643866746,
            -3.680502263835383,
            -3.5272979942815788,
            -13.722187381645496,
            -0.07878451721623828,
            -15.180838484385022,
            10.183489791531459,
            8.908239702688453,
            15.528112968015634,
            24.908673351894812,
            -14.543619211454962,
            -20.800051380798877,
            -8.605366645690147,
            -16.343781651613448,
            18.075432527153005,
            -20.433228267885003,
            0.24077695107344332
        ]
    ]
}