{
    "sampler": "Metro",
    "value": 15,
    "means_array": [
        [
            0.0,
            0.0,
            0.0,
            0.0,
            0.0,
            0.0,
            0.0,
            0.0,
            0.0,
            0.0,
            0.0,
            0.0,
            0.0,
            0.0,
            0.0
        ]
    ],
    "case": "Posterior Samples",
    "dim": 15,
    "samples": [
        [
            0.9259847069842766,
            0.2818380863107429,
            0.19200804628921975,
            0.48540541673986337,
            0.23647199001433822,
            0.26848741023657086,
            0.3268966734361239,
            1.1286352709128122,
            -0.3596831320220666,
            0.6852558046617476,
            0.7123430334087599,
            1.0547448475508987,
            0.7702798410254912,
            0.41455935564537216,
            -0.06246228834030432
        ],
        [
            0.10175997194282671,
            0.0509084601702855,
            0.4983443970839989,
            0.3469307707061121,
            0.2430639216729062,
            0.7035517230751924,
            0.5654930584962163,
            0.004122686421378842,
            -0.004811894653311515,
            0.10874217913227635,
            1.0071258964299894,
            0.5046250794919316,
            0.873908122677141,
            0.30453074186982154,
            0.030862740524347843
        ],
        [
            -1.450618424952155,
            -1.4401513022142112,
            -1.7140271532499838,
            -1.0131526157968536,
            -1.89558489450776,
            -1.6726873510158495,
            -1.4591821668683016,
            -1.21073366017855,
            -1.6979102233286576,
            -1.918909163467652,
            -1.338849615200925,
            -1.275571486110768,
            -1.1704860811525228,
            -0.7629939485435666,
            -1.0980688857500238
        ],
        [
            -0.13260069318449347,
            -0.366551530941091,
            -0.18207521710589714,
            -0.5066663136896509,
            -0.724766221005134,
            -0.6355877411430342,
            -0.41001124605362466,
            -0.006992841954371082,
            -0.09819998720363116,
            -0.2522563333040849,
            -0.8177991963449096,
            -0.5349518401678187,
            -0.351407874825339,
            -0.25918699641896764,
            -0.42218720512875646
        ]
    ]
}