{
    "sampler": "DEMetro_Z",
    "value": 2,
    "means_array": [
        [
            0.0,
            0.0
        ]
    ],
    "case": "Posterior Samples",
    "dim": 2,
    "samples": [
        [
            -25.864482939009967,
            35.826750001850755
        ],
        [
            -1.3059201929829445,
            -0.4211527011082766
        ],
        [
            2.064532494084403,
            0.42159800105897705
        ],
        [
            2.0688751611346574,
            -3.6234059738709563
        ]
    ]
}