run_id,mu,sampler,wasserstein_distance,mmd_rff,r_hat,ess,runtime
25,"(10.0, 0.0)",Metro,2.227845599269517,0.184775525926598,1.9827752373365624,5.483859503155961,5.739437818527222
