run_id,dimension_corr,sampler,wasserstein_distance,mmd_rff,r_hat,ess,runtime
20,2,Metro,0.020804101573982384,0.00966264681786197,1.0057023118898216,1608.9096228627018,1.3306336402893066
20,5,Metro,0.02575861436759866,0.02105302406900304,1.0052874057703294,1605.9657353570046,1.9512519836425781
20,10,Metro,0.030681730760451373,0.016636526514462853,1.0050478653175494,1619.4020312417963,2.014591932296753
20,15,Metro,0.029998389961032382,0.016246556799167023,1.006830517808568,1488.9544154765583,2.792465925216675
20,20,Metro,0.029078456433284498,0.015716659016368102,1.0040923361957064,1349.3462676732076,2.871122121810913
