dimension,mmd_rff_t_stat,mmd_rff_p_value,mmd_rff_paired_cohens_d
2,-5.115030699677605,1.842404082926112e-05,-0.9338725655149523
5,-2.963902910245163,0.006016253022784035,-0.5411321607321617
10,-1.712549431158933,0.09746997586465439,-0.3126673180961294
15,1.4225284295258456,0.16554106392892615,0.2597169698479012
18,-0.06827911648686143,0.9460320625397901,-0.012466004102125632
30,2.2760268769983223,0.03041074752390769,0.41554375400667243
