dimension,mmd_rff_t_stat,mmd_rff_p_value,mmd_rff_paired_cohens_d
2,-6.935890437790347,1.2685087397458533e-07,-1.2663145497207182
5,-10.619451428815003,1.6589467737167416e-11,-1.9388376986308147
10,-29.42239732893704,3.79569823119986e-23,-5.371770237646188
15,-25.40631331943161,2.2941721540133454e-21,-4.638536969365549
18,-31.959758677061405,3.695310713419624e-24,-5.835026919949332
30,-23.675991332835185,1.6196576206867023e-20,-4.322624841430211
