dimension,mmd_rff_t_stat,mmd_rff_p_value,mmd_rff_paired_cohens_d
2,-2.8014262149622837,0.008967265786482229,-0.5114681103737198
5,-12.741543683574662,2.0824556621993356e-13,-2.3262769643104364
10,-34.23729576738733,5.276516201574175e-25,-6.250846399924729
15,-60.21173188274324,5.157781994072237e-32,-10.993107926210492
18,-66.20563111434933,3.354505227685685e-33,-12.08743919839834
30,-79.64591874945245,1.6226686489233414e-35,-14.541288770766252
