dimension,var_rmse_t_stat,var_rmse_p_value,var_rmse_paired_cohens_d
2,198.92588651785846,2.5269749317478198e-05,114.84991412987054
4,947.8139889132218,1.1131483487396942e-06,547.2206616407416
8,303.4419877870572,1.0860293837728495e-05,175.19231333229263
30,458.6695378721391,4.7533206050791484e-06,264.81298115956076
