mu,sampler,wasserstein_distance,r_hat,ess,runtime
15,HMC,0.7994936681286771,1.6661348405845555,31.823887337790392,10.188878297805786
