mu,sampler,wasserstein_distance,r_hat,ess,runtime
15,Metro,2.196630556999201,1.6036576420075648,33.54922515807978,8.052034378051758
