run_id,dimension_corr,sampler,wasserstein_distance,mmd_rff,r_hat,ess,runtime
54,2,SMC,0.05669554313221975,0.02727769337970617,1.0001513150818084,3871.7899479593702,1.3641331195831299
54,5,SMC,0.026120059481502103,0.01758416429567565,1.0003969256551593,3780.1159785521163,1.9817678928375244
54,10,SMC,0.03591071695679384,0.019602160373233386,1.0016654875038173,3643.091818677799,2.790571451187134
54,15,SMC,0.026546359285355547,0.020822220944417966,1.0001649336286713,3674.2933853244567,3.655010938644409
54,20,SMC,0.02488738204180779,0.02115355100533453,1.0009470579567485,3947.4164089604506,4.0950658321380615
