run_id,mu,sampler,wasserstein_distance,mmd_rff,r_hat,ess,runtime
32,8,HMC,1.9717526220909496,0.2700994748270644,1.066800980597697,49.4620631153399,1.3222336769104004
32,10,HMC,0.6681120151842715,0.07393031810155021,1.628865847765321,6.883712778418009,1.3419215679168701
32,12,HMC,2.441779282763858,0.2261147393330229,1.737235004857413,6.136511081520569,1.6238486766815186
32,14,HMC,6.410230383919613,0.49576000453872837,1.528916472589872,7.291161297832472,1.309107780456543
32,16,HMC,7.16713927502694,0.47233282987939107,1.5295564504926327,7.225442100271165,1.3105597496032715
32,18,HMC,7.888327714206066,0.46089528595362483,1.5292588989526854,7.266617933882228,1.608816146850586
32,20,HMC,1.0839110374572636,0.06039590267665438,1.528622698917797,7.324566400184628,1.328068733215332
32,22,HMC,15.201937930061215,0.7334501884467259,1.0006400172734582,1796.4108317965304,1.2943198680877686
32,40,HMC,11.57275287703179,0.32655876316392696,1.001771480629772,1799.6412829898425,1.3232901096343994
