run_id,mu,sampler,wasserstein_distance,mmd_rff,r_hat,ess,runtime
32,8,Metro,0.08453089042331245,0.013661182889936792,1.0753552030989335,42.759705339848615,1.1136791706085205
32,10,Metro,0.999709744456047,0.1081042554676129,1.6215668501867753,6.724485941771701,1.3781981468200684
32,12,Metro,0.6343875332171306,0.05838717203600971,1.536768117149763,7.287131234421156,1.0470216274261475
32,14,Metro,2.8625360275191327,0.22624016771736138,1.7432560893329523,6.1497905274502624,1.1147809028625488
32,16,Metro,7.139303658797102,0.46683019895952277,1.533487120025554,7.257984990475315,1.4290704727172852
32,18,Metro,12.40274033784375,0.7282656436947089,1.0022546581116283,951.5994469550922,1.0837318897247314
32,20,Metro,1.0995175639803971,0.05824016952679666,1.5299749467772814,7.358610047390357,1.0707204341888428
32,22,Metro,15.17191821989177,0.7419603997311942,1.003819093586258,879.3666953416597,1.3738794326782227
32,40,Metro,11.591475690909448,0.3372617938189273,1.0044272575960456,875.4959677418213,1.1126761436462402
