run_id,mu,sampler,wasserstein_distance,mmd_rff,r_hat,ess,runtime
32,8,SMC,0.05622851425126455,0.022424989969362184,1.0000684746584219,4035.4608580769977,0.9397189617156982
32,10,SMC,0.08916652386742108,0.019136760582446392,0.9999099951788407,3927.365064690188,1.0032215118408203
32,12,SMC,0.04071834196165684,0.009839356819569548,0.9998123672186101,3919.949381145851,1.0085535049438477
32,14,SMC,0.07964409829566807,0.00946358091895725,0.999927812889972,3595.595214074709,0.8670098781585693
32,16,SMC,0.11157521798423668,0.014156408637128009,0.999267243144642,3769.625997658184,1.0932023525238037
32,18,SMC,0.40441465416022443,0.027978081479353857,0.9997198289792025,4077.994773443203,1.1248993873596191
32,20,SMC,0.2513510731920607,0.017302383080782444,0.9994960852222946,3884.653543500152,1.0441157817840576
32,22,SMC,0.6839561769490168,0.035745875342225904,1.0000266230408315,4031.7980932767,1.0032999515533447
32,40,SMC,0.08494974116267667,0.01574052231415136,1.0006081588610922,3763.2231381224324,1.6064894199371338
