run_id,mu,sampler,wasserstein_distance,mmd_rff,r_hat,ess,runtime
68,"(0, 0, 0, 0, 0)",HMC,0.028563165181934583,0.021268889950043533,1.0022773167035313,5815.414648320809,1.6887938976287842
