{
    "run_id": 1,
    "case": "unimodal",
    "dim": 2,
    "low": [
        -164.57948086330669,
        -128.95094601343348
    ],
    "high": [
        213.74282606818798,
        167.6932394653901
    ],
    "means_array": [
        [
            0.0,
            0.0
        ]
    ],
    "samples": [
        {
            "posterior": [
                -24.126769854820907,
                -112.98424144978587
            ]
        },
        {
            "posterior": [
                193.37813246966147,
                160.50106397387944
            ]
        },
        {
            "posterior": [
                158.25528401698563,
                -123.79660321812575
            ]
        },
        {
            "posterior": [
                -67.86058371911327,
                142.13887666188955
            ]
        }
    ]
}