{
    "sampler": "HMC",
    "value": 0,
    "means_array": [
        0
    ],
    "case": "Warmup Samples",
    "dim": 1,
    "samples": [
        0.48330039840756556,
        1.7606547308635503,
        -13.11222482462334,
        -17.699109600155964
    ]
}