run_id,mu,sampler,wasserstein_distance,mmd_rff,r_hat,ess,runtime
30,"(0, 0, 0, 0, 0)",HMC,0.027748914958945502,0.02352463842272468,1.0017363404064006,5635.768949908176,1.7406461238861084
