mu,global_median_mean_rmse,global_median_var_rmse,global_median_wasserstein_distance,global_median_runtime,global_median_ess,global_median_ess_per_sec,global_median_r_hat,global_median_mode_transitions,global_median_mmd_rff,global_q25_mean_rmse,global_q25_var_rmse,global_q25_wasserstein_distance,global_q25_runtime,global_q25_ess,global_q25_ess_per_sec,global_q25_r_hat,global_q25_mode_transitions,global_q25_mmd_rff,global_q75_mean_rmse,global_q75_var_rmse,global_q75_wasserstein_distance,global_q75_runtime,global_q75_ess,global_q75_ess_per_sec,global_q75_r_hat,global_q75_mode_transitions,global_q75_mmd_rff,ws_mcmc_mean,ws_iid_mean,ws_iid_std,mean_rmse_mcmc_mean,mean_rmse_iid_mean,mean_rmse_iid_std,var_rmse_mcmc_mean,var_rmse_iid_mean,var_rmse_iid_std,mmd_rff_mcmc_mean,mmd_rff_iid_mean,mmd_rff_iid_std,ws_glass_delta,ws_t_stat,ws_p_value,var_rmse_glass_delta,var_rmse_t_stat,var_rmse_p_value,mean_rmse_glass_delta,mean_rmse_t_stat,mean_rmse_p_value,mmd_rff_glass_delta,mmd_rff_t_stat,mmd_rff_p_value
"(0, 0)",0.019213068705869328,0.02619645706363155,0.02700465564370752,3.66116201877594,,,,,0.012893074328419674,0.014531010913063634,0.017003918071885324,0.023389775260462743,1.7996840476989746,,,,,0.011189510445628336,0.024384650636495246,0.04221334112106253,0.03178035585220878,3.835402250289917,,,,,0.014482473637846615,0.028075665697256346,0.03220826301752181,0.004107086304637991,0.019195223909038387,0.025070386390780405,0.008169237909057278,0.02983002249017665,0.030067738708243294,0.013239968813921272,0.013399144164219378,0.016063032042097313,0.0035287969671000236,-1.0062114632455288,-2.1334871274484004,0.045021095464058955,-0.017954439425619712,-0.03657226039109431,0.9711870521339544,-0.7191812194902775,-1.771507939606871,0.09033128627261572,-0.7548997300536469,-1.9608915029600416,0.06287354563675052
