mu,mean_rmse_t_stat,mean_rmse_p_value,mean_rmse_paired_cohens_d
"(0, 0)",-0.8647579948284322,0.4056353680807522,-0.24963413054903819
