mu,var_rmse_t_stat,var_rmse_p_value,var_rmse_paired_cohens_d
"(0, 0)",1.553491640973777,0.14858681064205428,0.4484544085500218
