mu,ws_t_stat,ws_p_value,ws_paired_cohens_d
"(0, 0)",-2.8789200938298243,0.015000235853924756,-0.8310726455740359
