mu,mean_rmse_t_stat,mean_rmse_p_value,mean_rmse_paired_cohens_d
"(0, 0)",-8.308775949237926,4.548806258878438e-06,-2.398537015464403
