mu,ws_t_stat,ws_p_value,ws_paired_cohens_d
"(0, 0)",7.708172529512131,9.283930174662925e-06,2.225157742436954
