mu,mean_rmse_t_stat,mean_rmse_p_value,mean_rmse_paired_cohens_d
"(0, 0)",-2.718862802240175,0.01997200750391846,-0.7848680853815126
