{
    "sampler": "Metro",
    "value": 5,
    "means_array": [
        [
            0.0,
            0.0,
            0.0,
            0.0,
            0.0
        ]
    ],
    "case": "Posterior Samples",
    "dim": 5,
    "samples": [
        [
            1.1368483367916786,
            3.4814302369551884,
            3.0826115253275788,
            3.111508546973899,
            1.3961206438715572
        ],
        [
            -0.4940620617770124,
            -1.53190331809183,
            -0.852838331565311,
            0.7986619254618406,
            0.2220784544609109
        ],
        [
            1.8083704061526285,
            0.7024543494397806,
            0.36340213759668416,
            -0.29008942841283625,
            0.7903743978843611
        ],
        [
            -1.1614883619219776,
            0.10210921327055833,
            2.1834578161700016,
            -0.6847833440916065,
            1.8853987924441642
        ]
    ]
}