{
    "sampler": "HMC",
    "value": 6,
    "means_array": [
        6,
        3
    ],
    "case": "Posterior Samples",
    "dim": 1,
    "samples": [
        14.650851390585586,
        7.339538750097137,
        5.90100854167353,
        7.560703555265167
    ]
}