{
    "run_id": 1,
    "case": "multimodal",
    "dim": 30,
    "means_array": [
        [
            0.0,
            0.0,
            0.0,
            0.0,
            0.0,
            0.0,
            0.0,
            0.0,
            0.0,
            0.0,
            0.0,
            0.0,
            0.0,
            0.0,
            0.0,
            0.0,
            0.0,
            0.0,
            0.0,
            0.0,
            0.0,
            0.0,
            0.0,
            0.0,
            0.0,
            0.0,
            0.0,
            0.0,
            0.0,
            0.0
        ],
        [
            15.0,
            0.0,
            0.0,
            0.0,
            0.0,
            0.0,
            0.0,
            0.0,
            0.0,
            0.0,
            0.0,
            0.0,
            0.0,
            0.0,
            0.0,
            0.0,
            0.0,
            0.0,
            0.0,
            0.0,
            0.0,
            0.0,
            0.0,
            0.0,
            0.0,
            0.0,
            0.0,
            0.0,
            0.0,
            0.0
        ]
    ],
    "min_mode": [
        0.0,
        0.0,
        0.0,
        0.0,
        0.0,
        0.0,
        0.0,
        0.0,
        0.0,
        0.0,
        0.0,
        0.0,
        0.0,
        0.0,
        0.0,
        0.0,
        0.0,
        0.0,
        0.0,
        0.0,
        0.0,
        0.0,
        0.0,
        0.0,
        0.0,
        0.0,
        0.0,
        0.0,
        0.0,
        0.0
    ],
    "max_mode": [
        15.0,
        0.0,
        0.0,
        0.0,
        0.0,
        0.0,
        0.0,
        0.0,
        0.0,
        0.0,
        0.0,
        0.0,
        0.0,
        0.0,
        0.0,
        0.0,
        0.0,
        0.0,
        0.0,
        0.0,
        0.0,
        0.0,
        0.0,
        0.0,
        0.0,
        0.0,
        0.0,
        0.0,
        0.0,
        0.0
    ],
    "border": [
        125.84535325815824,
        75.1442820753123,
        93.45743349232083,
        99.49090604847962,
        88.91788586829581,
        116.36113811213315,
        104.07789353577786,
        97.38387778627833,
        90.23551294565517,
        92.73047949237328,
        92.26267766411695,
        102.08984610705393,
        116.28394617190614,
        88.84999211343322,
        103.54458440829147,
        128.62696111759968,
        97.30948962922864,
        115.29241202793429,
        99.95161008581036,
        105.9414526916567,
        95.59401856275262,
        95.60815714361277,
        79.98812924121577,
        106.50549119166749,
        101.64216614392907,
        101.70466394149241,
        73.66458588380996,
        96.27417249634661,
        103.35675220358922,
        116.52087253351849
    ],
    "low": [
        -170.6534901364269,
        -118.96676348461756,
        -152.98480446869428,
        -142.01163217704206,
        -132.6045548609913,
        -193.71196733173724,
        -168.76685846162653,
        -156.8442057568674,
        -140.18991775358916,
        -154.5294968468753,
        -146.3205084398595,
        -169.4751759223648,
        -180.91709740999033,
        -143.810933012347,
        -154.33441189676762,
        -186.56985689835955,
        -154.0403881316155,
        -171.49109240367125,
        -164.1154301676645,
        -174.15915037670416,
        -157.3192997102541,
        -158.77167512062445,
        -131.52110770593055,
        -162.4359185458652,
        -161.7107451328709,
        -163.15155856544857,
        -112.80828107851075,
        -153.2009240707915,
        -174.1135560620731,
        -182.69774488150694
    ],
    "high": [
        206.8825696380478,
        106.46608274131934,
        127.38749600826822,
        156.4610859683968,
        134.14910274389615,
        155.3714470046622,
        143.46682214570706,
        135.3074276019676,
        130.51662108337635,
        123.66194163024453,
        130.46752455249134,
        136.79436239879698,
        167.93474110572808,
        122.73904332795263,
        156.2993413281068,
        199.3110264544395,
        137.8880807560704,
        174.38614368013162,
        135.73940008976658,
        143.66520769826596,
        129.46275597800374,
        128.05279631021386,
        108.44328001771679,
        157.08055502913726,
        143.21575329891635,
        141.96243325902867,
        108.18547657291914,
        135.62159341824832,
        135.95670054869458,
        166.86487271904852
    ],