run_id,nu,sampler,wasserstein_distance,mmd_rff,r_hat,ess,runtime
32,0.5,SMC,2650.4042078818243,0.049682022631176846,1.0142455215630564,812.7430480087191,1.4522736072540283
32,1.0,SMC,1.3715298314822904,0.027680954170733338,1.0163913357149443,427.49384959136074,0.7213935852050781
32,2.0,SMC,0.16176612234412954,0.029550693289901044,1.024519378962567,251.23754308902494,0.727147102355957
32,5.0,SMC,0.07172607848171933,0.02242128561853387,1.0369020175309398,177.5081620604347,0.7354028224945068
32,10.0,SMC,0.07898618210266098,0.01783764478404176,1.0438169484739417,162.8307609296946,0.7400891780853271
32,30.0,SMC,0.07905545202047759,0.03023212688729108,1.0433867377618016,160.19905814511753,0.7399029731750488
32,100.0,SMC,0.06722814331637428,0.01664233794180899,1.042837475819365,149.54766482886674,0.7470130920410156
32,500.0,SMC,0.07764136326935142,0.03143233263211603,1.0442280735619627,158.24436667873482,0.7527999877929688
