run_id,mu,sampler,wasserstein_distance,mmd_rff,swd_zscore,r_hat,ess,runtime
3,"(10, -10)",HMC,3.996302455115374,0.43562583404955213,95.81186657486964,1.3763447180372002,13.208431881703644,4.5658791065216064
3,"(20, 20)",HMC,14.890283192527699,0.5874285096670689,181.53149947058327,1.0011619412393193,5580.422798186163,4.31677508354187
3,"(5, 5)",HMC,0.04966226689440314,0.020814646855509895,0.17838026689939815,1.0396369824413212,123.97413971495908,4.426783084869385
3,"(50, 10)",HMC,17.553295707625715,0.42496955189537644,138.3686960247767,1.3759209568327615,13.093466318789746,4.619911432266235
3,"(80, 0)",HMC,18.00473141100195,0.28548947663991237,73.92842357502204,1.613925793120687,9.94493724859978,4.367107629776001
