mu,sampler,wasserstein_distance,r_hat,ess,runtime
15,Metro,1.4728172966342674,1.0030287820609534,4982.634100819998,7.350591421127319
