{
    "sampler": "HMC",
    "value": 0,
    "means_array": [
        0
    ],
    "case": "Warmup Samples",
    "dim": 1,
    "samples": [
        -36.692673295026694,
        20.138875840308472,
        -51.03296819321006,
        11.207419375094101
    ]
}