{
    "run_id": 1,
    "case": "unimodal",
    "dim": 18,
    "low": [
        -100.0,
        -100.0,
        -100.0,
        -100.0,
        -100.0,
        -100.0,
        -100.0,
        -100.0,
        -100.0,
        -100.0,
        -100.0,
        -100.0,
        -100.0,
        -100.0,
        -100.0,
        -100.0,
        -100.0,
        -100.0
    ],
    "high": [
        100.0,
        100.0,
        100.0,
        100.0,
        100.0,
        100.0,
        100.0,
        100.0,
        100.0,
        100.0,
        100.0,
        100.0,
        100.0,
        100.0,
        100.0,
        100.0,
        100.0,
        100.0
    ],
    "means_array": [
        [
            0.0,
            0.0,
            0.0,
            0.0,
            0.0,
            0.0,
            0.0,
            0.0,
            0.0,
            0.0,
            0.0,
            0.0,
            0.0,
            0.0,
            0.0,
            0.0,
            0.0,
            0.0
        ]
    ],
    "samples": [
        {
            "posterior": [
                -64.06086625512091,
                -91.5572244778315,
                -50.180193571706866,
                0.015153332132939568,
                17.418525375958936,
                -52.57590624375719,
                -34.65250605712626,
                32.23194782249411,
                -62.426100317766185,
                -11.782503437085154,
                -79.36575656052776,
                29.992217069973805,
                -70.9448140557426,
                -64.46926194564801,
                -39.20700653019538,
                32.007247009178855,
                97.67264211321361,
                -28.26379402149111
            ]
        },
        {
            "posterior": [
                97.67300131329358,
                -84.96091134008068,
                43.48049339742724,
                44.9213724326747,
                11.176141107842113,
                -87.22552917852875,
                79.95493268959547,
                -85.66818365198381,
                -16.21778169286881,
                -0.24288802029136036,
                50.70412529565556,
                -48.54241636383829,
                -76.64708463020926,
                -94.75819616945762,
                6.245825622703748,
                -30.90070249169355,
                -1.0231090285900848,
                -15.770223930068525
            ]
        },
        {
            "posterior": [
                20.045839260165295,
                -37.79357865515887,
                -48.18660556635701,
                -91.93207623877441,
                -38.13668659589242,
                -12.439705746190867,
                61.99912575296966,
                -11.138576411943845,
                -94.86000518685384,
                -37.259457554638665,
                71.29531749977954,
                -58.32134336107933,
                74.37983463852109,
                36.913264362612495,
                -48.095274235290475,
                50.46753720603667,
                51.38530151405928,
                69.18782772284877
            ]
        },
        {
            "posterior": [
                -3.8014347341216848,
                48.76451130790082,
                -39.81656856274498,
                -68.05275614200556,
                -37.53737488955247,
                -46.345915442774555,
                -39.435868178164135,
                -79.49699413486975,
                -48.84911791718507,
                0.7813375039460624,
                12.643571102865764,
                -53.16945584222956,
                -43.8303533330213,
                -20.343749869877797,
                1.9630215521051895,
                -54.39681055063112,
                -69.97000836710484,
                79.17523187915495
            ]
        }
    ]
}